beta,iteration,monthly_incidence_m1,monthly_cumulative_m1,monthly_incidence_m2,monthly_cumulative_m2,monthly_incidence_m3,monthly_cumulative_m3,monthly_incidence_m4,monthly_cumulative_m4,monthly_incidence_m5,monthly_cumulative_m5,monthly_incidence_m6,monthly_cumulative_m6,monthly_incidence_m7,monthly_cumulative_m7,monthly_incidence_m8,monthly_cumulative_m8,monthly_incidence_m9,monthly_cumulative_m9,monthly_incidence_m10,monthly_cumulative_m10,monthly_incidence_m11,monthly_cumulative_m11,monthly_incidence_m12,monthly_cumulative_m12,monthly_incidence_m13,monthly_cumulative_m13,monthly_incidence_m14,monthly_cumulative_m14,monthly_incidence_m15,monthly_cumulative_m15,monthly_incidence_m16,monthly_cumulative_m16,monthly_incidence_m17,monthly_cumulative_m17,monthly_incidence_m18,monthly_cumulative_m18,monthly_incidence_m19,monthly_cumulative_m19
0.036,0,7.0,7.0,1.0,8.0,0.0,8.0,0.0,8.0,0.0,8.0,0.0,8.0,0.0,8.0,0.0,8.0,1.0,9.0,2.0,11.0,0.0,11.0,1.0,12.0,1.0,13.0,0.0,13.0,0.0,13.0,0.0,13.0,0.0,13.0,0.0,13.0,0.0,13.0
0.036,1,5.0,5.0,3.0,8.0,0.0,8.0,0.0,8.0,0.0,8.0,0.0,8.0,0.0,8.0,0.0,8.0,0.0,8.0,0.0,8.0,0.0,8.0,0.0,8.0,0.0,8.0,0.0,8.0,0.0,8.0,0.0,8.0,0.0,8.0,0.0,8.0,0.0,8.0
0.036,2,4.0,4.0,4.0,8.0,1.0,9.0,2.0,11.0,1.0,12.0,1.0,13.0,0.0,13.0,0.0,13.0,0.0,13.0,0.0,13.0,0.0,13.0,0.0,13.0,0.0,13.0,0.0,13.0,0.0,13.0,0.0,13.0,0.0,13.0,0.0,13.0,0.0,13.0
0.036,3,8.0,8.0,5.0,13.0,4.0,17.0,5.0,22.0,1.0,23.0,1.0,24.0,7.0,31.0,0.0,31.0,0.0,31.0,0.0,31.0,0.0,31.0,0.0,31.0,0.0,31.0,0.0,31.0,0.0,31.0,0.0,31.0,0.0,31.0,0.0,31.0,0.0,31.0
0.036,4,11.0,11.0,2.0,13.0,1.0,14.0,0.0,14.0,0.0,14.0,0.0,14.0,1.0,15.0,1.0,16.0,1.0,17.0,1.0,18.0,1.0,19.0,2.0,21.0,1.0,22.0,0.0,22.0,0.0,22.0,0.0,22.0,0.0,22.0,0.0,22.0,0.0,22.0
0.036,5,3.0,3.0,3.0,6.0,2.0,8.0,1.0,9.0,1.0,10.0,3.0,13.0,3.0,16.0,2.0,18.0,0.0,18.0,0.0,18.0,0.0,18.0,0.0,18.0,0.0,18.0,0.0,18.0,0.0,18.0,0.0,18.0,0.0,18.0,0.0,18.0,0.0,18.0
0.036,6,6.0,6.0,0.0,6.0,3.0,9.0,1.0,10.0,0.0,10.0,2.0,12.0,2.0,14.0,0.0,14.0,0.0,14.0,0.0,14.0,0.0,14.0,0.0,14.0,0.0,14.0,0.0,14.0,0.0,14.0,0.0,14.0,0.0,14.0,0.0,14.0,0.0,14.0
0.036,7,4.0,4.0,2.0,6.0,1.0,7.0,1.0,8.0,0.0,8.0,3.0,11.0,1.0,12.0,1.0,13.0,0.0,13.0,0.0,13.0,0.0,13.0,0.0,13.0,0.0,13.0,0.0,13.0,0.0,13.0,0.0,13.0,0.0,13.0,0.0,13.0,0.0,13.0
0.036,8,7.0,7.0,2.0,9.0,2.0,11.0,2.0,13.0,4.0,17.0,2.0,19.0,6.0,25.0,1.0,26.0,0.0,26.0,0.0,26.0,0.0,26.0,0.0,26.0,0.0,26.0,0.0,26.0,0.0,26.0,0.0,26.0,0.0,26.0,0.0,26.0,0.0,26.0
0.036,9,5.0,5.0,3.0,8.0,1.0,9.0,2.0,11.0,2.0,13.0,2.0,15.0,1.0,16.0,2.0,18.0,0.0,18.0,0.0,18.0,0.0,18.0,0.0,18.0,0.0,18.0,0.0,18.0,0.0,18.0,0.0,18.0,1.0,19.0,2.0,21.0,3.0,24.0
0.036,10,5.0,5.0,4.0,9.0,0.0,9.0,0.0,9.0,0.0,9.0,0.0,9.0,0.0,9.0,0.0,9.0,0.0,9.0,0.0,9.0,0.0,9.0,0.0,9.0,0.0,9.0,0.0,9.0,0.0,9.0,0.0,9.0,0.0,9.0,0.0,9.0,0.0,9.0
0.036,11,7.0,7.0,4.0,11.0,0.0,11.0,0.0,11.0,0.0,11.0,0.0,11.0,0.0,11.0,0.0,11.0,0.0,11.0,0.0,11.0,0.0,11.0,0.0,11.0,0.0,11.0,0.0,11.0,0.0,11.0,0.0,11.0,0.0,11.0,0.0,11.0,0.0,11.0
0.036,12,4.0,4.0,2.0,6.0,4.0,10.0,4.0,14.0,6.0,20.0,2.0,22.0,6.0,28.0,2.0,30.0,2.0,32.0,2.0,34.0,2.0,36.0,2.0,38.0,3.0,41.0,2.0,43.0,0.0,43.0,0.0,43.0,0.0,43.0,0.0,43.0,0.0,43.0
0.036,13,10.0,10.0,1.0,11.0,1.0,12.0,0.0,12.0,7.0,19.0,3.0,22.0,2.0,24.0,2.0,26.0,0.0,26.0,0.0,26.0,1.0,27.0,3.0,30.0,1.0,31.0,0.0,31.0,0.0,31.0,0.0,31.0,0.0,31.0,0.0,31.0,0.0,31.0
0.036,14,6.0,6.0,2.0,8.0,0.0,8.0,1.0,9.0,2.0,11.0,8.0,19.0,5.0,24.0,3.0,27.0,3.0,30.0,2.0,32.0,2.0,34.0,2.0,36.0,2.0,38.0,0.0,38.0,0.0,38.0,0.0,38.0,0.0,38.0,0.0,38.0,0.0,38.0
0.036,15,8.0,8.0,4.0,12.0,0.0,12.0,0.0,12.0,0.0,12.0,0.0,12.0,1.0,13.0,0.0,13.0,0.0,13.0,0.0,13.0,0.0,13.0,0.0,13.0,0.0,13.0,0.0,13.0,0.0,13.0,0.0,13.0,0.0,13.0,0.0,13.0,0.0,13.0
0.036,16,6.0,6.0,1.0,7.0,0.0,7.0,0.0,7.0,2.0,9.0,1.0,10.0,3.0,13.0,5.0,18.0,0.0,18.0,2.0,20.0,3.0,23.0,2.0,25.0,6.0,31.0,0.0,31.0,1.0,32.0,1.0,33.0,0.0,33.0,2.0,35.0,1.0,36.0
0.036,17,8.0,8.0,4.0,12.0,2.0,14.0,3.0,17.0,3.0,20.0,9.0,29.0,7.0,36.0,5.0,41.0,4.0,45.0,2.0,47.0,6.0,53.0,5.0,58.0,5.0,63.0,2.0,65.0,0.0,65.0,0.0,65.0,0.0,65.0,0.0,65.0,0.0,65.0
0.036,18,11.0,11.0,2.0,13.0,3.0,16.0,1.0,17.0,2.0,19.0,4.0,23.0,3.0,26.0,0.0,26.0,0.0,26.0,0.0,26.0,0.0,26.0,0.0,26.0,0.0,26.0,0.0,26.0,0.0,26.0,0.0,26.0,0.0,26.0,0.0,26.0,0.0,26.0
0.036,19,3.0,3.0,5.0,8.0,0.0,8.0,1.0,9.0,0.0,9.0,2.0,11.0,8.0,19.0,4.0,23.0,0.0,23.0,0.0,23.0,0.0,23.0,0.0,23.0,0.0,23.0,0.0,23.0,0.0,23.0,0.0,23.0,0.0,23.0,0.0,23.0,0.0,23.0
0.036,20,4.0,4.0,3.0,7.0,0.0,7.0,0.0,7.0,0.0,7.0,0.0,7.0,0.0,7.0,0.0,7.0,0.0,7.0,0.0,7.0,0.0,7.0,0.0,7.0,0.0,7.0,0.0,7.0,0.0,7.0,0.0,7.0,0.0,7.0,0.0,7.0,0.0,7.0
0.036,21,5.0,5.0,3.0,8.0,1.0,9.0,3.0,12.0,2.0,14.0,2.0,16.0,3.0,19.0,0.0,19.0,4.0,23.0,3.0,26.0,4.0,30.0,6.0,36.0,4.0,40.0,1.0,41.0,0.0,41.0,1.0,42.0,0.0,42.0,3.0,45.0,3.0,48.0
0.036,22,7.0,7.0,4.0,11.0,0.0,11.0,0.0,11.0,0.0,11.0,0.0,11.0,0.0,11.0,0.0,11.0,0.0,11.0,0.0,11.0,0.0,11.0,0.0,11.0,0.0,11.0,0.0,11.0,0.0,11.0,0.0,11.0,0.0,11.0,0.0,11.0,0.0,11.0
0.036,23,8.0,8.0,3.0,11.0,5.0,16.0,7.0,23.0,3.0,26.0,8.0,34.0,3.0,37.0,1.0,38.0,0.0,38.0,0.0,38.0,0.0,38.0,0.0,38.0,0.0,38.0,0.0,38.0,0.0,38.0,0.0,38.0,0.0,38.0,0.0,38.0,0.0,38.0
0.036,24,5.0,5.0,3.0,8.0,2.0,10.0,3.0,13.0,4.0,17.0,2.0,19.0,3.0,22.0,0.0,22.0,0.0,22.0,0.0,22.0,0.0,22.0,0.0,22.0,0.0,22.0,0.0,22.0,0.0,22.0,0.0,22.0,0.0,22.0,0.0,22.0,0.0,22.0
0.036,25,7.0,7.0,2.0,9.0,5.0,14.0,1.0,15.0,7.0,22.0,6.0,28.0,8.0,36.0,3.0,39.0,0.0,39.0,0.0,39.0,0.0,39.0,0.0,39.0,0.0,39.0,0.0,39.0,0.0,39.0,0.0,39.0,0.0,39.0,0.0,39.0,0.0,39.0
0.036,26,6.0,6.0,0.0,6.0,0.0,6.0,0.0,6.0,0.0,6.0,0.0,6.0,0.0,6.0,0.0,6.0,0.0,6.0,0.0,6.0,0.0,6.0,0.0,6.0,0.0,6.0,0.0,6.0,0.0,6.0,0.0,6.0,0.0,6.0,0.0,6.0,0.0,6.0
0.036,27,5.0,5.0,1.0,6.0,0.0,6.0,0.0,6.0,0.0,6.0,0.0,6.0,0.0,6.0,0.0,6.0,0.0,6.0,0.0,6.0,0.0,6.0,0.0,6.0,0.0,6.0,0.0,6.0,0.0,6.0,0.0,6.0,0.0,6.0,0.0,6.0,0.0,6.0
0.036,28,7.0,7.0,0.0,7.0,0.0,7.0,0.0,7.0,0.0,7.0,0.0,7.0,0.0,7.0,0.0,7.0,0.0,7.0,0.0,7.0,1.0,8.0,0.0,8.0,1.0,9.0,0.0,9.0,0.0,9.0,0.0,9.0,0.0,9.0,0.0,9.0,0.0,9.0
0.036,29,6.0,6.0,2.0,8.0,0.0,8.0,0.0,8.0,0.0,8.0,0.0,8.0,0.0,8.0,0.0,8.0,0.0,8.0,0.0,8.0,0.0,8.0,0.0,8.0,0.0,8.0,0.0,8.0,0.0,8.0,0.0,8.0,0.0,8.0,0.0,8.0,0.0,8.0
0.036,30,4.0,4.0,3.0,7.0,2.0,9.0,3.0,12.0,0.0,12.0,1.0,13.0,0.0,13.0,3.0,16.0,0.0,16.0,1.0,17.0,1.0,18.0,0.0,18.0,1.0,19.0,2.0,21.0,0.0,21.0,0.0,21.0,0.0,21.0,0.0,21.0,0.0,21.0
0.036,31,7.0,7.0,2.0,9.0,0.0,9.0,0.0,9.0,0.0,9.0,0.0,9.0,0.0,9.0,0.0,9.0,0.0,9.0,0.0,9.0,0.0,9.0,0.0,9.0,0.0,9.0,0.0,9.0,0.0,9.0,0.0,9.0,0.0,9.0,0.0,9.0,0.0,9.0
0.036,32,3.0,3.0,3.0,6.0,0.0,6.0,0.0,6.0,0.0,6.0,0.0,6.0,0.0,6.0,0.0,6.0,0.0,6.0,0.0,6.0,0.0,6.0,0.0,6.0,0.0,6.0,0.0,6.0,0.0,6.0,0.0,6.0,0.0,6.0,0.0,6.0,0.0,6.0
0.036,33,5.0,5.0,5.0,10.0,0.0,10.0,1.0,11.0,2.0,13.0,0.0,13.0,0.0,13.0,0.0,13.0,0.0,13.0,0.0,13.0,0.0,13.0,0.0,13.0,0.0,13.0,0.0,13.0,0.0,13.0,0.0,13.0,0.0,13.0,0.0,13.0,0.0,13.0
0.036,34,5.0,5.0,1.0,6.0,1.0,7.0,0.0,7.0,1.0,8.0,2.0,10.0,2.0,12.0,1.0,13.0,0.0,13.0,0.0,13.0,0.0,13.0,0.0,13.0,0.0,13.0,0.0,13.0,0.0,13.0,0.0,13.0,0.0,13.0,0.0,13.0,0.0,13.0
0.036,35,6.0,6.0,3.0,9.0,2.0,11.0,2.0,13.0,7.0,20.0,4.0,24.0,6.0,30.0,1.0,31.0,0.0,31.0,0.0,31.0,0.0,31.0,0.0,31.0,0.0,31.0,0.0,31.0,0.0,31.0,0.0,31.0,0.0,31.0,0.0,31.0,0.0,31.0
0.036,36,9.0,9.0,3.0,12.0,1.0,13.0,1.0,14.0,1.0,15.0,1.0,16.0,1.0,17.0,1.0,18.0,0.0,18.0,0.0,18.0,0.0,18.0,0.0,18.0,0.0,18.0,0.0,18.0,0.0,18.0,0.0,18.0,0.0,18.0,0.0,18.0,0.0,18.0
0.036,37,6.0,6.0,1.0,7.0,0.0,7.0,2.0,9.0,0.0,9.0,1.0,10.0,0.0,10.0,0.0,10.0,0.0,10.0,0.0,10.0,0.0,10.0,0.0,10.0,0.0,10.0,0.0,10.0,0.0,10.0,0.0,10.0,0.0,10.0,0.0,10.0,0.0,10.0
0.036,38,7.0,7.0,2.0,9.0,3.0,12.0,1.0,13.0,0.0,13.0,6.0,19.0,3.0,22.0,1.0,23.0,0.0,23.0,0.0,23.0,0.0,23.0,0.0,23.0,0.0,23.0,0.0,23.0,0.0,23.0,0.0,23.0,0.0,23.0,0.0,23.0,0.0,23.0
0.036,39,3.0,3.0,1.0,4.0,2.0,6.0,2.0,8.0,2.0,10.0,5.0,15.0,3.0,18.0,1.0,19.0,0.0,19.0,0.0,19.0,0.0,19.0,0.0,19.0,0.0,19.0,0.0,19.0,0.0,19.0,0.0,19.0,0.0,19.0,0.0,19.0,0.0,19.0
0.036,40,10.0,10.0,4.0,14.0,1.0,15.0,4.0,19.0,4.0,23.0,3.0,26.0,2.0,28.0,1.0,29.0,0.0,29.0,0.0,29.0,0.0,29.0,0.0,29.0,0.0,29.0,0.0,29.0,0.0,29.0,0.0,29.0,0.0,29.0,0.0,29.0,0.0,29.0
0.036,41,9.0,9.0,3.0,12.0,0.0,12.0,0.0,12.0,0.0,12.0,0.0,12.0,0.0,12.0,0.0,12.0,0.0,12.0,0.0,12.0,0.0,12.0,0.0,12.0,0.0,12.0,0.0,12.0,0.0,12.0,0.0,12.0,0.0,12.0,0.0,12.0,0.0,12.0
0.036,42,5.0,5.0,2.0,7.0,3.0,10.0,5.0,15.0,5.0,20.0,3.0,23.0,5.0,28.0,4.0,32.0,3.0,35.0,1.0,36.0,2.0,38.0,3.0,41.0,3.0,44.0,0.0,44.0,0.0,44.0,0.0,44.0,0.0,44.0,0.0,44.0,0.0,44.0
0.036,43,5.0,5.0,4.0,9.0,6.0,15.0,7.0,22.0,6.0,28.0,10.0,38.0,14.0,52.0,9.0,61.0,0.0,61.0,0.0,61.0,0.0,61.0,0.0,61.0,0.0,61.0,0.0,61.0,0.0,61.0,0.0,61.0,0.0,61.0,0.0,61.0,0.0,61.0
0.036,44,12.0,12.0,3.0,15.0,1.0,16.0,0.0,16.0,2.0,18.0,0.0,18.0,4.0,22.0,4.0,26.0,4.0,30.0,1.0,31.0,5.0,36.0,3.0,39.0,7.0,46.0,1.0,47.0,0.0,47.0,0.0,47.0,0.0,47.0,0.0,47.0,0.0,47.0
0.036,45,9.0,9.0,4.0,13.0,4.0,17.0,1.0,18.0,6.0,24.0,5.0,29.0,4.0,33.0,3.0,36.0,2.0,38.0,3.0,41.0,3.0,44.0,4.0,48.0,3.0,51.0,4.0,55.0,0.0,55.0,0.0,55.0,0.0,55.0,0.0,55.0,0.0,55.0
0.036,46,6.0,6.0,5.0,11.0,2.0,13.0,1.0,14.0,4.0,18.0,5.0,23.0,6.0,29.0,1.0,30.0,2.0,32.0,4.0,36.0,2.0,38.0,3.0,41.0,3.0,44.0,0.0,44.0,2.0,46.0,1.0,47.0,2.0,49.0,3.0,52.0,4.0,56.0
0.036,47,5.0,5.0,5.0,10.0,5.0,15.0,5.0,20.0,7.0,27.0,1.0,28.0,2.0,30.0,3.0,33.0,3.0,36.0,0.0,36.0,2.0,38.0,4.0,42.0,4.0,46.0,2.0,48.0,0.0,48.0,0.0,48.0,0.0,48.0,0.0,48.0,0.0,48.0
0.036,48,5.0,5.0,4.0,9.0,0.0,9.0,0.0,9.0,0.0,9.0,0.0,9.0,0.0,9.0,0.0,9.0,0.0,9.0,0.0,9.0,0.0,9.0,0.0,9.0,0.0,9.0,0.0,9.0,0.0,9.0,0.0,9.0,0.0,9.0,0.0,9.0,0.0,9.0
0.036,49,3.0,3.0,5.0,8.0,2.0,10.0,4.0,14.0,1.0,15.0,2.0,17.0,2.0,19.0,0.0,19.0,0.0,19.0,0.0,19.0,0.0,19.0,0.0,19.0,0.0,19.0,0.0,19.0,0.0,19.0,0.0,19.0,0.0,19.0,0.0,19.0,0.0,19.0
0.037,0,4.0,4.0,1.0,5.0,0.0,5.0,0.0,5.0,0.0,5.0,0.0,5.0,0.0,5.0,0.0,5.0,0.0,5.0,0.0,5.0,0.0,5.0,0.0,5.0,0.0,5.0,0.0,5.0,0.0,5.0,0.0,5.0,0.0,5.0,0.0,5.0,0.0,5.0
0.037,1,6.0,6.0,1.0,7.0,0.0,7.0,0.0,7.0,0.0,7.0,0.0,7.0,0.0,7.0,0.0,7.0,0.0,7.0,0.0,7.0,2.0,9.0,1.0,10.0,1.0,11.0,0.0,11.0,0.0,11.0,0.0,11.0,0.0,11.0,0.0,11.0,0.0,11.0
0.037,2,5.0,5.0,1.0,6.0,1.0,7.0,2.0,9.0,1.0,10.0,0.0,10.0,1.0,11.0,0.0,11.0,0.0,11.0,0.0,11.0,0.0,11.0,0.0,11.0,0.0,11.0,0.0,11.0,0.0,11.0,0.0,11.0,0.0,11.0,0.0,11.0,0.0,11.0
0.037,3,7.0,7.0,1.0,8.0,0.0,8.0,0.0,8.0,0.0,8.0,0.0,8.0,0.0,8.0,0.0,8.0,0.0,8.0,0.0,8.0,0.0,8.0,0.0,8.0,0.0,8.0,0.0,8.0,0.0,8.0,0.0,8.0,0.0,8.0,0.0,8.0,0.0,8.0
0.037,4,7.0,7.0,2.0,9.0,0.0,9.0,0.0,9.0,0.0,9.0,0.0,9.0,0.0,9.0,0.0,9.0,1.0,10.0,0.0,10.0,0.0,10.0,0.0,10.0,0.0,10.0,0.0,10.0,0.0,10.0,0.0,10.0,0.0,10.0,0.0,10.0,0.0,10.0
0.037,5,9.0,9.0,2.0,11.0,2.0,13.0,2.0,15.0,1.0,16.0,5.0,21.0,2.0,23.0,2.0,25.0,0.0,25.0,0.0,25.0,0.0,25.0,0.0,25.0,0.0,25.0,0.0,25.0,0.0,25.0,0.0,25.0,0.0,25.0,0.0,25.0,0.0,25.0
0.037,6,6.0,6.0,4.0,10.0,0.0,10.0,0.0,10.0,0.0,10.0,0.0,10.0,0.0,10.0,0.0,10.0,0.0,10.0,0.0,10.0,0.0,10.0,0.0,10.0,0.0,10.0,0.0,10.0,0.0,10.0,0.0,10.0,0.0,10.0,0.0,10.0,0.0,10.0
0.037,7,9.0,9.0,2.0,11.0,0.0,11.0,0.0,11.0,1.0,12.0,4.0,16.0,3.0,19.0,2.0,21.0,0.0,21.0,0.0,21.0,0.0,21.0,0.0,21.0,0.0,21.0,0.0,21.0,0.0,21.0,0.0,21.0,0.0,21.0,0.0,21.0,0.0,21.0
0.037,8,10.0,10.0,1.0,11.0,0.0,11.0,0.0,11.0,0.0,11.0,0.0,11.0,0.0,11.0,0.0,11.0,0.0,11.0,0.0,11.0,1.0,12.0,1.0,13.0,4.0,17.0,0.0,17.0,2.0,19.0,1.0,20.0,3.0,23.0,3.0,26.0,1.0,27.0
0.037,9,7.0,7.0,3.0,10.0,0.0,10.0,0.0,10.0,0.0,10.0,0.0,10.0,0.0,10.0,0.0,10.0,0.0,10.0,0.0,10.0,0.0,10.0,0.0,10.0,0.0,10.0,0.0,10.0,0.0,10.0,0.0,10.0,0.0,10.0,0.0,10.0,0.0,10.0
0.037,10,2.0,2.0,4.0,6.0,0.0,6.0,0.0,6.0,0.0,6.0,0.0,6.0,0.0,6.0,0.0,6.0,0.0,6.0,0.0,6.0,0.0,6.0,0.0,6.0,0.0,6.0,0.0,6.0,0.0,6.0,0.0,6.0,0.0,6.0,0.0,6.0,0.0,6.0
0.037,11,5.0,5.0,1.0,6.0,0.0,6.0,0.0,6.0,0.0,6.0,0.0,6.0,0.0,6.0,0.0,6.0,0.0,6.0,0.0,6.0,0.0,6.0,0.0,6.0,0.0,6.0,0.0,6.0,0.0,6.0,0.0,6.0,0.0,6.0,0.0,6.0,0.0,6.0
0.037,12,7.0,7.0,2.0,9.0,0.0,9.0,0.0,9.0,1.0,10.0,0.0,10.0,1.0,11.0,2.0,13.0,0.0,13.0,0.0,13.0,0.0,13.0,0.0,13.0,0.0,13.0,0.0,13.0,0.0,13.0,0.0,13.0,0.0,13.0,0.0,13.0,0.0,13.0
0.037,13,7.0,7.0,3.0,10.0,1.0,11.0,4.0,15.0,4.0,19.0,3.0,22.0,3.0,25.0,2.0,27.0,1.0,28.0,2.0,30.0,5.0,35.0,5.0,40.0,4.0,44.0,2.0,46.0,0.0,46.0,1.0,47.0,1.0,48.0,1.0,49.0,1.0,50.0
0.037,14,4.0,4.0,4.0,8.0,3.0,11.0,2.0,13.0,4.0,17.0,7.0,24.0,3.0,27.0,4.0,31.0,0.0,31.0,0.0,31.0,0.0,31.0,0.0,31.0,0.0,31.0,0.0,31.0,0.0,31.0,0.0,31.0,0.0,31.0,0.0,31.0,0.0,31.0
0.037,15,5.0,5.0,2.0,7.0,1.0,8.0,2.0,10.0,2.0,12.0,4.0,16.0,3.0,19.0,1.0,20.0,0.0,20.0,0.0,20.0,0.0,20.0,0.0,20.0,0.0,20.0,0.0,20.0,0.0,20.0,0.0,20.0,0.0,20.0,0.0,20.0,0.0,20.0
0.037,16,6.0,6.0,6.0,12.0,0.0,12.0,0.0,12.0,0.0,12.0,0.0,12.0,0.0,12.0,0.0,12.0,0.0,12.0,0.0,12.0,0.0,12.0,0.0,12.0,0.0,12.0,0.0,12.0,0.0,12.0,0.0,12.0,0.0,12.0,0.0,12.0,0.0,12.0
0.037,17,13.0,13.0,2.0,15.0,3.0,18.0,3.0,21.0,2.0,23.0,3.0,26.0,3.0,29.0,1.0,30.0,1.0,31.0,2.0,33.0,4.0,37.0,2.0,39.0,4.0,43.0,2.0,45.0,0.0,45.0,0.0,45.0,0.0,45.0,1.0,46.0,1.0,47.0
0.037,18,8.0,8.0,1.0,9.0,5.0,14.0,4.0,18.0,5.0,23.0,7.0,30.0,14.0,44.0,2.0,46.0,0.0,46.0,1.0,47.0,0.0,47.0,2.0,49.0,0.0,49.0,2.0,51.0,2.0,53.0,1.0,54.0,2.0,56.0,2.0,58.0,4.0,62.0
0.037,19,4.0,4.0,2.0,6.0,0.0,6.0,0.0,6.0,0.0,6.0,0.0,6.0,0.0,6.0,0.0,6.0,0.0,6.0,0.0,6.0,0.0,6.0,0.0,6.0,0.0,6.0,0.0,6.0,0.0,6.0,0.0,6.0,0.0,6.0,0.0,6.0,0.0,6.0
0.037,20,8.0,8.0,2.0,10.0,0.0,10.0,0.0,10.0,0.0,10.0,0.0,10.0,0.0,10.0,0.0,10.0,1.0,11.0,0.0,11.0,0.0,11.0,1.0,12.0,3.0,15.0,0.0,15.0,2.0,17.0,0.0,17.0,4.0,21.0,3.0,24.0,3.0,27.0
0.037,21,8.0,8.0,5.0,13.0,3.0,16.0,4.0,20.0,2.0,22.0,3.0,25.0,2.0,27.0,1.0,28.0,0.0,28.0,0.0,28.0,0.0,28.0,0.0,28.0,0.0,28.0,0.0,28.0,0.0,28.0,0.0,28.0,0.0,28.0,0.0,28.0,0.0,28.0
0.037,22,5.0,5.0,0.0,5.0,0.0,5.0,0.0,5.0,0.0,5.0,0.0,5.0,0.0,5.0,0.0,5.0,0.0,5.0,0.0,5.0,0.0,5.0,0.0,5.0,0.0,5.0,0.0,5.0,0.0,5.0,0.0,5.0,0.0,5.0,0.0,5.0,0.0,5.0
0.037,23,6.0,6.0,1.0,7.0,0.0,7.0,0.0,7.0,0.0,7.0,0.0,7.0,0.0,7.0,0.0,7.0,0.0,7.0,0.0,7.0,0.0,7.0,0.0,7.0,0.0,7.0,0.0,7.0,0.0,7.0,0.0,7.0,0.0,7.0,0.0,7.0,0.0,7.0
0.037,24,6.0,6.0,5.0,11.0,4.0,15.0,2.0,17.0,6.0,23.0,4.0,27.0,7.0,34.0,2.0,36.0,3.0,39.0,4.0,43.0,5.0,48.0,4.0,52.0,9.0,61.0,1.0,62.0,3.0,65.0,3.0,68.0,2.0,70.0,3.0,73.0,4.0,77.0
0.037,25,6.0,6.0,2.0,8.0,2.0,10.0,4.0,14.0,7.0,21.0,6.0,27.0,4.0,31.0,2.0,33.0,4.0,37.0,7.0,44.0,2.0,46.0,4.0,50.0,3.0,53.0,3.0,56.0,2.0,58.0,1.0,59.0,2.0,61.0,1.0,62.0,2.0,64.0
0.037,26,4.0,4.0,1.0,5.0,0.0,5.0,0.0,5.0,0.0,5.0,0.0,5.0,0.0,5.0,0.0,5.0,0.0,5.0,0.0,5.0,0.0,5.0,0.0,5.0,0.0,5.0,0.0,5.0,0.0,5.0,0.0,5.0,0.0,5.0,0.0,5.0,0.0,5.0
0.037,27,6.0,6.0,0.0,6.0,0.0,6.0,2.0,8.0,2.0,10.0,1.0,11.0,3.0,14.0,0.0,14.0,0.0,14.0,0.0,14.0,0.0,14.0,0.0,14.0,0.0,14.0,0.0,14.0,0.0,14.0,0.0,14.0,0.0,14.0,0.0,14.0,0.0,14.0
0.037,28,3.0,3.0,3.0,6.0,1.0,7.0,2.0,9.0,3.0,12.0,3.0,15.0,2.0,17.0,1.0,18.0,0.0,18.0,0.0,18.0,0.0,18.0,0.0,18.0,0.0,18.0,0.0,18.0,0.0,18.0,0.0,18.0,0.0,18.0,0.0,18.0,0.0,18.0
0.037,29,5.0,5.0,3.0,8.0,2.0,10.0,1.0,11.0,0.0,11.0,3.0,14.0,0.0,14.0,0.0,14.0,0.0,14.0,0.0,14.0,0.0,14.0,0.0,14.0,0.0,14.0,0.0,14.0,0.0,14.0,0.0,14.0,0.0,14.0,0.0,14.0,0.0,14.0
0.037,30,5.0,5.0,3.0,8.0,1.0,9.0,2.0,11.0,4.0,15.0,4.0,19.0,3.0,22.0,1.0,23.0,0.0,23.0,0.0,23.0,0.0,23.0,0.0,23.0,0.0,23.0,0.0,23.0,0.0,23.0,0.0,23.0,0.0,23.0,0.0,23.0,0.0,23.0
0.037,31,4.0,4.0,5.0,9.0,0.0,9.0,1.0,10.0,0.0,10.0,3.0,13.0,2.0,15.0,2.0,17.0,0.0,17.0,0.0,17.0,0.0,17.0,0.0,17.0,0.0,17.0,0.0,17.0,0.0,17.0,0.0,17.0,0.0,17.0,0.0,17.0,0.0,17.0
0.037,32,6.0,6.0,0.0,6.0,0.0,6.0,0.0,6.0,0.0,6.0,0.0,6.0,0.0,6.0,0.0,6.0,0.0,6.0,0.0,6.0,0.0,6.0,0.0,6.0,0.0,6.0,0.0,6.0,0.0,6.0,0.0,6.0,0.0,6.0,0.0,6.0,0.0,6.0
0.037,33,5.0,5.0,4.0,9.0,6.0,15.0,2.0,17.0,4.0,21.0,3.0,24.0,4.0,28.0,1.0,29.0,0.0,29.0,0.0,29.0,0.0,29.0,0.0,29.0,0.0,29.0,0.0,29.0,0.0,29.0,0.0,29.0,0.0,29.0,0.0,29.0,0.0,29.0
0.037,34,8.0,8.0,2.0,10.0,0.0,10.0,0.0,10.0,0.0,10.0,0.0,10.0,0.0,10.0,0.0,10.0,0.0,10.0,0.0,10.0,0.0,10.0,0.0,10.0,0.0,10.0,0.0,10.0,0.0,10.0,0.0,10.0,0.0,10.0,0.0,10.0,0.0,10.0
0.037,35,6.0,6.0,4.0,10.0,1.0,11.0,1.0,12.0,3.0,15.0,0.0,15.0,1.0,16.0,1.0,17.0,0.0,17.0,0.0,17.0,0.0,17.0,0.0,17.0,0.0,17.0,0.0,17.0,0.0,17.0,0.0,17.0,0.0,17.0,0.0,17.0,0.0,17.0
0.037,36,5.0,5.0,3.0,8.0,2.0,10.0,1.0,11.0,4.0,15.0,5.0,20.0,1.0,21.0,1.0,22.0,0.0,22.0,0.0,22.0,0.0,22.0,0.0,22.0,0.0,22.0,0.0,22.0,0.0,22.0,0.0,22.0,0.0,22.0,0.0,22.0,0.0,22.0
0.037,37,7.0,7.0,1.0,8.0,2.0,10.0,2.0,12.0,4.0,16.0,3.0,19.0,2.0,21.0,0.0,21.0,0.0,21.0,0.0,21.0,0.0,21.0,0.0,21.0,0.0,21.0,0.0,21.0,0.0,21.0,0.0,21.0,0.0,21.0,0.0,21.0,0.0,21.0
0.037,38,5.0,5.0,1.0,6.0,0.0,6.0,0.0,6.0,0.0,6.0,0.0,6.0,0.0,6.0,0.0,6.0,0.0,6.0,0.0,6.0,0.0,6.0,0.0,6.0,0.0,6.0,0.0,6.0,0.0,6.0,0.0,6.0,0.0,6.0,0.0,6.0,0.0,6.0
0.037,39,2.0,2.0,4.0,6.0,2.0,8.0,0.0,8.0,1.0,9.0,4.0,13.0,3.0,16.0,1.0,17.0,0.0,17.0,0.0,17.0,0.0,17.0,0.0,17.0,0.0,17.0,0.0,17.0,0.0,17.0,0.0,17.0,0.0,17.0,0.0,17.0,0.0,17.0
0.037,40,10.0,10.0,1.0,11.0,5.0,16.0,2.0,18.0,1.0,19.0,5.0,24.0,4.0,28.0,1.0,29.0,0.0,29.0,0.0,29.0,0.0,29.0,0.0,29.0,0.0,29.0,0.0,29.0,0.0,29.0,0.0,29.0,0.0,29.0,0.0,29.0,0.0,29.0
0.037,41,5.0,5.0,3.0,8.0,2.0,10.0,4.0,14.0,3.0,17.0,3.0,20.0,7.0,27.0,1.0,28.0,1.0,29.0,1.0,30.0,1.0,31.0,2.0,33.0,1.0,34.0,2.0,36.0,0.0,36.0,0.0,36.0,0.0,36.0,0.0,36.0,0.0,36.0
0.037,42,5.0,5.0,3.0,8.0,3.0,11.0,3.0,14.0,5.0,19.0,10.0,29.0,4.0,33.0,5.0,38.0,3.0,41.0,3.0,44.0,3.0,47.0,1.0,48.0,3.0,51.0,2.0,53.0,0.0,53.0,0.0,53.0,0.0,53.0,0.0,53.0,0.0,53.0
0.037,43,5.0,5.0,3.0,8.0,2.0,10.0,4.0,14.0,2.0,16.0,6.0,22.0,3.0,25.0,3.0,28.0,1.0,29.0,0.0,29.0,0.0,29.0,1.0,30.0,0.0,30.0,0.0,30.0,0.0,30.0,0.0,30.0,0.0,30.0,0.0,30.0,0.0,30.0
0.037,44,13.0,13.0,5.0,18.0,2.0,20.0,2.0,22.0,6.0,28.0,5.0,33.0,4.0,37.0,2.0,39.0,0.0,39.0,0.0,39.0,0.0,39.0,0.0,39.0,0.0,39.0,0.0,39.0,0.0,39.0,0.0,39.0,0.0,39.0,0.0,39.0,0.0,39.0
0.037,45,5.0,5.0,3.0,8.0,1.0,9.0,1.0,10.0,7.0,17.0,5.0,22.0,4.0,26.0,0.0,26.0,3.0,29.0,7.0,36.0,5.0,41.0,7.0,48.0,7.0,55.0,3.0,58.0,0.0,58.0,0.0,58.0,1.0,59.0,2.0,61.0,1.0,62.0
0.037,46,6.0,6.0,3.0,9.0,2.0,11.0,2.0,13.0,2.0,15.0,4.0,19.0,7.0,26.0,2.0,28.0,0.0,28.0,1.0,29.0,0.0,29.0,2.0,31.0,3.0,34.0,0.0,34.0,0.0,34.0,0.0,34.0,0.0,34.0,0.0,34.0,0.0,34.0
0.037,47,9.0,9.0,4.0,13.0,1.0,14.0,0.0,14.0,1.0,15.0,4.0,19.0,5.0,24.0,3.0,27.0,1.0,28.0,4.0,32.0,3.0,35.0,1.0,36.0,2.0,38.0,0.0,38.0,0.0,38.0,0.0,38.0,0.0,38.0,0.0,38.0,0.0,38.0
0.037,48,8.0,8.0,0.0,8.0,0.0,8.0,0.0,8.0,0.0,8.0,0.0,8.0,0.0,8.0,0.0,8.0,0.0,8.0,0.0,8.0,0.0,8.0,0.0,8.0,0.0,8.0,0.0,8.0,0.0,8.0,0.0,8.0,0.0,8.0,0.0,8.0,0.0,8.0
0.037,49,6.0,6.0,3.0,9.0,3.0,12.0,1.0,13.0,1.0,14.0,4.0,18.0,1.0,19.0,1.0,20.0,0.0,20.0,0.0,20.0,0.0,20.0,0.0,20.0,0.0,20.0,0.0,20.0,0.0,20.0,0.0,20.0,0.0,20.0,0.0,20.0,0.0,20.0
0.0375,0,3.0,3.0,2.0,5.0,0.0,5.0,0.0,5.0,0.0,5.0,0.0,5.0,0.0,5.0,0.0,5.0,0.0,5.0,0.0,5.0,0.0,5.0,0.0,5.0,0.0,5.0,0.0,5.0,0.0,5.0,0.0,5.0,0.0,5.0,0.0,5.0,0.0,5.0
0.0375,1,5.0,5.0,2.0,7.0,0.0,7.0,0.0,7.0,0.0,7.0,0.0,7.0,0.0,7.0,0.0,7.0,0.0,7.0,0.0,7.0,0.0,7.0,0.0,7.0,0.0,7.0,0.0,7.0,0.0,7.0,0.0,7.0,0.0,7.0,0.0,7.0,0.0,7.0
0.0375,2,7.0,7.0,3.0,10.0,1.0,11.0,0.0,11.0,2.0,13.0,2.0,15.0,2.0,17.0,0.0,17.0,0.0,17.0,0.0,17.0,0.0,17.0,0.0,17.0,0.0,17.0,0.0,17.0,0.0,17.0,0.0,17.0,0.0,17.0,0.0,17.0,0.0,17.0
0.0375,3,6.0,6.0,1.0,7.0,0.0,7.0,0.0,7.0,0.0,7.0,0.0,7.0,0.0,7.0,0.0,7.0,0.0,7.0,0.0,7.0,0.0,7.0,0.0,7.0,0.0,7.0,0.0,7.0,0.0,7.0,0.0,7.0,0.0,7.0,0.0,7.0,0.0,7.0
0.0375,4,9.0,9.0,3.0,12.0,1.0,13.0,3.0,16.0,1.0,17.0,6.0,23.0,4.0,27.0,4.0,31.0,2.0,33.0,2.0,35.0,2.0,37.0,1.0,38.0,4.0,42.0,1.0,43.0,0.0,43.0,0.0,43.0,0.0,43.0,0.0,43.0,0.0,43.0
0.0375,5,8.0,8.0,3.0,11.0,2.0,13.0,0.0,13.0,0.0,13.0,1.0,14.0,2.0,16.0,3.0,19.0,0.0,19.0,1.0,20.0,3.0,23.0,3.0,26.0,1.0,27.0,0.0,27.0,0.0,27.0,0.0,27.0,0.0,27.0,0.0,27.0,0.0,27.0
0.0375,6,8.0,8.0,5.0,13.0,2.0,15.0,1.0,16.0,3.0,19.0,5.0,24.0,3.0,27.0,2.0,29.0,0.0,29.0,0.0,29.0,1.0,30.0,0.0,30.0,2.0,32.0,0.0,32.0,0.0,32.0,0.0,32.0,0.0,32.0,0.0,32.0,0.0,32.0
0.0375,7,3.0,3.0,4.0,7.0,0.0,7.0,0.0,7.0,3.0,10.0,1.0,11.0,4.0,15.0,1.0,16.0,1.0,17.0,0.0,17.0,0.0,17.0,0.0,17.0,3.0,20.0,1.0,21.0,0.0,21.0,0.0,21.0,0.0,21.0,0.0,21.0,0.0,21.0
0.0375,8,9.0,9.0,0.0,9.0,0.0,9.0,0.0,9.0,0.0,9.0,0.0,9.0,0.0,9.0,0.0,9.0,0.0,9.0,0.0,9.0,0.0,9.0,0.0,9.0,0.0,9.0,0.0,9.0,0.0,9.0,0.0,9.0,1.0,10.0,0.0,10.0,0.0,10.0
0.0375,9,9.0,9.0,2.0,11.0,1.0,12.0,0.0,12.0,2.0,14.0,1.0,15.0,1.0,16.0,1.0,17.0,0.0,17.0,0.0,17.0,0.0,17.0,0.0,17.0,0.0,17.0,0.0,17.0,0.0,17.0,0.0,17.0,0.0,17.0,0.0,17.0,0.0,17.0
0.0375,10,6.0,6.0,4.0,10.0,0.0,10.0,2.0,12.0,7.0,19.0,1.0,20.0,3.0,23.0,1.0,24.0,0.0,24.0,0.0,24.0,0.0,24.0,0.0,24.0,0.0,24.0,0.0,24.0,0.0,24.0,0.0,24.0,0.0,24.0,0.0,24.0,0.0,24.0
0.0375,11,6.0,6.0,2.0,8.0,0.0,8.0,0.0,8.0,0.0,8.0,0.0,8.0,0.0,8.0,0.0,8.0,0.0,8.0,0.0,8.0,0.0,8.0,0.0,8.0,0.0,8.0,0.0,8.0,0.0,8.0,0.0,8.0,0.0,8.0,0.0,8.0,0.0,8.0
0.0375,12,9.0,9.0,9.0,18.0,9.0,27.0,5.0,32.0,7.0,39.0,9.0,48.0,6.0,54.0,3.0,57.0,2.0,59.0,2.0,61.0,2.0,63.0,1.0,64.0,1.0,65.0,0.0,65.0,0.0,65.0,0.0,65.0,0.0,65.0,0.0,65.0,0.0,65.0
0.0375,13,9.0,9.0,3.0,12.0,0.0,12.0,0.0,12.0,0.0,12.0,0.0,12.0,0.0,12.0,0.0,12.0,0.0,12.0,0.0,12.0,0.0,12.0,0.0,12.0,0.0,12.0,0.0,12.0,0.0,12.0,0.0,12.0,0.0,12.0,0.0,12.0,0.0,12.0
0.0375,14,3.0,3.0,5.0,8.0,1.0,9.0,0.0,9.0,1.0,10.0,3.0,13.0,5.0,18.0,3.0,21.0,1.0,22.0,5.0,27.0,2.0,29.0,6.0,35.0,6.0,41.0,2.0,43.0,2.0,45.0,1.0,46.0,5.0,51.0,2.0,53.0,1.0,54.0
0.0375,15,10.0,10.0,2.0,12.0,3.0,15.0,1.0,16.0,1.0,17.0,0.0,17.0,6.0,23.0,2.0,25.0,0.0,25.0,0.0,25.0,0.0,25.0,0.0,25.0,0.0,25.0,0.0,25.0,0.0,25.0,0.0,25.0,0.0,25.0,0.0,25.0,0.0,25.0
0.0375,16,7.0,7.0,2.0,9.0,0.0,9.0,0.0,9.0,0.0,9.0,0.0,9.0,0.0,9.0,0.0,9.0,0.0,9.0,0.0,9.0,0.0,9.0,0.0,9.0,0.0,9.0,0.0,9.0,0.0,9.0,0.0,9.0,0.0,9.0,0.0,9.0,0.0,9.0
0.0375,17,5.0,5.0,7.0,12.0,1.0,13.0,1.0,14.0,0.0,14.0,1.0,15.0,2.0,17.0,0.0,17.0,0.0,17.0,0.0,17.0,0.0,17.0,0.0,17.0,0.0,17.0,0.0,17.0,0.0,17.0,0.0,17.0,0.0,17.0,0.0,17.0,0.0,17.0
0.0375,18,0.0,0.0,5.0,5.0,8.0,13.0,1.0,14.0,6.0,20.0,9.0,29.0,8.0,37.0,1.0,38.0,0.0,38.0,0.0,38.0,0.0,38.0,0.0,38.0,0.0,38.0,0.0,38.0,0.0,38.0,0.0,38.0,0.0,38.0,0.0,38.0,0.0,38.0
0.0375,19,10.0,10.0,4.0,14.0,4.0,18.0,6.0,24.0,3.0,27.0,6.0,33.0,14.0,47.0,1.0,48.0,0.0,48.0,0.0,48.0,0.0,48.0,0.0,48.0,0.0,48.0,0.0,48.0,0.0,48.0,0.0,48.0,0.0,48.0,0.0,48.0,0.0,48.0
0.0375,20,7.0,7.0,3.0,10.0,2.0,12.0,3.0,15.0,3.0,18.0,4.0,22.0,0.0,22.0,1.0,23.0,0.0,23.0,0.0,23.0,0.0,23.0,0.0,23.0,0.0,23.0,0.0,23.0,0.0,23.0,0.0,23.0,0.0,23.0,0.0,23.0,0.0,23.0
0.0375,21,5.0,5.0,6.0,11.0,2.0,13.0,1.0,14.0,4.0,18.0,6.0,24.0,8.0,32.0,5.0,37.0,0.0,37.0,0.0,37.0,0.0,37.0,0.0,37.0,0.0,37.0,0.0,37.0,0.0,37.0,0.0,37.0,0.0,37.0,0.0,37.0,0.0,37.0
0.0375,22,4.0,4.0,4.0,8.0,4.0,12.0,6.0,18.0,2.0,20.0,3.0,23.0,2.0,25.0,0.0,25.0,0.0,25.0,0.0,25.0,0.0,25.0,0.0,25.0,0.0,25.0,0.0,25.0,0.0,25.0,0.0,25.0,0.0,25.0,0.0,25.0,0.0,25.0
0.0375,23,10.0,10.0,5.0,15.0,2.0,17.0,1.0,18.0,2.0,20.0,1.0,21.0,1.0,22.0,1.0,23.0,0.0,23.0,0.0,23.0,0.0,23.0,0.0,23.0,0.0,23.0,0.0,23.0,0.0,23.0,0.0,23.0,0.0,23.0,0.0,23.0,0.0,23.0
0.0375,24,7.0,7.0,3.0,10.0,3.0,13.0,4.0,17.0,4.0,21.0,6.0,27.0,8.0,35.0,4.0,39.0,1.0,40.0,0.0,40.0,2.0,42.0,1.0,43.0,5.0,48.0,3.0,51.0,1.0,52.0,1.0,53.0,2.0,55.0,2.0,57.0,3.0,60.0
0.0375,25,7.0,7.0,0.0,7.0,6.0,13.0,6.0,19.0,8.0,27.0,5.0,32.0,6.0,38.0,6.0,44.0,3.0,47.0,4.0,51.0,2.0,53.0,2.0,55.0,9.0,64.0,6.0,70.0,0.0,70.0,0.0,70.0,0.0,70.0,0.0,70.0,0.0,70.0
0.0375,26,8.0,8.0,4.0,12.0,0.0,12.0,0.0,12.0,0.0,12.0,0.0,12.0,0.0,12.0,0.0,12.0,0.0,12.0,0.0,12.0,0.0,12.0,0.0,12.0,0.0,12.0,0.0,12.0,0.0,12.0,0.0,12.0,0.0,12.0,0.0,12.0,0.0,12.0
0.0375,27,4.0,4.0,7.0,11.0,0.0,11.0,2.0,13.0,1.0,14.0,4.0,18.0,3.0,21.0,2.0,23.0,0.0,23.0,0.0,23.0,0.0,23.0,0.0,23.0,0.0,23.0,0.0,23.0,0.0,23.0,0.0,23.0,0.0,23.0,0.0,23.0,0.0,23.0
0.0375,28,9.0,9.0,2.0,11.0,1.0,12.0,1.0,13.0,4.0,17.0,4.0,21.0,2.0,23.0,3.0,26.0,5.0,31.0,4.0,35.0,4.0,39.0,9.0,48.0,11.0,59.0,2.0,61.0,0.0,61.0,0.0,61.0,1.0,62.0,0.0,62.0,1.0,63.0
0.0375,29,7.0,7.0,4.0,11.0,0.0,11.0,1.0,12.0,1.0,13.0,3.0,16.0,2.0,18.0,0.0,18.0,1.0,19.0,2.0,21.0,1.0,22.0,1.0,23.0,2.0,25.0,3.0,28.0,0.0,28.0,0.0,28.0,0.0,28.0,0.0,28.0,0.0,28.0
0.0375,30,10.0,10.0,5.0,15.0,3.0,18.0,2.0,20.0,5.0,25.0,4.0,29.0,0.0,29.0,1.0,30.0,2.0,32.0,4.0,36.0,5.0,41.0,4.0,45.0,5.0,50.0,0.0,50.0,0.0,50.0,0.0,50.0,0.0,50.0,0.0,50.0,0.0,50.0
0.0375,31,10.0,10.0,4.0,14.0,2.0,16.0,1.0,17.0,2.0,19.0,3.0,22.0,5.0,27.0,0.0,27.0,0.0,27.0,0.0,27.0,0.0,27.0,0.0,27.0,0.0,27.0,0.0,27.0,0.0,27.0,0.0,27.0,0.0,27.0,0.0,27.0,0.0,27.0
0.0375,32,4.0,4.0,5.0,9.0,1.0,10.0,3.0,13.0,1.0,14.0,2.0,16.0,1.0,17.0,0.0,17.0,0.0,17.0,0.0,17.0,1.0,18.0,3.0,21.0,1.0,22.0,0.0,22.0,0.0,22.0,0.0,22.0,0.0,22.0,0.0,22.0,0.0,22.0
0.0375,33,7.0,7.0,7.0,14.0,4.0,18.0,7.0,25.0,3.0,28.0,4.0,32.0,6.0,38.0,4.0,42.0,0.0,42.0,0.0,42.0,0.0,42.0,3.0,45.0,2.0,47.0,1.0,48.0,0.0,48.0,0.0,48.0,0.0,48.0,0.0,48.0,0.0,48.0
0.0375,34,6.0,6.0,3.0,9.0,1.0,10.0,3.0,13.0,2.0,15.0,4.0,19.0,2.0,21.0,1.0,22.0,0.0,22.0,0.0,22.0,0.0,22.0,0.0,22.0,0.0,22.0,0.0,22.0,0.0,22.0,0.0,22.0,0.0,22.0,0.0,22.0,0.0,22.0
0.0375,35,7.0,7.0,4.0,11.0,2.0,13.0,4.0,17.0,3.0,20.0,2.0,22.0,4.0,26.0,1.0,27.0,1.0,28.0,4.0,32.0,4.0,36.0,1.0,37.0,4.0,41.0,1.0,42.0,0.0,42.0,0.0,42.0,0.0,42.0,0.0,42.0,0.0,42.0
0.0375,36,3.0,3.0,4.0,7.0,1.0,8.0,0.0,8.0,1.0,9.0,0.0,9.0,1.0,10.0,0.0,10.0,0.0,10.0,0.0,10.0,0.0,10.0,0.0,10.0,0.0,10.0,0.0,10.0,0.0,10.0,0.0,10.0,0.0,10.0,0.0,10.0,0.0,10.0
0.0375,37,6.0,6.0,3.0,9.0,1.0,10.0,1.0,11.0,2.0,13.0,0.0,13.0,1.0,14.0,0.0,14.0,0.0,14.0,0.0,14.0,1.0,15.0,0.0,15.0,0.0,15.0,0.0,15.0,0.0,15.0,0.0,15.0,0.0,15.0,0.0,15.0,0.0,15.0
0.0375,38,8.0,8.0,4.0,12.0,0.0,12.0,0.0,12.0,0.0,12.0,0.0,12.0,0.0,12.0,0.0,12.0,0.0,12.0,0.0,12.0,0.0,12.0,0.0,12.0,0.0,12.0,0.0,12.0,0.0,12.0,0.0,12.0,0.0,12.0,0.0,12.0,0.0,12.0
0.0375,39,9.0,9.0,3.0,12.0,2.0,14.0,2.0,16.0,1.0,17.0,3.0,20.0,1.0,21.0,1.0,22.0,1.0,23.0,2.0,25.0,1.0,26.0,4.0,30.0,4.0,34.0,1.0,35.0,0.0,35.0,0.0,35.0,0.0,35.0,0.0,35.0,0.0,35.0
0.0375,40,7.0,7.0,2.0,9.0,0.0,9.0,0.0,9.0,0.0,9.0,0.0,9.0,0.0,9.0,0.0,9.0,0.0,9.0,0.0,9.0,0.0,9.0,0.0,9.0,0.0,9.0,0.0,9.0,0.0,9.0,0.0,9.0,0.0,9.0,0.0,9.0,0.0,9.0
0.0375,41,9.0,9.0,2.0,11.0,1.0,12.0,3.0,15.0,2.0,17.0,2.0,19.0,0.0,19.0,0.0,19.0,0.0,19.0,0.0,19.0,0.0,19.0,0.0,19.0,0.0,19.0,0.0,19.0,0.0,19.0,0.0,19.0,0.0,19.0,0.0,19.0,0.0,19.0
0.0375,42,5.0,5.0,3.0,8.0,0.0,8.0,4.0,12.0,2.0,14.0,2.0,16.0,4.0,20.0,1.0,21.0,0.0,21.0,0.0,21.0,0.0,21.0,0.0,21.0,0.0,21.0,0.0,21.0,0.0,21.0,0.0,21.0,0.0,21.0,0.0,21.0,0.0,21.0
0.0375,43,2.0,2.0,2.0,4.0,1.0,5.0,1.0,6.0,2.0,8.0,2.0,10.0,2.0,12.0,2.0,14.0,1.0,15.0,1.0,16.0,1.0,17.0,2.0,19.0,0.0,19.0,1.0,20.0,0.0,20.0,0.0,20.0,0.0,20.0,0.0,20.0,0.0,20.0
0.0375,44,7.0,7.0,3.0,10.0,0.0,10.0,0.0,10.0,1.0,11.0,1.0,12.0,2.0,14.0,0.0,14.0,0.0,14.0,1.0,15.0,0.0,15.0,0.0,15.0,1.0,16.0,0.0,16.0,0.0,16.0,0.0,16.0,0.0,16.0,0.0,16.0,0.0,16.0
0.0375,45,9.0,9.0,4.0,13.0,1.0,14.0,2.0,16.0,4.0,20.0,2.0,22.0,5.0,27.0,1.0,28.0,0.0,28.0,0.0,28.0,0.0,28.0,0.0,28.0,0.0,28.0,0.0,28.0,0.0,28.0,0.0,28.0,0.0,28.0,0.0,28.0,0.0,28.0
0.0375,46,7.0,7.0,3.0,10.0,0.0,10.0,1.0,11.0,1.0,12.0,1.0,13.0,6.0,19.0,2.0,21.0,0.0,21.0,0.0,21.0,0.0,21.0,0.0,21.0,0.0,21.0,0.0,21.0,0.0,21.0,0.0,21.0,0.0,21.0,0.0,21.0,0.0,21.0
0.0375,47,4.0,4.0,4.0,8.0,0.0,8.0,2.0,10.0,1.0,11.0,4.0,15.0,7.0,22.0,1.0,23.0,0.0,23.0,0.0,23.0,4.0,27.0,1.0,28.0,7.0,35.0,0.0,35.0,0.0,35.0,0.0,35.0,0.0,35.0,0.0,35.0,0.0,35.0
0.0375,48,4.0,4.0,4.0,8.0,0.0,8.0,0.0,8.0,0.0,8.0,0.0,8.0,1.0,9.0,2.0,11.0,0.0,11.0,4.0,15.0,3.0,18.0,7.0,25.0,8.0,33.0,5.0,38.0,1.0,39.0,1.0,40.0,0.0,40.0,1.0,41.0,1.0,42.0
0.0375,49,7.0,7.0,5.0,12.0,2.0,14.0,4.0,18.0,12.0,30.0,10.0,40.0,7.0,47.0,6.0,53.0,2.0,55.0,4.0,59.0,3.0,62.0,4.0,66.0,3.0,69.0,1.0,70.0,7.0,77.0,2.0,79.0,2.0,81.0,3.0,84.0,4.0,88.0
0.03775,0,5.0,5.0,2.0,7.0,2.0,9.0,0.0,9.0,1.0,10.0,1.0,11.0,2.0,13.0,1.0,14.0,1.0,15.0,0.0,15.0,1.0,16.0,1.0,17.0,1.0,18.0,0.0,18.0,0.0,18.0,0.0,18.0,0.0,18.0,0.0,18.0,0.0,18.0
0.03775,1,7.0,7.0,4.0,11.0,3.0,14.0,2.0,16.0,2.0,18.0,2.0,20.0,3.0,23.0,0.0,23.0,0.0,23.0,0.0,23.0,0.0,23.0,0.0,23.0,0.0,23.0,0.0,23.0,0.0,23.0,0.0,23.0,0.0,23.0,0.0,23.0,0.0,23.0
0.03775,2,6.0,6.0,2.0,8.0,2.0,10.0,2.0,12.0,4.0,16.0,3.0,19.0,0.0,19.0,3.0,22.0,3.0,25.0,2.0,27.0,3.0,30.0,2.0,32.0,3.0,35.0,3.0,38.0,0.0,38.0,1.0,39.0,0.0,39.0,1.0,40.0,0.0,40.0
0.03775,3,14.0,14.0,8.0,22.0,6.0,28.0,8.0,36.0,8.0,44.0,2.0,46.0,6.0,52.0,4.0,56.0,2.0,58.0,2.0,60.0,2.0,62.0,2.0,64.0,2.0,66.0,0.0,66.0,1.0,67.0,2.0,69.0,1.0,70.0,2.0,72.0,1.0,73.0
0.03775,4,5.0,5.0,3.0,8.0,0.0,8.0,0.0,8.0,0.0,8.0,0.0,8.0,0.0,8.0,0.0,8.0,0.0,8.0,0.0,8.0,0.0,8.0,0.0,8.0,0.0,8.0,0.0,8.0,0.0,8.0,0.0,8.0,0.0,8.0,0.0,8.0,0.0,8.0
0.03775,5,9.0,9.0,7.0,16.0,0.0,16.0,0.0,16.0,0.0,16.0,0.0,16.0,0.0,16.0,0.0,16.0,0.0,16.0,0.0,16.0,0.0,16.0,0.0,16.0,0.0,16.0,0.0,16.0,0.0,16.0,0.0,16.0,0.0,16.0,0.0,16.0,0.0,16.0
0.03775,6,8.0,8.0,3.0,11.0,1.0,12.0,1.0,13.0,2.0,15.0,1.0,16.0,3.0,19.0,3.0,22.0,0.0,22.0,0.0,22.0,0.0,22.0,0.0,22.0,0.0,22.0,0.0,22.0,0.0,22.0,0.0,22.0,0.0,22.0,0.0,22.0,0.0,22.0
0.03775,7,9.0,9.0,5.0,14.0,0.0,14.0,0.0,14.0,0.0,14.0,0.0,14.0,0.0,14.0,0.0,14.0,0.0,14.0,0.0,14.0,0.0,14.0,0.0,14.0,0.0,14.0,0.0,14.0,0.0,14.0,0.0,14.0,0.0,14.0,0.0,14.0,0.0,14.0
0.03775,8,11.0,11.0,1.0,12.0,0.0,12.0,0.0,12.0,0.0,12.0,0.0,12.0,0.0,12.0,0.0,12.0,0.0,12.0,0.0,12.0,0.0,12.0,0.0,12.0,0.0,12.0,0.0,12.0,0.0,12.0,0.0,12.0,0.0,12.0,0.0,12.0,0.0,12.0
0.03775,9,5.0,5.0,1.0,6.0,2.0,8.0,5.0,13.0,3.0,16.0,3.0,19.0,10.0,29.0,0.0,29.0,0.0,29.0,0.0,29.0,1.0,30.0,2.0,32.0,1.0,33.0,2.0,35.0,0.0,35.0,0.0,35.0,0.0,35.0,0.0,35.0,0.0,35.0
0.03775,10,7.0,7.0,3.0,10.0,0.0,10.0,0.0,10.0,0.0,10.0,0.0,10.0,0.0,10.0,0.0,10.0,0.0,10.0,0.0,10.0,0.0,10.0,0.0,10.0,0.0,10.0,0.0,10.0,0.0,10.0,0.0,10.0,0.0,10.0,0.0,10.0,0.0,10.0
0.03775,11,6.0,6.0,3.0,9.0,0.0,9.0,0.0,9.0,0.0,9.0,0.0,9.0,0.0,9.0,0.0,9.0,0.0,9.0,0.0,9.0,0.0,9.0,0.0,9.0,0.0,9.0,0.0,9.0,0.0,9.0,0.0,9.0,0.0,9.0,0.0,9.0,0.0,9.0
0.03775,12,9.0,9.0,4.0,13.0,0.0,13.0,0.0,13.0,0.0,13.0,0.0,13.0,0.0,13.0,0.0,13.0,0.0,13.0,0.0,13.0,0.0,13.0,0.0,13.0,0.0,13.0,0.0,13.0,0.0,13.0,0.0,13.0,0.0,13.0,0.0,13.0,0.0,13.0
0.03775,13,7.0,7.0,1.0,8.0,2.0,10.0,3.0,13.0,1.0,14.0,3.0,17.0,2.0,19.0,2.0,21.0,1.0,22.0,2.0,24.0,6.0,30.0,2.0,32.0,2.0,34.0,4.0,38.0,0.0,38.0,0.0,38.0,0.0,38.0,0.0,38.0,0.0,38.0
0.03775,14,7.0,7.0,1.0,8.0,3.0,11.0,3.0,14.0,2.0,16.0,2.0,18.0,10.0,28.0,0.0,28.0,0.0,28.0,0.0,28.0,0.0,28.0,0.0,28.0,0.0,28.0,0.0,28.0,0.0,28.0,0.0,28.0,0.0,28.0,0.0,28.0,0.0,28.0
0.03775,15,9.0,9.0,6.0,15.0,3.0,18.0,0.0,18.0,3.0,21.0,0.0,21.0,1.0,22.0,3.0,25.0,0.0,25.0,5.0,30.0,2.0,32.0,3.0,35.0,4.0,39.0,0.0,39.0,0.0,39.0,0.0,39.0,0.0,39.0,0.0,39.0,0.0,39.0
0.03775,16,10.0,10.0,3.0,13.0,0.0,13.0,0.0,13.0,1.0,14.0,0.0,14.0,0.0,14.0,0.0,14.0,0.0,14.0,0.0,14.0,0.0,14.0,0.0,14.0,0.0,14.0,0.0,14.0,0.0,14.0,0.0,14.0,0.0,14.0,0.0,14.0,0.0,14.0
0.03775,17,8.0,8.0,5.0,13.0,1.0,14.0,3.0,17.0,2.0,19.0,5.0,24.0,4.0,28.0,1.0,29.0,0.0,29.0,0.0,29.0,0.0,29.0,0.0,29.0,0.0,29.0,0.0,29.0,0.0,29.0,0.0,29.0,0.0,29.0,0.0,29.0,0.0,29.0
0.03775,18,7.0,7.0,1.0,8.0,1.0,9.0,1.0,10.0,3.0,13.0,7.0,20.0,8.0,28.0,5.0,33.0,5.0,38.0,3.0,41.0,5.0,46.0,6.0,52.0,6.0,58.0,3.0,61.0,0.0,61.0,0.0,61.0,0.0,61.0,0.0,61.0,0.0,61.0
0.03775,19,11.0,11.0,6.0,17.0,8.0,25.0,3.0,28.0,5.0,33.0,4.0,37.0,8.0,45.0,1.0,46.0,0.0,46.0,0.0,46.0,0.0,46.0,0.0,46.0,0.0,46.0,0.0,46.0,0.0,46.0,0.0,46.0,0.0,46.0,0.0,46.0,0.0,46.0
0.03775,20,6.0,6.0,4.0,10.0,1.0,11.0,2.0,13.0,3.0,16.0,3.0,19.0,4.0,23.0,4.0,27.0,1.0,28.0,4.0,32.0,5.0,37.0,7.0,44.0,4.0,48.0,1.0,49.0,0.0,49.0,1.0,50.0,0.0,50.0,2.0,52.0,1.0,53.0
0.03775,21,4.0,4.0,3.0,7.0,0.0,7.0,0.0,7.0,0.0,7.0,0.0,7.0,0.0,7.0,0.0,7.0,0.0,7.0,0.0,7.0,0.0,7.0,0.0,7.0,0.0,7.0,0.0,7.0,0.0,7.0,0.0,7.0,0.0,7.0,0.0,7.0,0.0,7.0
0.03775,22,8.0,8.0,3.0,11.0,0.0,11.0,0.0,11.0,0.0,11.0,0.0,11.0,0.0,11.0,0.0,11.0,0.0,11.0,0.0,11.0,0.0,11.0,0.0,11.0,0.0,11.0,0.0,11.0,0.0,11.0,0.0,11.0,0.0,11.0,0.0,11.0,0.0,11.0
0.03775,23,10.0,10.0,2.0,12.0,0.0,12.0,0.0,12.0,0.0,12.0,0.0,12.0,0.0,12.0,0.0,12.0,0.0,12.0,0.0,12.0,0.0,12.0,0.0,12.0,0.0,12.0,0.0,12.0,0.0,12.0,0.0,12.0,0.0,12.0,0.0,12.0,0.0,12.0
0.03775,24,7.0,7.0,4.0,11.0,6.0,17.0,6.0,23.0,6.0,29.0,5.0,34.0,4.0,38.0,3.0,41.0,5.0,46.0,1.0,47.0,3.0,50.0,3.0,53.0,7.0,60.0,1.0,61.0,3.0,64.0,2.0,66.0,2.0,68.0,3.0,71.0,4.0,75.0
0.03775,25,9.0,9.0,4.0,13.0,1.0,14.0,1.0,15.0,6.0,21.0,7.0,28.0,6.0,34.0,3.0,37.0,3.0,40.0,2.0,42.0,3.0,45.0,3.0,48.0,5.0,53.0,3.0,56.0,0.0,56.0,0.0,56.0,2.0,58.0,5.0,63.0,3.0,66.0
0.03775,26,9.0,9.0,3.0,12.0,0.0,12.0,0.0,12.0,0.0,12.0,0.0,12.0,0.0,12.0,0.0,12.0,0.0,12.0,0.0,12.0,0.0,12.0,0.0,12.0,0.0,12.0,0.0,12.0,0.0,12.0,0.0,12.0,0.0,12.0,0.0,12.0,0.0,12.0
0.03775,27,5.0,5.0,3.0,8.0,4.0,12.0,3.0,15.0,3.0,18.0,5.0,23.0,7.0,30.0,3.0,33.0,0.0,33.0,0.0,33.0,0.0,33.0,0.0,33.0,0.0,33.0,0.0,33.0,0.0,33.0,0.0,33.0,0.0,33.0,0.0,33.0,0.0,33.0
0.03775,28,12.0,12.0,0.0,12.0,0.0,12.0,0.0,12.0,0.0,12.0,0.0,12.0,0.0,12.0,0.0,12.0,0.0,12.0,0.0,12.0,0.0,12.0,0.0,12.0,0.0,12.0,0.0,12.0,0.0,12.0,0.0,12.0,0.0,12.0,0.0,12.0,0.0,12.0
0.03775,29,8.0,8.0,1.0,9.0,0.0,9.0,0.0,9.0,4.0,13.0,2.0,15.0,3.0,18.0,0.0,18.0,0.0,18.0,0.0,18.0,0.0,18.0,0.0,18.0,0.0,18.0,0.0,18.0,0.0,18.0,0.0,18.0,0.0,18.0,0.0,18.0,0.0,18.0
0.03775,30,5.0,5.0,2.0,7.0,2.0,9.0,0.0,9.0,0.0,9.0,2.0,11.0,3.0,14.0,0.0,14.0,0.0,14.0,0.0,14.0,0.0,14.0,0.0,14.0,0.0,14.0,0.0,14.0,0.0,14.0,0.0,14.0,0.0,14.0,0.0,14.0,0.0,14.0
0.03775,31,5.0,5.0,5.0,10.0,2.0,12.0,3.0,15.0,2.0,17.0,6.0,23.0,3.0,26.0,3.0,29.0,0.0,29.0,0.0,29.0,0.0,29.0,0.0,29.0,0.0,29.0,0.0,29.0,0.0,29.0,0.0,29.0,0.0,29.0,0.0,29.0,0.0,29.0
0.03775,32,5.0,5.0,2.0,7.0,0.0,7.0,0.0,7.0,0.0,7.0,0.0,7.0,0.0,7.0,0.0,7.0,0.0,7.0,0.0,7.0,0.0,7.0,0.0,7.0,0.0,7.0,0.0,7.0,0.0,7.0,0.0,7.0,0.0,7.0,0.0,7.0,0.0,7.0
0.03775,33,8.0,8.0,2.0,10.0,3.0,13.0,1.0,14.0,1.0,15.0,1.0,16.0,2.0,18.0,0.0,18.0,0.0,18.0,0.0,18.0,0.0,18.0,0.0,18.0,0.0,18.0,0.0,18.0,0.0,18.0,0.0,18.0,0.0,18.0,0.0,18.0,0.0,18.0
0.03775,34,6.0,6.0,1.0,7.0,0.0,7.0,0.0,7.0,0.0,7.0,0.0,7.0,0.0,7.0,0.0,7.0,0.0,7.0,0.0,7.0,0.0,7.0,0.0,7.0,0.0,7.0,0.0,7.0,0.0,7.0,0.0,7.0,0.0,7.0,0.0,7.0,0.0,7.0
0.03775,35,10.0,10.0,6.0,16.0,2.0,18.0,6.0,24.0,1.0,25.0,2.0,27.0,4.0,31.0,2.0,33.0,0.0,33.0,0.0,33.0,0.0,33.0,0.0,33.0,0.0,33.0,0.0,33.0,0.0,33.0,0.0,33.0,0.0,33.0,0.0,33.0,0.0,33.0
0.03775,36,10.0,10.0,0.0,10.0,0.0,10.0,1.0,11.0,1.0,12.0,1.0,13.0,0.0,13.0,1.0,14.0,1.0,15.0,4.0,19.0,4.0,23.0,4.0,27.0,6.0,33.0,3.0,36.0,1.0,37.0,0.0,37.0,0.0,37.0,0.0,37.0,0.0,37.0
0.03775,37,9.0,9.0,1.0,10.0,2.0,12.0,4.0,16.0,3.0,19.0,3.0,22.0,5.0,27.0,2.0,29.0,0.0,29.0,0.0,29.0,0.0,29.0,0.0,29.0,0.0,29.0,0.0,29.0,0.0,29.0,0.0,29.0,0.0,29.0,0.0,29.0,0.0,29.0
0.03775,38,8.0,8.0,2.0,10.0,0.0,10.0,0.0,10.0,0.0,10.0,0.0,10.0,0.0,10.0,0.0,10.0,0.0,10.0,0.0,10.0,0.0,10.0,1.0,11.0,1.0,12.0,1.0,13.0,0.0,13.0,0.0,13.0,0.0,13.0,0.0,13.0,0.0,13.0
0.03775,39,6.0,6.0,1.0,7.0,0.0,7.0,0.0,7.0,0.0,7.0,0.0,7.0,0.0,7.0,0.0,7.0,0.0,7.0,0.0,7.0,0.0,7.0,0.0,7.0,0.0,7.0,0.0,7.0,0.0,7.0,0.0,7.0,0.0,7.0,0.0,7.0,0.0,7.0
0.03775,40,4.0,4.0,3.0,7.0,3.0,10.0,0.0,10.0,3.0,13.0,1.0,14.0,1.0,15.0,0.0,15.0,0.0,15.0,1.0,16.0,2.0,18.0,2.0,20.0,3.0,23.0,0.0,23.0,0.0,23.0,0.0,23.0,2.0,25.0,2.0,27.0,1.0,28.0
0.03775,41,10.0,10.0,2.0,12.0,0.0,12.0,0.0,12.0,0.0,12.0,0.0,12.0,0.0,12.0,0.0,12.0,0.0,12.0,0.0,12.0,0.0,12.0,0.0,12.0,0.0,12.0,0.0,12.0,0.0,12.0,0.0,12.0,0.0,12.0,0.0,12.0,0.0,12.0
0.03775,42,8.0,8.0,1.0,9.0,4.0,13.0,3.0,16.0,4.0,20.0,9.0,29.0,5.0,34.0,3.0,37.0,4.0,41.0,2.0,43.0,2.0,45.0,1.0,46.0,2.0,48.0,0.0,48.0,0.0,48.0,0.0,48.0,0.0,48.0,0.0,48.0,0.0,48.0
0.03775,43,5.0,5.0,2.0,7.0,1.0,8.0,2.0,10.0,2.0,12.0,4.0,16.0,6.0,22.0,0.0,22.0,0.0,22.0,0.0,22.0,0.0,22.0,0.0,22.0,0.0,22.0,0.0,22.0,0.0,22.0,0.0,22.0,0.0,22.0,0.0,22.0,0.0,22.0
0.03775,44,9.0,9.0,3.0,12.0,0.0,12.0,1.0,13.0,0.0,13.0,1.0,14.0,1.0,15.0,0.0,15.0,0.0,15.0,0.0,15.0,0.0,15.0,0.0,15.0,0.0,15.0,0.0,15.0,0.0,15.0,0.0,15.0,0.0,15.0,0.0,15.0,0.0,15.0
0.03775,45,8.0,8.0,7.0,15.0,0.0,15.0,2.0,17.0,4.0,21.0,3.0,24.0,2.0,26.0,1.0,27.0,0.0,27.0,0.0,27.0,0.0,27.0,0.0,27.0,0.0,27.0,0.0,27.0,0.0,27.0,0.0,27.0,0.0,27.0,0.0,27.0,0.0,27.0
0.03775,46,3.0,3.0,2.0,5.0,3.0,8.0,1.0,9.0,2.0,11.0,7.0,18.0,10.0,28.0,5.0,33.0,2.0,35.0,1.0,36.0,0.0,36.0,3.0,39.0,3.0,42.0,2.0,44.0,0.0,44.0,0.0,44.0,0.0,44.0,0.0,44.0,0.0,44.0
0.03775,47,12.0,12.0,2.0,14.0,0.0,14.0,1.0,15.0,2.0,17.0,3.0,20.0,5.0,25.0,4.0,29.0,3.0,32.0,2.0,34.0,5.0,39.0,5.0,44.0,10.0,54.0,2.0,56.0,6.0,62.0,2.0,64.0,3.0,67.0,4.0,71.0,9.0,80.0
0.03775,48,8.0,8.0,2.0,10.0,0.0,10.0,3.0,13.0,1.0,14.0,3.0,17.0,4.0,21.0,1.0,22.0,1.0,23.0,2.0,25.0,2.0,27.0,1.0,28.0,1.0,29.0,3.0,32.0,2.0,34.0,2.0,36.0,3.0,39.0,4.0,43.0,2.0,45.0
0.03775,49,6.0,6.0,3.0,9.0,0.0,9.0,0.0,9.0,2.0,11.0,4.0,15.0,1.0,16.0,1.0,17.0,2.0,19.0,2.0,21.0,0.0,21.0,1.0,22.0,2.0,24.0,0.0,24.0,0.0,24.0,0.0,24.0,0.0,24.0,0.0,24.0,0.0,24.0
0.03787,0,7.0,7.0,2.0,9.0,0.0,9.0,0.0,9.0,0.0,9.0,0.0,9.0,0.0,9.0,0.0,9.0,0.0,9.0,0.0,9.0,0.0,9.0,1.0,10.0,2.0,12.0,3.0,15.0,0.0,15.0,0.0,15.0,0.0,15.0,0.0,15.0,0.0,15.0
0.03787,1,6.0,6.0,2.0,8.0,1.0,9.0,0.0,9.0,3.0,12.0,2.0,14.0,3.0,17.0,0.0,17.0,0.0,17.0,0.0,17.0,0.0,17.0,0.0,17.0,0.0,17.0,0.0,17.0,0.0,17.0,0.0,17.0,0.0,17.0,0.0,17.0,0.0,17.0
0.03787,2,6.0,6.0,3.0,9.0,0.0,9.0,2.0,11.0,7.0,18.0,5.0,23.0,9.0,32.0,4.0,36.0,1.0,37.0,1.0,38.0,1.0,39.0,1.0,40.0,3.0,43.0,1.0,44.0,0.0,44.0,0.0,44.0,1.0,45.0,2.0,47.0,5.0,52.0
0.03787,3,13.0,13.0,3.0,16.0,3.0,19.0,0.0,19.0,8.0,27.0,6.0,33.0,6.0,39.0,4.0,43.0,0.0,43.0,1.0,44.0,1.0,45.0,2.0,47.0,0.0,47.0,0.0,47.0,0.0,47.0,0.0,47.0,0.0,47.0,0.0,47.0,0.0,47.0
0.03787,4,5.0,5.0,4.0,9.0,0.0,9.0,3.0,12.0,1.0,13.0,3.0,16.0,2.0,18.0,1.0,19.0,0.0,19.0,0.0,19.0,0.0,19.0,0.0,19.0,0.0,19.0,0.0,19.0,0.0,19.0,0.0,19.0,0.0,19.0,0.0,19.0,0.0,19.0
0.03787,5,8.0,8.0,0.0,8.0,0.0,8.0,1.0,9.0,1.0,10.0,4.0,14.0,3.0,17.0,5.0,22.0,1.0,23.0,4.0,27.0,4.0,31.0,8.0,39.0,9.0,48.0,3.0,51.0,1.0,52.0,1.0,53.0,1.0,54.0,1.0,55.0,3.0,58.0
0.03787,6,6.0,6.0,3.0,9.0,0.0,9.0,0.0,9.0,0.0,9.0,0.0,9.0,0.0,9.0,0.0,9.0,0.0,9.0,0.0,9.0,0.0,9.0,0.0,9.0,0.0,9.0,0.0,9.0,0.0,9.0,0.0,9.0,0.0,9.0,0.0,9.0,0.0,9.0
0.03787,7,4.0,4.0,6.0,10.0,2.0,12.0,2.0,14.0,6.0,20.0,7.0,27.0,4.0,31.0,2.0,33.0,2.0,35.0,3.0,38.0,2.0,40.0,3.0,43.0,4.0,47.0,0.0,47.0,0.0,47.0,0.0,47.0,0.0,47.0,0.0,47.0,0.0,47.0
0.03787,8,6.0,6.0,2.0,8.0,0.0,8.0,0.0,8.0,0.0,8.0,0.0,8.0,0.0,8.0,0.0,8.0,0.0,8.0,0.0,8.0,0.0,8.0,0.0,8.0,0.0,8.0,0.0,8.0,0.0,8.0,0.0,8.0,0.0,8.0,0.0,8.0,0.0,8.0
0.03787,9,6.0,6.0,1.0,7.0,0.0,7.0,0.0,7.0,0.0,7.0,0.0,7.0,0.0,7.0,0.0,7.0,0.0,7.0,0.0,7.0,0.0,7.0,0.0,7.0,0.0,7.0,0.0,7.0,0.0,7.0,0.0,7.0,0.0,7.0,0.0,7.0,0.0,7.0
0.03787,10,6.0,6.0,6.0,12.0,1.0,13.0,1.0,14.0,4.0,18.0,2.0,20.0,0.0,20.0,0.0,20.0,0.0,20.0,0.0,20.0,0.0,20.0,0.0,20.0,0.0,20.0,0.0,20.0,0.0,20.0,0.0,20.0,0.0,20.0,0.0,20.0,0.0,20.0
0.03787,11,5.0,5.0,3.0,8.0,2.0,10.0,2.0,12.0,1.0,13.0,7.0,20.0,4.0,24.0,2.0,26.0,0.0,26.0,0.0,26.0,0.0,26.0,0.0,26.0,0.0,26.0,0.0,26.0,0.0,26.0,0.0,26.0,0.0,26.0,0.0,26.0,0.0,26.0
0.03787,12,8.0,8.0,3.0,11.0,0.0,11.0,2.0,13.0,2.0,15.0,0.0,15.0,1.0,16.0,0.0,16.0,0.0,16.0,0.0,16.0,0.0,16.0,0.0,16.0,0.0,16.0,0.0,16.0,0.0,16.0,0.0,16.0,0.0,16.0,0.0,16.0,0.0,16.0
0.03787,13,9.0,9.0,2.0,11.0,1.0,12.0,0.0,12.0,2.0,14.0,1.0,15.0,1.0,16.0,1.0,17.0,0.0,17.0,0.0,17.0,0.0,17.0,0.0,17.0,0.0,17.0,0.0,17.0,0.0,17.0,0.0,17.0,0.0,17.0,0.0,17.0,0.0,17.0
0.03787,14,5.0,5.0,1.0,6.0,1.0,7.0,5.0,12.0,6.0,18.0,4.0,22.0,3.0,25.0,2.0,27.0,2.0,29.0,1.0,30.0,0.0,30.0,0.0,30.0,0.0,30.0,1.0,31.0,0.0,31.0,0.0,31.0,0.0,31.0,0.0,31.0,0.0,31.0
0.03787,15,8.0,8.0,3.0,11.0,0.0,11.0,1.0,12.0,2.0,14.0,4.0,18.0,4.0,22.0,3.0,25.0,1.0,26.0,2.0,28.0,1.0,29.0,1.0,30.0,3.0,33.0,1.0,34.0,1.0,35.0,0.0,35.0,1.0,36.0,0.0,36.0,0.0,36.0
0.03787,16,7.0,7.0,4.0,11.0,0.0,11.0,0.0,11.0,0.0,11.0,0.0,11.0,0.0,11.0,0.0,11.0,0.0,11.0,0.0,11.0,0.0,11.0,0.0,11.0,0.0,11.0,0.0,11.0,0.0,11.0,0.0,11.0,0.0,11.0,0.0,11.0,0.0,11.0
0.03787,17,6.0,6.0,3.0,9.0,2.0,11.0,5.0,16.0,2.0,18.0,3.0,21.0,1.0,22.0,1.0,23.0,0.0,23.0,3.0,26.0,3.0,29.0,7.0,36.0,2.0,38.0,3.0,41.0,0.0,41.0,1.0,42.0,3.0,45.0,5.0,50.0,1.0,51.0
0.03787,18,7.0,7.0,2.0,9.0,0.0,9.0,0.0,9.0,0.0,9.0,0.0,9.0,0.0,9.0,0.0,9.0,0.0,9.0,0.0,9.0,0.0,9.0,0.0,9.0,0.0,9.0,0.0,9.0,0.0,9.0,0.0,9.0,0.0,9.0,0.0,9.0,0.0,9.0
0.03787,19,6.0,6.0,3.0,9.0,0.0,9.0,0.0,9.0,0.0,9.0,0.0,9.0,0.0,9.0,0.0,9.0,0.0,9.0,0.0,9.0,0.0,9.0,0.0,9.0,0.0,9.0,0.0,9.0,0.0,9.0,0.0,9.0,0.0,9.0,0.0,9.0,0.0,9.0
0.03787,20,7.0,7.0,3.0,10.0,3.0,13.0,7.0,20.0,6.0,26.0,5.0,31.0,3.0,34.0,2.0,36.0,0.0,36.0,0.0,36.0,0.0,36.0,0.0,36.0,0.0,36.0,0.0,36.0,0.0,36.0,0.0,36.0,0.0,36.0,0.0,36.0,0.0,36.0
0.03787,21,8.0,8.0,7.0,15.0,2.0,17.0,0.0,17.0,1.0,18.0,2.0,20.0,0.0,20.0,1.0,21.0,2.0,23.0,1.0,24.0,3.0,27.0,2.0,29.0,2.0,31.0,1.0,32.0,0.0,32.0,0.0,32.0,0.0,32.0,0.0,32.0,0.0,32.0
0.03787,22,10.0,10.0,2.0,12.0,1.0,13.0,0.0,13.0,4.0,17.0,2.0,19.0,2.0,21.0,2.0,23.0,1.0,24.0,1.0,25.0,2.0,27.0,3.0,30.0,1.0,31.0,1.0,32.0,2.0,34.0,2.0,36.0,1.0,37.0,0.0,37.0,1.0,38.0
0.03787,23,9.0,9.0,1.0,10.0,0.0,10.0,0.0,10.0,0.0,10.0,0.0,10.0,0.0,10.0,0.0,10.0,0.0,10.0,0.0,10.0,0.0,10.0,0.0,10.0,0.0,10.0,0.0,10.0,0.0,10.0,0.0,10.0,0.0,10.0,0.0,10.0,0.0,10.0
0.03787,24,9.0,9.0,3.0,12.0,5.0,17.0,4.0,21.0,8.0,29.0,9.0,38.0,10.0,48.0,7.0,55.0,5.0,60.0,5.0,65.0,9.0,74.0,8.0,82.0,11.0,93.0,5.0,98.0,1.0,99.0,2.0,101.0,4.0,105.0,5.0,110.0,4.0,114.0
0.03787,25,6.0,6.0,7.0,13.0,3.0,16.0,4.0,20.0,5.0,25.0,3.0,28.0,13.0,41.0,4.0,45.0,1.0,46.0,4.0,50.0,4.0,54.0,6.0,60.0,9.0,69.0,4.0,73.0,0.0,73.0,1.0,74.0,2.0,76.0,3.0,79.0,4.0,83.0
0.03787,26,7.0,7.0,0.0,7.0,0.0,7.0,0.0,7.0,0.0,7.0,0.0,7.0,0.0,7.0,0.0,7.0,0.0,7.0,0.0,7.0,0.0,7.0,0.0,7.0,0.0,7.0,0.0,7.0,0.0,7.0,0.0,7.0,0.0,7.0,0.0,7.0,0.0,7.0
0.03787,27,8.0,8.0,5.0,13.0,0.0,13.0,0.0,13.0,0.0,13.0,0.0,13.0,0.0,13.0,0.0,13.0,0.0,13.0,0.0,13.0,0.0,13.0,0.0,13.0,0.0,13.0,0.0,13.0,0.0,13.0,0.0,13.0,0.0,13.0,0.0,13.0,0.0,13.0
0.03787,28,4.0,4.0,4.0,8.0,3.0,11.0,5.0,16.0,5.0,21.0,6.0,27.0,6.0,33.0,3.0,36.0,0.0,36.0,0.0,36.0,0.0,36.0,0.0,36.0,0.0,36.0,0.0,36.0,0.0,36.0,0.0,36.0,0.0,36.0,0.0,36.0,0.0,36.0
0.03787,29,4.0,4.0,2.0,6.0,3.0,9.0,3.0,12.0,6.0,18.0,4.0,22.0,4.0,26.0,2.0,28.0,0.0,28.0,0.0,28.0,0.0,28.0,1.0,29.0,0.0,29.0,0.0,29.0,0.0,29.0,0.0,29.0,0.0,29.0,0.0,29.0,0.0,29.0
0.03787,30,5.0,5.0,3.0,8.0,3.0,11.0,1.0,12.0,1.0,13.0,3.0,16.0,2.0,18.0,1.0,19.0,0.0,19.0,0.0,19.0,0.0,19.0,0.0,19.0,0.0,19.0,0.0,19.0,0.0,19.0,0.0,19.0,2.0,21.0,1.0,22.0,0.0,22.0
0.03787,31,9.0,9.0,5.0,14.0,0.0,14.0,0.0,14.0,2.0,16.0,0.0,16.0,1.0,17.0,0.0,17.0,0.0,17.0,0.0,17.0,0.0,17.0,0.0,17.0,0.0,17.0,0.0,17.0,0.0,17.0,0.0,17.0,0.0,17.0,0.0,17.0,1.0,18.0
0.03787,32,5.0,5.0,1.0,6.0,2.0,8.0,1.0,9.0,3.0,12.0,2.0,14.0,3.0,17.0,2.0,19.0,0.0,19.0,0.0,19.0,0.0,19.0,1.0,20.0,1.0,21.0,1.0,22.0,0.0,22.0,0.0,22.0,0.0,22.0,0.0,22.0,0.0,22.0
0.03787,33,7.0,7.0,6.0,13.0,2.0,15.0,2.0,17.0,1.0,18.0,1.0,19.0,1.0,20.0,0.0,20.0,0.0,20.0,0.0,20.0,0.0,20.0,0.0,20.0,0.0,20.0,0.0,20.0,0.0,20.0,0.0,20.0,0.0,20.0,0.0,20.0,0.0,20.0
0.03787,34,5.0,5.0,4.0,9.0,0.0,9.0,1.0,10.0,0.0,10.0,0.0,10.0,0.0,10.0,0.0,10.0,0.0,10.0,0.0,10.0,0.0,10.0,0.0,10.0,0.0,10.0,0.0,10.0,0.0,10.0,0.0,10.0,0.0,10.0,0.0,10.0,0.0,10.0
0.03787,35,10.0,10.0,3.0,13.0,3.0,16.0,1.0,17.0,3.0,20.0,0.0,20.0,4.0,24.0,1.0,25.0,0.0,25.0,0.0,25.0,0.0,25.0,0.0,25.0,0.0,25.0,0.0,25.0,0.0,25.0,0.0,25.0,0.0,25.0,0.0,25.0,0.0,25.0
0.03787,36,9.0,9.0,6.0,15.0,0.0,15.0,3.0,18.0,2.0,20.0,3.0,23.0,7.0,30.0,5.0,35.0,2.0,37.0,2.0,39.0,1.0,40.0,6.0,46.0,8.0,54.0,4.0,58.0,5.0,63.0,3.0,66.0,5.0,71.0,9.0,80.0,7.0,87.0
0.03787,37,5.0,5.0,4.0,9.0,0.0,9.0,0.0,9.0,1.0,10.0,0.0,10.0,0.0,10.0,0.0,10.0,0.0,10.0,0.0,10.0,0.0,10.0,0.0,10.0,0.0,10.0,0.0,10.0,0.0,10.0,0.0,10.0,0.0,10.0,0.0,10.0,0.0,10.0
0.03787,38,11.0,11.0,5.0,16.0,2.0,18.0,5.0,23.0,2.0,25.0,2.0,27.0,3.0,30.0,2.0,32.0,0.0,32.0,0.0,32.0,0.0,32.0,0.0,32.0,0.0,32.0,0.0,32.0,0.0,32.0,0.0,32.0,0.0,32.0,0.0,32.0,0.0,32.0
0.03787,39,5.0,5.0,1.0,6.0,0.0,6.0,0.0,6.0,0.0,6.0,0.0,6.0,0.0,6.0,0.0,6.0,0.0,6.0,0.0,6.0,0.0,6.0,0.0,6.0,0.0,6.0,0.0,6.0,0.0,6.0,0.0,6.0,0.0,6.0,0.0,6.0,0.0,6.0
0.03787,40,3.0,3.0,1.0,4.0,2.0,6.0,2.0,8.0,4.0,12.0,4.0,16.0,3.0,19.0,2.0,21.0,0.0,21.0,0.0,21.0,0.0,21.0,0.0,21.0,0.0,21.0,0.0,21.0,0.0,21.0,0.0,21.0,0.0,21.0,0.0,21.0,0.0,21.0
0.03787,41,8.0,8.0,1.0,9.0,3.0,12.0,2.0,14.0,2.0,16.0,4.0,20.0,4.0,24.0,3.0,27.0,3.0,30.0,1.0,31.0,3.0,34.0,1.0,35.0,0.0,35.0,0.0,35.0,0.0,35.0,0.0,35.0,0.0,35.0,0.0,35.0,0.0,35.0
0.03787,42,8.0,8.0,3.0,11.0,1.0,12.0,3.0,15.0,3.0,18.0,2.0,20.0,3.0,23.0,0.0,23.0,0.0,23.0,0.0,23.0,0.0,23.0,3.0,26.0,2.0,28.0,1.0,29.0,0.0,29.0,0.0,29.0,0.0,29.0,0.0,29.0,0.0,29.0
0.03787,43,8.0,8.0,4.0,12.0,3.0,15.0,2.0,17.0,1.0,18.0,2.0,20.0,2.0,22.0,1.0,23.0,0.0,23.0,0.0,23.0,0.0,23.0,0.0,23.0,0.0,23.0,0.0,23.0,0.0,23.0,0.0,23.0,0.0,23.0,0.0,23.0,0.0,23.0
0.03787,44,7.0,7.0,2.0,9.0,0.0,9.0,0.0,9.0,0.0,9.0,0.0,9.0,0.0,9.0,0.0,9.0,0.0,9.0,0.0,9.0,0.0,9.0,0.0,9.0,0.0,9.0,0.0,9.0,0.0,9.0,0.0,9.0,0.0,9.0,0.0,9.0,0.0,9.0
0.03787,45,6.0,6.0,1.0,7.0,0.0,7.0,1.0,8.0,4.0,12.0,1.0,13.0,1.0,14.0,0.0,14.0,0.0,14.0,0.0,14.0,1.0,15.0,2.0,17.0,3.0,20.0,2.0,22.0,1.0,23.0,2.0,25.0,4.0,29.0,2.0,31.0,7.0,38.0
0.03787,46,2.0,2.0,4.0,6.0,1.0,7.0,5.0,12.0,7.0,19.0,7.0,26.0,8.0,34.0,2.0,36.0,1.0,37.0,4.0,41.0,1.0,42.0,4.0,46.0,2.0,48.0,3.0,51.0,0.0,51.0,0.0,51.0,0.0,51.0,0.0,51.0,0.0,51.0
0.03787,47,6.0,6.0,7.0,13.0,3.0,16.0,7.0,23.0,4.0,27.0,7.0,34.0,12.0,46.0,6.0,52.0,2.0,54.0,5.0,59.0,6.0,65.0,6.0,71.0,8.0,79.0,2.0,81.0,2.0,83.0,0.0,83.0,1.0,84.0,1.0,85.0,2.0,87.0
0.03787,48,10.0,10.0,1.0,11.0,0.0,11.0,0.0,11.0,0.0,11.0,0.0,11.0,0.0,11.0,0.0,11.0,0.0,11.0,0.0,11.0,0.0,11.0,0.0,11.0,0.0,11.0,0.0,11.0,0.0,11.0,0.0,11.0,0.0,11.0,0.0,11.0,0.0,11.0
0.03787,49,5.0,5.0,3.0,8.0,0.0,8.0,0.0,8.0,0.0,8.0,2.0,10.0,5.0,15.0,1.0,16.0,0.0,16.0,0.0,16.0,0.0,16.0,0.0,16.0,0.0,16.0,0.0,16.0,0.0,16.0,0.0,16.0,0.0,16.0,0.0,16.0,0.0,16.0
0.03794,0,9.0,9.0,2.0,11.0,0.0,11.0,0.0,11.0,0.0,11.0,0.0,11.0,0.0,11.0,0.0,11.0,0.0,11.0,0.0,11.0,0.0,11.0,0.0,11.0,0.0,11.0,0.0,11.0,0.0,11.0,0.0,11.0,0.0,11.0,0.0,11.0,0.0,11.0
0.03794,1,4.0,4.0,2.0,6.0,2.0,8.0,3.0,11.0,2.0,13.0,3.0,16.0,2.0,18.0,1.0,19.0,0.0,19.0,0.0,19.0,0.0,19.0,0.0,19.0,0.0,19.0,0.0,19.0,0.0,19.0,0.0,19.0,0.0,19.0,0.0,19.0,0.0,19.0
0.03794,2,6.0,6.0,3.0,9.0,0.0,9.0,0.0,9.0,0.0,9.0,0.0,9.0,0.0,9.0,0.0,9.0,0.0,9.0,0.0,9.0,0.0,9.0,0.0,9.0,0.0,9.0,0.0,9.0,0.0,9.0,0.0,9.0,0.0,9.0,0.0,9.0,0.0,9.0
0.03794,3,4.0,4.0,2.0,6.0,2.0,8.0,3.0,11.0,0.0,11.0,0.0,11.0,2.0,13.0,3.0,16.0,0.0,16.0,0.0,16.0,0.0,16.0,0.0,16.0,0.0,16.0,0.0,16.0,0.0,16.0,0.0,16.0,0.0,16.0,0.0,16.0,0.0,16.0
0.03794,4,6.0,6.0,2.0,8.0,1.0,9.0,0.0,9.0,1.0,10.0,0.0,10.0,0.0,10.0,0.0,10.0,0.0,10.0,0.0,10.0,0.0,10.0,0.0,10.0,0.0,10.0,0.0,10.0,0.0,10.0,0.0,10.0,0.0,10.0,0.0,10.0,0.0,10.0
0.03794,5,7.0,7.0,3.0,10.0,0.0,10.0,0.0,10.0,0.0,10.0,0.0,10.0,0.0,10.0,0.0,10.0,0.0,10.0,0.0,10.0,0.0,10.0,0.0,10.0,0.0,10.0,0.0,10.0,0.0,10.0,0.0,10.0,0.0,10.0,0.0,10.0,0.0,10.0
0.03794,6,7.0,7.0,1.0,8.0,0.0,8.0,1.0,9.0,0.0,9.0,0.0,9.0,0.0,9.0,0.0,9.0,0.0,9.0,0.0,9.0,0.0,9.0,0.0,9.0,0.0,9.0,0.0,9.0,0.0,9.0,0.0,9.0,0.0,9.0,0.0,9.0,0.0,9.0
0.03794,7,7.0,7.0,1.0,8.0,0.0,8.0,0.0,8.0,0.0,8.0,0.0,8.0,0.0,8.0,0.0,8.0,0.0,8.0,0.0,8.0,0.0,8.0,0.0,8.0,0.0,8.0,0.0,8.0,0.0,8.0,0.0,8.0,0.0,8.0,0.0,8.0,0.0,8.0
0.03794,8,12.0,12.0,6.0,18.0,3.0,21.0,5.0,26.0,2.0,28.0,3.0,31.0,5.0,36.0,2.0,38.0,0.0,38.0,0.0,38.0,0.0,38.0,0.0,38.0,0.0,38.0,0.0,38.0,0.0,38.0,0.0,38.0,0.0,38.0,0.0,38.0,0.0,38.0
0.03794,9,7.0,7.0,6.0,13.0,4.0,17.0,2.0,19.0,2.0,21.0,3.0,24.0,3.0,27.0,1.0,28.0,0.0,28.0,0.0,28.0,0.0,28.0,0.0,28.0,0.0,28.0,0.0,28.0,0.0,28.0,0.0,28.0,0.0,28.0,0.0,28.0,0.0,28.0
0.03794,10,6.0,6.0,3.0,9.0,0.0,9.0,0.0,9.0,0.0,9.0,0.0,9.0,0.0,9.0,0.0,9.0,0.0,9.0,0.0,9.0,0.0,9.0,0.0,9.0,0.0,9.0,0.0,9.0,0.0,9.0,0.0,9.0,0.0,9.0,0.0,9.0,0.0,9.0
0.03794,11,3.0,3.0,2.0,5.0,3.0,8.0,3.0,11.0,3.0,14.0,4.0,18.0,0.0,18.0,2.0,20.0,0.0,20.0,0.0,20.0,0.0,20.0,0.0,20.0,0.0,20.0,0.0,20.0,0.0,20.0,0.0,20.0,0.0,20.0,0.0,20.0,0.0,20.0
0.03794,12,7.0,7.0,3.0,10.0,4.0,14.0,5.0,19.0,1.0,20.0,6.0,26.0,1.0,27.0,2.0,29.0,0.0,29.0,0.0,29.0,0.0,29.0,0.0,29.0,0.0,29.0,0.0,29.0,0.0,29.0,0.0,29.0,0.0,29.0,0.0,29.0,0.0,29.0
0.03794,13,7.0,7.0,8.0,15.0,3.0,18.0,5.0,23.0,7.0,30.0,4.0,34.0,4.0,38.0,5.0,43.0,2.0,45.0,1.0,46.0,3.0,49.0,8.0,57.0,4.0,61.0,4.0,65.0,1.0,66.0,6.0,72.0,2.0,74.0,0.0,74.0,6.0,80.0
0.03794,14,10.0,10.0,4.0,14.0,0.0,14.0,2.0,16.0,1.0,17.0,1.0,18.0,2.0,20.0,0.0,20.0,0.0,20.0,0.0,20.0,0.0,20.0,0.0,20.0,0.0,20.0,0.0,20.0,0.0,20.0,0.0,20.0,0.0,20.0,0.0,20.0,0.0,20.0
0.03794,15,10.0,10.0,2.0,12.0,0.0,12.0,0.0,12.0,0.0,12.0,0.0,12.0,0.0,12.0,0.0,12.0,0.0,12.0,0.0,12.0,0.0,12.0,0.0,12.0,0.0,12.0,0.0,12.0,0.0,12.0,0.0,12.0,0.0,12.0,0.0,12.0,0.0,12.0
0.03794,16,6.0,6.0,5.0,11.0,5.0,16.0,1.0,17.0,2.0,19.0,3.0,22.0,1.0,23.0,1.0,24.0,0.0,24.0,0.0,24.0,1.0,25.0,1.0,26.0,0.0,26.0,0.0,26.0,0.0,26.0,0.0,26.0,0.0,26.0,0.0,26.0,0.0,26.0
0.03794,17,10.0,10.0,5.0,15.0,1.0,16.0,1.0,17.0,3.0,20.0,5.0,25.0,2.0,27.0,2.0,29.0,4.0,33.0,0.0,33.0,2.0,35.0,3.0,38.0,3.0,41.0,1.0,42.0,0.0,42.0,0.0,42.0,0.0,42.0,0.0,42.0,0.0,42.0
0.03794,18,8.0,8.0,6.0,14.0,2.0,16.0,4.0,20.0,5.0,25.0,5.0,30.0,1.0,31.0,5.0,36.0,1.0,37.0,2.0,39.0,1.0,40.0,1.0,41.0,1.0,42.0,0.0,42.0,1.0,43.0,3.0,46.0,2.0,48.0,5.0,53.0,4.0,57.0
0.03794,19,9.0,9.0,2.0,11.0,0.0,11.0,0.0,11.0,0.0,11.0,0.0,11.0,0.0,11.0,0.0,11.0,0.0,11.0,0.0,11.0,0.0,11.0,0.0,11.0,0.0,11.0,0.0,11.0,0.0,11.0,0.0,11.0,0.0,11.0,0.0,11.0,0.0,11.0
0.03794,20,10.0,10.0,2.0,12.0,2.0,14.0,0.0,14.0,0.0,14.0,2.0,16.0,1.0,17.0,0.0,17.0,0.0,17.0,1.0,18.0,0.0,18.0,1.0,19.0,0.0,19.0,0.0,19.0,2.0,21.0,2.0,23.0,2.0,25.0,2.0,27.0,1.0,28.0
0.03794,21,8.0,8.0,1.0,9.0,0.0,9.0,0.0,9.0,0.0,9.0,1.0,10.0,0.0,10.0,1.0,11.0,3.0,14.0,1.0,15.0,3.0,18.0,3.0,21.0,3.0,24.0,1.0,25.0,0.0,25.0,0.0,25.0,0.0,25.0,0.0,25.0,0.0,25.0
0.03794,22,10.0,10.0,0.0,10.0,0.0,10.0,0.0,10.0,0.0,10.0,0.0,10.0,0.0,10.0,0.0,10.0,0.0,10.0,0.0,10.0,0.0,10.0,0.0,10.0,0.0,10.0,0.0,10.0,0.0,10.0,0.0,10.0,0.0,10.0,0.0,10.0,0.0,10.0
0.03794,23,8.0,8.0,3.0,11.0,1.0,12.0,2.0,14.0,2.0,16.0,5.0,21.0,6.0,27.0,2.0,29.0,0.0,29.0,0.0,29.0,0.0,29.0,0.0,29.0,0.0,29.0,0.0,29.0,0.0,29.0,0.0,29.0,0.0,29.0,1.0,30.0,1.0,31.0
0.03794,24,8.0,8.0,1.0,9.0,5.0,14.0,3.0,17.0,3.0,20.0,4.0,24.0,5.0,29.0,3.0,32.0,5.0,37.0,5.0,42.0,6.0,48.0,5.0,53.0,10.0,63.0,6.0,69.0,2.0,71.0,4.0,75.0,3.0,78.0,5.0,83.0,7.0,90.0
0.03794,25,9.0,9.0,3.0,12.0,1.0,13.0,1.0,14.0,3.0,17.0,2.0,19.0,3.0,22.0,1.0,23.0,2.0,25.0,2.0,27.0,3.0,30.0,0.0,30.0,3.0,33.0,2.0,35.0,2.0,37.0,5.0,42.0,1.0,43.0,3.0,46.0,3.0,49.0
0.03794,26,9.0,9.0,2.0,11.0,0.0,11.0,0.0,11.0,0.0,11.0,0.0,11.0,0.0,11.0,0.0,11.0,1.0,12.0,3.0,15.0,4.0,19.0,3.0,22.0,5.0,27.0,0.0,27.0,0.0,27.0,0.0,27.0,0.0,27.0,0.0,27.0,0.0,27.0
0.03794,27,5.0,5.0,5.0,10.0,2.0,12.0,1.0,13.0,3.0,16.0,1.0,17.0,5.0,22.0,2.0,24.0,1.0,25.0,8.0,33.0,4.0,37.0,7.0,44.0,11.0,55.0,4.0,59.0,0.0,59.0,1.0,60.0,0.0,60.0,0.0,60.0,2.0,62.0
0.03794,28,7.0,7.0,3.0,10.0,0.0,10.0,0.0,10.0,0.0,10.0,0.0,10.0,0.0,10.0,0.0,10.0,0.0,10.0,0.0,10.0,0.0,10.0,0.0,10.0,0.0,10.0,0.0,10.0,0.0,10.0,0.0,10.0,0.0,10.0,0.0,10.0,0.0,10.0
0.03794,29,11.0,11.0,4.0,15.0,3.0,18.0,1.0,19.0,3.0,22.0,5.0,27.0,3.0,30.0,3.0,33.0,0.0,33.0,0.0,33.0,0.0,33.0,0.0,33.0,0.0,33.0,0.0,33.0,0.0,33.0,0.0,33.0,0.0,33.0,0.0,33.0,0.0,33.0
0.03794,30,8.0,8.0,4.0,12.0,0.0,12.0,0.0,12.0,1.0,13.0,0.0,13.0,0.0,13.0,0.0,13.0,0.0,13.0,0.0,13.0,0.0,13.0,0.0,13.0,0.0,13.0,0.0,13.0,0.0,13.0,0.0,13.0,0.0,13.0,0.0,13.0,0.0,13.0
0.03794,31,9.0,9.0,2.0,11.0,3.0,14.0,4.0,18.0,3.0,21.0,2.0,23.0,1.0,24.0,3.0,27.0,0.0,27.0,0.0,27.0,0.0,27.0,0.0,27.0,0.0,27.0,0.0,27.0,0.0,27.0,0.0,27.0,0.0,27.0,0.0,27.0,0.0,27.0
0.03794,32,6.0,6.0,2.0,8.0,1.0,9.0,0.0,9.0,1.0,10.0,0.0,10.0,3.0,13.0,0.0,13.0,0.0,13.0,0.0,13.0,0.0,13.0,0.0,13.0,0.0,13.0,0.0,13.0,0.0,13.0,0.0,13.0,0.0,13.0,0.0,13.0,0.0,13.0
0.03794,33,9.0,9.0,4.0,13.0,4.0,17.0,7.0,24.0,7.0,31.0,9.0,40.0,11.0,51.0,2.0,53.0,0.0,53.0,2.0,55.0,2.0,57.0,2.0,59.0,4.0,63.0,0.0,63.0,0.0,63.0,0.0,63.0,0.0,63.0,0.0,63.0,0.0,63.0
0.03794,34,5.0,5.0,3.0,8.0,2.0,10.0,3.0,13.0,8.0,21.0,4.0,25.0,8.0,33.0,3.0,36.0,0.0,36.0,0.0,36.0,0.0,36.0,0.0,36.0,0.0,36.0,0.0,36.0,0.0,36.0,0.0,36.0,0.0,36.0,0.0,36.0,0.0,36.0
0.03794,35,5.0,5.0,0.0,5.0,0.0,5.0,2.0,7.0,0.0,7.0,0.0,7.0,0.0,7.0,1.0,8.0,0.0,8.0,0.0,8.0,0.0,8.0,0.0,8.0,0.0,8.0,0.0,8.0,0.0,8.0,0.0,8.0,0.0,8.0,0.0,8.0,0.0,8.0
0.03794,36,4.0,4.0,1.0,5.0,1.0,6.0,0.0,6.0,2.0,8.0,2.0,10.0,3.0,13.0,1.0,14.0,0.0,14.0,2.0,16.0,0.0,16.0,2.0,18.0,1.0,19.0,1.0,20.0,0.0,20.0,0.0,20.0,1.0,21.0,0.0,21.0,0.0,21.0
0.03794,37,9.0,9.0,3.0,12.0,1.0,13.0,2.0,15.0,0.0,15.0,1.0,16.0,2.0,18.0,1.0,19.0,0.0,19.0,0.0,19.0,0.0,19.0,0.0,19.0,0.0,19.0,0.0,19.0,0.0,19.0,0.0,19.0,0.0,19.0,0.0,19.0,0.0,19.0
0.03794,38,10.0,10.0,4.0,14.0,2.0,16.0,4.0,20.0,3.0,23.0,6.0,29.0,5.0,34.0,1.0,35.0,1.0,36.0,4.0,40.0,4.0,44.0,3.0,47.0,1.0,48.0,2.0,50.0,0.0,50.0,0.0,50.0,0.0,50.0,0.0,50.0,0.0,50.0
0.03794,39,8.0,8.0,4.0,12.0,4.0,16.0,5.0,21.0,2.0,23.0,5.0,28.0,4.0,32.0,3.0,35.0,0.0,35.0,0.0,35.0,0.0,35.0,0.0,35.0,0.0,35.0,0.0,35.0,0.0,35.0,0.0,35.0,0.0,35.0,0.0,35.0,0.0,35.0
0.03794,40,6.0,6.0,1.0,7.0,0.0,7.0,0.0,7.0,0.0,7.0,0.0,7.0,0.0,7.0,0.0,7.0,0.0,7.0,0.0,7.0,0.0,7.0,0.0,7.0,0.0,7.0,0.0,7.0,0.0,7.0,0.0,7.0,0.0,7.0,0.0,7.0,0.0,7.0
0.03794,41,5.0,5.0,10.0,15.0,3.0,18.0,7.0,25.0,6.0,31.0,2.0,33.0,7.0,40.0,0.0,40.0,1.0,41.0,0.0,41.0,0.0,41.0,0.0,41.0,2.0,43.0,0.0,43.0,0.0,43.0,0.0,43.0,0.0,43.0,0.0,43.0,0.0,43.0
0.03794,42,7.0,7.0,0.0,7.0,1.0,8.0,2.0,10.0,3.0,13.0,3.0,16.0,3.0,19.0,1.0,20.0,0.0,20.0,0.0,20.0,0.0,20.0,0.0,20.0,0.0,20.0,0.0,20.0,0.0,20.0,0.0,20.0,0.0,20.0,0.0,20.0,0.0,20.0
0.03794,43,3.0,3.0,0.0,3.0,1.0,4.0,1.0,5.0,1.0,6.0,4.0,10.0,3.0,13.0,4.0,17.0,0.0,17.0,0.0,17.0,0.0,17.0,0.0,17.0,0.0,17.0,0.0,17.0,0.0,17.0,0.0,17.0,0.0,17.0,0.0,17.0,0.0,17.0
0.03794,44,4.0,4.0,5.0,9.0,5.0,14.0,8.0,22.0,7.0,29.0,6.0,35.0,8.0,43.0,4.0,47.0,0.0,47.0,0.0,47.0,0.0,47.0,0.0,47.0,0.0,47.0,0.0,47.0,0.0,47.0,0.0,47.0,0.0,47.0,0.0,47.0,0.0,47.0
0.03794,45,3.0,3.0,4.0,7.0,4.0,11.0,6.0,17.0,2.0,19.0,2.0,21.0,4.0,25.0,2.0,27.0,0.0,27.0,0.0,27.0,0.0,27.0,0.0,27.0,0.0,27.0,0.0,27.0,0.0,27.0,0.0,27.0,0.0,27.0,0.0,27.0,0.0,27.0
0.03794,46,4.0,4.0,4.0,8.0,2.0,10.0,6.0,16.0,4.0,20.0,10.0,30.0,7.0,37.0,1.0,38.0,2.0,40.0,3.0,43.0,6.0,49.0,2.0,51.0,7.0,58.0,3.0,61.0,0.0,61.0,0.0,61.0,0.0,61.0,0.0,61.0,0.0,61.0
0.03794,47,2.0,2.0,5.0,7.0,4.0,11.0,7.0,18.0,8.0,26.0,4.0,30.0,11.0,41.0,6.0,47.0,2.0,49.0,3.0,52.0,0.0,52.0,2.0,54.0,2.0,56.0,1.0,57.0,0.0,57.0,0.0,57.0,0.0,57.0,0.0,57.0,0.0,57.0
0.03794,48,6.0,6.0,3.0,9.0,0.0,9.0,1.0,10.0,2.0,12.0,1.0,13.0,2.0,15.0,0.0,15.0,0.0,15.0,0.0,15.0,0.0,15.0,0.0,15.0,0.0,15.0,0.0,15.0,0.0,15.0,0.0,15.0,0.0,15.0,0.0,15.0,0.0,15.0
0.03794,49,9.0,9.0,5.0,14.0,1.0,15.0,5.0,20.0,3.0,23.0,5.0,28.0,6.0,34.0,1.0,35.0,0.0,35.0,1.0,36.0,2.0,38.0,2.0,40.0,4.0,44.0,1.0,45.0,0.0,45.0,0.0,45.0,0.0,45.0,0.0,45.0,0.0,45.0
0.03797,0,6.0,6.0,3.0,9.0,0.0,9.0,1.0,10.0,4.0,14.0,6.0,20.0,6.0,26.0,4.0,30.0,0.0,30.0,0.0,30.0,0.0,30.0,0.0,30.0,0.0,30.0,0.0,30.0,0.0,30.0,0.0,30.0,0.0,30.0,0.0,30.0,0.0,30.0
0.03797,1,7.0,7.0,2.0,9.0,4.0,13.0,1.0,14.0,3.0,17.0,2.0,19.0,4.0,23.0,2.0,25.0,0.0,25.0,0.0,25.0,0.0,25.0,0.0,25.0,0.0,25.0,0.0,25.0,0.0,25.0,0.0,25.0,0.0,25.0,0.0,25.0,0.0,25.0
0.03797,2,10.0,10.0,2.0,12.0,0.0,12.0,0.0,12.0,0.0,12.0,0.0,12.0,0.0,12.0,0.0,12.0,0.0,12.0,0.0,12.0,0.0,12.0,0.0,12.0,0.0,12.0,0.0,12.0,0.0,12.0,0.0,12.0,0.0,12.0,0.0,12.0,0.0,12.0
0.03797,3,9.0,9.0,3.0,12.0,1.0,13.0,2.0,15.0,7.0,22.0,1.0,23.0,5.0,28.0,2.0,30.0,3.0,33.0,6.0,39.0,6.0,45.0,2.0,47.0,8.0,55.0,2.0,57.0,0.0,57.0,0.0,57.0,0.0,57.0,0.0,57.0,0.0,57.0
0.03797,4,6.0,6.0,2.0,8.0,1.0,9.0,2.0,11.0,1.0,12.0,2.0,14.0,3.0,17.0,0.0,17.0,0.0,17.0,0.0,17.0,0.0,17.0,0.0,17.0,0.0,17.0,0.0,17.0,0.0,17.0,0.0,17.0,0.0,17.0,0.0,17.0,0.0,17.0
0.03797,5,7.0,7.0,1.0,8.0,2.0,10.0,2.0,12.0,1.0,13.0,2.0,15.0,5.0,20.0,1.0,21.0,0.0,21.0,0.0,21.0,0.0,21.0,0.0,21.0,0.0,21.0,0.0,21.0,0.0,21.0,0.0,21.0,0.0,21.0,0.0,21.0,0.0,21.0
0.03797,6,6.0,6.0,6.0,12.0,0.0,12.0,0.0,12.0,0.0,12.0,0.0,12.0,0.0,12.0,0.0,12.0,0.0,12.0,0.0,12.0,0.0,12.0,0.0,12.0,0.0,12.0,0.0,12.0,0.0,12.0,0.0,12.0,0.0,12.0,0.0,12.0,0.0,12.0
0.03797,7,3.0,3.0,2.0,5.0,5.0,10.0,4.0,14.0,1.0,15.0,2.0,17.0,2.0,19.0,2.0,21.0,0.0,21.0,0.0,21.0,0.0,21.0,0.0,21.0,0.0,21.0,0.0,21.0,0.0,21.0,0.0,21.0,0.0,21.0,0.0,21.0,0.0,21.0
0.03797,8,7.0,7.0,2.0,9.0,1.0,10.0,2.0,12.0,1.0,13.0,2.0,15.0,5.0,20.0,2.0,22.0,0.0,22.0,1.0,23.0,1.0,24.0,1.0,25.0,1.0,26.0,0.0,26.0,0.0,26.0,0.0,26.0,0.0,26.0,0.0,26.0,0.0,26.0
0.03797,9,7.0,7.0,3.0,10.0,4.0,14.0,6.0,20.0,7.0,27.0,6.0,33.0,3.0,36.0,1.0,37.0,1.0,38.0,1.0,39.0,2.0,41.0,0.0,41.0,3.0,44.0,1.0,45.0,0.0,45.0,0.0,45.0,0.0,45.0,0.0,45.0,0.0,45.0
0.03797,10,8.0,8.0,1.0,9.0,1.0,10.0,2.0,12.0,1.0,13.0,0.0,13.0,1.0,14.0,0.0,14.0,0.0,14.0,0.0,14.0,0.0,14.0,0.0,14.0,0.0,14.0,0.0,14.0,0.0,14.0,0.0,14.0,0.0,14.0,0.0,14.0,0.0,14.0
0.03797,11,9.0,9.0,2.0,11.0,0.0,11.0,0.0,11.0,1.0,12.0,4.0,16.0,2.0,18.0,1.0,19.0,0.0,19.0,0.0,19.0,0.0,19.0,0.0,19.0,0.0,19.0,0.0,19.0,0.0,19.0,0.0,19.0,0.0,19.0,0.0,19.0,0.0,19.0
0.03797,12,7.0,7.0,2.0,9.0,1.0,10.0,1.0,11.0,0.0,11.0,2.0,13.0,2.0,15.0,0.0,15.0,0.0,15.0,0.0,15.0,0.0,15.0,0.0,15.0,0.0,15.0,0.0,15.0,0.0,15.0,0.0,15.0,0.0,15.0,0.0,15.0,0.0,15.0
0.03797,13,7.0,7.0,2.0,9.0,2.0,11.0,1.0,12.0,2.0,14.0,2.0,16.0,3.0,19.0,2.0,21.0,1.0,22.0,4.0,26.0,2.0,28.0,5.0,33.0,3.0,36.0,1.0,37.0,0.0,37.0,0.0,37.0,0.0,37.0,0.0,37.0,0.0,37.0
0.03797,14,2.0,2.0,2.0,4.0,1.0,5.0,2.0,7.0,4.0,11.0,6.0,17.0,7.0,24.0,4.0,28.0,0.0,28.0,0.0,28.0,0.0,28.0,0.0,28.0,0.0,28.0,0.0,28.0,0.0,28.0,0.0,28.0,0.0,28.0,0.0,28.0,0.0,28.0
0.03797,15,6.0,6.0,6.0,12.0,3.0,15.0,4.0,19.0,3.0,22.0,2.0,24.0,5.0,29.0,1.0,30.0,0.0,30.0,0.0,30.0,1.0,31.0,1.0,32.0,0.0,32.0,0.0,32.0,0.0,32.0,0.0,32.0,0.0,32.0,0.0,32.0,0.0,32.0
0.03797,16,5.0,5.0,4.0,9.0,2.0,11.0,1.0,12.0,5.0,17.0,5.0,22.0,9.0,31.0,4.0,35.0,1.0,36.0,4.0,40.0,3.0,43.0,3.0,46.0,4.0,50.0,2.0,52.0,0.0,52.0,0.0,52.0,0.0,52.0,0.0,52.0,0.0,52.0
0.03797,17,8.0,8.0,5.0,13.0,0.0,13.0,0.0,13.0,0.0,13.0,0.0,13.0,0.0,13.0,0.0,13.0,1.0,14.0,0.0,14.0,0.0,14.0,1.0,15.0,0.0,15.0,1.0,16.0,0.0,16.0,0.0,16.0,0.0,16.0,0.0,16.0,0.0,16.0
0.03797,18,4.0,4.0,3.0,7.0,0.0,7.0,1.0,8.0,1.0,9.0,2.0,11.0,2.0,13.0,0.0,13.0,0.0,13.0,0.0,13.0,0.0,13.0,0.0,13.0,0.0,13.0,0.0,13.0,0.0,13.0,0.0,13.0,0.0,13.0,0.0,13.0,0.0,13.0
0.03797,19,7.0,7.0,2.0,9.0,0.0,9.0,0.0,9.0,0.0,9.0,0.0,9.0,0.0,9.0,0.0,9.0,0.0,9.0,0.0,9.0,0.0,9.0,0.0,9.0,0.0,9.0,0.0,9.0,0.0,9.0,0.0,9.0,0.0,9.0,0.0,9.0,0.0,9.0
0.03797,20,5.0,5.0,3.0,8.0,2.0,10.0,4.0,14.0,6.0,20.0,10.0,30.0,5.0,35.0,2.0,37.0,1.0,38.0,1.0,39.0,0.0,39.0,0.0,39.0,3.0,42.0,0.0,42.0,0.0,42.0,0.0,42.0,0.0,42.0,0.0,42.0,0.0,42.0
0.03797,21,6.0,6.0,0.0,6.0,0.0,6.0,0.0,6.0,0.0,6.0,0.0,6.0,0.0,6.0,0.0,6.0,0.0,6.0,0.0,6.0,0.0,6.0,0.0,6.0,0.0,6.0,0.0,6.0,0.0,6.0,0.0,6.0,0.0,6.0,0.0,6.0,0.0,6.0
0.03797,22,5.0,5.0,4.0,9.0,3.0,12.0,2.0,14.0,3.0,17.0,1.0,18.0,2.0,20.0,2.0,22.0,2.0,24.0,3.0,27.0,3.0,30.0,3.0,33.0,6.0,39.0,0.0,39.0,0.0,39.0,0.0,39.0,0.0,39.0,0.0,39.0,0.0,39.0
0.03797,23,6.0,6.0,1.0,7.0,0.0,7.0,0.0,7.0,0.0,7.0,0.0,7.0,0.0,7.0,0.0,7.0,0.0,7.0,0.0,7.0,0.0,7.0,0.0,7.0,0.0,7.0,0.0,7.0,0.0,7.0,0.0,7.0,0.0,7.0,0.0,7.0,0.0,7.0
0.03797,24,10.0,10.0,5.0,15.0,0.0,15.0,8.0,23.0,5.0,28.0,8.0,36.0,6.0,42.0,9.0,51.0,4.0,55.0,4.0,59.0,11.0,70.0,7.0,77.0,11.0,88.0,4.0,92.0,1.0,93.0,4.0,97.0,7.0,104.0,10.0,114.0,9.0,123.0
0.03797,25,7.0,7.0,4.0,11.0,1.0,12.0,3.0,15.0,3.0,18.0,6.0,24.0,1.0,25.0,2.0,27.0,2.0,29.0,3.0,32.0,3.0,35.0,2.0,37.0,7.0,44.0,2.0,46.0,3.0,49.0,2.0,51.0,2.0,53.0,1.0,54.0,2.0,56.0
0.03797,26,4.0,4.0,3.0,7.0,1.0,8.0,2.0,10.0,0.0,10.0,0.0,10.0,0.0,10.0,0.0,10.0,0.0,10.0,0.0,10.0,0.0,10.0,0.0,10.0,0.0,10.0,0.0,10.0,0.0,10.0,0.0,10.0,0.0,10.0,0.0,10.0,0.0,10.0
0.03797,27,3.0,3.0,0.0,3.0,0.0,3.0,2.0,5.0,0.0,5.0,1.0,6.0,2.0,8.0,1.0,9.0,0.0,9.0,0.0,9.0,0.0,9.0,0.0,9.0,0.0,9.0,0.0,9.0,0.0,9.0,0.0,9.0,0.0,9.0,0.0,9.0,0.0,9.0
0.03797,28,8.0,8.0,5.0,13.0,4.0,17.0,4.0,21.0,2.0,23.0,3.0,26.0,6.0,32.0,3.0,35.0,2.0,37.0,3.0,40.0,0.0,40.0,3.0,43.0,3.0,46.0,2.0,48.0,0.0,48.0,0.0,48.0,0.0,48.0,0.0,48.0,0.0,48.0
0.03797,29,11.0,11.0,3.0,14.0,2.0,16.0,0.0,16.0,1.0,17.0,1.0,18.0,2.0,20.0,0.0,20.0,0.0,20.0,0.0,20.0,0.0,20.0,0.0,20.0,0.0,20.0,0.0,20.0,0.0,20.0,0.0,20.0,0.0,20.0,0.0,20.0,0.0,20.0
0.03797,30,6.0,6.0,2.0,8.0,1.0,9.0,0.0,9.0,0.0,9.0,1.0,10.0,2.0,12.0,0.0,12.0,0.0,12.0,0.0,12.0,0.0,12.0,1.0,13.0,3.0,16.0,3.0,19.0,0.0,19.0,0.0,19.0,0.0,19.0,0.0,19.0,0.0,19.0
0.03797,31,5.0,5.0,0.0,5.0,0.0,5.0,0.0,5.0,0.0,5.0,0.0,5.0,0.0,5.0,0.0,5.0,0.0,5.0,0.0,5.0,0.0,5.0,0.0,5.0,0.0,5.0,0.0,5.0,0.0,5.0,0.0,5.0,0.0,5.0,0.0,5.0,0.0,5.0
0.03797,32,8.0,8.0,7.0,15.0,3.0,18.0,2.0,20.0,3.0,23.0,1.0,24.0,5.0,29.0,4.0,33.0,0.0,33.0,3.0,36.0,1.0,37.0,2.0,39.0,1.0,40.0,0.0,40.0,0.0,40.0,0.0,40.0,0.0,40.0,0.0,40.0,0.0,40.0
0.03797,33,11.0,11.0,4.0,15.0,1.0,16.0,5.0,21.0,1.0,22.0,4.0,26.0,2.0,28.0,2.0,30.0,0.0,30.0,1.0,31.0,3.0,34.0,0.0,34.0,1.0,35.0,1.0,36.0,0.0,36.0,0.0,36.0,0.0,36.0,0.0,36.0,0.0,36.0
0.03797,34,8.0,8.0,2.0,10.0,0.0,10.0,4.0,14.0,5.0,19.0,4.0,23.0,5.0,28.0,1.0,29.0,2.0,31.0,4.0,35.0,5.0,40.0,2.0,42.0,7.0,49.0,2.0,51.0,0.0,51.0,0.0,51.0,0.0,51.0,0.0,51.0,0.0,51.0
0.03797,35,3.0,3.0,6.0,9.0,1.0,10.0,6.0,16.0,5.0,21.0,7.0,28.0,6.0,34.0,3.0,37.0,0.0,37.0,0.0,37.0,2.0,39.0,2.0,41.0,4.0,45.0,0.0,45.0,0.0,45.0,0.0,45.0,0.0,45.0,0.0,45.0,0.0,45.0
0.03797,36,11.0,11.0,4.0,15.0,1.0,16.0,1.0,17.0,0.0,17.0,4.0,21.0,3.0,24.0,0.0,24.0,0.0,24.0,0.0,24.0,0.0,24.0,0.0,24.0,0.0,24.0,0.0,24.0,0.0,24.0,0.0,24.0,0.0,24.0,0.0,24.0,0.0,24.0
0.03797,37,6.0,6.0,3.0,9.0,0.0,9.0,0.0,9.0,0.0,9.0,0.0,9.0,0.0,9.0,0.0,9.0,0.0,9.0,0.0,9.0,0.0,9.0,0.0,9.0,0.0,9.0,0.0,9.0,0.0,9.0,0.0,9.0,0.0,9.0,0.0,9.0,0.0,9.0
0.03797,38,7.0,7.0,4.0,11.0,3.0,14.0,1.0,15.0,3.0,18.0,5.0,23.0,3.0,26.0,2.0,28.0,0.0,28.0,0.0,28.0,0.0,28.0,0.0,28.0,0.0,28.0,0.0,28.0,0.0,28.0,0.0,28.0,0.0,28.0,0.0,28.0,0.0,28.0
0.03797,39,7.0,7.0,2.0,9.0,0.0,9.0,0.0,9.0,0.0,9.0,0.0,9.0,0.0,9.0,0.0,9.0,0.0,9.0,0.0,9.0,0.0,9.0,0.0,9.0,0.0,9.0,0.0,9.0,0.0,9.0,0.0,9.0,0.0,9.0,0.0,9.0,0.0,9.0
0.03797,40,5.0,5.0,1.0,6.0,0.0,6.0,3.0,9.0,2.0,11.0,1.0,12.0,4.0,16.0,2.0,18.0,0.0,18.0,0.0,18.0,0.0,18.0,0.0,18.0,0.0,18.0,0.0,18.0,0.0,18.0,0.0,18.0,0.0,18.0,0.0,18.0,0.0,18.0
0.03797,41,5.0,5.0,3.0,8.0,0.0,8.0,0.0,8.0,5.0,13.0,0.0,13.0,5.0,18.0,0.0,18.0,0.0,18.0,0.0,18.0,0.0,18.0,0.0,18.0,0.0,18.0,0.0,18.0,0.0,18.0,0.0,18.0,0.0,18.0,0.0,18.0,0.0,18.0
0.03797,42,7.0,7.0,3.0,10.0,2.0,12.0,3.0,15.0,2.0,17.0,3.0,20.0,9.0,29.0,5.0,34.0,2.0,36.0,2.0,38.0,1.0,39.0,2.0,41.0,5.0,46.0,2.0,48.0,0.0,48.0,0.0,48.0,0.0,48.0,0.0,48.0,0.0,48.0
0.03797,43,5.0,5.0,4.0,9.0,1.0,10.0,1.0,11.0,2.0,13.0,2.0,15.0,2.0,17.0,2.0,19.0,3.0,22.0,1.0,23.0,4.0,27.0,1.0,28.0,3.0,31.0,2.0,33.0,0.0,33.0,0.0,33.0,0.0,33.0,0.0,33.0,0.0,33.0
0.03797,44,10.0,10.0,1.0,11.0,1.0,12.0,3.0,15.0,0.0,15.0,1.0,16.0,5.0,21.0,1.0,22.0,0.0,22.0,0.0,22.0,0.0,22.0,0.0,22.0,0.0,22.0,0.0,22.0,0.0,22.0,0.0,22.0,0.0,22.0,0.0,22.0,0.0,22.0
0.03797,45,8.0,8.0,6.0,14.0,3.0,17.0,5.0,22.0,3.0,25.0,4.0,29.0,8.0,37.0,2.0,39.0,0.0,39.0,0.0,39.0,0.0,39.0,0.0,39.0,0.0,39.0,0.0,39.0,0.0,39.0,0.0,39.0,0.0,39.0,0.0,39.0,0.0,39.0
0.03797,46,6.0,6.0,1.0,7.0,2.0,9.0,7.0,16.0,4.0,20.0,3.0,23.0,3.0,26.0,4.0,30.0,0.0,30.0,0.0,30.0,2.0,32.0,4.0,36.0,1.0,37.0,2.0,39.0,0.0,39.0,0.0,39.0,0.0,39.0,0.0,39.0,0.0,39.0
0.03797,47,8.0,8.0,3.0,11.0,2.0,13.0,3.0,16.0,4.0,20.0,1.0,21.0,1.0,22.0,2.0,24.0,0.0,24.0,2.0,26.0,0.0,26.0,0.0,26.0,2.0,28.0,1.0,29.0,2.0,31.0,1.0,32.0,3.0,35.0,2.0,37.0,2.0,39.0
0.03797,48,7.0,7.0,1.0,8.0,0.0,8.0,0.0,8.0,0.0,8.0,0.0,8.0,0.0,8.0,0.0,8.0,0.0,8.0,0.0,8.0,0.0,8.0,0.0,8.0,0.0,8.0,0.0,8.0,0.0,8.0,0.0,8.0,0.0,8.0,0.0,8.0,0.0,8.0
0.03797,49,8.0,8.0,4.0,12.0,3.0,15.0,1.0,16.0,4.0,20.0,7.0,27.0,3.0,30.0,1.0,31.0,0.0,31.0,0.0,31.0,0.0,31.0,0.0,31.0,0.0,31.0,0.0,31.0,0.0,31.0,0.0,31.0,0.0,31.0,0.0,31.0,0.0,31.0
0.03798,0,6.0,6.0,3.0,9.0,0.0,9.0,0.0,9.0,0.0,9.0,0.0,9.0,0.0,9.0,0.0,9.0,0.0,9.0,0.0,9.0,0.0,9.0,0.0,9.0,0.0,9.0,0.0,9.0,0.0,9.0,0.0,9.0,0.0,9.0,0.0,9.0,0.0,9.0
0.03798,1,9.0,9.0,4.0,13.0,1.0,14.0,2.0,16.0,3.0,19.0,2.0,21.0,3.0,24.0,3.0,27.0,0.0,27.0,0.0,27.0,0.0,27.0,0.0,27.0,0.0,27.0,0.0,27.0,0.0,27.0,0.0,27.0,0.0,27.0,0.0,27.0,0.0,27.0
0.03798,2,9.0,9.0,6.0,15.0,0.0,15.0,3.0,18.0,2.0,20.0,2.0,22.0,5.0,27.0,2.0,29.0,2.0,31.0,0.0,31.0,0.0,31.0,0.0,31.0,0.0,31.0,0.0,31.0,0.0,31.0,0.0,31.0,0.0,31.0,0.0,31.0,0.0,31.0
0.03798,3,7.0,7.0,1.0,8.0,3.0,11.0,1.0,12.0,0.0,12.0,2.0,14.0,2.0,16.0,0.0,16.0,1.0,17.0,0.0,17.0,0.0,17.0,0.0,17.0,0.0,17.0,0.0,17.0,0.0,17.0,0.0,17.0,0.0,17.0,0.0,17.0,0.0,17.0
0.03798,4,7.0,7.0,5.0,12.0,0.0,12.0,0.0,12.0,0.0,12.0,0.0,12.0,0.0,12.0,0.0,12.0,0.0,12.0,0.0,12.0,0.0,12.0,0.0,12.0,0.0,12.0,0.0,12.0,0.0,12.0,0.0,12.0,0.0,12.0,0.0,12.0,0.0,12.0
0.03798,5,3.0,3.0,3.0,6.0,1.0,7.0,1.0,8.0,0.0,8.0,0.0,8.0,1.0,9.0,1.0,10.0,3.0,13.0,1.0,14.0,3.0,17.0,0.0,17.0,2.0,19.0,3.0,22.0,1.0,23.0,3.0,26.0,1.0,27.0,3.0,30.0,1.0,31.0
0.03798,6,6.0,6.0,3.0,9.0,6.0,15.0,9.0,24.0,9.0,33.0,7.0,40.0,11.0,51.0,2.0,53.0,2.0,55.0,1.0,56.0,3.0,59.0,3.0,62.0,5.0,67.0,0.0,67.0,0.0,67.0,0.0,67.0,0.0,67.0,0.0,67.0,0.0,67.0
0.03798,7,4.0,4.0,5.0,9.0,3.0,12.0,4.0,16.0,4.0,20.0,8.0,28.0,8.0,36.0,5.0,41.0,2.0,43.0,1.0,44.0,0.0,44.0,1.0,45.0,2.0,47.0,0.0,47.0,0.0,47.0,0.0,47.0,0.0,47.0,0.0,47.0,0.0,47.0
0.03798,8,7.0,7.0,1.0,8.0,0.0,8.0,0.0,8.0,0.0,8.0,0.0,8.0,0.0,8.0,0.0,8.0,0.0,8.0,0.0,8.0,0.0,8.0,0.0,8.0,0.0,8.0,0.0,8.0,0.0,8.0,0.0,8.0,0.0,8.0,0.0,8.0,0.0,8.0
0.03798,9,6.0,6.0,3.0,9.0,0.0,9.0,0.0,9.0,0.0,9.0,0.0,9.0,0.0,9.0,0.0,9.0,0.0,9.0,0.0,9.0,0.0,9.0,0.0,9.0,0.0,9.0,0.0,9.0,0.0,9.0,0.0,9.0,0.0,9.0,0.0,9.0,0.0,9.0
0.03798,10,7.0,7.0,6.0,13.0,1.0,14.0,2.0,16.0,2.0,18.0,2.0,20.0,1.0,21.0,1.0,22.0,0.0,22.0,0.0,22.0,0.0,22.0,0.0,22.0,0.0,22.0,0.0,22.0,0.0,22.0,0.0,22.0,0.0,22.0,0.0,22.0,0.0,22.0
0.03798,11,6.0,6.0,3.0,9.0,2.0,11.0,0.0,11.0,3.0,14.0,0.0,14.0,4.0,18.0,2.0,20.0,0.0,20.0,0.0,20.0,0.0,20.0,0.0,20.0,0.0,20.0,0.0,20.0,0.0,20.0,0.0,20.0,0.0,20.0,0.0,20.0,0.0,20.0
0.03798,12,7.0,7.0,5.0,12.0,3.0,15.0,4.0,19.0,9.0,28.0,6.0,34.0,7.0,41.0,1.0,42.0,0.0,42.0,0.0,42.0,0.0,42.0,0.0,42.0,0.0,42.0,0.0,42.0,0.0,42.0,0.0,42.0,0.0,42.0,0.0,42.0,0.0,42.0
0.03798,13,5.0,5.0,3.0,8.0,0.0,8.0,1.0,9.0,1.0,10.0,5.0,15.0,2.0,17.0,2.0,19.0,0.0,19.0,1.0,20.0,0.0,20.0,1.0,21.0,0.0,21.0,1.0,22.0,1.0,23.0,1.0,24.0,2.0,26.0,2.0,28.0,5.0,33.0
0.03798,14,10.0,10.0,3.0,13.0,0.0,13.0,0.0,13.0,0.0,13.0,0.0,13.0,0.0,13.0,0.0,13.0,0.0,13.0,0.0,13.0,0.0,13.0,0.0,13.0,0.0,13.0,0.0,13.0,0.0,13.0,0.0,13.0,0.0,13.0,0.0,13.0,0.0,13.0
0.03798,15,6.0,6.0,5.0,11.0,1.0,12.0,1.0,13.0,0.0,13.0,1.0,14.0,3.0,17.0,1.0,18.0,0.0,18.0,0.0,18.0,0.0,18.0,0.0,18.0,0.0,18.0,0.0,18.0,0.0,18.0,0.0,18.0,0.0,18.0,0.0,18.0,0.0,18.0
0.03798,16,11.0,11.0,1.0,12.0,3.0,15.0,1.0,16.0,1.0,17.0,0.0,17.0,0.0,17.0,1.0,18.0,1.0,19.0,0.0,19.0,2.0,21.0,1.0,22.0,1.0,23.0,4.0,27.0,0.0,27.0,0.0,27.0,0.0,27.0,0.0,27.0,0.0,27.0
0.03798,17,8.0,8.0,3.0,11.0,3.0,14.0,4.0,18.0,1.0,19.0,3.0,22.0,2.0,24.0,1.0,25.0,0.0,25.0,3.0,28.0,2.0,30.0,3.0,33.0,4.0,37.0,0.0,37.0,1.0,38.0,1.0,39.0,1.0,40.0,1.0,41.0,1.0,42.0
0.03798,18,7.0,7.0,1.0,8.0,1.0,9.0,3.0,12.0,1.0,13.0,6.0,19.0,3.0,22.0,3.0,25.0,0.0,25.0,0.0,25.0,0.0,25.0,0.0,25.0,0.0,25.0,0.0,25.0,0.0,25.0,0.0,25.0,0.0,25.0,0.0,25.0,0.0,25.0
0.03798,19,8.0,8.0,5.0,13.0,1.0,14.0,2.0,16.0,4.0,20.0,3.0,23.0,3.0,26.0,1.0,27.0,0.0,27.0,0.0,27.0,0.0,27.0,0.0,27.0,0.0,27.0,0.0,27.0,0.0,27.0,0.0,27.0,0.0,27.0,0.0,27.0,0.0,27.0
0.03798,20,9.0,9.0,2.0,11.0,0.0,11.0,3.0,14.0,1.0,15.0,1.0,16.0,2.0,18.0,0.0,18.0,0.0,18.0,0.0,18.0,2.0,20.0,0.0,20.0,2.0,22.0,0.0,22.0,0.0,22.0,0.0,22.0,1.0,23.0,1.0,24.0,0.0,24.0
0.03798,21,8.0,8.0,2.0,10.0,1.0,11.0,0.0,11.0,3.0,14.0,2.0,16.0,2.0,18.0,2.0,20.0,0.0,20.0,0.0,20.0,0.0,20.0,0.0,20.0,0.0,20.0,0.0,20.0,0.0,20.0,0.0,20.0,0.0,20.0,0.0,20.0,0.0,20.0
0.03798,22,6.0,6.0,3.0,9.0,2.0,11.0,5.0,16.0,2.0,18.0,6.0,24.0,4.0,28.0,5.0,33.0,1.0,34.0,2.0,36.0,0.0,36.0,3.0,39.0,1.0,40.0,1.0,41.0,0.0,41.0,0.0,41.0,0.0,41.0,0.0,41.0,0.0,41.0
0.03798,23,7.0,7.0,0.0,7.0,1.0,8.0,2.0,10.0,3.0,13.0,3.0,16.0,3.0,19.0,0.0,19.0,0.0,19.0,0.0,19.0,0.0,19.0,0.0,19.0,0.0,19.0,0.0,19.0,0.0,19.0,0.0,19.0,0.0,19.0,0.0,19.0,0.0,19.0
0.03798,24,9.0,9.0,9.0,18.0,7.0,25.0,9.0,34.0,14.0,48.0,12.0,60.0,14.0,74.0,7.0,81.0,5.0,86.0,5.0,91.0,7.0,98.0,10.0,108.0,8.0,116.0,4.0,120.0,0.0,120.0,2.0,122.0,0.0,122.0,2.0,124.0,1.0,125.0
0.03798,25,7.0,7.0,5.0,12.0,3.0,15.0,2.0,17.0,2.0,19.0,4.0,23.0,3.0,26.0,5.0,31.0,1.0,32.0,4.0,36.0,5.0,41.0,4.0,45.0,3.0,48.0,2.0,50.0,0.0,50.0,0.0,50.0,0.0,50.0,0.0,50.0,0.0,50.0
0.03798,26,6.0,6.0,1.0,7.0,0.0,7.0,0.0,7.0,0.0,7.0,0.0,7.0,0.0,7.0,0.0,7.0,0.0,7.0,0.0,7.0,0.0,7.0,0.0,7.0,0.0,7.0,0.0,7.0,0.0,7.0,0.0,7.0,0.0,7.0,0.0,7.0,0.0,7.0
0.03798,27,8.0,8.0,0.0,8.0,0.0,8.0,0.0,8.0,0.0,8.0,0.0,8.0,0.0,8.0,0.0,8.0,0.0,8.0,0.0,8.0,0.0,8.0,0.0,8.0,0.0,8.0,0.0,8.0,0.0,8.0,0.0,8.0,0.0,8.0,0.0,8.0,0.0,8.0
0.03798,28,4.0,4.0,4.0,8.0,0.0,8.0,0.0,8.0,0.0,8.0,0.0,8.0,0.0,8.0,0.0,8.0,0.0,8.0,0.0,8.0,0.0,8.0,0.0,8.0,0.0,8.0,0.0,8.0,0.0,8.0,0.0,8.0,0.0,8.0,0.0,8.0,0.0,8.0
0.03798,29,5.0,5.0,5.0,10.0,0.0,10.0,0.0,10.0,0.0,10.0,0.0,10.0,0.0,10.0,0.0,10.0,0.0,10.0,0.0,10.0,0.0,10.0,0.0,10.0,0.0,10.0,0.0,10.0,0.0,10.0,0.0,10.0,1.0,11.0,1.0,12.0,0.0,12.0
0.03798,30,8.0,8.0,4.0,12.0,1.0,13.0,0.0,13.0,1.0,14.0,1.0,15.0,0.0,15.0,0.0,15.0,0.0,15.0,0.0,15.0,0.0,15.0,0.0,15.0,0.0,15.0,0.0,15.0,0.0,15.0,0.0,15.0,0.0,15.0,0.0,15.0,0.0,15.0
0.03798,31,6.0,6.0,3.0,9.0,0.0,9.0,4.0,13.0,1.0,14.0,1.0,15.0,2.0,17.0,2.0,19.0,0.0,19.0,0.0,19.0,0.0,19.0,0.0,19.0,0.0,19.0,0.0,19.0,0.0,19.0,0.0,19.0,0.0,19.0,0.0,19.0,0.0,19.0
0.03798,32,8.0,8.0,4.0,12.0,2.0,14.0,0.0,14.0,2.0,16.0,1.0,17.0,4.0,21.0,2.0,23.0,0.0,23.0,0.0,23.0,0.0,23.0,0.0,23.0,0.0,23.0,0.0,23.0,0.0,23.0,0.0,23.0,0.0,23.0,0.0,23.0,0.0,23.0
0.03798,33,7.0,7.0,2.0,9.0,0.0,9.0,0.0,9.0,0.0,9.0,0.0,9.0,0.0,9.0,0.0,9.0,0.0,9.0,0.0,9.0,0.0,9.0,0.0,9.0,0.0,9.0,0.0,9.0,0.0,9.0,0.0,9.0,0.0,9.0,0.0,9.0,0.0,9.0
0.03798,34,13.0,13.0,2.0,15.0,0.0,15.0,0.0,15.0,0.0,15.0,0.0,15.0,0.0,15.0,0.0,15.0,0.0,15.0,0.0,15.0,0.0,15.0,0.0,15.0,0.0,15.0,0.0,15.0,0.0,15.0,0.0,15.0,0.0,15.0,0.0,15.0,0.0,15.0
0.03798,35,11.0,11.0,2.0,13.0,0.0,13.0,0.0,13.0,0.0,13.0,0.0,13.0,0.0,13.0,0.0,13.0,0.0,13.0,0.0,13.0,0.0,13.0,0.0,13.0,0.0,13.0,0.0,13.0,0.0,13.0,0.0,13.0,0.0,13.0,0.0,13.0,0.0,13.0
0.03798,36,11.0,11.0,2.0,13.0,0.0,13.0,2.0,15.0,0.0,15.0,4.0,19.0,3.0,22.0,1.0,23.0,0.0,23.0,1.0,24.0,1.0,25.0,0.0,25.0,1.0,26.0,3.0,29.0,0.0,29.0,0.0,29.0,0.0,29.0,0.0,29.0,0.0,29.0
0.03798,37,11.0,11.0,5.0,16.0,7.0,23.0,7.0,30.0,7.0,37.0,11.0,48.0,17.0,65.0,4.0,69.0,1.0,70.0,2.0,72.0,5.0,77.0,6.0,83.0,4.0,87.0,1.0,88.0,0.0,88.0,3.0,91.0,0.0,91.0,1.0,92.0,0.0,92.0
0.03798,38,4.0,4.0,5.0,9.0,0.0,9.0,0.0,9.0,1.0,10.0,1.0,11.0,0.0,11.0,0.0,11.0,0.0,11.0,0.0,11.0,0.0,11.0,0.0,11.0,0.0,11.0,0.0,11.0,0.0,11.0,0.0,11.0,0.0,11.0,0.0,11.0,0.0,11.0
0.03798,39,5.0,5.0,3.0,8.0,1.0,9.0,2.0,11.0,1.0,12.0,4.0,16.0,2.0,18.0,1.0,19.0,0.0,19.0,0.0,19.0,0.0,19.0,0.0,19.0,0.0,19.0,0.0,19.0,0.0,19.0,0.0,19.0,0.0,19.0,0.0,19.0,0.0,19.0
0.03798,40,10.0,10.0,3.0,13.0,0.0,13.0,0.0,13.0,0.0,13.0,0.0,13.0,0.0,13.0,0.0,13.0,0.0,13.0,0.0,13.0,0.0,13.0,0.0,13.0,0.0,13.0,0.0,13.0,0.0,13.0,0.0,13.0,0.0,13.0,0.0,13.0,0.0,13.0
0.03798,41,6.0,6.0,2.0,8.0,0.0,8.0,0.0,8.0,0.0,8.0,0.0,8.0,0.0,8.0,0.0,8.0,0.0,8.0,0.0,8.0,0.0,8.0,0.0,8.0,0.0,8.0,0.0,8.0,0.0,8.0,0.0,8.0,0.0,8.0,0.0,8.0,0.0,8.0
0.03798,42,3.0,3.0,4.0,7.0,1.0,8.0,3.0,11.0,2.0,13.0,3.0,16.0,2.0,18.0,0.0,18.0,0.0,18.0,0.0,18.0,0.0,18.0,0.0,18.0,0.0,18.0,0.0,18.0,0.0,18.0,0.0,18.0,0.0,18.0,0.0,18.0,0.0,18.0
0.03798,43,7.0,7.0,4.0,11.0,1.0,12.0,0.0,12.0,0.0,12.0,1.0,13.0,2.0,15.0,1.0,16.0,0.0,16.0,0.0,16.0,0.0,16.0,0.0,16.0,0.0,16.0,0.0,16.0,0.0,16.0,0.0,16.0,0.0,16.0,0.0,16.0,0.0,16.0
0.03798,44,8.0,8.0,6.0,14.0,1.0,15.0,0.0,15.0,0.0,15.0,2.0,17.0,5.0,22.0,2.0,24.0,0.0,24.0,0.0,24.0,0.0,24.0,0.0,24.0,0.0,24.0,0.0,24.0,0.0,24.0,0.0,24.0,0.0,24.0,0.0,24.0,0.0,24.0
0.03798,45,6.0,6.0,4.0,10.0,3.0,13.0,1.0,14.0,2.0,16.0,1.0,17.0,5.0,22.0,1.0,23.0,0.0,23.0,0.0,23.0,0.0,23.0,0.0,23.0,0.0,23.0,0.0,23.0,0.0,23.0,0.0,23.0,0.0,23.0,0.0,23.0,0.0,23.0
0.03798,46,5.0,5.0,1.0,6.0,3.0,9.0,2.0,11.0,5.0,16.0,7.0,23.0,9.0,32.0,3.0,35.0,1.0,36.0,2.0,38.0,3.0,41.0,1.0,42.0,5.0,47.0,3.0,50.0,0.0,50.0,1.0,51.0,1.0,52.0,1.0,53.0,1.0,54.0
0.03798,47,7.0,7.0,1.0,8.0,4.0,12.0,2.0,14.0,3.0,17.0,4.0,21.0,6.0,27.0,5.0,32.0,2.0,34.0,1.0,35.0,1.0,36.0,5.0,41.0,5.0,46.0,3.0,49.0,1.0,50.0,3.0,53.0,1.0,54.0,2.0,56.0,1.0,57.0
0.03798,48,8.0,8.0,1.0,9.0,0.0,9.0,0.0,9.0,0.0,9.0,0.0,9.0,0.0,9.0,0.0,9.0,0.0,9.0,0.0,9.0,0.0,9.0,1.0,10.0,1.0,11.0,0.0,11.0,0.0,11.0,0.0,11.0,0.0,11.0,0.0,11.0,0.0,11.0
0.03798,49,3.0,3.0,2.0,5.0,0.0,5.0,0.0,5.0,0.0,5.0,0.0,5.0,0.0,5.0,0.0,5.0,0.0,5.0,0.0,5.0,0.0,5.0,0.0,5.0,0.0,5.0,0.0,5.0,0.0,5.0,0.0,5.0,0.0,5.0,0.0,5.0,0.0,5.0
0.038,0,5.0,5.0,1.0,6.0,0.0,6.0,0.0,6.0,0.0,6.0,0.0,6.0,0.0,6.0,0.0,6.0,0.0,6.0,0.0,6.0,0.0,6.0,0.0,6.0,0.0,6.0,0.0,6.0,0.0,6.0,0.0,6.0,0.0,6.0,0.0,6.0,0.0,6.0
0.038,1,5.0,5.0,2.0,7.0,0.0,7.0,0.0,7.0,0.0,7.0,0.0,7.0,0.0,7.0,0.0,7.0,0.0,7.0,0.0,7.0,0.0,7.0,0.0,7.0,0.0,7.0,0.0,7.0,0.0,7.0,0.0,7.0,0.0,7.0,0.0,7.0,0.0,7.0
0.038,2,4.0,4.0,1.0,5.0,1.0,6.0,3.0,9.0,1.0,10.0,4.0,14.0,3.0,17.0,2.0,19.0,0.0,19.0,0.0,19.0,0.0,19.0,0.0,19.0,0.0,19.0,0.0,19.0,0.0,19.0,0.0,19.0,0.0,19.0,0.0,19.0,0.0,19.0
0.038,3,6.0,6.0,5.0,11.0,4.0,15.0,3.0,18.0,2.0,20.0,3.0,23.0,9.0,32.0,0.0,32.0,3.0,35.0,0.0,35.0,0.0,35.0,1.0,36.0,2.0,38.0,0.0,38.0,0.0,38.0,0.0,38.0,0.0,38.0,0.0,38.0,0.0,38.0
0.038,4,4.0,4.0,2.0,6.0,1.0,7.0,1.0,8.0,1.0,9.0,1.0,10.0,1.0,11.0,0.0,11.0,0.0,11.0,0.0,11.0,0.0,11.0,0.0,11.0,0.0,11.0,0.0,11.0,0.0,11.0,0.0,11.0,0.0,11.0,0.0,11.0,0.0,11.0
0.038,5,3.0,3.0,4.0,7.0,0.0,7.0,0.0,7.0,0.0,7.0,0.0,7.0,0.0,7.0,0.0,7.0,0.0,7.0,0.0,7.0,0.0,7.0,0.0,7.0,0.0,7.0,0.0,7.0,0.0,7.0,0.0,7.0,0.0,7.0,0.0,7.0,0.0,7.0
0.038,6,5.0,5.0,3.0,8.0,1.0,9.0,0.0,9.0,2.0,11.0,1.0,12.0,5.0,17.0,3.0,20.0,1.0,21.0,1.0,22.0,0.0,22.0,3.0,25.0,2.0,27.0,0.0,27.0,0.0,27.0,0.0,27.0,0.0,27.0,0.0,27.0,0.0,27.0
0.038,7,5.0,5.0,5.0,10.0,1.0,11.0,2.0,13.0,0.0,13.0,1.0,14.0,3.0,17.0,0.0,17.0,0.0,17.0,0.0,17.0,0.0,17.0,0.0,17.0,0.0,17.0,0.0,17.0,0.0,17.0,0.0,17.0,0.0,17.0,0.0,17.0,0.0,17.0
0.038,8,5.0,5.0,3.0,8.0,3.0,11.0,4.0,15.0,1.0,16.0,4.0,20.0,1.0,21.0,1.0,22.0,0.0,22.0,0.0,22.0,1.0,23.0,1.0,24.0,3.0,27.0,2.0,29.0,0.0,29.0,0.0,29.0,0.0,29.0,0.0,29.0,0.0,29.0
0.038,9,6.0,6.0,2.0,8.0,0.0,8.0,0.0,8.0,0.0,8.0,0.0,8.0,0.0,8.0,0.0,8.0,0.0,8.0,0.0,8.0,0.0,8.0,0.0,8.0,0.0,8.0,0.0,8.0,0.0,8.0,0.0,8.0,0.0,8.0,0.0,8.0,0.0,8.0
0.038,10,7.0,7.0,3.0,10.0,0.0,10.0,0.0,10.0,3.0,13.0,3.0,16.0,3.0,19.0,1.0,20.0,0.0,20.0,0.0,20.0,0.0,20.0,0.0,20.0,0.0,20.0,0.0,20.0,0.0,20.0,0.0,20.0,0.0,20.0,0.0,20.0,0.0,20.0
0.038,11,5.0,5.0,3.0,8.0,1.0,9.0,2.0,11.0,4.0,15.0,1.0,16.0,2.0,18.0,3.0,21.0,2.0,23.0,3.0,26.0,3.0,29.0,2.0,31.0,4.0,35.0,2.0,37.0,0.0,37.0,0.0,37.0,0.0,37.0,0.0,37.0,0.0,37.0
0.038,12,8.0,8.0,1.0,9.0,1.0,10.0,3.0,13.0,1.0,14.0,0.0,14.0,1.0,15.0,0.0,15.0,0.0,15.0,0.0,15.0,0.0,15.0,0.0,15.0,0.0,15.0,0.0,15.0,0.0,15.0,0.0,15.0,0.0,15.0,0.0,15.0,0.0,15.0
0.038,13,6.0,6.0,0.0,6.0,0.0,6.0,0.0,6.0,0.0,6.0,0.0,6.0,2.0,8.0,1.0,9.0,1.0,10.0,0.0,10.0,0.0,10.0,1.0,11.0,1.0,12.0,2.0,14.0,0.0,14.0,0.0,14.0,2.0,16.0,1.0,17.0,1.0,18.0
0.038,14,5.0,5.0,3.0,8.0,2.0,10.0,1.0,11.0,4.0,15.0,4.0,19.0,8.0,27.0,1.0,28.0,0.0,28.0,0.0,28.0,0.0,28.0,0.0,28.0,0.0,28.0,0.0,28.0,0.0,28.0,0.0,28.0,0.0,28.0,0.0,28.0,1.0,29.0
0.038,15,4.0,4.0,3.0,7.0,2.0,9.0,2.0,11.0,3.0,14.0,5.0,19.0,3.0,22.0,3.0,25.0,0.0,25.0,0.0,25.0,0.0,25.0,0.0,25.0,0.0,25.0,0.0,25.0,0.0,25.0,0.0,25.0,0.0,25.0,0.0,25.0,0.0,25.0
0.038,16,6.0,6.0,0.0,6.0,2.0,8.0,2.0,10.0,3.0,13.0,3.0,16.0,2.0,18.0,0.0,18.0,0.0,18.0,0.0,18.0,2.0,20.0,0.0,20.0,3.0,23.0,1.0,24.0,1.0,25.0,2.0,27.0,7.0,34.0,6.0,40.0,9.0,49.0
0.038,17,10.0,10.0,4.0,14.0,4.0,18.0,7.0,25.0,4.0,29.0,3.0,32.0,9.0,41.0,4.0,45.0,0.0,45.0,0.0,45.0,0.0,45.0,0.0,45.0,0.0,45.0,0.0,45.0,0.0,45.0,0.0,45.0,0.0,45.0,0.0,45.0,0.0,45.0
0.038,18,10.0,10.0,4.0,14.0,3.0,17.0,0.0,17.0,1.0,18.0,2.0,20.0,4.0,24.0,1.0,25.0,0.0,25.0,0.0,25.0,0.0,25.0,0.0,25.0,0.0,25.0,0.0,25.0,0.0,25.0,0.0,25.0,0.0,25.0,0.0,25.0,0.0,25.0
0.038,19,10.0,10.0,7.0,17.0,1.0,18.0,1.0,19.0,1.0,20.0,4.0,24.0,1.0,25.0,2.0,27.0,1.0,28.0,1.0,29.0,1.0,30.0,1.0,31.0,2.0,33.0,1.0,34.0,0.0,34.0,0.0,34.0,0.0,34.0,0.0,34.0,0.0,34.0
0.038,20,10.0,10.0,2.0,12.0,0.0,12.0,2.0,14.0,3.0,17.0,3.0,20.0,13.0,33.0,5.0,38.0,1.0,39.0,4.0,43.0,4.0,47.0,4.0,51.0,5.0,56.0,2.0,58.0,3.0,61.0,1.0,62.0,4.0,66.0,3.0,69.0,4.0,73.0
0.038,21,6.0,6.0,5.0,11.0,2.0,13.0,4.0,17.0,4.0,21.0,5.0,26.0,4.0,30.0,0.0,30.0,0.0,30.0,0.0,30.0,0.0,30.0,0.0,30.0,0.0,30.0,0.0,30.0,0.0,30.0,0.0,30.0,0.0,30.0,0.0,30.0,0.0,30.0
0.038,22,11.0,11.0,6.0,17.0,0.0,17.0,0.0,17.0,0.0,17.0,0.0,17.0,0.0,17.0,0.0,17.0,0.0,17.0,0.0,17.0,0.0,17.0,0.0,17.0,0.0,17.0,0.0,17.0,0.0,17.0,0.0,17.0,0.0,17.0,0.0,17.0,0.0,17.0
0.038,23,4.0,4.0,2.0,6.0,0.0,6.0,1.0,7.0,1.0,8.0,5.0,13.0,2.0,15.0,2.0,17.0,0.0,17.0,0.0,17.0,0.0,17.0,0.0,17.0,0.0,17.0,0.0,17.0,0.0,17.0,0.0,17.0,0.0,17.0,0.0,17.0,0.0,17.0
0.038,24,8.0,8.0,8.0,16.0,4.0,20.0,2.0,22.0,1.0,23.0,4.0,27.0,7.0,34.0,2.0,36.0,2.0,38.0,2.0,40.0,5.0,45.0,3.0,48.0,2.0,50.0,3.0,53.0,0.0,53.0,1.0,54.0,1.0,55.0,4.0,59.0,5.0,64.0
0.038,25,11.0,11.0,5.0,16.0,1.0,17.0,2.0,19.0,3.0,22.0,2.0,24.0,3.0,27.0,1.0,28.0,2.0,30.0,1.0,31.0,4.0,35.0,4.0,39.0,10.0,49.0,3.0,52.0,0.0,52.0,0.0,52.0,0.0,52.0,0.0,52.0,0.0,52.0
0.038,26,4.0,4.0,1.0,5.0,0.0,5.0,0.0,5.0,0.0,5.0,0.0,5.0,0.0,5.0,0.0,5.0,0.0,5.0,0.0,5.0,0.0,5.0,0.0,5.0,0.0,5.0,0.0,5.0,0.0,5.0,0.0,5.0,0.0,5.0,0.0,5.0,0.0,5.0
0.038,27,5.0,5.0,3.0,8.0,0.0,8.0,0.0,8.0,0.0,8.0,1.0,9.0,2.0,11.0,1.0,12.0,0.0,12.0,0.0,12.0,0.0,12.0,0.0,12.0,0.0,12.0,0.0,12.0,0.0,12.0,0.0,12.0,0.0,12.0,0.0,12.0,0.0,12.0
0.038,28,5.0,5.0,2.0,7.0,0.0,7.0,0.0,7.0,0.0,7.0,0.0,7.0,0.0,7.0,0.0,7.0,0.0,7.0,0.0,7.0,0.0,7.0,0.0,7.0,0.0,7.0,0.0,7.0,0.0,7.0,0.0,7.0,0.0,7.0,0.0,7.0,0.0,7.0
0.038,29,11.0,11.0,3.0,14.0,0.0,14.0,0.0,14.0,0.0,14.0,0.0,14.0,0.0,14.0,0.0,14.0,0.0,14.0,0.0,14.0,1.0,15.0,0.0,15.0,0.0,15.0,0.0,15.0,0.0,15.0,0.0,15.0,0.0,15.0,0.0,15.0,0.0,15.0
0.038,30,9.0,9.0,4.0,13.0,0.0,13.0,0.0,13.0,0.0,13.0,0.0,13.0,0.0,13.0,0.0,13.0,0.0,13.0,0.0,13.0,0.0,13.0,0.0,13.0,0.0,13.0,0.0,13.0,0.0,13.0,0.0,13.0,0.0,13.0,0.0,13.0,0.0,13.0
0.038,31,4.0,4.0,1.0,5.0,1.0,6.0,2.0,8.0,1.0,9.0,0.0,9.0,2.0,11.0,0.0,11.0,0.0,11.0,0.0,11.0,0.0,11.0,0.0,11.0,0.0,11.0,0.0,11.0,0.0,11.0,0.0,11.0,0.0,11.0,0.0,11.0,0.0,11.0
0.038,32,6.0,6.0,3.0,9.0,0.0,9.0,0.0,9.0,0.0,9.0,0.0,9.0,0.0,9.0,0.0,9.0,0.0,9.0,0.0,9.0,0.0,9.0,0.0,9.0,0.0,9.0,0.0,9.0,0.0,9.0,0.0,9.0,0.0,9.0,0.0,9.0,0.0,9.0
0.038,33,7.0,7.0,0.0,7.0,0.0,7.0,0.0,7.0,0.0,7.0,0.0,7.0,0.0,7.0,0.0,7.0,0.0,7.0,0.0,7.0,0.0,7.0,0.0,7.0,0.0,7.0,0.0,7.0,0.0,7.0,0.0,7.0,0.0,7.0,0.0,7.0,0.0,7.0
0.038,34,8.0,8.0,4.0,12.0,0.0,12.0,0.0,12.0,0.0,12.0,0.0,12.0,0.0,12.0,0.0,12.0,0.0,12.0,0.0,12.0,0.0,12.0,0.0,12.0,0.0,12.0,0.0,12.0,0.0,12.0,0.0,12.0,0.0,12.0,0.0,12.0,0.0,12.0
0.038,35,8.0,8.0,2.0,10.0,0.0,10.0,0.0,10.0,0.0,10.0,0.0,10.0,0.0,10.0,0.0,10.0,0.0,10.0,0.0,10.0,0.0,10.0,0.0,10.0,0.0,10.0,0.0,10.0,0.0,10.0,0.0,10.0,0.0,10.0,0.0,10.0,0.0,10.0
0.038,36,8.0,8.0,0.0,8.0,2.0,10.0,5.0,15.0,4.0,19.0,5.0,24.0,4.0,28.0,0.0,28.0,0.0,28.0,0.0,28.0,0.0,28.0,0.0,28.0,0.0,28.0,0.0,28.0,0.0,28.0,0.0,28.0,0.0,28.0,0.0,28.0,0.0,28.0
0.038,37,6.0,6.0,3.0,9.0,3.0,12.0,5.0,17.0,3.0,20.0,2.0,22.0,5.0,27.0,1.0,28.0,0.0,28.0,0.0,28.0,0.0,28.0,0.0,28.0,0.0,28.0,0.0,28.0,0.0,28.0,0.0,28.0,0.0,28.0,0.0,28.0,0.0,28.0
0.038,38,5.0,5.0,6.0,11.0,1.0,12.0,0.0,12.0,0.0,12.0,0.0,12.0,2.0,14.0,1.0,15.0,0.0,15.0,0.0,15.0,0.0,15.0,0.0,15.0,0.0,15.0,0.0,15.0,0.0,15.0,0.0,15.0,0.0,15.0,0.0,15.0,0.0,15.0
0.038,39,6.0,6.0,4.0,10.0,2.0,12.0,1.0,13.0,4.0,17.0,1.0,18.0,4.0,22.0,0.0,22.0,0.0,22.0,0.0,22.0,0.0,22.0,0.0,22.0,0.0,22.0,0.0,22.0,0.0,22.0,0.0,22.0,0.0,22.0,0.0,22.0,0.0,22.0
0.038,40,5.0,5.0,1.0,6.0,0.0,6.0,0.0,6.0,2.0,8.0,2.0,10.0,3.0,13.0,1.0,14.0,0.0,14.0,0.0,14.0,0.0,14.0,0.0,14.0,0.0,14.0,0.0,14.0,0.0,14.0,0.0,14.0,0.0,14.0,0.0,14.0,0.0,14.0
0.038,41,8.0,8.0,3.0,11.0,2.0,13.0,2.0,15.0,5.0,20.0,3.0,23.0,4.0,27.0,1.0,28.0,2.0,30.0,1.0,31.0,3.0,34.0,3.0,37.0,3.0,40.0,1.0,41.0,0.0,41.0,0.0,41.0,0.0,41.0,0.0,41.0,0.0,41.0
0.038,42,7.0,7.0,2.0,9.0,2.0,11.0,2.0,13.0,4.0,17.0,2.0,19.0,1.0,20.0,4.0,24.0,0.0,24.0,2.0,26.0,2.0,28.0,1.0,29.0,1.0,30.0,0.0,30.0,0.0,30.0,0.0,30.0,0.0,30.0,0.0,30.0,0.0,30.0
0.038,43,4.0,4.0,2.0,6.0,5.0,11.0,3.0,14.0,5.0,19.0,7.0,26.0,3.0,29.0,1.0,30.0,0.0,30.0,0.0,30.0,0.0,30.0,0.0,30.0,0.0,30.0,0.0,30.0,0.0,30.0,0.0,30.0,0.0,30.0,0.0,30.0,0.0,30.0
0.038,44,4.0,4.0,6.0,10.0,3.0,13.0,2.0,15.0,5.0,20.0,8.0,28.0,7.0,35.0,1.0,36.0,0.0,36.0,0.0,36.0,1.0,37.0,0.0,37.0,0.0,37.0,0.0,37.0,0.0,37.0,0.0,37.0,0.0,37.0,0.0,37.0,0.0,37.0
0.038,45,6.0,6.0,5.0,11.0,0.0,11.0,0.0,11.0,2.0,13.0,3.0,16.0,4.0,20.0,1.0,21.0,1.0,22.0,2.0,24.0,1.0,25.0,1.0,26.0,3.0,29.0,0.0,29.0,0.0,29.0,0.0,29.0,0.0,29.0,0.0,29.0,0.0,29.0
0.038,46,9.0,9.0,7.0,16.0,2.0,18.0,2.0,20.0,3.0,23.0,9.0,32.0,6.0,38.0,2.0,40.0,1.0,41.0,2.0,43.0,0.0,43.0,3.0,46.0,3.0,49.0,0.0,49.0,0.0,49.0,0.0,49.0,0.0,49.0,0.0,49.0,0.0,49.0
0.038,47,5.0,5.0,1.0,6.0,2.0,8.0,0.0,8.0,3.0,11.0,2.0,13.0,2.0,15.0,3.0,18.0,1.0,19.0,0.0,19.0,1.0,20.0,0.0,20.0,2.0,22.0,2.0,24.0,0.0,24.0,0.0,24.0,0.0,24.0,0.0,24.0,0.0,24.0
0.038,48,3.0,3.0,4.0,7.0,0.0,7.0,0.0,7.0,0.0,7.0,0.0,7.0,0.0,7.0,0.0,7.0,0.0,7.0,0.0,7.0,0.0,7.0,0.0,7.0,0.0,7.0,0.0,7.0,0.0,7.0,0.0,7.0,0.0,7.0,0.0,7.0,0.0,7.0
0.038,49,4.0,4.0,0.0,4.0,0.0,4.0,0.0,4.0,0.0,4.0,0.0,4.0,0.0,4.0,0.0,4.0,0.0,4.0,0.0,4.0,0.0,4.0,0.0,4.0,0.0,4.0,0.0,4.0,0.0,4.0,0.0,4.0,0.0,4.0,0.0,4.0,0.0,4.0
0.03801,0,4.0,4.0,1.0,5.0,0.0,5.0,0.0,5.0,0.0,5.0,0.0,5.0,0.0,5.0,0.0,5.0,0.0,5.0,0.0,5.0,0.0,5.0,0.0,5.0,0.0,5.0,0.0,5.0,0.0,5.0,0.0,5.0,0.0,5.0,0.0,5.0,0.0,5.0
0.03801,1,8.0,8.0,5.0,13.0,0.0,13.0,0.0,13.0,0.0,13.0,0.0,13.0,0.0,13.0,0.0,13.0,0.0,13.0,0.0,13.0,0.0,13.0,0.0,13.0,0.0,13.0,0.0,13.0,0.0,13.0,0.0,13.0,0.0,13.0,0.0,13.0,0.0,13.0
0.03801,2,4.0,4.0,6.0,10.0,4.0,14.0,3.0,17.0,4.0,21.0,3.0,24.0,4.0,28.0,0.0,28.0,0.0,28.0,0.0,28.0,0.0,28.0,0.0,28.0,0.0,28.0,0.0,28.0,0.0,28.0,0.0,28.0,0.0,28.0,0.0,28.0,0.0,28.0
0.03801,3,6.0,6.0,2.0,8.0,1.0,9.0,1.0,10.0,0.0,10.0,1.0,11.0,2.0,13.0,1.0,14.0,0.0,14.0,0.0,14.0,0.0,14.0,0.0,14.0,0.0,14.0,0.0,14.0,0.0,14.0,0.0,14.0,0.0,14.0,0.0,14.0,0.0,14.0
0.03801,4,10.0,10.0,3.0,13.0,2.0,15.0,3.0,18.0,6.0,24.0,5.0,29.0,8.0,37.0,1.0,38.0,0.0,38.0,0.0,38.0,0.0,38.0,0.0,38.0,0.0,38.0,0.0,38.0,0.0,38.0,0.0,38.0,0.0,38.0,0.0,38.0,0.0,38.0
0.03801,5,8.0,8.0,5.0,13.0,0.0,13.0,0.0,13.0,0.0,13.0,0.0,13.0,0.0,13.0,0.0,13.0,0.0,13.0,0.0,13.0,0.0,13.0,0.0,13.0,0.0,13.0,0.0,13.0,0.0,13.0,0.0,13.0,0.0,13.0,1.0,14.0,5.0,19.0
0.03801,6,4.0,4.0,1.0,5.0,0.0,5.0,0.0,5.0,0.0,5.0,0.0,5.0,0.0,5.0,0.0,5.0,0.0,5.0,0.0,5.0,0.0,5.0,0.0,5.0,0.0,5.0,0.0,5.0,0.0,5.0,0.0,5.0,0.0,5.0,0.0,5.0,0.0,5.0
0.03801,7,7.0,7.0,1.0,8.0,0.0,8.0,0.0,8.0,0.0,8.0,0.0,8.0,0.0,8.0,0.0,8.0,0.0,8.0,0.0,8.0,0.0,8.0,0.0,8.0,0.0,8.0,0.0,8.0,0.0,8.0,0.0,8.0,0.0,8.0,0.0,8.0,0.0,8.0
0.03801,8,4.0,4.0,4.0,8.0,5.0,13.0,4.0,17.0,2.0,19.0,2.0,21.0,2.0,23.0,2.0,25.0,0.0,25.0,0.0,25.0,0.0,25.0,0.0,25.0,0.0,25.0,0.0,25.0,0.0,25.0,0.0,25.0,0.0,25.0,0.0,25.0,0.0,25.0
0.03801,9,8.0,8.0,2.0,10.0,0.0,10.0,0.0,10.0,1.0,11.0,1.0,12.0,0.0,12.0,1.0,13.0,0.0,13.0,0.0,13.0,0.0,13.0,0.0,13.0,0.0,13.0,0.0,13.0,0.0,13.0,0.0,13.0,0.0,13.0,0.0,13.0,0.0,13.0
0.03801,10,8.0,8.0,3.0,11.0,1.0,12.0,0.0,12.0,0.0,12.0,1.0,13.0,1.0,14.0,1.0,15.0,0.0,15.0,0.0,15.0,0.0,15.0,0.0,15.0,0.0,15.0,0.0,15.0,0.0,15.0,0.0,15.0,0.0,15.0,0.0,15.0,0.0,15.0
0.03801,11,10.0,10.0,4.0,14.0,0.0,14.0,0.0,14.0,0.0,14.0,0.0,14.0,0.0,14.0,0.0,14.0,0.0,14.0,0.0,14.0,0.0,14.0,0.0,14.0,0.0,14.0,0.0,14.0,0.0,14.0,0.0,14.0,0.0,14.0,0.0,14.0,0.0,14.0
0.03801,12,9.0,9.0,1.0,10.0,2.0,12.0,1.0,13.0,1.0,14.0,1.0,15.0,1.0,16.0,2.0,18.0,1.0,19.0,0.0,19.0,3.0,22.0,4.0,26.0,5.0,31.0,2.0,33.0,0.0,33.0,0.0,33.0,0.0,33.0,0.0,33.0,0.0,33.0
0.03801,13,9.0,9.0,1.0,10.0,4.0,14.0,4.0,18.0,3.0,21.0,4.0,25.0,4.0,29.0,5.0,34.0,1.0,35.0,4.0,39.0,0.0,39.0,6.0,45.0,3.0,48.0,0.0,48.0,1.0,49.0,2.0,51.0,1.0,52.0,1.0,53.0,2.0,55.0
0.03801,14,9.0,9.0,5.0,14.0,2.0,16.0,2.0,18.0,2.0,20.0,2.0,22.0,2.0,24.0,1.0,25.0,0.0,25.0,0.0,25.0,0.0,25.0,0.0,25.0,0.0,25.0,0.0,25.0,0.0,25.0,0.0,25.0,0.0,25.0,0.0,25.0,0.0,25.0
0.03801,15,6.0,6.0,3.0,9.0,0.0,9.0,0.0,9.0,0.0,9.0,0.0,9.0,0.0,9.0,0.0,9.0,0.0,9.0,0.0,9.0,0.0,9.0,0.0,9.0,0.0,9.0,0.0,9.0,0.0,9.0,0.0,9.0,0.0,9.0,0.0,9.0,0.0,9.0
0.03801,16,7.0,7.0,2.0,9.0,1.0,10.0,1.0,11.0,1.0,12.0,2.0,14.0,3.0,17.0,2.0,19.0,0.0,19.0,0.0,19.0,0.0,19.0,0.0,19.0,0.0,19.0,0.0,19.0,0.0,19.0,0.0,19.0,0.0,19.0,0.0,19.0,0.0,19.0
0.03801,17,5.0,5.0,3.0,8.0,0.0,8.0,4.0,12.0,1.0,13.0,3.0,16.0,1.0,17.0,0.0,17.0,0.0,17.0,0.0,17.0,0.0,17.0,0.0,17.0,0.0,17.0,0.0,17.0,0.0,17.0,0.0,17.0,0.0,17.0,0.0,17.0,0.0,17.0
0.03801,18,8.0,8.0,6.0,14.0,0.0,14.0,1.0,15.0,0.0,15.0,4.0,19.0,3.0,22.0,0.0,22.0,1.0,23.0,1.0,24.0,4.0,28.0,0.0,28.0,3.0,31.0,1.0,32.0,0.0,32.0,0.0,32.0,0.0,32.0,0.0,32.0,0.0,32.0
0.03801,19,7.0,7.0,5.0,12.0,3.0,15.0,7.0,22.0,8.0,30.0,5.0,35.0,9.0,44.0,1.0,45.0,0.0,45.0,0.0,45.0,0.0,45.0,0.0,45.0,0.0,45.0,0.0,45.0,0.0,45.0,0.0,45.0,0.0,45.0,0.0,45.0,0.0,45.0
0.03801,20,7.0,7.0,5.0,12.0,1.0,13.0,3.0,16.0,4.0,20.0,5.0,25.0,7.0,32.0,1.0,33.0,0.0,33.0,0.0,33.0,0.0,33.0,0.0,33.0,0.0,33.0,0.0,33.0,0.0,33.0,0.0,33.0,0.0,33.0,0.0,33.0,0.0,33.0
0.03801,21,6.0,6.0,4.0,10.0,0.0,10.0,0.0,10.0,0.0,10.0,0.0,10.0,0.0,10.0,0.0,10.0,0.0,10.0,0.0,10.0,0.0,10.0,0.0,10.0,0.0,10.0,0.0,10.0,0.0,10.0,0.0,10.0,1.0,11.0,1.0,12.0,3.0,15.0
0.03801,22,5.0,5.0,4.0,9.0,2.0,11.0,1.0,12.0,2.0,14.0,4.0,18.0,5.0,23.0,0.0,23.0,0.0,23.0,0.0,23.0,1.0,24.0,1.0,25.0,2.0,27.0,0.0,27.0,0.0,27.0,0.0,27.0,0.0,27.0,0.0,27.0,0.0,27.0
0.03801,23,12.0,12.0,3.0,15.0,0.0,15.0,2.0,17.0,2.0,19.0,2.0,21.0,2.0,23.0,2.0,25.0,0.0,25.0,0.0,25.0,1.0,26.0,1.0,27.0,1.0,28.0,0.0,28.0,0.0,28.0,0.0,28.0,0.0,28.0,0.0,28.0,0.0,28.0
0.03801,24,8.0,8.0,0.0,8.0,0.0,8.0,1.0,9.0,4.0,13.0,2.0,15.0,3.0,18.0,3.0,21.0,1.0,22.0,0.0,22.0,4.0,26.0,1.0,27.0,3.0,30.0,2.0,32.0,4.0,36.0,4.0,40.0,4.0,44.0,5.0,49.0,2.0,51.0
0.03801,25,9.0,9.0,4.0,13.0,1.0,14.0,1.0,15.0,2.0,17.0,3.0,20.0,1.0,21.0,2.0,23.0,2.0,25.0,2.0,27.0,1.0,28.0,4.0,32.0,4.0,36.0,3.0,39.0,0.0,39.0,0.0,39.0,0.0,39.0,0.0,39.0,0.0,39.0
0.03801,26,5.0,5.0,4.0,9.0,1.0,10.0,0.0,10.0,0.0,10.0,0.0,10.0,3.0,13.0,2.0,15.0,0.0,15.0,0.0,15.0,0.0,15.0,0.0,15.0,0.0,15.0,0.0,15.0,0.0,15.0,0.0,15.0,0.0,15.0,0.0,15.0,0.0,15.0
0.03801,27,8.0,8.0,3.0,11.0,1.0,12.0,2.0,14.0,0.0,14.0,2.0,16.0,1.0,17.0,0.0,17.0,0.0,17.0,0.0,17.0,0.0,17.0,0.0,17.0,0.0,17.0,0.0,17.0,0.0,17.0,0.0,17.0,0.0,17.0,0.0,17.0,0.0,17.0
0.03801,28,5.0,5.0,2.0,7.0,1.0,8.0,0.0,8.0,4.0,12.0,1.0,13.0,4.0,17.0,1.0,18.0,0.0,18.0,2.0,20.0,1.0,21.0,3.0,24.0,3.0,27.0,1.0,28.0,0.0,28.0,0.0,28.0,0.0,28.0,0.0,28.0,0.0,28.0
0.03801,29,3.0,3.0,3.0,6.0,3.0,9.0,5.0,14.0,2.0,16.0,3.0,19.0,3.0,22.0,0.0,22.0,0.0,22.0,0.0,22.0,0.0,22.0,0.0,22.0,0.0,22.0,0.0,22.0,0.0,22.0,0.0,22.0,0.0,22.0,0.0,22.0,0.0,22.0
0.03801,30,6.0,6.0,2.0,8.0,0.0,8.0,2.0,10.0,1.0,11.0,2.0,13.0,2.0,15.0,2.0,17.0,4.0,21.0,4.0,25.0,0.0,25.0,4.0,29.0,1.0,30.0,1.0,31.0,0.0,31.0,0.0,31.0,0.0,31.0,0.0,31.0,0.0,31.0
0.03801,31,5.0,5.0,0.0,5.0,0.0,5.0,0.0,5.0,0.0,5.0,0.0,5.0,0.0,5.0,0.0,5.0,0.0,5.0,0.0,5.0,1.0,6.0,0.0,6.0,0.0,6.0,0.0,6.0,0.0,6.0,0.0,6.0,0.0,6.0,0.0,6.0,0.0,6.0
0.03801,32,9.0,9.0,2.0,11.0,3.0,14.0,2.0,16.0,2.0,18.0,3.0,21.0,5.0,26.0,6.0,32.0,1.0,33.0,1.0,34.0,2.0,36.0,3.0,39.0,5.0,44.0,2.0,46.0,0.0,46.0,0.0,46.0,0.0,46.0,0.0,46.0,0.0,46.0
0.03801,33,4.0,4.0,5.0,9.0,0.0,9.0,3.0,12.0,4.0,16.0,2.0,18.0,2.0,20.0,0.0,20.0,1.0,21.0,0.0,21.0,3.0,24.0,1.0,25.0,2.0,27.0,0.0,27.0,0.0,27.0,0.0,27.0,0.0,27.0,0.0,27.0,0.0,27.0
0.03801,34,6.0,6.0,2.0,8.0,0.0,8.0,0.0,8.0,0.0,8.0,0.0,8.0,0.0,8.0,0.0,8.0,0.0,8.0,0.0,8.0,0.0,8.0,0.0,8.0,0.0,8.0,0.0,8.0,0.0,8.0,0.0,8.0,0.0,8.0,0.0,8.0,0.0,8.0
0.03801,35,6.0,6.0,3.0,9.0,0.0,9.0,2.0,11.0,2.0,13.0,2.0,15.0,2.0,17.0,1.0,18.0,0.0,18.0,0.0,18.0,0.0,18.0,0.0,18.0,0.0,18.0,0.0,18.0,0.0,18.0,0.0,18.0,0.0,18.0,0.0,18.0,0.0,18.0
0.03801,36,5.0,5.0,4.0,9.0,1.0,10.0,5.0,15.0,9.0,24.0,9.0,33.0,10.0,43.0,4.0,47.0,1.0,48.0,0.0,48.0,2.0,50.0,2.0,52.0,2.0,54.0,0.0,54.0,0.0,54.0,0.0,54.0,0.0,54.0,0.0,54.0,0.0,54.0
0.03801,37,7.0,7.0,2.0,9.0,3.0,12.0,2.0,14.0,3.0,17.0,5.0,22.0,3.0,25.0,3.0,28.0,0.0,28.0,0.0,28.0,0.0,28.0,0.0,28.0,0.0,28.0,0.0,28.0,0.0,28.0,0.0,28.0,0.0,28.0,0.0,28.0,0.0,28.0
0.03801,38,4.0,4.0,1.0,5.0,0.0,5.0,0.0,5.0,0.0,5.0,0.0,5.0,0.0,5.0,0.0,5.0,0.0,5.0,0.0,5.0,0.0,5.0,0.0,5.0,0.0,5.0,0.0,5.0,0.0,5.0,0.0,5.0,0.0,5.0,0.0,5.0,0.0,5.0
0.03801,39,8.0,8.0,4.0,12.0,3.0,15.0,0.0,15.0,1.0,16.0,3.0,19.0,3.0,22.0,1.0,23.0,0.0,23.0,0.0,23.0,0.0,23.0,0.0,23.0,0.0,23.0,0.0,23.0,0.0,23.0,0.0,23.0,0.0,23.0,0.0,23.0,0.0,23.0
0.03801,40,4.0,4.0,1.0,5.0,1.0,6.0,1.0,7.0,0.0,7.0,4.0,11.0,2.0,13.0,0.0,13.0,0.0,13.0,0.0,13.0,0.0,13.0,0.0,13.0,0.0,13.0,0.0,13.0,0.0,13.0,0.0,13.0,0.0,13.0,0.0,13.0,0.0,13.0
0.03801,41,6.0,6.0,2.0,8.0,5.0,13.0,4.0,17.0,4.0,21.0,7.0,28.0,6.0,34.0,4.0,38.0,0.0,38.0,0.0,38.0,1.0,39.0,2.0,41.0,4.0,45.0,0.0,45.0,0.0,45.0,0.0,45.0,0.0,45.0,0.0,45.0,0.0,45.0
0.03801,42,6.0,6.0,5.0,11.0,1.0,12.0,1.0,13.0,7.0,20.0,4.0,24.0,2.0,26.0,3.0,29.0,0.0,29.0,0.0,29.0,0.0,29.0,0.0,29.0,0.0,29.0,0.0,29.0,0.0,29.0,0.0,29.0,0.0,29.0,0.0,29.0,0.0,29.0
0.03801,43,10.0,10.0,2.0,12.0,0.0,12.0,0.0,12.0,0.0,12.0,0.0,12.0,0.0,12.0,0.0,12.0,0.0,12.0,0.0,12.0,0.0,12.0,0.0,12.0,0.0,12.0,0.0,12.0,0.0,12.0,0.0,12.0,0.0,12.0,0.0,12.0,0.0,12.0
0.03801,44,8.0,8.0,3.0,11.0,6.0,17.0,2.0,19.0,3.0,22.0,4.0,26.0,4.0,30.0,2.0,32.0,1.0,33.0,2.0,35.0,0.0,35.0,0.0,35.0,0.0,35.0,0.0,35.0,0.0,35.0,0.0,35.0,0.0,35.0,0.0,35.0,0.0,35.0
0.03801,45,4.0,4.0,3.0,7.0,4.0,11.0,3.0,14.0,8.0,22.0,7.0,29.0,9.0,38.0,1.0,39.0,0.0,39.0,0.0,39.0,0.0,39.0,0.0,39.0,0.0,39.0,0.0,39.0,0.0,39.0,0.0,39.0,0.0,39.0,0.0,39.0,0.0,39.0
0.03801,46,6.0,6.0,5.0,11.0,1.0,12.0,2.0,14.0,3.0,17.0,3.0,20.0,4.0,24.0,1.0,25.0,1.0,26.0,0.0,26.0,0.0,26.0,1.0,27.0,0.0,27.0,1.0,28.0,0.0,28.0,3.0,31.0,6.0,37.0,4.0,41.0,6.0,47.0
0.03801,47,8.0,8.0,5.0,13.0,1.0,14.0,0.0,14.0,1.0,15.0,1.0,16.0,1.0,17.0,0.0,17.0,2.0,19.0,3.0,22.0,3.0,25.0,6.0,31.0,8.0,39.0,1.0,40.0,0.0,40.0,1.0,41.0,1.0,42.0,3.0,45.0,6.0,51.0
0.03801,48,6.0,6.0,1.0,7.0,0.0,7.0,4.0,11.0,3.0,14.0,3.0,17.0,4.0,21.0,0.0,21.0,0.0,21.0,0.0,21.0,0.0,21.0,0.0,21.0,0.0,21.0,0.0,21.0,0.0,21.0,0.0,21.0,0.0,21.0,0.0,21.0,0.0,21.0
0.03801,49,8.0,8.0,7.0,15.0,1.0,16.0,1.0,17.0,0.0,17.0,1.0,18.0,2.0,20.0,1.0,21.0,0.0,21.0,0.0,21.0,0.0,21.0,0.0,21.0,0.0,21.0,0.0,21.0,0.0,21.0,0.0,21.0,1.0,22.0,4.0,26.0,5.0,31.0
0.03802,0,3.0,3.0,2.0,5.0,1.0,6.0,1.0,7.0,1.0,8.0,0.0,8.0,4.0,12.0,3.0,15.0,1.0,16.0,1.0,17.0,3.0,20.0,2.0,22.0,7.0,29.0,1.0,30.0,1.0,31.0,1.0,32.0,2.0,34.0,1.0,35.0,3.0,38.0
0.03802,1,9.0,9.0,3.0,12.0,0.0,12.0,0.0,12.0,0.0,12.0,0.0,12.0,0.0,12.0,0.0,12.0,0.0,12.0,0.0,12.0,0.0,12.0,0.0,12.0,0.0,12.0,0.0,12.0,0.0,12.0,0.0,12.0,0.0,12.0,0.0,12.0,0.0,12.0
0.03802,2,11.0,11.0,2.0,13.0,0.0,13.0,0.0,13.0,0.0,13.0,0.0,13.0,0.0,13.0,0.0,13.0,0.0,13.0,0.0,13.0,0.0,13.0,0.0,13.0,0.0,13.0,0.0,13.0,0.0,13.0,0.0,13.0,0.0,13.0,0.0,13.0,0.0,13.0
0.03802,3,6.0,6.0,2.0,8.0,7.0,15.0,4.0,19.0,4.0,23.0,9.0,32.0,9.0,41.0,3.0,44.0,0.0,44.0,0.0,44.0,0.0,44.0,0.0,44.0,0.0,44.0,0.0,44.0,0.0,44.0,0.0,44.0,0.0,44.0,0.0,44.0,0.0,44.0
0.03802,4,6.0,6.0,1.0,7.0,1.0,8.0,4.0,12.0,3.0,15.0,5.0,20.0,4.0,24.0,2.0,26.0,3.0,29.0,2.0,31.0,1.0,32.0,0.0,32.0,0.0,32.0,1.0,33.0,0.0,33.0,0.0,33.0,0.0,33.0,0.0,33.0,0.0,33.0
0.03802,5,8.0,8.0,3.0,11.0,0.0,11.0,2.0,13.0,1.0,14.0,2.0,16.0,4.0,20.0,0.0,20.0,0.0,20.0,0.0,20.0,0.0,20.0,0.0,20.0,0.0,20.0,0.0,20.0,0.0,20.0,0.0,20.0,0.0,20.0,0.0,20.0,0.0,20.0
0.03802,6,6.0,6.0,1.0,7.0,3.0,10.0,3.0,13.0,2.0,15.0,5.0,20.0,6.0,26.0,5.0,31.0,2.0,33.0,3.0,36.0,2.0,38.0,0.0,38.0,0.0,38.0,0.0,38.0,0.0,38.0,0.0,38.0,0.0,38.0,0.0,38.0,0.0,38.0
0.03802,7,6.0,6.0,3.0,9.0,0.0,9.0,0.0,9.0,0.0,9.0,0.0,9.0,0.0,9.0,0.0,9.0,0.0,9.0,0.0,9.0,0.0,9.0,0.0,9.0,0.0,9.0,0.0,9.0,0.0,9.0,0.0,9.0,0.0,9.0,0.0,9.0,0.0,9.0
0.03802,8,9.0,9.0,0.0,9.0,2.0,11.0,0.0,11.0,5.0,16.0,2.0,18.0,4.0,22.0,0.0,22.0,0.0,22.0,0.0,22.0,0.0,22.0,0.0,22.0,0.0,22.0,0.0,22.0,0.0,22.0,0.0,22.0,0.0,22.0,0.0,22.0,0.0,22.0
0.03802,9,7.0,7.0,6.0,13.0,2.0,15.0,4.0,19.0,3.0,22.0,4.0,26.0,4.0,30.0,3.0,33.0,1.0,34.0,1.0,35.0,5.0,40.0,1.0,41.0,1.0,42.0,2.0,44.0,0.0,44.0,0.0,44.0,0.0,44.0,0.0,44.0,0.0,44.0
0.03802,10,7.0,7.0,2.0,9.0,0.0,9.0,0.0,9.0,0.0,9.0,0.0,9.0,0.0,9.0,0.0,9.0,0.0,9.0,0.0,9.0,0.0,9.0,0.0,9.0,0.0,9.0,0.0,9.0,0.0,9.0,0.0,9.0,0.0,9.0,0.0,9.0,0.0,9.0
0.03802,11,5.0,5.0,2.0,7.0,0.0,7.0,0.0,7.0,0.0,7.0,0.0,7.0,0.0,7.0,0.0,7.0,0.0,7.0,0.0,7.0,0.0,7.0,0.0,7.0,0.0,7.0,0.0,7.0,0.0,7.0,0.0,7.0,0.0,7.0,0.0,7.0,0.0,7.0
0.03802,12,4.0,4.0,1.0,5.0,0.0,5.0,0.0,5.0,0.0,5.0,0.0,5.0,0.0,5.0,0.0,5.0,0.0,5.0,0.0,5.0,0.0,5.0,0.0,5.0,0.0,5.0,0.0,5.0,0.0,5.0,0.0,5.0,0.0,5.0,0.0,5.0,0.0,5.0
0.03802,13,2.0,2.0,2.0,4.0,0.0,4.0,0.0,4.0,0.0,4.0,0.0,4.0,0.0,4.0,0.0,4.0,0.0,4.0,0.0,4.0,2.0,6.0,0.0,6.0,2.0,8.0,0.0,8.0,0.0,8.0,0.0,8.0,0.0,8.0,0.0,8.0,0.0,8.0
0.03802,14,10.0,10.0,2.0,12.0,4.0,16.0,2.0,18.0,3.0,21.0,4.0,25.0,6.0,31.0,2.0,33.0,0.0,33.0,0.0,33.0,0.0,33.0,0.0,33.0,0.0,33.0,0.0,33.0,0.0,33.0,0.0,33.0,0.0,33.0,0.0,33.0,0.0,33.0
0.03802,15,11.0,11.0,2.0,13.0,2.0,15.0,3.0,18.0,4.0,22.0,7.0,29.0,5.0,34.0,4.0,38.0,2.0,40.0,3.0,43.0,3.0,46.0,3.0,49.0,4.0,53.0,2.0,55.0,0.0,55.0,0.0,55.0,0.0,55.0,0.0,55.0,0.0,55.0
0.03802,16,7.0,7.0,4.0,11.0,2.0,13.0,1.0,14.0,4.0,18.0,4.0,22.0,5.0,27.0,2.0,29.0,0.0,29.0,0.0,29.0,0.0,29.0,0.0,29.0,0.0,29.0,0.0,29.0,0.0,29.0,0.0,29.0,3.0,32.0,1.0,33.0,1.0,34.0
0.03802,17,8.0,8.0,4.0,12.0,1.0,13.0,1.0,14.0,2.0,16.0,1.0,17.0,5.0,22.0,1.0,23.0,0.0,23.0,0.0,23.0,0.0,23.0,0.0,23.0,0.0,23.0,0.0,23.0,0.0,23.0,0.0,23.0,0.0,23.0,0.0,23.0,0.0,23.0
0.03802,18,5.0,5.0,4.0,9.0,1.0,10.0,1.0,11.0,2.0,13.0,2.0,15.0,2.0,17.0,1.0,18.0,0.0,18.0,0.0,18.0,0.0,18.0,1.0,19.0,0.0,19.0,0.0,19.0,0.0,19.0,0.0,19.0,0.0,19.0,0.0,19.0,0.0,19.0
0.03802,19,6.0,6.0,6.0,12.0,0.0,12.0,0.0,12.0,2.0,14.0,0.0,14.0,0.0,14.0,1.0,15.0,0.0,15.0,0.0,15.0,0.0,15.0,0.0,15.0,0.0,15.0,0.0,15.0,0.0,15.0,0.0,15.0,0.0,15.0,0.0,15.0,0.0,15.0
0.03802,20,10.0,10.0,2.0,12.0,1.0,13.0,1.0,14.0,2.0,16.0,1.0,17.0,3.0,20.0,0.0,20.0,0.0,20.0,2.0,22.0,6.0,28.0,1.0,29.0,4.0,33.0,2.0,35.0,1.0,36.0,3.0,39.0,3.0,42.0,4.0,46.0,5.0,51.0
0.03802,21,10.0,10.0,0.0,10.0,0.0,10.0,0.0,10.0,0.0,10.0,0.0,10.0,0.0,10.0,0.0,10.0,0.0,10.0,0.0,10.0,1.0,11.0,0.0,11.0,2.0,13.0,0.0,13.0,0.0,13.0,0.0,13.0,0.0,13.0,0.0,13.0,0.0,13.0
0.03802,22,8.0,8.0,5.0,13.0,0.0,13.0,1.0,14.0,0.0,14.0,1.0,15.0,1.0,16.0,1.0,17.0,0.0,17.0,0.0,17.0,0.0,17.0,0.0,17.0,0.0,17.0,0.0,17.0,0.0,17.0,0.0,17.0,0.0,17.0,3.0,20.0,4.0,24.0
0.03802,23,6.0,6.0,3.0,9.0,4.0,13.0,6.0,19.0,4.0,23.0,9.0,32.0,5.0,37.0,0.0,37.0,0.0,37.0,0.0,37.0,0.0,37.0,0.0,37.0,0.0,37.0,0.0,37.0,0.0,37.0,0.0,37.0,0.0,37.0,0.0,37.0,0.0,37.0
0.03802,24,7.0,7.0,2.0,9.0,3.0,12.0,2.0,14.0,5.0,19.0,6.0,25.0,9.0,34.0,5.0,39.0,2.0,41.0,1.0,42.0,2.0,44.0,1.0,45.0,3.0,48.0,0.0,48.0,0.0,48.0,0.0,48.0,0.0,48.0,0.0,48.0,0.0,48.0
0.03802,25,8.0,8.0,4.0,12.0,3.0,15.0,6.0,21.0,2.0,23.0,5.0,28.0,8.0,36.0,6.0,42.0,2.0,44.0,0.0,44.0,4.0,48.0,2.0,50.0,3.0,53.0,1.0,54.0,0.0,54.0,3.0,57.0,0.0,57.0,0.0,57.0,1.0,58.0
0.03802,26,11.0,11.0,1.0,12.0,0.0,12.0,0.0,12.0,0.0,12.0,0.0,12.0,0.0,12.0,0.0,12.0,0.0,12.0,0.0,12.0,0.0,12.0,0.0,12.0,0.0,12.0,0.0,12.0,0.0,12.0,0.0,12.0,0.0,12.0,0.0,12.0,0.0,12.0
0.03802,27,5.0,5.0,5.0,10.0,2.0,12.0,4.0,16.0,2.0,18.0,4.0,22.0,4.0,26.0,4.0,30.0,1.0,31.0,2.0,33.0,5.0,38.0,3.0,41.0,5.0,46.0,4.0,50.0,2.0,52.0,1.0,53.0,2.0,55.0,3.0,58.0,3.0,61.0
0.03802,28,6.0,6.0,3.0,9.0,0.0,9.0,2.0,11.0,2.0,13.0,3.0,16.0,3.0,19.0,1.0,20.0,0.0,20.0,0.0,20.0,0.0,20.0,0.0,20.0,0.0,20.0,0.0,20.0,0.0,20.0,0.0,20.0,0.0,20.0,0.0,20.0,0.0,20.0
0.03802,29,10.0,10.0,6.0,16.0,2.0,18.0,8.0,26.0,8.0,34.0,5.0,39.0,5.0,44.0,4.0,48.0,1.0,49.0,1.0,50.0,0.0,50.0,0.0,50.0,0.0,50.0,1.0,51.0,0.0,51.0,0.0,51.0,0.0,51.0,0.0,51.0,0.0,51.0
0.03802,30,4.0,4.0,1.0,5.0,0.0,5.0,0.0,5.0,0.0,5.0,0.0,5.0,0.0,5.0,0.0,5.0,0.0,5.0,0.0,5.0,0.0,5.0,0.0,5.0,0.0,5.0,0.0,5.0,0.0,5.0,0.0,5.0,0.0,5.0,0.0,5.0,0.0,5.0
0.03802,31,3.0,3.0,5.0,8.0,2.0,10.0,3.0,13.0,5.0,18.0,4.0,22.0,6.0,28.0,1.0,29.0,0.0,29.0,0.0,29.0,0.0,29.0,0.0,29.0,0.0,29.0,0.0,29.0,0.0,29.0,0.0,29.0,0.0,29.0,0.0,29.0,0.0,29.0
0.03802,32,6.0,6.0,2.0,8.0,0.0,8.0,0.0,8.0,0.0,8.0,0.0,8.0,0.0,8.0,0.0,8.0,0.0,8.0,0.0,8.0,0.0,8.0,0.0,8.0,0.0,8.0,0.0,8.0,0.0,8.0,0.0,8.0,0.0,8.0,0.0,8.0,0.0,8.0
0.03802,33,5.0,5.0,5.0,10.0,1.0,11.0,3.0,14.0,4.0,18.0,2.0,20.0,7.0,27.0,8.0,35.0,2.0,37.0,4.0,41.0,6.0,47.0,11.0,58.0,10.0,68.0,3.0,71.0,0.0,71.0,1.0,72.0,0.0,72.0,0.0,72.0,0.0,72.0
0.03802,34,7.0,7.0,2.0,9.0,0.0,9.0,0.0,9.0,0.0,9.0,0.0,9.0,0.0,9.0,0.0,9.0,0.0,9.0,0.0,9.0,0.0,9.0,0.0,9.0,0.0,9.0,0.0,9.0,0.0,9.0,0.0,9.0,0.0,9.0,0.0,9.0,0.0,9.0
0.03802,35,7.0,7.0,3.0,10.0,2.0,12.0,2.0,14.0,0.0,14.0,2.0,16.0,1.0,17.0,0.0,17.0,0.0,17.0,0.0,17.0,0.0,17.0,0.0,17.0,0.0,17.0,0.0,17.0,0.0,17.0,0.0,17.0,0.0,17.0,0.0,17.0,0.0,17.0
0.03802,36,10.0,10.0,2.0,12.0,2.0,14.0,1.0,15.0,1.0,16.0,1.0,17.0,1.0,18.0,2.0,20.0,1.0,21.0,3.0,24.0,2.0,26.0,4.0,30.0,4.0,34.0,1.0,35.0,0.0,35.0,0.0,35.0,0.0,35.0,0.0,35.0,0.0,35.0
0.03802,37,9.0,9.0,3.0,12.0,0.0,12.0,1.0,13.0,3.0,16.0,1.0,17.0,3.0,20.0,2.0,22.0,0.0,22.0,0.0,22.0,0.0,22.0,0.0,22.0,0.0,22.0,0.0,22.0,0.0,22.0,0.0,22.0,0.0,22.0,0.0,22.0,0.0,22.0
0.03802,38,5.0,5.0,3.0,8.0,0.0,8.0,0.0,8.0,0.0,8.0,0.0,8.0,0.0,8.0,0.0,8.0,0.0,8.0,0.0,8.0,0.0,8.0,0.0,8.0,0.0,8.0,0.0,8.0,0.0,8.0,0.0,8.0,0.0,8.0,0.0,8.0,0.0,8.0
0.03802,39,5.0,5.0,3.0,8.0,1.0,9.0,5.0,14.0,4.0,18.0,3.0,21.0,12.0,33.0,1.0,34.0,0.0,34.0,0.0,34.0,0.0,34.0,0.0,34.0,0.0,34.0,0.0,34.0,0.0,34.0,0.0,34.0,1.0,35.0,0.0,35.0,0.0,35.0
0.03802,40,9.0,9.0,1.0,10.0,4.0,14.0,5.0,19.0,4.0,23.0,7.0,30.0,10.0,40.0,4.0,44.0,1.0,45.0,1.0,46.0,1.0,47.0,2.0,49.0,0.0,49.0,0.0,49.0,0.0,49.0,0.0,49.0,0.0,49.0,0.0,49.0,0.0,49.0
0.03802,41,7.0,7.0,2.0,9.0,3.0,12.0,3.0,15.0,3.0,18.0,2.0,20.0,4.0,24.0,1.0,25.0,0.0,25.0,0.0,25.0,0.0,25.0,0.0,25.0,0.0,25.0,0.0,25.0,0.0,25.0,0.0,25.0,0.0,25.0,0.0,25.0,0.0,25.0
0.03802,42,10.0,10.0,4.0,14.0,0.0,14.0,1.0,15.0,2.0,17.0,9.0,26.0,4.0,30.0,3.0,33.0,0.0,33.0,0.0,33.0,0.0,33.0,0.0,33.0,0.0,33.0,0.0,33.0,0.0,33.0,0.0,33.0,0.0,33.0,0.0,33.0,0.0,33.0
0.03802,43,6.0,6.0,5.0,11.0,1.0,12.0,1.0,13.0,2.0,15.0,1.0,16.0,4.0,20.0,1.0,21.0,0.0,21.0,0.0,21.0,0.0,21.0,0.0,21.0,0.0,21.0,0.0,21.0,0.0,21.0,0.0,21.0,0.0,21.0,0.0,21.0,0.0,21.0
0.03802,44,6.0,6.0,2.0,8.0,2.0,10.0,4.0,14.0,1.0,15.0,4.0,19.0,1.0,20.0,2.0,22.0,0.0,22.0,0.0,22.0,0.0,22.0,0.0,22.0,0.0,22.0,0.0,22.0,0.0,22.0,0.0,22.0,0.0,22.0,0.0,22.0,0.0,22.0
0.03802,45,9.0,9.0,4.0,13.0,3.0,16.0,3.0,19.0,1.0,20.0,3.0,23.0,5.0,28.0,4.0,32.0,1.0,33.0,1.0,34.0,1.0,35.0,4.0,39.0,3.0,42.0,1.0,43.0,0.0,43.0,0.0,43.0,0.0,43.0,0.0,43.0,0.0,43.0
0.03802,46,6.0,6.0,6.0,12.0,2.0,14.0,6.0,20.0,8.0,28.0,8.0,36.0,6.0,42.0,4.0,46.0,1.0,47.0,2.0,49.0,3.0,52.0,4.0,56.0,4.0,60.0,2.0,62.0,0.0,62.0,0.0,62.0,0.0,62.0,0.0,62.0,0.0,62.0
0.03802,47,8.0,8.0,8.0,16.0,6.0,22.0,3.0,25.0,7.0,32.0,8.0,40.0,8.0,48.0,4.0,52.0,0.0,52.0,0.0,52.0,0.0,52.0,0.0,52.0,0.0,52.0,0.0,52.0,0.0,52.0,0.0,52.0,0.0,52.0,0.0,52.0,0.0,52.0
0.03802,48,4.0,4.0,1.0,5.0,0.0,5.0,0.0,5.0,0.0,5.0,0.0,5.0,0.0,5.0,0.0,5.0,0.0,5.0,0.0,5.0,0.0,5.0,0.0,5.0,0.0,5.0,0.0,5.0,0.0,5.0,0.0,5.0,0.0,5.0,0.0,5.0,0.0,5.0
0.03802,49,9.0,9.0,9.0,18.0,2.0,20.0,1.0,21.0,3.0,24.0,2.0,26.0,3.0,29.0,4.0,33.0,5.0,38.0,6.0,44.0,3.0,47.0,7.0,54.0,7.0,61.0,1.0,62.0,1.0,63.0,0.0,63.0,2.0,65.0,1.0,66.0,1.0,67.0
0.03803,0,2.0,2.0,2.0,4.0,0.0,4.0,0.0,4.0,1.0,5.0,0.0,5.0,0.0,5.0,0.0,5.0,0.0,5.0,0.0,5.0,0.0,5.0,0.0,5.0,0.0,5.0,0.0,5.0,0.0,5.0,0.0,5.0,0.0,5.0,0.0,5.0,0.0,5.0
0.03803,1,3.0,3.0,1.0,4.0,0.0,4.0,0.0,4.0,0.0,4.0,0.0,4.0,0.0,4.0,0.0,4.0,0.0,4.0,0.0,4.0,0.0,4.0,0.0,4.0,0.0,4.0,0.0,4.0,0.0,4.0,0.0,4.0,0.0,4.0,0.0,4.0,0.0,4.0
0.03803,2,10.0,10.0,5.0,15.0,4.0,19.0,4.0,23.0,7.0,30.0,10.0,40.0,5.0,45.0,1.0,46.0,0.0,46.0,0.0,46.0,0.0,46.0,0.0,46.0,0.0,46.0,0.0,46.0,0.0,46.0,0.0,46.0,0.0,46.0,0.0,46.0,0.0,46.0
0.03803,3,7.0,7.0,5.0,12.0,0.0,12.0,2.0,14.0,1.0,15.0,3.0,18.0,7.0,25.0,3.0,28.0,2.0,30.0,1.0,31.0,5.0,36.0,7.0,43.0,5.0,48.0,3.0,51.0,4.0,55.0,0.0,55.0,2.0,57.0,0.0,57.0,2.0,59.0
0.03803,4,9.0,9.0,5.0,14.0,2.0,16.0,2.0,18.0,2.0,20.0,1.0,21.0,1.0,22.0,2.0,24.0,0.0,24.0,0.0,24.0,3.0,27.0,6.0,33.0,7.0,40.0,4.0,44.0,1.0,45.0,2.0,47.0,5.0,52.0,3.0,55.0,4.0,59.0
0.03803,5,6.0,6.0,5.0,11.0,3.0,14.0,1.0,15.0,2.0,17.0,1.0,18.0,2.0,20.0,0.0,20.0,0.0,20.0,0.0,20.0,0.0,20.0,0.0,20.0,0.0,20.0,0.0,20.0,0.0,20.0,0.0,20.0,0.0,20.0,0.0,20.0,0.0,20.0
0.03803,6,5.0,5.0,1.0,6.0,0.0,6.0,0.0,6.0,0.0,6.0,0.0,6.0,0.0,6.0,0.0,6.0,0.0,6.0,0.0,6.0,0.0,6.0,0.0,6.0,0.0,6.0,0.0,6.0,0.0,6.0,0.0,6.0,0.0,6.0,0.0,6.0,0.0,6.0
0.03803,7,6.0,6.0,1.0,7.0,0.0,7.0,0.0,7.0,0.0,7.0,0.0,7.0,0.0,7.0,0.0,7.0,0.0,7.0,0.0,7.0,0.0,7.0,0.0,7.0,0.0,7.0,0.0,7.0,0.0,7.0,0.0,7.0,0.0,7.0,0.0,7.0,0.0,7.0
0.03803,8,6.0,6.0,1.0,7.0,0.0,7.0,0.0,7.0,0.0,7.0,0.0,7.0,0.0,7.0,0.0,7.0,0.0,7.0,0.0,7.0,0.0,7.0,0.0,7.0,0.0,7.0,0.0,7.0,0.0,7.0,0.0,7.0,0.0,7.0,0.0,7.0,0.0,7.0
0.03803,9,5.0,5.0,0.0,5.0,0.0,5.0,0.0,5.0,1.0,6.0,0.0,6.0,3.0,9.0,0.0,9.0,0.0,9.0,0.0,9.0,0.0,9.0,0.0,9.0,0.0,9.0,0.0,9.0,0.0,9.0,0.0,9.0,0.0,9.0,0.0,9.0,0.0,9.0
0.03803,10,9.0,9.0,0.0,9.0,0.0,9.0,0.0,9.0,0.0,9.0,0.0,9.0,0.0,9.0,0.0,9.0,0.0,9.0,1.0,10.0,2.0,12.0,1.0,13.0,3.0,16.0,2.0,18.0,0.0,18.0,2.0,20.0,0.0,20.0,2.0,22.0,4.0,26.0
0.03803,11,10.0,10.0,3.0,13.0,1.0,14.0,1.0,15.0,1.0,16.0,3.0,19.0,3.0,22.0,0.0,22.0,1.0,23.0,0.0,23.0,0.0,23.0,0.0,23.0,0.0,23.0,0.0,23.0,0.0,23.0,0.0,23.0,0.0,23.0,0.0,23.0,0.0,23.0
0.03803,12,7.0,7.0,2.0,9.0,1.0,10.0,1.0,11.0,0.0,11.0,6.0,17.0,7.0,24.0,1.0,25.0,0.0,25.0,0.0,25.0,0.0,25.0,0.0,25.0,0.0,25.0,0.0,25.0,0.0,25.0,0.0,25.0,0.0,25.0,0.0,25.0,0.0,25.0
0.03803,13,7.0,7.0,2.0,9.0,0.0,9.0,0.0,9.0,0.0,9.0,0.0,9.0,0.0,9.0,0.0,9.0,5.0,14.0,1.0,15.0,1.0,16.0,3.0,19.0,2.0,21.0,2.0,23.0,2.0,25.0,0.0,25.0,3.0,28.0,1.0,29.0,3.0,32.0
0.03803,14,2.0,2.0,2.0,4.0,0.0,4.0,0.0,4.0,0.0,4.0,0.0,4.0,0.0,4.0,0.0,4.0,0.0,4.0,0.0,4.0,0.0,4.0,0.0,4.0,0.0,4.0,0.0,4.0,0.0,4.0,0.0,4.0,0.0,4.0,0.0,4.0,0.0,4.0
0.03803,15,9.0,9.0,3.0,12.0,2.0,14.0,1.0,15.0,5.0,20.0,1.0,21.0,5.0,26.0,1.0,27.0,0.0,27.0,0.0,27.0,0.0,27.0,0.0,27.0,0.0,27.0,0.0,27.0,0.0,27.0,0.0,27.0,0.0,27.0,0.0,27.0,0.0,27.0
0.03803,16,4.0,4.0,2.0,6.0,0.0,6.0,0.0,6.0,0.0,6.0,0.0,6.0,0.0,6.0,0.0,6.0,0.0,6.0,0.0,6.0,0.0,6.0,0.0,6.0,0.0,6.0,0.0,6.0,0.0,6.0,0.0,6.0,0.0,6.0,0.0,6.0,0.0,6.0
0.03803,17,8.0,8.0,2.0,10.0,6.0,16.0,3.0,19.0,5.0,24.0,10.0,34.0,9.0,43.0,3.0,46.0,0.0,46.0,4.0,50.0,0.0,50.0,1.0,51.0,4.0,55.0,1.0,56.0,0.0,56.0,0.0,56.0,0.0,56.0,0.0,56.0,0.0,56.0
0.03803,18,9.0,9.0,4.0,13.0,1.0,14.0,2.0,16.0,1.0,17.0,3.0,20.0,3.0,23.0,1.0,24.0,1.0,25.0,4.0,29.0,4.0,33.0,2.0,35.0,15.0,50.0,1.0,51.0,2.0,53.0,0.0,53.0,1.0,54.0,1.0,55.0,2.0,57.0
0.03803,19,10.0,10.0,1.0,11.0,0.0,11.0,0.0,11.0,0.0,11.0,0.0,11.0,0.0,11.0,0.0,11.0,0.0,11.0,0.0,11.0,0.0,11.0,0.0,11.0,0.0,11.0,0.0,11.0,0.0,11.0,0.0,11.0,0.0,11.0,0.0,11.0,0.0,11.0
0.03803,20,6.0,6.0,4.0,10.0,2.0,12.0,2.0,14.0,1.0,15.0,2.0,17.0,2.0,19.0,0.0,19.0,0.0,19.0,0.0,19.0,0.0,19.0,0.0,19.0,0.0,19.0,0.0,19.0,0.0,19.0,0.0,19.0,0.0,19.0,0.0,19.0,0.0,19.0
0.03803,21,7.0,7.0,4.0,11.0,1.0,12.0,5.0,17.0,5.0,22.0,5.0,27.0,7.0,34.0,1.0,35.0,0.0,35.0,0.0,35.0,0.0,35.0,0.0,35.0,0.0,35.0,0.0,35.0,0.0,35.0,0.0,35.0,0.0,35.0,0.0,35.0,0.0,35.0
0.03803,22,7.0,7.0,6.0,13.0,3.0,16.0,2.0,18.0,6.0,24.0,5.0,29.0,7.0,36.0,2.0,38.0,1.0,39.0,2.0,41.0,3.0,44.0,4.0,48.0,3.0,51.0,1.0,52.0,0.0,52.0,0.0,52.0,0.0,52.0,0.0,52.0,0.0,52.0
0.03803,23,4.0,4.0,2.0,6.0,1.0,7.0,1.0,8.0,3.0,11.0,2.0,13.0,2.0,15.0,4.0,19.0,0.0,19.0,0.0,19.0,0.0,19.0,0.0,19.0,0.0,19.0,0.0,19.0,0.0,19.0,0.0,19.0,0.0,19.0,0.0,19.0,0.0,19.0
0.03803,24,6.0,6.0,6.0,12.0,1.0,13.0,2.0,15.0,4.0,19.0,3.0,22.0,3.0,25.0,3.0,28.0,3.0,31.0,9.0,40.0,8.0,48.0,5.0,53.0,8.0,61.0,0.0,61.0,0.0,61.0,2.0,63.0,8.0,71.0,3.0,74.0,5.0,79.0
0.03803,25,5.0,5.0,4.0,9.0,7.0,16.0,6.0,22.0,6.0,28.0,5.0,33.0,9.0,42.0,3.0,45.0,2.0,47.0,4.0,51.0,3.0,54.0,6.0,60.0,11.0,71.0,3.0,74.0,0.0,74.0,0.0,74.0,0.0,74.0,0.0,74.0,0.0,74.0
0.03803,26,8.0,8.0,2.0,10.0,0.0,10.0,0.0,10.0,0.0,10.0,1.0,11.0,1.0,12.0,1.0,13.0,1.0,14.0,1.0,15.0,1.0,16.0,1.0,17.0,0.0,17.0,0.0,17.0,0.0,17.0,0.0,17.0,0.0,17.0,0.0,17.0,0.0,17.0
0.03803,27,10.0,10.0,0.0,10.0,1.0,11.0,0.0,11.0,5.0,16.0,4.0,20.0,5.0,25.0,2.0,27.0,0.0,27.0,0.0,27.0,0.0,27.0,0.0,27.0,0.0,27.0,0.0,27.0,0.0,27.0,0.0,27.0,0.0,27.0,0.0,27.0,0.0,27.0
0.03803,28,10.0,10.0,1.0,11.0,0.0,11.0,1.0,12.0,2.0,14.0,2.0,16.0,2.0,18.0,1.0,19.0,4.0,23.0,0.0,23.0,1.0,24.0,3.0,27.0,3.0,30.0,1.0,31.0,0.0,31.0,0.0,31.0,0.0,31.0,0.0,31.0,0.0,31.0
0.03803,29,8.0,8.0,4.0,12.0,5.0,17.0,4.0,21.0,5.0,26.0,5.0,31.0,3.0,34.0,2.0,36.0,0.0,36.0,0.0,36.0,0.0,36.0,0.0,36.0,0.0,36.0,0.0,36.0,0.0,36.0,0.0,36.0,0.0,36.0,0.0,36.0,0.0,36.0
0.03803,30,4.0,4.0,2.0,6.0,0.0,6.0,1.0,7.0,1.0,8.0,3.0,11.0,0.0,11.0,0.0,11.0,3.0,14.0,3.0,17.0,2.0,19.0,1.0,20.0,6.0,26.0,1.0,27.0,0.0,27.0,0.0,27.0,0.0,27.0,0.0,27.0,0.0,27.0
0.03803,31,8.0,8.0,4.0,12.0,2.0,14.0,1.0,15.0,2.0,17.0,4.0,21.0,1.0,22.0,2.0,24.0,1.0,25.0,1.0,26.0,1.0,27.0,0.0,27.0,0.0,27.0,0.0,27.0,0.0,27.0,0.0,27.0,0.0,27.0,0.0,27.0,0.0,27.0
0.03803,32,4.0,4.0,4.0,8.0,0.0,8.0,0.0,8.0,0.0,8.0,0.0,8.0,0.0,8.0,0.0,8.0,1.0,9.0,3.0,12.0,1.0,13.0,1.0,14.0,2.0,16.0,1.0,17.0,0.0,17.0,0.0,17.0,0.0,17.0,0.0,17.0,0.0,17.0
0.03803,33,3.0,3.0,2.0,5.0,1.0,6.0,3.0,9.0,4.0,13.0,5.0,18.0,5.0,23.0,1.0,24.0,0.0,24.0,1.0,25.0,1.0,26.0,0.0,26.0,1.0,27.0,0.0,27.0,0.0,27.0,0.0,27.0,0.0,27.0,0.0,27.0,0.0,27.0
0.03803,34,14.0,14.0,2.0,16.0,0.0,16.0,0.0,16.0,0.0,16.0,0.0,16.0,0.0,16.0,0.0,16.0,0.0,16.0,0.0,16.0,0.0,16.0,0.0,16.0,0.0,16.0,0.0,16.0,0.0,16.0,0.0,16.0,0.0,16.0,0.0,16.0,0.0,16.0
0.03803,35,10.0,10.0,1.0,11.0,0.0,11.0,0.0,11.0,0.0,11.0,0.0,11.0,0.0,11.0,0.0,11.0,0.0,11.0,0.0,11.0,0.0,11.0,0.0,11.0,0.0,11.0,0.0,11.0,0.0,11.0,0.0,11.0,0.0,11.0,0.0,11.0,0.0,11.0
0.03803,36,4.0,4.0,2.0,6.0,0.0,6.0,0.0,6.0,0.0,6.0,0.0,6.0,0.0,6.0,0.0,6.0,0.0,6.0,0.0,6.0,0.0,6.0,0.0,6.0,0.0,6.0,0.0,6.0,0.0,6.0,0.0,6.0,0.0,6.0,0.0,6.0,0.0,6.0
0.03803,37,7.0,7.0,1.0,8.0,0.0,8.0,1.0,9.0,3.0,12.0,4.0,16.0,2.0,18.0,0.0,18.0,0.0,18.0,0.0,18.0,0.0,18.0,0.0,18.0,0.0,18.0,0.0,18.0,0.0,18.0,0.0,18.0,0.0,18.0,0.0,18.0,0.0,18.0
0.03803,38,6.0,6.0,6.0,12.0,4.0,16.0,4.0,20.0,3.0,23.0,4.0,27.0,6.0,33.0,2.0,35.0,0.0,35.0,0.0,35.0,0.0,35.0,0.0,35.0,0.0,35.0,0.0,35.0,0.0,35.0,0.0,35.0,0.0,35.0,0.0,35.0,0.0,35.0
0.03803,39,7.0,7.0,1.0,8.0,0.0,8.0,0.0,8.0,0.0,8.0,0.0,8.0,0.0,8.0,0.0,8.0,0.0,8.0,0.0,8.0,0.0,8.0,0.0,8.0,0.0,8.0,0.0,8.0,0.0,8.0,0.0,8.0,0.0,8.0,0.0,8.0,0.0,8.0
0.03803,40,8.0,8.0,4.0,12.0,4.0,16.0,3.0,19.0,1.0,20.0,4.0,24.0,2.0,26.0,0.0,26.0,0.0,26.0,4.0,30.0,2.0,32.0,3.0,35.0,5.0,40.0,2.0,42.0,0.0,42.0,6.0,48.0,1.0,49.0,6.0,55.0,3.0,58.0
0.03803,41,8.0,8.0,4.0,12.0,1.0,13.0,4.0,17.0,4.0,21.0,3.0,24.0,2.0,26.0,0.0,26.0,0.0,26.0,0.0,26.0,0.0,26.0,0.0,26.0,0.0,26.0,0.0,26.0,0.0,26.0,0.0,26.0,0.0,26.0,0.0,26.0,0.0,26.0
0.03803,42,6.0,6.0,1.0,7.0,1.0,8.0,2.0,10.0,0.0,10.0,1.0,11.0,0.0,11.0,1.0,12.0,0.0,12.0,0.0,12.0,0.0,12.0,0.0,12.0,0.0,12.0,0.0,12.0,0.0,12.0,0.0,12.0,0.0,12.0,0.0,12.0,0.0,12.0
0.03803,43,3.0,3.0,6.0,9.0,0.0,9.0,0.0,9.0,0.0,9.0,0.0,9.0,0.0,9.0,0.0,9.0,0.0,9.0,0.0,9.0,0.0,9.0,0.0,9.0,0.0,9.0,0.0,9.0,0.0,9.0,0.0,9.0,0.0,9.0,0.0,9.0,0.0,9.0
0.03803,44,9.0,9.0,2.0,11.0,0.0,11.0,0.0,11.0,1.0,12.0,2.0,14.0,1.0,15.0,0.0,15.0,0.0,15.0,1.0,16.0,1.0,17.0,3.0,20.0,2.0,22.0,0.0,22.0,0.0,22.0,0.0,22.0,0.0,22.0,0.0,22.0,0.0,22.0
0.03803,45,10.0,10.0,2.0,12.0,2.0,14.0,5.0,19.0,2.0,21.0,4.0,25.0,5.0,30.0,3.0,33.0,0.0,33.0,0.0,33.0,0.0,33.0,0.0,33.0,0.0,33.0,0.0,33.0,0.0,33.0,0.0,33.0,0.0,33.0,0.0,33.0,0.0,33.0
0.03803,46,13.0,13.0,6.0,19.0,3.0,22.0,4.0,26.0,3.0,29.0,3.0,32.0,4.0,36.0,3.0,39.0,0.0,39.0,2.0,41.0,1.0,42.0,5.0,47.0,1.0,48.0,0.0,48.0,0.0,48.0,0.0,48.0,0.0,48.0,0.0,48.0,0.0,48.0
0.03803,47,11.0,11.0,4.0,15.0,5.0,20.0,6.0,26.0,5.0,31.0,7.0,38.0,13.0,51.0,4.0,55.0,1.0,56.0,1.0,57.0,2.0,59.0,3.0,62.0,2.0,64.0,2.0,66.0,0.0,66.0,0.0,66.0,0.0,66.0,0.0,66.0,0.0,66.0
0.03803,48,5.0,5.0,1.0,6.0,0.0,6.0,0.0,6.0,0.0,6.0,0.0,6.0,0.0,6.0,0.0,6.0,0.0,6.0,0.0,6.0,0.0,6.0,0.0,6.0,0.0,6.0,0.0,6.0,0.0,6.0,0.0,6.0,0.0,6.0,0.0,6.0,0.0,6.0
0.03803,49,9.0,9.0,1.0,10.0,0.0,10.0,0.0,10.0,1.0,11.0,1.0,12.0,4.0,16.0,3.0,19.0,1.0,20.0,0.0,20.0,2.0,22.0,3.0,25.0,7.0,32.0,6.0,38.0,3.0,41.0,4.0,45.0,1.0,46.0,4.0,50.0,2.0,52.0
0.03806,0,5.0,5.0,1.0,6.0,0.0,6.0,0.0,6.0,0.0,6.0,0.0,6.0,0.0,6.0,0.0,6.0,0.0,6.0,0.0,6.0,0.0,6.0,0.0,6.0,0.0,6.0,0.0,6.0,0.0,6.0,0.0,6.0,0.0,6.0,0.0,6.0,0.0,6.0
0.03806,1,5.0,5.0,1.0,6.0,2.0,8.0,4.0,12.0,0.0,12.0,3.0,15.0,2.0,17.0,0.0,17.0,2.0,19.0,2.0,21.0,4.0,25.0,5.0,30.0,6.0,36.0,2.0,38.0,2.0,40.0,4.0,44.0,3.0,47.0,4.0,51.0,8.0,59.0
0.03806,2,10.0,10.0,2.0,12.0,0.0,12.0,0.0,12.0,0.0,12.0,0.0,12.0,0.0,12.0,0.0,12.0,0.0,12.0,0.0,12.0,0.0,12.0,0.0,12.0,0.0,12.0,0.0,12.0,0.0,12.0,0.0,12.0,0.0,12.0,0.0,12.0,0.0,12.0
0.03806,3,10.0,10.0,1.0,11.0,0.0,11.0,0.0,11.0,1.0,12.0,0.0,12.0,0.0,12.0,0.0,12.0,0.0,12.0,0.0,12.0,0.0,12.0,0.0,12.0,0.0,12.0,0.0,12.0,0.0,12.0,0.0,12.0,0.0,12.0,0.0,12.0,0.0,12.0
0.03806,4,10.0,10.0,6.0,16.0,3.0,19.0,5.0,24.0,2.0,26.0,3.0,29.0,9.0,38.0,0.0,38.0,0.0,38.0,0.0,38.0,0.0,38.0,0.0,38.0,0.0,38.0,0.0,38.0,0.0,38.0,0.0,38.0,0.0,38.0,0.0,38.0,0.0,38.0
0.03806,5,10.0,10.0,2.0,12.0,0.0,12.0,0.0,12.0,0.0,12.0,0.0,12.0,0.0,12.0,0.0,12.0,0.0,12.0,0.0,12.0,0.0,12.0,0.0,12.0,0.0,12.0,0.0,12.0,0.0,12.0,0.0,12.0,0.0,12.0,0.0,12.0,0.0,12.0
0.03806,6,8.0,8.0,4.0,12.0,5.0,17.0,2.0,19.0,4.0,23.0,3.0,26.0,8.0,34.0,1.0,35.0,0.0,35.0,0.0,35.0,0.0,35.0,0.0,35.0,0.0,35.0,0.0,35.0,0.0,35.0,0.0,35.0,0.0,35.0,0.0,35.0,0.0,35.0
0.03806,7,9.0,9.0,3.0,12.0,0.0,12.0,0.0,12.0,0.0,12.0,0.0,12.0,0.0,12.0,0.0,12.0,0.0,12.0,0.0,12.0,0.0,12.0,0.0,12.0,0.0,12.0,0.0,12.0,0.0,12.0,0.0,12.0,0.0,12.0,0.0,12.0,0.0,12.0
0.03806,8,8.0,8.0,5.0,13.0,0.0,13.0,1.0,14.0,4.0,18.0,1.0,19.0,3.0,22.0,0.0,22.0,1.0,23.0,1.0,24.0,0.0,24.0,0.0,24.0,2.0,26.0,0.0,26.0,0.0,26.0,0.0,26.0,0.0,26.0,0.0,26.0,0.0,26.0
0.03806,9,4.0,4.0,4.0,8.0,0.0,8.0,0.0,8.0,0.0,8.0,0.0,8.0,0.0,8.0,0.0,8.0,0.0,8.0,0.0,8.0,0.0,8.0,0.0,8.0,0.0,8.0,0.0,8.0,0.0,8.0,0.0,8.0,0.0,8.0,0.0,8.0,0.0,8.0
0.03806,10,12.0,12.0,4.0,16.0,0.0,16.0,0.0,16.0,0.0,16.0,0.0,16.0,0.0,16.0,0.0,16.0,0.0,16.0,0.0,16.0,0.0,16.0,0.0,16.0,0.0,16.0,0.0,16.0,0.0,16.0,0.0,16.0,0.0,16.0,0.0,16.0,0.0,16.0
0.03806,11,7.0,7.0,4.0,11.0,0.0,11.0,0.0,11.0,0.0,11.0,0.0,11.0,0.0,11.0,0.0,11.0,0.0,11.0,0.0,11.0,0.0,11.0,0.0,11.0,0.0,11.0,0.0,11.0,0.0,11.0,0.0,11.0,0.0,11.0,0.0,11.0,0.0,11.0
0.03806,12,8.0,8.0,3.0,11.0,0.0,11.0,0.0,11.0,0.0,11.0,0.0,11.0,0.0,11.0,0.0,11.0,0.0,11.0,0.0,11.0,0.0,11.0,0.0,11.0,0.0,11.0,0.0,11.0,0.0,11.0,0.0,11.0,0.0,11.0,0.0,11.0,0.0,11.0
0.03806,13,5.0,5.0,6.0,11.0,1.0,12.0,2.0,14.0,2.0,16.0,5.0,21.0,6.0,27.0,0.0,27.0,0.0,27.0,0.0,27.0,0.0,27.0,0.0,27.0,0.0,27.0,0.0,27.0,0.0,27.0,0.0,27.0,0.0,27.0,0.0,27.0,0.0,27.0
0.03806,14,7.0,7.0,2.0,9.0,0.0,9.0,0.0,9.0,0.0,9.0,0.0,9.0,0.0,9.0,0.0,9.0,0.0,9.0,0.0,9.0,0.0,9.0,0.0,9.0,0.0,9.0,0.0,9.0,0.0,9.0,0.0,9.0,0.0,9.0,0.0,9.0,0.0,9.0
0.03806,15,7.0,7.0,2.0,9.0,0.0,9.0,0.0,9.0,0.0,9.0,0.0,9.0,0.0,9.0,0.0,9.0,0.0,9.0,0.0,9.0,0.0,9.0,0.0,9.0,0.0,9.0,0.0,9.0,0.0,9.0,0.0,9.0,0.0,9.0,0.0,9.0,0.0,9.0
0.03806,16,9.0,9.0,6.0,15.0,1.0,16.0,3.0,19.0,1.0,20.0,1.0,21.0,2.0,23.0,1.0,24.0,0.0,24.0,0.0,24.0,0.0,24.0,0.0,24.0,0.0,24.0,0.0,24.0,0.0,24.0,0.0,24.0,0.0,24.0,0.0,24.0,0.0,24.0
0.03806,17,10.0,10.0,3.0,13.0,0.0,13.0,0.0,13.0,0.0,13.0,0.0,13.0,0.0,13.0,0.0,13.0,0.0,13.0,0.0,13.0,0.0,13.0,0.0,13.0,0.0,13.0,0.0,13.0,0.0,13.0,0.0,13.0,0.0,13.0,0.0,13.0,0.0,13.0
0.03806,18,6.0,6.0,4.0,10.0,2.0,12.0,3.0,15.0,2.0,17.0,1.0,18.0,7.0,25.0,2.0,27.0,0.0,27.0,0.0,27.0,0.0,27.0,0.0,27.0,0.0,27.0,0.0,27.0,0.0,27.0,0.0,27.0,0.0,27.0,0.0,27.0,0.0,27.0
0.03806,19,6.0,6.0,1.0,7.0,2.0,9.0,1.0,10.0,3.0,13.0,2.0,15.0,6.0,21.0,1.0,22.0,1.0,23.0,2.0,25.0,6.0,31.0,3.0,34.0,4.0,38.0,0.0,38.0,1.0,39.0,1.0,40.0,1.0,41.0,0.0,41.0,0.0,41.0
0.03806,20,8.0,8.0,1.0,9.0,2.0,11.0,3.0,14.0,2.0,16.0,1.0,17.0,0.0,17.0,0.0,17.0,4.0,21.0,3.0,24.0,0.0,24.0,2.0,26.0,3.0,29.0,2.0,31.0,0.0,31.0,4.0,35.0,6.0,41.0,3.0,44.0,2.0,46.0
0.03806,21,9.0,9.0,3.0,12.0,3.0,15.0,5.0,20.0,4.0,24.0,5.0,29.0,10.0,39.0,3.0,42.0,0.0,42.0,0.0,42.0,0.0,42.0,0.0,42.0,0.0,42.0,0.0,42.0,0.0,42.0,0.0,42.0,0.0,42.0,0.0,42.0,0.0,42.0
0.03806,22,6.0,6.0,2.0,8.0,0.0,8.0,0.0,8.0,0.0,8.0,0.0,8.0,0.0,8.0,0.0,8.0,0.0,8.0,0.0,8.0,0.0,8.0,0.0,8.0,0.0,8.0,0.0,8.0,0.0,8.0,0.0,8.0,0.0,8.0,0.0,8.0,0.0,8.0
0.03806,23,4.0,4.0,5.0,9.0,1.0,10.0,2.0,12.0,4.0,16.0,5.0,21.0,5.0,26.0,1.0,27.0,1.0,28.0,1.0,29.0,1.0,30.0,2.0,32.0,2.0,34.0,0.0,34.0,2.0,36.0,1.0,37.0,1.0,38.0,3.0,41.0,3.0,44.0
0.03806,24,9.0,9.0,2.0,11.0,2.0,13.0,4.0,17.0,7.0,24.0,9.0,33.0,11.0,44.0,3.0,47.0,2.0,49.0,2.0,51.0,2.0,53.0,1.0,54.0,2.0,56.0,4.0,60.0,0.0,60.0,1.0,61.0,5.0,66.0,6.0,72.0,4.0,76.0
0.03806,25,8.0,8.0,4.0,12.0,1.0,13.0,1.0,14.0,1.0,15.0,1.0,16.0,0.0,16.0,0.0,16.0,0.0,16.0,0.0,16.0,0.0,16.0,0.0,16.0,0.0,16.0,0.0,16.0,0.0,16.0,0.0,16.0,0.0,16.0,0.0,16.0,0.0,16.0
0.03806,26,6.0,6.0,5.0,11.0,0.0,11.0,1.0,12.0,2.0,14.0,0.0,14.0,1.0,15.0,1.0,16.0,0.0,16.0,0.0,16.0,0.0,16.0,0.0,16.0,0.0,16.0,0.0,16.0,0.0,16.0,0.0,16.0,0.0,16.0,0.0,16.0,0.0,16.0
0.03806,27,7.0,7.0,3.0,10.0,0.0,10.0,7.0,17.0,4.0,21.0,5.0,26.0,4.0,30.0,1.0,31.0,0.0,31.0,0.0,31.0,0.0,31.0,0.0,31.0,0.0,31.0,0.0,31.0,0.0,31.0,0.0,31.0,0.0,31.0,0.0,31.0,0.0,31.0
0.03806,28,6.0,6.0,3.0,9.0,2.0,11.0,1.0,12.0,1.0,13.0,2.0,15.0,5.0,20.0,1.0,21.0,0.0,21.0,0.0,21.0,3.0,24.0,1.0,25.0,2.0,27.0,1.0,28.0,0.0,28.0,0.0,28.0,0.0,28.0,0.0,28.0,0.0,28.0
0.03806,29,10.0,10.0,3.0,13.0,0.0,13.0,0.0,13.0,0.0,13.0,0.0,13.0,0.0,13.0,0.0,13.0,0.0,13.0,0.0,13.0,0.0,13.0,0.0,13.0,0.0,13.0,0.0,13.0,0.0,13.0,0.0,13.0,0.0,13.0,0.0,13.0,0.0,13.0
0.03806,30,5.0,5.0,2.0,7.0,0.0,7.0,2.0,9.0,1.0,10.0,3.0,13.0,5.0,18.0,0.0,18.0,0.0,18.0,0.0,18.0,0.0,18.0,0.0,18.0,0.0,18.0,0.0,18.0,0.0,18.0,0.0,18.0,0.0,18.0,0.0,18.0,0.0,18.0
0.03806,31,6.0,6.0,1.0,7.0,2.0,9.0,0.0,9.0,2.0,11.0,0.0,11.0,1.0,12.0,0.0,12.0,0.0,12.0,0.0,12.0,0.0,12.0,0.0,12.0,0.0,12.0,0.0,12.0,0.0,12.0,0.0,12.0,0.0,12.0,0.0,12.0,0.0,12.0
0.03806,32,9.0,9.0,4.0,13.0,9.0,22.0,4.0,26.0,7.0,33.0,8.0,41.0,7.0,48.0,5.0,53.0,4.0,57.0,0.0,57.0,2.0,59.0,1.0,60.0,4.0,64.0,0.0,64.0,1.0,65.0,1.0,66.0,1.0,67.0,0.0,67.0,2.0,69.0
0.03806,33,7.0,7.0,5.0,12.0,0.0,12.0,1.0,13.0,0.0,13.0,3.0,16.0,2.0,18.0,3.0,21.0,1.0,22.0,1.0,23.0,2.0,25.0,1.0,26.0,3.0,29.0,0.0,29.0,1.0,30.0,0.0,30.0,0.0,30.0,1.0,31.0,2.0,33.0
0.03806,34,7.0,7.0,3.0,10.0,0.0,10.0,0.0,10.0,0.0,10.0,0.0,10.0,0.0,10.0,0.0,10.0,0.0,10.0,0.0,10.0,0.0,10.0,0.0,10.0,0.0,10.0,0.0,10.0,0.0,10.0,0.0,10.0,0.0,10.0,0.0,10.0,0.0,10.0
0.03806,35,8.0,8.0,3.0,11.0,2.0,13.0,1.0,14.0,5.0,19.0,6.0,25.0,2.0,27.0,2.0,29.0,0.0,29.0,1.0,30.0,2.0,32.0,2.0,34.0,3.0,37.0,1.0,38.0,0.0,38.0,0.0,38.0,0.0,38.0,0.0,38.0,0.0,38.0
0.03806,36,6.0,6.0,3.0,9.0,1.0,10.0,0.0,10.0,3.0,13.0,1.0,14.0,2.0,16.0,1.0,17.0,0.0,17.0,0.0,17.0,0.0,17.0,0.0,17.0,0.0,17.0,0.0,17.0,0.0,17.0,0.0,17.0,0.0,17.0,0.0,17.0,0.0,17.0
0.03806,37,8.0,8.0,3.0,11.0,1.0,12.0,1.0,13.0,1.0,14.0,2.0,16.0,3.0,19.0,0.0,19.0,0.0,19.0,0.0,19.0,0.0,19.0,0.0,19.0,0.0,19.0,0.0,19.0,0.0,19.0,0.0,19.0,0.0,19.0,0.0,19.0,0.0,19.0
0.03806,38,10.0,10.0,1.0,11.0,0.0,11.0,0.0,11.0,0.0,11.0,0.0,11.0,0.0,11.0,0.0,11.0,2.0,13.0,4.0,17.0,4.0,21.0,5.0,26.0,4.0,30.0,2.0,32.0,0.0,32.0,0.0,32.0,0.0,32.0,0.0,32.0,0.0,32.0
0.03806,39,12.0,12.0,3.0,15.0,0.0,15.0,0.0,15.0,0.0,15.0,0.0,15.0,0.0,15.0,0.0,15.0,0.0,15.0,0.0,15.0,0.0,15.0,0.0,15.0,0.0,15.0,0.0,15.0,0.0,15.0,0.0,15.0,0.0,15.0,0.0,15.0,0.0,15.0
0.03806,40,6.0,6.0,4.0,10.0,2.0,12.0,1.0,13.0,1.0,14.0,2.0,16.0,2.0,18.0,2.0,20.0,0.0,20.0,0.0,20.0,0.0,20.0,0.0,20.0,0.0,20.0,0.0,20.0,0.0,20.0,0.0,20.0,0.0,20.0,0.0,20.0,0.0,20.0
0.03806,41,8.0,8.0,3.0,11.0,0.0,11.0,0.0,11.0,0.0,11.0,0.0,11.0,0.0,11.0,0.0,11.0,0.0,11.0,0.0,11.0,1.0,12.0,1.0,13.0,0.0,13.0,0.0,13.0,0.0,13.0,0.0,13.0,0.0,13.0,0.0,13.0,0.0,13.0
0.03806,42,6.0,6.0,1.0,7.0,1.0,8.0,3.0,11.0,2.0,13.0,5.0,18.0,4.0,22.0,0.0,22.0,0.0,22.0,0.0,22.0,0.0,22.0,0.0,22.0,0.0,22.0,0.0,22.0,0.0,22.0,0.0,22.0,0.0,22.0,0.0,22.0,0.0,22.0
0.03806,43,7.0,7.0,3.0,10.0,2.0,12.0,2.0,14.0,1.0,15.0,1.0,16.0,1.0,17.0,2.0,19.0,0.0,19.0,0.0,19.0,0.0,19.0,0.0,19.0,0.0,19.0,0.0,19.0,0.0,19.0,0.0,19.0,0.0,19.0,0.0,19.0,0.0,19.0
0.03806,44,7.0,7.0,4.0,11.0,1.0,12.0,1.0,13.0,2.0,15.0,1.0,16.0,5.0,21.0,1.0,22.0,0.0,22.0,2.0,24.0,1.0,25.0,1.0,26.0,0.0,26.0,1.0,27.0,0.0,27.0,0.0,27.0,0.0,27.0,0.0,27.0,0.0,27.0
0.03806,45,5.0,5.0,3.0,8.0,1.0,9.0,5.0,14.0,1.0,15.0,1.0,16.0,2.0,18.0,1.0,19.0,0.0,19.0,0.0,19.0,0.0,19.0,0.0,19.0,0.0,19.0,0.0,19.0,0.0,19.0,0.0,19.0,0.0,19.0,0.0,19.0,0.0,19.0
0.03806,46,7.0,7.0,4.0,11.0,0.0,11.0,0.0,11.0,0.0,11.0,0.0,11.0,0.0,11.0,0.0,11.0,0.0,11.0,0.0,11.0,0.0,11.0,0.0,11.0,0.0,11.0,0.0,11.0,0.0,11.0,0.0,11.0,0.0,11.0,0.0,11.0,0.0,11.0
0.03806,47,10.0,10.0,4.0,14.0,0.0,14.0,2.0,16.0,4.0,20.0,3.0,23.0,5.0,28.0,4.0,32.0,1.0,33.0,3.0,36.0,3.0,39.0,3.0,42.0,0.0,42.0,2.0,44.0,0.0,44.0,0.0,44.0,0.0,44.0,0.0,44.0,0.0,44.0
0.03806,48,6.0,6.0,3.0,9.0,1.0,10.0,4.0,14.0,3.0,17.0,0.0,17.0,1.0,18.0,3.0,21.0,1.0,22.0,0.0,22.0,0.0,22.0,1.0,23.0,1.0,24.0,0.0,24.0,1.0,25.0,1.0,26.0,0.0,26.0,0.0,26.0,1.0,27.0
0.03806,49,7.0,7.0,2.0,9.0,1.0,10.0,4.0,14.0,4.0,18.0,2.0,20.0,9.0,29.0,4.0,33.0,1.0,34.0,2.0,36.0,2.0,38.0,1.0,39.0,7.0,46.0,3.0,49.0,3.0,52.0,4.0,56.0,2.0,58.0,2.0,60.0,4.0,64.0
0.03813,0,4.0,4.0,3.0,7.0,0.0,7.0,0.0,7.0,0.0,7.0,0.0,7.0,0.0,7.0,0.0,7.0,0.0,7.0,0.0,7.0,0.0,7.0,0.0,7.0,0.0,7.0,0.0,7.0,0.0,7.0,0.0,7.0,0.0,7.0,0.0,7.0,0.0,7.0
0.03813,1,5.0,5.0,4.0,9.0,4.0,13.0,1.0,14.0,2.0,16.0,2.0,18.0,3.0,21.0,0.0,21.0,1.0,22.0,0.0,22.0,2.0,24.0,3.0,27.0,0.0,27.0,0.0,27.0,0.0,27.0,0.0,27.0,0.0,27.0,0.0,27.0,0.0,27.0
0.03813,2,8.0,8.0,2.0,10.0,0.0,10.0,2.0,12.0,0.0,12.0,1.0,13.0,0.0,13.0,0.0,13.0,1.0,14.0,1.0,15.0,1.0,16.0,1.0,17.0,1.0,18.0,3.0,21.0,1.0,22.0,1.0,23.0,2.0,25.0,6.0,31.0,4.0,35.0
0.03813,3,10.0,10.0,3.0,13.0,0.0,13.0,0.0,13.0,0.0,13.0,0.0,13.0,0.0,13.0,0.0,13.0,0.0,13.0,0.0,13.0,0.0,13.0,0.0,13.0,0.0,13.0,0.0,13.0,0.0,13.0,0.0,13.0,0.0,13.0,0.0,13.0,0.0,13.0
0.03813,4,6.0,6.0,4.0,10.0,3.0,13.0,5.0,18.0,5.0,23.0,7.0,30.0,5.0,35.0,3.0,38.0,0.0,38.0,3.0,41.0,2.0,43.0,6.0,49.0,5.0,54.0,3.0,57.0,0.0,57.0,0.0,57.0,0.0,57.0,0.0,57.0,0.0,57.0
0.03813,5,6.0,6.0,6.0,12.0,2.0,14.0,3.0,17.0,7.0,24.0,5.0,29.0,10.0,39.0,2.0,41.0,2.0,43.0,6.0,49.0,5.0,54.0,9.0,63.0,7.0,70.0,3.0,73.0,0.0,73.0,0.0,73.0,0.0,73.0,1.0,74.0,0.0,74.0
0.03813,6,7.0,7.0,5.0,12.0,0.0,12.0,0.0,12.0,0.0,12.0,0.0,12.0,0.0,12.0,0.0,12.0,0.0,12.0,0.0,12.0,0.0,12.0,0.0,12.0,0.0,12.0,0.0,12.0,0.0,12.0,0.0,12.0,0.0,12.0,0.0,12.0,0.0,12.0
0.03813,7,7.0,7.0,2.0,9.0,0.0,9.0,0.0,9.0,1.0,10.0,0.0,10.0,1.0,11.0,0.0,11.0,0.0,11.0,0.0,11.0,1.0,12.0,0.0,12.0,0.0,12.0,0.0,12.0,0.0,12.0,0.0,12.0,0.0,12.0,0.0,12.0,0.0,12.0
0.03813,8,7.0,7.0,1.0,8.0,2.0,10.0,0.0,10.0,2.0,12.0,2.0,14.0,3.0,17.0,0.0,17.0,0.0,17.0,0.0,17.0,0.0,17.0,0.0,17.0,0.0,17.0,0.0,17.0,0.0,17.0,0.0,17.0,0.0,17.0,3.0,20.0,0.0,20.0
0.03813,9,10.0,10.0,2.0,12.0,0.0,12.0,0.0,12.0,0.0,12.0,0.0,12.0,0.0,12.0,0.0,12.0,0.0,12.0,0.0,12.0,0.0,12.0,0.0,12.0,0.0,12.0,0.0,12.0,0.0,12.0,0.0,12.0,0.0,12.0,0.0,12.0,0.0,12.0
0.03813,10,7.0,7.0,1.0,8.0,2.0,10.0,3.0,13.0,0.0,13.0,1.0,14.0,0.0,14.0,0.0,14.0,0.0,14.0,0.0,14.0,0.0,14.0,0.0,14.0,0.0,14.0,0.0,14.0,0.0,14.0,0.0,14.0,0.0,14.0,0.0,14.0,0.0,14.0
0.03813,11,10.0,10.0,1.0,11.0,3.0,14.0,0.0,14.0,1.0,15.0,3.0,18.0,3.0,21.0,1.0,22.0,1.0,23.0,0.0,23.0,0.0,23.0,0.0,23.0,0.0,23.0,0.0,23.0,0.0,23.0,0.0,23.0,0.0,23.0,0.0,23.0,0.0,23.0
0.03813,12,8.0,8.0,2.0,10.0,0.0,10.0,0.0,10.0,0.0,10.0,0.0,10.0,0.0,10.0,0.0,10.0,0.0,10.0,0.0,10.0,0.0,10.0,0.0,10.0,0.0,10.0,0.0,10.0,0.0,10.0,0.0,10.0,0.0,10.0,0.0,10.0,0.0,10.0
0.03813,13,8.0,8.0,1.0,9.0,3.0,12.0,5.0,17.0,2.0,19.0,3.0,22.0,4.0,26.0,1.0,27.0,2.0,29.0,2.0,31.0,5.0,36.0,2.0,38.0,7.0,45.0,1.0,46.0,0.0,46.0,0.0,46.0,0.0,46.0,0.0,46.0,0.0,46.0
0.03813,14,11.0,11.0,2.0,13.0,1.0,14.0,1.0,15.0,2.0,17.0,1.0,18.0,1.0,19.0,0.0,19.0,0.0,19.0,0.0,19.0,0.0,19.0,0.0,19.0,0.0,19.0,0.0,19.0,0.0,19.0,0.0,19.0,0.0,19.0,0.0,19.0,0.0,19.0
0.03813,15,8.0,8.0,5.0,13.0,0.0,13.0,0.0,13.0,0.0,13.0,0.0,13.0,0.0,13.0,0.0,13.0,0.0,13.0,0.0,13.0,0.0,13.0,0.0,13.0,0.0,13.0,0.0,13.0,0.0,13.0,0.0,13.0,0.0,13.0,0.0,13.0,0.0,13.0
0.03813,16,5.0,5.0,2.0,7.0,4.0,11.0,0.0,11.0,4.0,15.0,1.0,16.0,2.0,18.0,4.0,22.0,0.0,22.0,0.0,22.0,2.0,24.0,3.0,27.0,2.0,29.0,4.0,33.0,1.0,34.0,2.0,36.0,1.0,37.0,3.0,40.0,8.0,48.0
0.03813,17,5.0,5.0,3.0,8.0,2.0,10.0,1.0,11.0,2.0,13.0,1.0,14.0,3.0,17.0,1.0,18.0,0.0,18.0,0.0,18.0,0.0,18.0,0.0,18.0,0.0,18.0,0.0,18.0,0.0,18.0,0.0,18.0,0.0,18.0,0.0,18.0,0.0,18.0
0.03813,18,10.0,10.0,2.0,12.0,1.0,13.0,1.0,14.0,1.0,15.0,2.0,17.0,1.0,18.0,0.0,18.0,1.0,19.0,2.0,21.0,2.0,23.0,4.0,27.0,4.0,31.0,0.0,31.0,0.0,31.0,0.0,31.0,0.0,31.0,0.0,31.0,0.0,31.0
0.03813,19,7.0,7.0,6.0,13.0,3.0,16.0,1.0,17.0,4.0,21.0,5.0,26.0,6.0,32.0,2.0,34.0,0.0,34.0,2.0,36.0,1.0,37.0,2.0,39.0,2.0,41.0,1.0,42.0,0.0,42.0,0.0,42.0,0.0,42.0,0.0,42.0,0.0,42.0
0.03813,20,2.0,2.0,6.0,8.0,0.0,8.0,3.0,11.0,4.0,15.0,1.0,16.0,4.0,20.0,1.0,21.0,1.0,22.0,0.0,22.0,0.0,22.0,0.0,22.0,2.0,24.0,0.0,24.0,0.0,24.0,0.0,24.0,0.0,24.0,0.0,24.0,0.0,24.0
0.03813,21,7.0,7.0,6.0,13.0,3.0,16.0,1.0,17.0,6.0,23.0,4.0,27.0,8.0,35.0,4.0,39.0,3.0,42.0,1.0,43.0,2.0,45.0,2.0,47.0,3.0,50.0,1.0,51.0,0.0,51.0,0.0,51.0,0.0,51.0,0.0,51.0,0.0,51.0
0.03813,22,8.0,8.0,2.0,10.0,0.0,10.0,0.0,10.0,0.0,10.0,0.0,10.0,0.0,10.0,0.0,10.0,1.0,11.0,0.0,11.0,0.0,11.0,0.0,11.0,0.0,11.0,0.0,11.0,0.0,11.0,0.0,11.0,0.0,11.0,0.0,11.0,0.0,11.0
0.03813,23,6.0,6.0,4.0,10.0,0.0,10.0,0.0,10.0,0.0,10.0,0.0,10.0,0.0,10.0,0.0,10.0,0.0,10.0,0.0,10.0,0.0,10.0,0.0,10.0,0.0,10.0,0.0,10.0,0.0,10.0,0.0,10.0,0.0,10.0,0.0,10.0,0.0,10.0
0.03813,24,8.0,8.0,1.0,9.0,2.0,11.0,4.0,15.0,5.0,20.0,2.0,22.0,3.0,25.0,3.0,28.0,1.0,29.0,0.0,29.0,0.0,29.0,1.0,30.0,3.0,33.0,3.0,36.0,2.0,38.0,0.0,38.0,1.0,39.0,0.0,39.0,3.0,42.0
0.03813,25,8.0,8.0,6.0,14.0,3.0,17.0,1.0,18.0,2.0,20.0,0.0,20.0,3.0,23.0,3.0,26.0,0.0,26.0,0.0,26.0,0.0,26.0,0.0,26.0,0.0,26.0,0.0,26.0,0.0,26.0,0.0,26.0,0.0,26.0,0.0,26.0,0.0,26.0
0.03813,26,7.0,7.0,1.0,8.0,2.0,10.0,6.0,16.0,4.0,20.0,8.0,28.0,11.0,39.0,1.0,40.0,0.0,40.0,0.0,40.0,0.0,40.0,0.0,40.0,0.0,40.0,0.0,40.0,0.0,40.0,0.0,40.0,0.0,40.0,0.0,40.0,0.0,40.0
0.03813,27,7.0,7.0,4.0,11.0,0.0,11.0,0.0,11.0,0.0,11.0,0.0,11.0,0.0,11.0,0.0,11.0,0.0,11.0,0.0,11.0,0.0,11.0,0.0,11.0,0.0,11.0,0.0,11.0,0.0,11.0,0.0,11.0,0.0,11.0,0.0,11.0,0.0,11.0
0.03813,28,7.0,7.0,4.0,11.0,3.0,14.0,6.0,20.0,7.0,27.0,7.0,34.0,13.0,47.0,3.0,50.0,0.0,50.0,0.0,50.0,0.0,50.0,0.0,50.0,0.0,50.0,0.0,50.0,0.0,50.0,0.0,50.0,0.0,50.0,0.0,50.0,0.0,50.0
0.03813,29,9.0,9.0,2.0,11.0,1.0,12.0,1.0,13.0,3.0,16.0,3.0,19.0,1.0,20.0,0.0,20.0,0.0,20.0,0.0,20.0,0.0,20.0,0.0,20.0,0.0,20.0,0.0,20.0,0.0,20.0,0.0,20.0,0.0,20.0,0.0,20.0,0.0,20.0
0.03813,30,8.0,8.0,5.0,13.0,4.0,17.0,5.0,22.0,8.0,30.0,7.0,37.0,3.0,40.0,1.0,41.0,0.0,41.0,0.0,41.0,0.0,41.0,0.0,41.0,0.0,41.0,0.0,41.0,0.0,41.0,0.0,41.0,0.0,41.0,0.0,41.0,0.0,41.0
0.03813,31,9.0,9.0,5.0,14.0,2.0,16.0,2.0,18.0,4.0,22.0,4.0,26.0,2.0,28.0,4.0,32.0,3.0,35.0,4.0,39.0,3.0,42.0,3.0,45.0,5.0,50.0,3.0,53.0,1.0,54.0,1.0,55.0,0.0,55.0,1.0,56.0,1.0,57.0
0.03813,32,8.0,8.0,6.0,14.0,0.0,14.0,0.0,14.0,0.0,14.0,0.0,14.0,0.0,14.0,0.0,14.0,0.0,14.0,0.0,14.0,0.0,14.0,0.0,14.0,0.0,14.0,0.0,14.0,0.0,14.0,0.0,14.0,0.0,14.0,0.0,14.0,0.0,14.0
0.03813,33,7.0,7.0,3.0,10.0,0.0,10.0,0.0,10.0,0.0,10.0,2.0,12.0,3.0,15.0,2.0,17.0,0.0,17.0,0.0,17.0,0.0,17.0,0.0,17.0,0.0,17.0,0.0,17.0,0.0,17.0,0.0,17.0,0.0,17.0,0.0,17.0,0.0,17.0
0.03813,34,7.0,7.0,4.0,11.0,0.0,11.0,0.0,11.0,0.0,11.0,0.0,11.0,0.0,11.0,0.0,11.0,0.0,11.0,0.0,11.0,0.0,11.0,0.0,11.0,0.0,11.0,0.0,11.0,0.0,11.0,0.0,11.0,0.0,11.0,0.0,11.0,0.0,11.0
0.03813,35,4.0,4.0,3.0,7.0,0.0,7.0,0.0,7.0,0.0,7.0,0.0,7.0,0.0,7.0,0.0,7.0,0.0,7.0,0.0,7.0,0.0,7.0,0.0,7.0,0.0,7.0,0.0,7.0,0.0,7.0,0.0,7.0,0.0,7.0,0.0,7.0,0.0,7.0
0.03813,36,7.0,7.0,1.0,8.0,0.0,8.0,0.0,8.0,0.0,8.0,0.0,8.0,0.0,8.0,0.0,8.0,0.0,8.0,0.0,8.0,0.0,8.0,0.0,8.0,0.0,8.0,0.0,8.0,0.0,8.0,0.0,8.0,0.0,8.0,0.0,8.0,0.0,8.0
0.03813,37,7.0,7.0,3.0,10.0,2.0,12.0,2.0,14.0,4.0,18.0,4.0,22.0,5.0,27.0,2.0,29.0,0.0,29.0,2.0,31.0,3.0,34.0,2.0,36.0,0.0,36.0,0.0,36.0,0.0,36.0,0.0,36.0,0.0,36.0,0.0,36.0,0.0,36.0
0.03813,38,7.0,7.0,3.0,10.0,0.0,10.0,0.0,10.0,1.0,11.0,1.0,12.0,0.0,12.0,0.0,12.0,0.0,12.0,0.0,12.0,0.0,12.0,0.0,12.0,0.0,12.0,0.0,12.0,0.0,12.0,0.0,12.0,0.0,12.0,0.0,12.0,0.0,12.0
0.03813,39,5.0,5.0,4.0,9.0,0.0,9.0,0.0,9.0,0.0,9.0,0.0,9.0,0.0,9.0,0.0,9.0,0.0,9.0,0.0,9.0,0.0,9.0,0.0,9.0,0.0,9.0,0.0,9.0,0.0,9.0,0.0,9.0,0.0,9.0,0.0,9.0,0.0,9.0
0.03813,40,6.0,6.0,5.0,11.0,0.0,11.0,0.0,11.0,0.0,11.0,2.0,13.0,2.0,15.0,1.0,16.0,1.0,17.0,0.0,17.0,0.0,17.0,0.0,17.0,0.0,17.0,0.0,17.0,0.0,17.0,0.0,17.0,0.0,17.0,0.0,17.0,0.0,17.0
0.03813,41,7.0,7.0,0.0,7.0,0.0,7.0,0.0,7.0,0.0,7.0,0.0,7.0,0.0,7.0,0.0,7.0,0.0,7.0,0.0,7.0,0.0,7.0,0.0,7.0,0.0,7.0,0.0,7.0,0.0,7.0,0.0,7.0,1.0,8.0,0.0,8.0,0.0,8.0
0.03813,42,5.0,5.0,3.0,8.0,0.0,8.0,0.0,8.0,0.0,8.0,0.0,8.0,0.0,8.0,0.0,8.0,0.0,8.0,0.0,8.0,0.0,8.0,0.0,8.0,0.0,8.0,0.0,8.0,0.0,8.0,0.0,8.0,0.0,8.0,0.0,8.0,0.0,8.0
0.03813,43,6.0,6.0,8.0,14.0,2.0,16.0,0.0,16.0,1.0,17.0,1.0,18.0,3.0,21.0,0.0,21.0,0.0,21.0,0.0,21.0,0.0,21.0,0.0,21.0,0.0,21.0,0.0,21.0,0.0,21.0,0.0,21.0,0.0,21.0,0.0,21.0,0.0,21.0
0.03813,44,7.0,7.0,7.0,14.0,0.0,14.0,2.0,16.0,0.0,16.0,3.0,19.0,3.0,22.0,0.0,22.0,0.0,22.0,0.0,22.0,0.0,22.0,0.0,22.0,0.0,22.0,0.0,22.0,0.0,22.0,0.0,22.0,0.0,22.0,0.0,22.0,0.0,22.0
0.03813,45,8.0,8.0,2.0,10.0,0.0,10.0,0.0,10.0,0.0,10.0,0.0,10.0,0.0,10.0,0.0,10.0,0.0,10.0,0.0,10.0,0.0,10.0,0.0,10.0,0.0,10.0,0.0,10.0,0.0,10.0,0.0,10.0,0.0,10.0,0.0,10.0,0.0,10.0
0.03813,46,5.0,5.0,5.0,10.0,1.0,11.0,1.0,12.0,2.0,14.0,3.0,17.0,3.0,20.0,4.0,24.0,0.0,24.0,0.0,24.0,0.0,24.0,0.0,24.0,0.0,24.0,0.0,24.0,0.0,24.0,0.0,24.0,0.0,24.0,0.0,24.0,0.0,24.0
0.03813,47,10.0,10.0,5.0,15.0,4.0,19.0,5.0,24.0,2.0,26.0,6.0,32.0,3.0,35.0,4.0,39.0,0.0,39.0,1.0,40.0,1.0,41.0,0.0,41.0,1.0,42.0,0.0,42.0,0.0,42.0,0.0,42.0,0.0,42.0,0.0,42.0,0.0,42.0
0.03813,48,7.0,7.0,1.0,8.0,0.0,8.0,0.0,8.0,0.0,8.0,0.0,8.0,0.0,8.0,0.0,8.0,0.0,8.0,0.0,8.0,0.0,8.0,0.0,8.0,0.0,8.0,0.0,8.0,0.0,8.0,0.0,8.0,0.0,8.0,0.0,8.0,0.0,8.0
0.03813,49,4.0,4.0,3.0,7.0,0.0,7.0,0.0,7.0,0.0,7.0,0.0,7.0,0.0,7.0,0.0,7.0,0.0,7.0,0.0,7.0,0.0,7.0,0.0,7.0,0.0,7.0,0.0,7.0,0.0,7.0,0.0,7.0,0.0,7.0,0.0,7.0,0.0,7.0
0.03825,0,11.0,11.0,3.0,14.0,0.0,14.0,1.0,15.0,0.0,15.0,0.0,15.0,0.0,15.0,1.0,16.0,0.0,16.0,0.0,16.0,0.0,16.0,0.0,16.0,0.0,16.0,0.0,16.0,0.0,16.0,0.0,16.0,0.0,16.0,0.0,16.0,0.0,16.0
0.03825,1,6.0,6.0,7.0,13.0,4.0,17.0,6.0,23.0,8.0,31.0,5.0,36.0,8.0,44.0,4.0,48.0,2.0,50.0,1.0,51.0,2.0,53.0,4.0,57.0,0.0,57.0,0.0,57.0,0.0,57.0,0.0,57.0,0.0,57.0,0.0,57.0,0.0,57.0
0.03825,2,4.0,4.0,3.0,7.0,1.0,8.0,1.0,9.0,2.0,11.0,1.0,12.0,1.0,13.0,1.0,14.0,2.0,16.0,0.0,16.0,1.0,17.0,3.0,20.0,5.0,25.0,1.0,26.0,0.0,26.0,0.0,26.0,0.0,26.0,0.0,26.0,0.0,26.0
0.03825,3,10.0,10.0,2.0,12.0,3.0,15.0,0.0,15.0,2.0,17.0,5.0,22.0,3.0,25.0,3.0,28.0,2.0,30.0,5.0,35.0,3.0,38.0,3.0,41.0,5.0,46.0,2.0,48.0,0.0,48.0,0.0,48.0,0.0,48.0,0.0,48.0,0.0,48.0
0.03825,4,3.0,3.0,3.0,6.0,2.0,8.0,2.0,10.0,2.0,12.0,1.0,13.0,4.0,17.0,2.0,19.0,1.0,20.0,3.0,23.0,3.0,26.0,4.0,30.0,9.0,39.0,2.0,41.0,0.0,41.0,1.0,42.0,1.0,43.0,2.0,45.0,1.0,46.0
0.03825,5,7.0,7.0,2.0,9.0,0.0,9.0,0.0,9.0,0.0,9.0,0.0,9.0,0.0,9.0,0.0,9.0,0.0,9.0,0.0,9.0,0.0,9.0,0.0,9.0,0.0,9.0,0.0,9.0,0.0,9.0,0.0,9.0,0.0,9.0,0.0,9.0,0.0,9.0
0.03825,6,5.0,5.0,3.0,8.0,0.0,8.0,0.0,8.0,0.0,8.0,0.0,8.0,0.0,8.0,0.0,8.0,0.0,8.0,0.0,8.0,0.0,8.0,0.0,8.0,0.0,8.0,0.0,8.0,0.0,8.0,0.0,8.0,0.0,8.0,0.0,8.0,0.0,8.0
0.03825,7,6.0,6.0,4.0,10.0,3.0,13.0,6.0,19.0,5.0,24.0,2.0,26.0,3.0,29.0,1.0,30.0,2.0,32.0,1.0,33.0,3.0,36.0,3.0,39.0,4.0,43.0,3.0,46.0,1.0,47.0,5.0,52.0,4.0,56.0,4.0,60.0,8.0,68.0
0.03825,8,2.0,2.0,1.0,3.0,0.0,3.0,0.0,3.0,0.0,3.0,0.0,3.0,0.0,3.0,0.0,3.0,0.0,3.0,0.0,3.0,0.0,3.0,0.0,3.0,0.0,3.0,0.0,3.0,0.0,3.0,0.0,3.0,0.0,3.0,0.0,3.0,0.0,3.0
0.03825,9,8.0,8.0,2.0,10.0,0.0,10.0,0.0,10.0,0.0,10.0,0.0,10.0,0.0,10.0,0.0,10.0,1.0,11.0,0.0,11.0,0.0,11.0,0.0,11.0,0.0,11.0,0.0,11.0,0.0,11.0,0.0,11.0,0.0,11.0,0.0,11.0,0.0,11.0
0.03825,10,6.0,6.0,1.0,7.0,0.0,7.0,0.0,7.0,0.0,7.0,0.0,7.0,0.0,7.0,0.0,7.0,0.0,7.0,0.0,7.0,1.0,8.0,3.0,11.0,3.0,14.0,1.0,15.0,0.0,15.0,0.0,15.0,0.0,15.0,0.0,15.0,0.0,15.0
0.03825,11,5.0,5.0,5.0,10.0,3.0,13.0,2.0,15.0,4.0,19.0,3.0,22.0,7.0,29.0,0.0,29.0,0.0,29.0,0.0,29.0,1.0,30.0,3.0,33.0,0.0,33.0,1.0,34.0,0.0,34.0,0.0,34.0,0.0,34.0,0.0,34.0,0.0,34.0
0.03825,12,4.0,4.0,2.0,6.0,0.0,6.0,0.0,6.0,0.0,6.0,0.0,6.0,0.0,6.0,0.0,6.0,0.0,6.0,0.0,6.0,0.0,6.0,0.0,6.0,0.0,6.0,0.0,6.0,0.0,6.0,0.0,6.0,0.0,6.0,0.0,6.0,0.0,6.0
0.03825,13,8.0,8.0,4.0,12.0,0.0,12.0,2.0,14.0,3.0,17.0,3.0,20.0,3.0,23.0,0.0,23.0,0.0,23.0,0.0,23.0,0.0,23.0,0.0,23.0,0.0,23.0,0.0,23.0,0.0,23.0,0.0,23.0,0.0,23.0,0.0,23.0,0.0,23.0
0.03825,14,6.0,6.0,2.0,8.0,0.0,8.0,0.0,8.0,0.0,8.0,0.0,8.0,0.0,8.0,0.0,8.0,0.0,8.0,0.0,8.0,0.0,8.0,0.0,8.0,0.0,8.0,0.0,8.0,0.0,8.0,0.0,8.0,0.0,8.0,0.0,8.0,0.0,8.0
0.03825,15,4.0,4.0,5.0,9.0,0.0,9.0,1.0,10.0,2.0,12.0,2.0,14.0,1.0,15.0,1.0,16.0,0.0,16.0,0.0,16.0,0.0,16.0,0.0,16.0,0.0,16.0,0.0,16.0,0.0,16.0,0.0,16.0,0.0,16.0,0.0,16.0,0.0,16.0
0.03825,16,4.0,4.0,5.0,9.0,0.0,9.0,0.0,9.0,1.0,10.0,0.0,10.0,0.0,10.0,0.0,10.0,1.0,11.0,1.0,12.0,1.0,13.0,3.0,16.0,1.0,17.0,1.0,18.0,0.0,18.0,0.0,18.0,0.0,18.0,0.0,18.0,0.0,18.0
0.03825,17,6.0,6.0,3.0,9.0,0.0,9.0,0.0,9.0,0.0,9.0,0.0,9.0,0.0,9.0,0.0,9.0,0.0,9.0,0.0,9.0,0.0,9.0,0.0,9.0,0.0,9.0,0.0,9.0,0.0,9.0,0.0,9.0,0.0,9.0,0.0,9.0,0.0,9.0
0.03825,18,8.0,8.0,3.0,11.0,0.0,11.0,0.0,11.0,0.0,11.0,0.0,11.0,0.0,11.0,0.0,11.0,0.0,11.0,0.0,11.0,0.0,11.0,0.0,11.0,0.0,11.0,0.0,11.0,0.0,11.0,0.0,11.0,0.0,11.0,0.0,11.0,0.0,11.0
0.03825,19,8.0,8.0,2.0,10.0,0.0,10.0,1.0,11.0,0.0,11.0,0.0,11.0,1.0,12.0,0.0,12.0,0.0,12.0,0.0,12.0,0.0,12.0,0.0,12.0,0.0,12.0,0.0,12.0,0.0,12.0,0.0,12.0,0.0,12.0,0.0,12.0,0.0,12.0
0.03825,20,7.0,7.0,6.0,13.0,0.0,13.0,3.0,16.0,2.0,18.0,2.0,20.0,3.0,23.0,3.0,26.0,1.0,27.0,4.0,31.0,4.0,35.0,2.0,37.0,2.0,39.0,2.0,41.0,0.0,41.0,0.0,41.0,0.0,41.0,0.0,41.0,0.0,41.0
0.03825,21,6.0,6.0,4.0,10.0,0.0,10.0,4.0,14.0,5.0,19.0,5.0,24.0,8.0,32.0,3.0,35.0,1.0,36.0,1.0,37.0,3.0,40.0,2.0,42.0,4.0,46.0,1.0,47.0,0.0,47.0,0.0,47.0,0.0,47.0,0.0,47.0,0.0,47.0
0.03825,22,7.0,7.0,5.0,12.0,5.0,17.0,4.0,21.0,3.0,24.0,5.0,29.0,3.0,32.0,3.0,35.0,1.0,36.0,1.0,37.0,4.0,41.0,4.0,45.0,2.0,47.0,2.0,49.0,0.0,49.0,0.0,49.0,0.0,49.0,0.0,49.0,0.0,49.0
0.03825,23,9.0,9.0,3.0,12.0,2.0,14.0,2.0,16.0,5.0,21.0,3.0,24.0,5.0,29.0,3.0,32.0,0.0,32.0,2.0,34.0,2.0,36.0,3.0,39.0,2.0,41.0,1.0,42.0,0.0,42.0,0.0,42.0,0.0,42.0,0.0,42.0,0.0,42.0
0.03825,24,10.0,10.0,5.0,15.0,5.0,20.0,2.0,22.0,5.0,27.0,8.0,35.0,12.0,47.0,2.0,49.0,2.0,51.0,2.0,53.0,6.0,59.0,5.0,64.0,11.0,75.0,6.0,81.0,6.0,87.0,4.0,91.0,4.0,95.0,7.0,102.0,2.0,104.0
0.03825,25,8.0,8.0,2.0,10.0,5.0,15.0,2.0,17.0,3.0,20.0,5.0,25.0,7.0,32.0,5.0,37.0,4.0,41.0,8.0,49.0,4.0,53.0,6.0,59.0,8.0,67.0,5.0,72.0,1.0,73.0,0.0,73.0,0.0,73.0,1.0,74.0,3.0,77.0
0.03825,26,6.0,6.0,2.0,8.0,0.0,8.0,0.0,8.0,0.0,8.0,0.0,8.0,0.0,8.0,0.0,8.0,0.0,8.0,0.0,8.0,0.0,8.0,0.0,8.0,0.0,8.0,0.0,8.0,0.0,8.0,0.0,8.0,0.0,8.0,0.0,8.0,0.0,8.0
0.03825,27,11.0,11.0,1.0,12.0,0.0,12.0,0.0,12.0,0.0,12.0,0.0,12.0,0.0,12.0,0.0,12.0,0.0,12.0,0.0,12.0,0.0,12.0,2.0,14.0,1.0,15.0,0.0,15.0,0.0,15.0,0.0,15.0,0.0,15.0,0.0,15.0,0.0,15.0
0.03825,28,10.0,10.0,5.0,15.0,2.0,17.0,0.0,17.0,2.0,19.0,2.0,21.0,1.0,22.0,1.0,23.0,0.0,23.0,0.0,23.0,0.0,23.0,0.0,23.0,0.0,23.0,0.0,23.0,0.0,23.0,0.0,23.0,0.0,23.0,0.0,23.0,0.0,23.0
0.03825,29,11.0,11.0,6.0,17.0,0.0,17.0,0.0,17.0,2.0,19.0,1.0,20.0,2.0,22.0,0.0,22.0,2.0,24.0,1.0,25.0,5.0,30.0,3.0,33.0,4.0,37.0,1.0,38.0,0.0,38.0,0.0,38.0,0.0,38.0,0.0,38.0,0.0,38.0
0.03825,30,10.0,10.0,3.0,13.0,4.0,17.0,3.0,20.0,6.0,26.0,4.0,30.0,8.0,38.0,1.0,39.0,3.0,42.0,3.0,45.0,2.0,47.0,11.0,58.0,4.0,62.0,2.0,64.0,2.0,66.0,1.0,67.0,4.0,71.0,2.0,73.0,4.0,77.0
0.03825,31,9.0,9.0,5.0,14.0,1.0,15.0,1.0,16.0,1.0,17.0,3.0,20.0,2.0,22.0,0.0,22.0,0.0,22.0,0.0,22.0,0.0,22.0,0.0,22.0,0.0,22.0,0.0,22.0,0.0,22.0,0.0,22.0,0.0,22.0,0.0,22.0,0.0,22.0
0.03825,32,9.0,9.0,4.0,13.0,0.0,13.0,0.0,13.0,0.0,13.0,0.0,13.0,0.0,13.0,0.0,13.0,0.0,13.0,0.0,13.0,0.0,13.0,0.0,13.0,0.0,13.0,0.0,13.0,0.0,13.0,0.0,13.0,0.0,13.0,0.0,13.0,0.0,13.0
0.03825,33,4.0,4.0,0.0,4.0,0.0,4.0,0.0,4.0,0.0,4.0,0.0,4.0,0.0,4.0,0.0,4.0,0.0,4.0,0.0,4.0,0.0,4.0,0.0,4.0,0.0,4.0,0.0,4.0,0.0,4.0,0.0,4.0,0.0,4.0,0.0,4.0,0.0,4.0
0.03825,34,14.0,14.0,2.0,16.0,3.0,19.0,1.0,20.0,1.0,21.0,4.0,25.0,1.0,26.0,0.0,26.0,0.0,26.0,0.0,26.0,0.0,26.0,0.0,26.0,0.0,26.0,0.0,26.0,0.0,26.0,0.0,26.0,0.0,26.0,0.0,26.0,0.0,26.0
0.03825,35,9.0,9.0,3.0,12.0,0.0,12.0,0.0,12.0,0.0,12.0,0.0,12.0,0.0,12.0,0.0,12.0,0.0,12.0,0.0,12.0,0.0,12.0,0.0,12.0,0.0,12.0,0.0,12.0,0.0,12.0,0.0,12.0,0.0,12.0,0.0,12.0,0.0,12.0
0.03825,36,7.0,7.0,1.0,8.0,3.0,11.0,2.0,13.0,1.0,14.0,4.0,18.0,1.0,19.0,2.0,21.0,2.0,23.0,0.0,23.0,0.0,23.0,3.0,26.0,1.0,27.0,1.0,28.0,0.0,28.0,0.0,28.0,0.0,28.0,0.0,28.0,0.0,28.0
0.03825,37,8.0,8.0,1.0,9.0,0.0,9.0,0.0,9.0,0.0,9.0,0.0,9.0,0.0,9.0,0.0,9.0,0.0,9.0,0.0,9.0,0.0,9.0,0.0,9.0,0.0,9.0,0.0,9.0,0.0,9.0,0.0,9.0,0.0,9.0,0.0,9.0,0.0,9.0
0.03825,38,7.0,7.0,6.0,13.0,2.0,15.0,2.0,17.0,5.0,22.0,4.0,26.0,4.0,30.0,2.0,32.0,0.0,32.0,1.0,33.0,0.0,33.0,3.0,36.0,3.0,39.0,1.0,40.0,3.0,43.0,1.0,44.0,1.0,45.0,4.0,49.0,3.0,52.0
0.03825,39,7.0,7.0,4.0,11.0,1.0,12.0,2.0,14.0,10.0,24.0,4.0,28.0,6.0,34.0,7.0,41.0,3.0,44.0,5.0,49.0,2.0,51.0,2.0,53.0,6.0,59.0,3.0,62.0,3.0,65.0,5.0,70.0,3.0,73.0,1.0,74.0,5.0,79.0
0.03825,40,6.0,6.0,5.0,11.0,2.0,13.0,3.0,16.0,3.0,19.0,2.0,21.0,1.0,22.0,1.0,23.0,0.0,23.0,0.0,23.0,0.0,23.0,0.0,23.0,0.0,23.0,0.0,23.0,0.0,23.0,0.0,23.0,0.0,23.0,0.0,23.0,0.0,23.0
0.03825,41,3.0,3.0,3.0,6.0,0.0,6.0,2.0,8.0,1.0,9.0,1.0,10.0,0.0,10.0,0.0,10.0,2.0,12.0,0.0,12.0,1.0,13.0,1.0,14.0,1.0,15.0,0.0,15.0,0.0,15.0,0.0,15.0,0.0,15.0,0.0,15.0,0.0,15.0
0.03825,42,5.0,5.0,2.0,7.0,1.0,8.0,1.0,9.0,0.0,9.0,1.0,10.0,3.0,13.0,1.0,14.0,0.0,14.0,0.0,14.0,0.0,14.0,0.0,14.0,0.0,14.0,0.0,14.0,0.0,14.0,0.0,14.0,0.0,14.0,0.0,14.0,0.0,14.0
0.03825,43,7.0,7.0,4.0,11.0,1.0,12.0,4.0,16.0,3.0,19.0,3.0,22.0,3.0,25.0,4.0,29.0,2.0,31.0,1.0,32.0,2.0,34.0,0.0,34.0,1.0,35.0,0.0,35.0,0.0,35.0,0.0,35.0,0.0,35.0,0.0,35.0,0.0,35.0
0.03825,44,5.0,5.0,5.0,10.0,2.0,12.0,3.0,15.0,2.0,17.0,0.0,17.0,4.0,21.0,0.0,21.0,0.0,21.0,0.0,21.0,0.0,21.0,0.0,21.0,0.0,21.0,0.0,21.0,0.0,21.0,0.0,21.0,1.0,22.0,0.0,22.0,0.0,22.0
0.03825,45,8.0,8.0,7.0,15.0,0.0,15.0,8.0,23.0,4.0,27.0,5.0,32.0,4.0,36.0,3.0,39.0,0.0,39.0,3.0,42.0,1.0,43.0,4.0,47.0,1.0,48.0,1.0,49.0,0.0,49.0,0.0,49.0,0.0,49.0,0.0,49.0,0.0,49.0
0.03825,46,8.0,8.0,1.0,9.0,4.0,13.0,7.0,20.0,6.0,26.0,6.0,32.0,9.0,41.0,4.0,45.0,0.0,45.0,0.0,45.0,0.0,45.0,0.0,45.0,0.0,45.0,0.0,45.0,0.0,45.0,0.0,45.0,0.0,45.0,0.0,45.0,0.0,45.0
0.03825,47,7.0,7.0,4.0,11.0,1.0,12.0,2.0,14.0,3.0,17.0,1.0,18.0,3.0,21.0,3.0,24.0,2.0,26.0,0.0,26.0,0.0,26.0,1.0,27.0,3.0,30.0,1.0,31.0,1.0,32.0,0.0,32.0,3.0,35.0,1.0,36.0,2.0,38.0
0.03825,48,10.0,10.0,6.0,16.0,1.0,17.0,4.0,21.0,6.0,27.0,3.0,30.0,5.0,35.0,3.0,38.0,0.0,38.0,0.0,38.0,0.0,38.0,0.0,38.0,0.0,38.0,0.0,38.0,0.0,38.0,0.0,38.0,0.0,38.0,0.0,38.0,0.0,38.0
0.03825,49,7.0,7.0,6.0,13.0,3.0,16.0,4.0,20.0,2.0,22.0,6.0,28.0,5.0,33.0,5.0,38.0,0.0,38.0,0.0,38.0,1.0,39.0,0.0,39.0,0.0,39.0,0.0,39.0,0.0,39.0,0.0,39.0,0.0,39.0,0.0,39.0,0.0,39.0
0.0385,0,7.0,7.0,5.0,12.0,1.0,13.0,0.0,13.0,2.0,15.0,3.0,18.0,1.0,19.0,1.0,20.0,1.0,21.0,0.0,21.0,0.0,21.0,3.0,24.0,1.0,25.0,0.0,25.0,0.0,25.0,0.0,25.0,0.0,25.0,0.0,25.0,0.0,25.0
0.0385,1,5.0,5.0,5.0,10.0,5.0,15.0,4.0,19.0,4.0,23.0,4.0,27.0,4.0,31.0,2.0,33.0,0.0,33.0,0.0,33.0,0.0,33.0,0.0,33.0,0.0,33.0,0.0,33.0,0.0,33.0,0.0,33.0,0.0,33.0,0.0,33.0,0.0,33.0
0.0385,2,9.0,9.0,1.0,10.0,0.0,10.0,2.0,12.0,0.0,12.0,0.0,12.0,1.0,13.0,0.0,13.0,0.0,13.0,0.0,13.0,1.0,14.0,0.0,14.0,0.0,14.0,0.0,14.0,0.0,14.0,0.0,14.0,0.0,14.0,0.0,14.0,0.0,14.0
0.0385,3,8.0,8.0,2.0,10.0,1.0,11.0,1.0,12.0,5.0,17.0,2.0,19.0,4.0,23.0,2.0,25.0,0.0,25.0,0.0,25.0,1.0,26.0,0.0,26.0,0.0,26.0,0.0,26.0,0.0,26.0,0.0,26.0,0.0,26.0,0.0,26.0,0.0,26.0
0.0385,4,10.0,10.0,2.0,12.0,0.0,12.0,1.0,13.0,1.0,14.0,1.0,15.0,4.0,19.0,1.0,20.0,0.0,20.0,0.0,20.0,0.0,20.0,0.0,20.0,0.0,20.0,0.0,20.0,0.0,20.0,0.0,20.0,0.0,20.0,0.0,20.0,0.0,20.0
0.0385,5,7.0,7.0,5.0,12.0,2.0,14.0,1.0,15.0,3.0,18.0,4.0,22.0,3.0,25.0,1.0,26.0,0.0,26.0,0.0,26.0,0.0,26.0,0.0,26.0,0.0,26.0,0.0,26.0,0.0,26.0,0.0,26.0,0.0,26.0,0.0,26.0,0.0,26.0
0.0385,6,10.0,10.0,4.0,14.0,2.0,16.0,3.0,19.0,1.0,20.0,3.0,23.0,3.0,26.0,2.0,28.0,2.0,30.0,3.0,33.0,0.0,33.0,2.0,35.0,1.0,36.0,0.0,36.0,0.0,36.0,0.0,36.0,1.0,37.0,1.0,38.0,0.0,38.0
0.0385,7,5.0,5.0,2.0,7.0,0.0,7.0,0.0,7.0,0.0,7.0,0.0,7.0,0.0,7.0,0.0,7.0,0.0,7.0,0.0,7.0,1.0,8.0,1.0,9.0,0.0,9.0,0.0,9.0,0.0,9.0,0.0,9.0,0.0,9.0,0.0,9.0,0.0,9.0
0.0385,8,7.0,7.0,1.0,8.0,2.0,10.0,2.0,12.0,1.0,13.0,2.0,15.0,1.0,16.0,0.0,16.0,0.0,16.0,0.0,16.0,0.0,16.0,0.0,16.0,0.0,16.0,0.0,16.0,0.0,16.0,0.0,16.0,0.0,16.0,0.0,16.0,0.0,16.0
0.0385,9,9.0,9.0,6.0,15.0,0.0,15.0,1.0,16.0,1.0,17.0,1.0,18.0,1.0,19.0,0.0,19.0,0.0,19.0,0.0,19.0,0.0,19.0,0.0,19.0,0.0,19.0,0.0,19.0,0.0,19.0,0.0,19.0,0.0,19.0,0.0,19.0,0.0,19.0
0.0385,10,5.0,5.0,3.0,8.0,5.0,13.0,1.0,14.0,5.0,19.0,1.0,20.0,3.0,23.0,3.0,26.0,2.0,28.0,0.0,28.0,1.0,29.0,0.0,29.0,2.0,31.0,0.0,31.0,0.0,31.0,0.0,31.0,0.0,31.0,0.0,31.0,0.0,31.0
0.0385,11,9.0,9.0,3.0,12.0,1.0,13.0,0.0,13.0,1.0,14.0,1.0,15.0,1.0,16.0,0.0,16.0,0.0,16.0,0.0,16.0,0.0,16.0,0.0,16.0,0.0,16.0,0.0,16.0,0.0,16.0,0.0,16.0,0.0,16.0,0.0,16.0,0.0,16.0
0.0385,12,5.0,5.0,2.0,7.0,1.0,8.0,2.0,10.0,1.0,11.0,0.0,11.0,4.0,15.0,1.0,16.0,0.0,16.0,0.0,16.0,0.0,16.0,0.0,16.0,0.0,16.0,0.0,16.0,0.0,16.0,0.0,16.0,0.0,16.0,0.0,16.0,0.0,16.0
0.0385,13,12.0,12.0,3.0,15.0,0.0,15.0,1.0,16.0,3.0,19.0,3.0,22.0,4.0,26.0,3.0,29.0,0.0,29.0,0.0,29.0,0.0,29.0,0.0,29.0,0.0,29.0,0.0,29.0,0.0,29.0,0.0,29.0,0.0,29.0,0.0,29.0,0.0,29.0
0.0385,14,4.0,4.0,4.0,8.0,0.0,8.0,0.0,8.0,1.0,9.0,3.0,12.0,2.0,14.0,0.0,14.0,0.0,14.0,0.0,14.0,1.0,15.0,1.0,16.0,1.0,17.0,0.0,17.0,0.0,17.0,0.0,17.0,0.0,17.0,0.0,17.0,0.0,17.0
0.0385,15,5.0,5.0,2.0,7.0,1.0,8.0,0.0,8.0,1.0,9.0,0.0,9.0,1.0,10.0,1.0,11.0,0.0,11.0,0.0,11.0,0.0,11.0,0.0,11.0,0.0,11.0,0.0,11.0,0.0,11.0,0.0,11.0,0.0,11.0,0.0,11.0,0.0,11.0
0.0385,16,8.0,8.0,2.0,10.0,0.0,10.0,4.0,14.0,3.0,17.0,2.0,19.0,2.0,21.0,2.0,23.0,0.0,23.0,0.0,23.0,0.0,23.0,0.0,23.0,0.0,23.0,0.0,23.0,0.0,23.0,0.0,23.0,0.0,23.0,2.0,25.0,0.0,25.0
0.0385,17,7.0,7.0,3.0,10.0,0.0,10.0,0.0,10.0,1.0,11.0,1.0,12.0,0.0,12.0,1.0,13.0,0.0,13.0,0.0,13.0,0.0,13.0,0.0,13.0,0.0,13.0,0.0,13.0,0.0,13.0,0.0,13.0,0.0,13.0,0.0,13.0,0.0,13.0
0.0385,18,8.0,8.0,6.0,14.0,2.0,16.0,4.0,20.0,6.0,26.0,4.0,30.0,2.0,32.0,2.0,34.0,0.0,34.0,0.0,34.0,0.0,34.0,0.0,34.0,0.0,34.0,0.0,34.0,0.0,34.0,0.0,34.0,0.0,34.0,0.0,34.0,0.0,34.0
0.0385,19,7.0,7.0,3.0,10.0,0.0,10.0,0.0,10.0,0.0,10.0,0.0,10.0,0.0,10.0,0.0,10.0,0.0,10.0,0.0,10.0,0.0,10.0,0.0,10.0,0.0,10.0,0.0,10.0,0.0,10.0,0.0,10.0,0.0,10.0,0.0,10.0,0.0,10.0
0.0385,20,8.0,8.0,2.0,10.0,0.0,10.0,0.0,10.0,0.0,10.0,0.0,10.0,0.0,10.0,0.0,10.0,0.0,10.0,0.0,10.0,0.0,10.0,0.0,10.0,0.0,10.0,0.0,10.0,0.0,10.0,0.0,10.0,0.0,10.0,0.0,10.0,0.0,10.0
0.0385,21,5.0,5.0,5.0,10.0,2.0,12.0,2.0,14.0,3.0,17.0,6.0,23.0,8.0,31.0,5.0,36.0,3.0,39.0,1.0,40.0,3.0,43.0,3.0,46.0,3.0,49.0,2.0,51.0,0.0,51.0,0.0,51.0,0.0,51.0,0.0,51.0,0.0,51.0
0.0385,22,9.0,9.0,3.0,12.0,1.0,13.0,2.0,15.0,2.0,17.0,2.0,19.0,1.0,20.0,0.0,20.0,0.0,20.0,0.0,20.0,0.0,20.0,0.0,20.0,0.0,20.0,0.0,20.0,0.0,20.0,0.0,20.0,0.0,20.0,0.0,20.0,0.0,20.0
0.0385,23,7.0,7.0,3.0,10.0,3.0,13.0,3.0,16.0,1.0,17.0,0.0,17.0,0.0,17.0,3.0,20.0,2.0,22.0,0.0,22.0,2.0,24.0,4.0,28.0,4.0,32.0,1.0,33.0,0.0,33.0,0.0,33.0,0.0,33.0,0.0,33.0,0.0,33.0
0.0385,24,6.0,6.0,4.0,10.0,2.0,12.0,2.0,14.0,2.0,16.0,4.0,20.0,6.0,26.0,2.0,28.0,3.0,31.0,6.0,37.0,7.0,44.0,10.0,54.0,7.0,61.0,3.0,64.0,0.0,64.0,1.0,65.0,3.0,68.0,2.0,70.0,4.0,74.0
0.0385,25,4.0,4.0,2.0,6.0,1.0,7.0,3.0,10.0,1.0,11.0,1.0,12.0,4.0,16.0,2.0,18.0,1.0,19.0,1.0,20.0,1.0,21.0,0.0,21.0,4.0,25.0,1.0,26.0,0.0,26.0,0.0,26.0,0.0,26.0,0.0,26.0,0.0,26.0
0.0385,26,6.0,6.0,3.0,9.0,0.0,9.0,0.0,9.0,0.0,9.0,0.0,9.0,0.0,9.0,0.0,9.0,0.0,9.0,0.0,9.0,0.0,9.0,0.0,9.0,2.0,11.0,0.0,11.0,0.0,11.0,0.0,11.0,0.0,11.0,0.0,11.0,0.0,11.0
0.0385,27,6.0,6.0,2.0,8.0,1.0,9.0,4.0,13.0,6.0,19.0,4.0,23.0,6.0,29.0,1.0,30.0,0.0,30.0,0.0,30.0,0.0,30.0,0.0,30.0,0.0,30.0,0.0,30.0,0.0,30.0,0.0,30.0,0.0,30.0,0.0,30.0,0.0,30.0
0.0385,28,6.0,6.0,3.0,9.0,0.0,9.0,1.0,10.0,0.0,10.0,1.0,11.0,0.0,11.0,0.0,11.0,0.0,11.0,0.0,11.0,0.0,11.0,0.0,11.0,0.0,11.0,0.0,11.0,0.0,11.0,0.0,11.0,0.0,11.0,0.0,11.0,0.0,11.0
0.0385,29,5.0,5.0,3.0,8.0,0.0,8.0,0.0,8.0,0.0,8.0,0.0,8.0,0.0,8.0,0.0,8.0,0.0,8.0,0.0,8.0,0.0,8.0,0.0,8.0,0.0,8.0,0.0,8.0,0.0,8.0,0.0,8.0,0.0,8.0,0.0,8.0,0.0,8.0
0.0385,30,12.0,12.0,1.0,13.0,3.0,16.0,1.0,17.0,1.0,18.0,2.0,20.0,1.0,21.0,0.0,21.0,0.0,21.0,0.0,21.0,0.0,21.0,0.0,21.0,0.0,21.0,0.0,21.0,0.0,21.0,0.0,21.0,0.0,21.0,0.0,21.0,0.0,21.0
0.0385,31,10.0,10.0,2.0,12.0,0.0,12.0,0.0,12.0,0.0,12.0,0.0,12.0,0.0,12.0,0.0,12.0,0.0,12.0,0.0,12.0,0.0,12.0,1.0,13.0,1.0,14.0,2.0,16.0,1.0,17.0,4.0,21.0,2.0,23.0,2.0,25.0,3.0,28.0
0.0385,32,15.0,15.0,2.0,17.0,0.0,17.0,0.0,17.0,0.0,17.0,0.0,17.0,0.0,17.0,0.0,17.0,0.0,17.0,0.0,17.0,2.0,19.0,1.0,20.0,0.0,20.0,1.0,21.0,0.0,21.0,0.0,21.0,0.0,21.0,0.0,21.0,0.0,21.0
0.0385,33,7.0,7.0,3.0,10.0,0.0,10.0,0.0,10.0,0.0,10.0,0.0,10.0,1.0,11.0,0.0,11.0,0.0,11.0,0.0,11.0,0.0,11.0,0.0,11.0,0.0,11.0,0.0,11.0,0.0,11.0,0.0,11.0,0.0,11.0,0.0,11.0,0.0,11.0
0.0385,34,5.0,5.0,0.0,5.0,0.0,5.0,0.0,5.0,0.0,5.0,0.0,5.0,0.0,5.0,0.0,5.0,0.0,5.0,0.0,5.0,1.0,6.0,1.0,7.0,2.0,9.0,0.0,9.0,2.0,11.0,0.0,11.0,1.0,12.0,2.0,14.0,2.0,16.0
0.0385,35,10.0,10.0,2.0,12.0,1.0,13.0,3.0,16.0,3.0,19.0,8.0,27.0,6.0,33.0,3.0,36.0,0.0,36.0,0.0,36.0,0.0,36.0,0.0,36.0,0.0,36.0,0.0,36.0,0.0,36.0,0.0,36.0,0.0,36.0,0.0,36.0,0.0,36.0
0.0385,36,8.0,8.0,4.0,12.0,1.0,13.0,1.0,14.0,0.0,14.0,0.0,14.0,0.0,14.0,1.0,15.0,0.0,15.0,0.0,15.0,0.0,15.0,0.0,15.0,0.0,15.0,0.0,15.0,0.0,15.0,0.0,15.0,0.0,15.0,0.0,15.0,0.0,15.0
0.0385,37,7.0,7.0,4.0,11.0,0.0,11.0,0.0,11.0,0.0,11.0,0.0,11.0,0.0,11.0,0.0,11.0,0.0,11.0,0.0,11.0,0.0,11.0,0.0,11.0,0.0,11.0,0.0,11.0,0.0,11.0,0.0,11.0,0.0,11.0,0.0,11.0,0.0,11.0
0.0385,38,8.0,8.0,3.0,11.0,0.0,11.0,1.0,12.0,1.0,13.0,2.0,15.0,3.0,18.0,0.0,18.0,0.0,18.0,0.0,18.0,0.0,18.0,3.0,21.0,2.0,23.0,0.0,23.0,0.0,23.0,0.0,23.0,0.0,23.0,0.0,23.0,0.0,23.0
0.0385,39,7.0,7.0,3.0,10.0,0.0,10.0,0.0,10.0,0.0,10.0,0.0,10.0,0.0,10.0,0.0,10.0,0.0,10.0,2.0,12.0,4.0,16.0,1.0,17.0,1.0,18.0,0.0,18.0,0.0,18.0,0.0,18.0,0.0,18.0,0.0,18.0,0.0,18.0
0.0385,40,11.0,11.0,5.0,16.0,0.0,16.0,0.0,16.0,0.0,16.0,0.0,16.0,0.0,16.0,1.0,17.0,0.0,17.0,0.0,17.0,0.0,17.0,0.0,17.0,0.0,17.0,0.0,17.0,0.0,17.0,0.0,17.0,0.0,17.0,0.0,17.0,0.0,17.0
0.0385,41,11.0,11.0,2.0,13.0,0.0,13.0,0.0,13.0,0.0,13.0,0.0,13.0,0.0,13.0,0.0,13.0,0.0,13.0,0.0,13.0,0.0,13.0,0.0,13.0,0.0,13.0,0.0,13.0,0.0,13.0,0.0,13.0,0.0,13.0,0.0,13.0,0.0,13.0
0.0385,42,5.0,5.0,3.0,8.0,0.0,8.0,0.0,8.0,0.0,8.0,0.0,8.0,0.0,8.0,0.0,8.0,0.0,8.0,0.0,8.0,0.0,8.0,0.0,8.0,0.0,8.0,0.0,8.0,0.0,8.0,0.0,8.0,0.0,8.0,0.0,8.0,0.0,8.0
0.0385,43,7.0,7.0,7.0,14.0,3.0,17.0,0.0,17.0,0.0,17.0,3.0,20.0,5.0,25.0,1.0,26.0,0.0,26.0,0.0,26.0,0.0,26.0,0.0,26.0,0.0,26.0,0.0,26.0,0.0,26.0,0.0,26.0,0.0,26.0,0.0,26.0,0.0,26.0
0.0385,44,5.0,5.0,3.0,8.0,1.0,9.0,2.0,11.0,4.0,15.0,4.0,19.0,6.0,25.0,2.0,27.0,1.0,28.0,1.0,29.0,0.0,29.0,4.0,33.0,4.0,37.0,0.0,37.0,0.0,37.0,0.0,37.0,0.0,37.0,0.0,37.0,0.0,37.0
0.0385,45,4.0,4.0,3.0,7.0,1.0,8.0,1.0,9.0,0.0,9.0,2.0,11.0,1.0,12.0,0.0,12.0,0.0,12.0,0.0,12.0,0.0,12.0,0.0,12.0,0.0,12.0,0.0,12.0,0.0,12.0,0.0,12.0,0.0,12.0,0.0,12.0,0.0,12.0
0.0385,46,7.0,7.0,5.0,12.0,0.0,12.0,0.0,12.0,0.0,12.0,0.0,12.0,0.0,12.0,0.0,12.0,0.0,12.0,2.0,14.0,4.0,18.0,2.0,20.0,3.0,23.0,0.0,23.0,2.0,25.0,3.0,28.0,3.0,31.0,3.0,34.0,6.0,40.0
0.0385,47,7.0,7.0,2.0,9.0,0.0,9.0,0.0,9.0,0.0,9.0,0.0,9.0,0.0,9.0,0.0,9.0,2.0,11.0,1.0,12.0,2.0,14.0,2.0,16.0,2.0,18.0,2.0,20.0,0.0,20.0,0.0,20.0,0.0,20.0,0.0,20.0,0.0,20.0
0.0385,48,8.0,8.0,3.0,11.0,1.0,12.0,0.0,12.0,1.0,13.0,1.0,14.0,1.0,15.0,1.0,16.0,0.0,16.0,0.0,16.0,0.0,16.0,0.0,16.0,0.0,16.0,0.0,16.0,0.0,16.0,0.0,16.0,0.0,16.0,0.0,16.0,0.0,16.0
0.0385,49,8.0,8.0,7.0,15.0,3.0,18.0,1.0,19.0,2.0,21.0,8.0,29.0,10.0,39.0,7.0,46.0,5.0,51.0,1.0,52.0,2.0,54.0,2.0,56.0,4.0,60.0,5.0,65.0,4.0,69.0,6.0,75.0,3.0,78.0,7.0,85.0,6.0,91.0
0.039,0,5.0,5.0,2.0,7.0,0.0,7.0,0.0,7.0,0.0,7.0,0.0,7.0,0.0,7.0,0.0,7.0,0.0,7.0,0.0,7.0,2.0,9.0,1.0,10.0,3.0,13.0,0.0,13.0,0.0,13.0,0.0,13.0,0.0,13.0,0.0,13.0,0.0,13.0
0.039,1,6.0,6.0,4.0,10.0,0.0,10.0,2.0,12.0,2.0,14.0,3.0,17.0,5.0,22.0,3.0,25.0,1.0,26.0,0.0,26.0,1.0,27.0,1.0,28.0,1.0,29.0,1.0,30.0,0.0,30.0,0.0,30.0,0.0,30.0,0.0,30.0,0.0,30.0
0.039,2,6.0,6.0,2.0,8.0,0.0,8.0,0.0,8.0,0.0,8.0,0.0,8.0,0.0,8.0,0.0,8.0,0.0,8.0,0.0,8.0,2.0,10.0,0.0,10.0,0.0,10.0,0.0,10.0,0.0,10.0,0.0,10.0,0.0,10.0,0.0,10.0,0.0,10.0
0.039,3,7.0,7.0,4.0,11.0,1.0,12.0,0.0,12.0,4.0,16.0,6.0,22.0,7.0,29.0,2.0,31.0,1.0,32.0,1.0,33.0,1.0,34.0,0.0,34.0,1.0,35.0,0.0,35.0,0.0,35.0,0.0,35.0,0.0,35.0,0.0,35.0,0.0,35.0
0.039,4,9.0,9.0,4.0,13.0,0.0,13.0,0.0,13.0,0.0,13.0,0.0,13.0,0.0,13.0,0.0,13.0,0.0,13.0,0.0,13.0,0.0,13.0,0.0,13.0,0.0,13.0,0.0,13.0,0.0,13.0,0.0,13.0,0.0,13.0,0.0,13.0,0.0,13.0
0.039,5,6.0,6.0,3.0,9.0,0.0,9.0,0.0,9.0,0.0,9.0,0.0,9.0,0.0,9.0,0.0,9.0,0.0,9.0,0.0,9.0,0.0,9.0,0.0,9.0,0.0,9.0,0.0,9.0,0.0,9.0,0.0,9.0,0.0,9.0,0.0,9.0,0.0,9.0
0.039,6,7.0,7.0,4.0,11.0,1.0,12.0,1.0,13.0,0.0,13.0,1.0,14.0,0.0,14.0,1.0,15.0,0.0,15.0,0.0,15.0,0.0,15.0,0.0,15.0,0.0,15.0,0.0,15.0,0.0,15.0,0.0,15.0,0.0,15.0,0.0,15.0,0.0,15.0
0.039,7,9.0,9.0,3.0,12.0,4.0,16.0,1.0,17.0,1.0,18.0,3.0,21.0,3.0,24.0,1.0,25.0,0.0,25.0,0.0,25.0,1.0,26.0,5.0,31.0,4.0,35.0,1.0,36.0,1.0,37.0,1.0,38.0,3.0,41.0,2.0,43.0,2.0,45.0
0.039,8,4.0,4.0,5.0,9.0,2.0,11.0,3.0,14.0,3.0,17.0,5.0,22.0,4.0,26.0,0.0,26.0,6.0,32.0,4.0,36.0,3.0,39.0,4.0,43.0,1.0,44.0,2.0,46.0,1.0,47.0,2.0,49.0,5.0,54.0,1.0,55.0,0.0,55.0
0.039,9,13.0,13.0,2.0,15.0,0.0,15.0,1.0,16.0,4.0,20.0,4.0,24.0,1.0,25.0,1.0,26.0,2.0,28.0,5.0,33.0,0.0,33.0,1.0,34.0,1.0,35.0,0.0,35.0,0.0,35.0,2.0,37.0,2.0,39.0,3.0,42.0,3.0,45.0
0.039,10,2.0,2.0,2.0,4.0,0.0,4.0,0.0,4.0,0.0,4.0,0.0,4.0,0.0,4.0,0.0,4.0,0.0,4.0,0.0,4.0,0.0,4.0,0.0,4.0,0.0,4.0,0.0,4.0,0.0,4.0,0.0,4.0,0.0,4.0,0.0,4.0,0.0,4.0
0.039,11,5.0,5.0,5.0,10.0,4.0,14.0,3.0,17.0,6.0,23.0,3.0,26.0,7.0,33.0,4.0,37.0,1.0,38.0,3.0,41.0,4.0,45.0,6.0,51.0,5.0,56.0,0.0,56.0,0.0,56.0,0.0,56.0,0.0,56.0,0.0,56.0,0.0,56.0
0.039,12,3.0,3.0,4.0,7.0,1.0,8.0,5.0,13.0,2.0,15.0,4.0,19.0,6.0,25.0,1.0,26.0,0.0,26.0,0.0,26.0,0.0,26.0,0.0,26.0,0.0,26.0,0.0,26.0,0.0,26.0,0.0,26.0,0.0,26.0,0.0,26.0,0.0,26.0
0.039,13,4.0,4.0,2.0,6.0,3.0,9.0,1.0,10.0,1.0,11.0,1.0,12.0,3.0,15.0,2.0,17.0,0.0,17.0,0.0,17.0,0.0,17.0,0.0,17.0,0.0,17.0,0.0,17.0,0.0,17.0,0.0,17.0,0.0,17.0,0.0,17.0,0.0,17.0
0.039,14,6.0,6.0,3.0,9.0,4.0,13.0,0.0,13.0,3.0,16.0,5.0,21.0,5.0,26.0,1.0,27.0,0.0,27.0,2.0,29.0,2.0,31.0,1.0,32.0,0.0,32.0,0.0,32.0,0.0,32.0,0.0,32.0,0.0,32.0,0.0,32.0,0.0,32.0
0.039,15,5.0,5.0,3.0,8.0,3.0,11.0,6.0,17.0,4.0,21.0,5.0,26.0,5.0,31.0,3.0,34.0,0.0,34.0,0.0,34.0,0.0,34.0,0.0,34.0,0.0,34.0,0.0,34.0,0.0,34.0,0.0,34.0,0.0,34.0,0.0,34.0,0.0,34.0
0.039,16,8.0,8.0,3.0,11.0,1.0,12.0,0.0,12.0,0.0,12.0,1.0,13.0,0.0,13.0,1.0,14.0,2.0,16.0,0.0,16.0,2.0,18.0,4.0,22.0,3.0,25.0,2.0,27.0,2.0,29.0,1.0,30.0,1.0,31.0,3.0,34.0,4.0,38.0
0.039,17,10.0,10.0,3.0,13.0,1.0,14.0,5.0,19.0,4.0,23.0,4.0,27.0,7.0,34.0,3.0,37.0,0.0,37.0,0.0,37.0,0.0,37.0,0.0,37.0,0.0,37.0,0.0,37.0,0.0,37.0,0.0,37.0,0.0,37.0,0.0,37.0,0.0,37.0
0.039,18,11.0,11.0,7.0,18.0,1.0,19.0,7.0,26.0,4.0,30.0,6.0,36.0,7.0,43.0,4.0,47.0,5.0,52.0,3.0,55.0,8.0,63.0,8.0,71.0,8.0,79.0,5.0,84.0,1.0,85.0,1.0,86.0,2.0,88.0,1.0,89.0,5.0,94.0
0.039,19,8.0,8.0,4.0,12.0,2.0,14.0,2.0,16.0,2.0,18.0,1.0,19.0,2.0,21.0,0.0,21.0,0.0,21.0,0.0,21.0,0.0,21.0,0.0,21.0,0.0,21.0,0.0,21.0,0.0,21.0,0.0,21.0,0.0,21.0,0.0,21.0,0.0,21.0
0.039,20,8.0,8.0,5.0,13.0,0.0,13.0,3.0,16.0,2.0,18.0,4.0,22.0,4.0,26.0,4.0,30.0,1.0,31.0,0.0,31.0,0.0,31.0,2.0,33.0,4.0,37.0,1.0,38.0,0.0,38.0,0.0,38.0,0.0,38.0,0.0,38.0,0.0,38.0
0.039,21,8.0,8.0,6.0,14.0,1.0,15.0,6.0,21.0,4.0,25.0,2.0,27.0,6.0,33.0,3.0,36.0,2.0,38.0,6.0,44.0,1.0,45.0,5.0,50.0,8.0,58.0,2.0,60.0,1.0,61.0,2.0,63.0,2.0,65.0,3.0,68.0,1.0,69.0
0.039,22,10.0,10.0,2.0,12.0,1.0,13.0,0.0,13.0,1.0,14.0,2.0,16.0,4.0,20.0,2.0,22.0,0.0,22.0,0.0,22.0,0.0,22.0,0.0,22.0,0.0,22.0,0.0,22.0,0.0,22.0,0.0,22.0,0.0,22.0,0.0,22.0,0.0,22.0
0.039,23,8.0,8.0,3.0,11.0,0.0,11.0,0.0,11.0,1.0,12.0,1.0,13.0,0.0,13.0,0.0,13.0,0.0,13.0,0.0,13.0,0.0,13.0,0.0,13.0,0.0,13.0,0.0,13.0,0.0,13.0,0.0,13.0,0.0,13.0,0.0,13.0,0.0,13.0
0.039,24,6.0,6.0,3.0,9.0,1.0,10.0,5.0,15.0,6.0,21.0,3.0,24.0,9.0,33.0,4.0,37.0,4.0,41.0,5.0,46.0,7.0,53.0,4.0,57.0,5.0,62.0,8.0,70.0,2.0,72.0,1.0,73.0,2.0,75.0,4.0,79.0,8.0,87.0
0.039,25,7.0,7.0,4.0,11.0,2.0,13.0,1.0,14.0,5.0,19.0,3.0,22.0,10.0,32.0,2.0,34.0,6.0,40.0,4.0,44.0,6.0,50.0,8.0,58.0,3.0,61.0,2.0,63.0,3.0,66.0,2.0,68.0,5.0,73.0,7.0,80.0,3.0,83.0
0.039,26,8.0,8.0,4.0,12.0,2.0,14.0,1.0,15.0,0.0,15.0,2.0,17.0,3.0,20.0,0.0,20.0,0.0,20.0,0.0,20.0,2.0,22.0,0.0,22.0,1.0,23.0,0.0,23.0,0.0,23.0,0.0,23.0,0.0,23.0,0.0,23.0,0.0,23.0
0.039,27,7.0,7.0,4.0,11.0,1.0,12.0,1.0,13.0,1.0,14.0,0.0,14.0,1.0,15.0,0.0,15.0,0.0,15.0,0.0,15.0,0.0,15.0,0.0,15.0,0.0,15.0,0.0,15.0,0.0,15.0,0.0,15.0,0.0,15.0,0.0,15.0,0.0,15.0
0.039,28,8.0,8.0,3.0,11.0,0.0,11.0,1.0,12.0,1.0,13.0,2.0,15.0,2.0,17.0,1.0,18.0,0.0,18.0,0.0,18.0,0.0,18.0,0.0,18.0,0.0,18.0,0.0,18.0,0.0,18.0,0.0,18.0,0.0,18.0,0.0,18.0,0.0,18.0
0.039,29,9.0,9.0,3.0,12.0,0.0,12.0,0.0,12.0,0.0,12.0,0.0,12.0,0.0,12.0,0.0,12.0,0.0,12.0,0.0,12.0,0.0,12.0,0.0,12.0,0.0,12.0,0.0,12.0,0.0,12.0,0.0,12.0,1.0,13.0,3.0,16.0,0.0,16.0
0.039,30,10.0,10.0,1.0,11.0,0.0,11.0,0.0,11.0,0.0,11.0,0.0,11.0,0.0,11.0,0.0,11.0,0.0,11.0,0.0,11.0,0.0,11.0,0.0,11.0,0.0,11.0,0.0,11.0,0.0,11.0,0.0,11.0,0.0,11.0,0.0,11.0,0.0,11.0
0.039,31,8.0,8.0,2.0,10.0,0.0,10.0,0.0,10.0,0.0,10.0,0.0,10.0,0.0,10.0,0.0,10.0,0.0,10.0,0.0,10.0,0.0,10.0,0.0,10.0,0.0,10.0,0.0,10.0,0.0,10.0,0.0,10.0,1.0,11.0,6.0,17.0,5.0,22.0
0.039,32,9.0,9.0,5.0,14.0,0.0,14.0,0.0,14.0,0.0,14.0,0.0,14.0,0.0,14.0,0.0,14.0,0.0,14.0,0.0,14.0,0.0,14.0,0.0,14.0,0.0,14.0,0.0,14.0,0.0,14.0,0.0,14.0,0.0,14.0,0.0,14.0,0.0,14.0
0.039,33,6.0,6.0,2.0,8.0,0.0,8.0,0.0,8.0,0.0,8.0,0.0,8.0,0.0,8.0,0.0,8.0,0.0,8.0,0.0,8.0,0.0,8.0,0.0,8.0,0.0,8.0,0.0,8.0,0.0,8.0,0.0,8.0,0.0,8.0,0.0,8.0,0.0,8.0
0.039,34,9.0,9.0,4.0,13.0,4.0,17.0,3.0,20.0,3.0,23.0,2.0,25.0,1.0,26.0,0.0,26.0,0.0,26.0,0.0,26.0,0.0,26.0,0.0,26.0,0.0,26.0,0.0,26.0,0.0,26.0,0.0,26.0,0.0,26.0,0.0,26.0,0.0,26.0
0.039,35,8.0,8.0,0.0,8.0,0.0,8.0,0.0,8.0,0.0,8.0,0.0,8.0,0.0,8.0,0.0,8.0,0.0,8.0,0.0,8.0,0.0,8.0,0.0,8.0,0.0,8.0,0.0,8.0,0.0,8.0,0.0,8.0,0.0,8.0,0.0,8.0,0.0,8.0
0.039,36,7.0,7.0,5.0,12.0,6.0,18.0,1.0,19.0,9.0,28.0,11.0,39.0,7.0,46.0,3.0,49.0,1.0,50.0,0.0,50.0,0.0,50.0,3.0,53.0,1.0,54.0,2.0,56.0,0.0,56.0,0.0,56.0,0.0,56.0,0.0,56.0,0.0,56.0
0.039,37,9.0,9.0,4.0,13.0,0.0,13.0,0.0,13.0,0.0,13.0,0.0,13.0,0.0,13.0,0.0,13.0,0.0,13.0,0.0,13.0,0.0,13.0,0.0,13.0,0.0,13.0,0.0,13.0,0.0,13.0,0.0,13.0,0.0,13.0,0.0,13.0,0.0,13.0
0.039,38,4.0,4.0,4.0,8.0,0.0,8.0,0.0,8.0,0.0,8.0,0.0,8.0,0.0,8.0,0.0,8.0,0.0,8.0,0.0,8.0,0.0,8.0,2.0,10.0,1.0,11.0,1.0,12.0,0.0,12.0,0.0,12.0,0.0,12.0,0.0,12.0,0.0,12.0
0.039,39,8.0,8.0,2.0,10.0,0.0,10.0,0.0,10.0,0.0,10.0,0.0,10.0,0.0,10.0,0.0,10.0,0.0,10.0,0.0,10.0,0.0,10.0,0.0,10.0,0.0,10.0,0.0,10.0,0.0,10.0,0.0,10.0,0.0,10.0,0.0,10.0,0.0,10.0
0.039,40,9.0,9.0,3.0,12.0,4.0,16.0,5.0,21.0,3.0,24.0,7.0,31.0,3.0,34.0,2.0,36.0,2.0,38.0,1.0,39.0,2.0,41.0,1.0,42.0,1.0,43.0,1.0,44.0,0.0,44.0,0.0,44.0,0.0,44.0,0.0,44.0,0.0,44.0
0.039,41,7.0,7.0,4.0,11.0,1.0,12.0,0.0,12.0,0.0,12.0,1.0,13.0,1.0,14.0,1.0,15.0,0.0,15.0,0.0,15.0,0.0,15.0,0.0,15.0,0.0,15.0,0.0,15.0,0.0,15.0,0.0,15.0,0.0,15.0,0.0,15.0,0.0,15.0
0.039,42,9.0,9.0,2.0,11.0,1.0,12.0,1.0,13.0,3.0,16.0,2.0,18.0,4.0,22.0,3.0,25.0,3.0,28.0,5.0,33.0,5.0,38.0,3.0,41.0,3.0,44.0,3.0,47.0,0.0,47.0,1.0,48.0,3.0,51.0,3.0,54.0,10.0,64.0
0.039,43,11.0,11.0,4.0,15.0,4.0,19.0,4.0,23.0,2.0,25.0,6.0,31.0,6.0,37.0,2.0,39.0,0.0,39.0,0.0,39.0,0.0,39.0,0.0,39.0,0.0,39.0,0.0,39.0,0.0,39.0,0.0,39.0,0.0,39.0,0.0,39.0,0.0,39.0
0.039,44,10.0,10.0,6.0,16.0,2.0,18.0,2.0,20.0,2.0,22.0,5.0,27.0,4.0,31.0,5.0,36.0,1.0,37.0,0.0,37.0,1.0,38.0,0.0,38.0,3.0,41.0,1.0,42.0,0.0,42.0,0.0,42.0,0.0,42.0,0.0,42.0,0.0,42.0
0.039,45,8.0,8.0,1.0,9.0,3.0,12.0,1.0,13.0,2.0,15.0,6.0,21.0,5.0,26.0,1.0,27.0,0.0,27.0,0.0,27.0,0.0,27.0,2.0,29.0,3.0,32.0,3.0,35.0,0.0,35.0,0.0,35.0,0.0,35.0,0.0,35.0,0.0,35.0
0.039,46,8.0,8.0,5.0,13.0,0.0,13.0,0.0,13.0,2.0,15.0,1.0,16.0,4.0,20.0,6.0,26.0,4.0,30.0,3.0,33.0,11.0,44.0,11.0,55.0,7.0,62.0,4.0,66.0,2.0,68.0,1.0,69.0,0.0,69.0,1.0,70.0,2.0,72.0
0.039,47,4.0,4.0,4.0,8.0,2.0,10.0,8.0,18.0,10.0,28.0,5.0,33.0,11.0,44.0,2.0,46.0,1.0,47.0,0.0,47.0,1.0,48.0,1.0,49.0,0.0,49.0,1.0,50.0,0.0,50.0,0.0,50.0,0.0,50.0,0.0,50.0,0.0,50.0
0.039,48,10.0,10.0,3.0,13.0,0.0,13.0,0.0,13.0,0.0,13.0,0.0,13.0,0.0,13.0,0.0,13.0,0.0,13.0,0.0,13.0,0.0,13.0,0.0,13.0,0.0,13.0,0.0,13.0,0.0,13.0,0.0,13.0,0.0,13.0,0.0,13.0,0.0,13.0
0.039,49,11.0,11.0,1.0,12.0,3.0,15.0,3.0,18.0,2.0,20.0,1.0,21.0,3.0,24.0,1.0,25.0,3.0,28.0,5.0,33.0,7.0,40.0,13.0,53.0,11.0,64.0,3.0,67.0,0.0,67.0,0.0,67.0,0.0,67.0,0.0,67.0,0.0,67.0
0.04,0,9.0,9.0,6.0,15.0,0.0,15.0,1.0,16.0,0.0,16.0,1.0,17.0,3.0,20.0,1.0,21.0,0.0,21.0,0.0,21.0,0.0,21.0,0.0,21.0,0.0,21.0,0.0,21.0,0.0,21.0,0.0,21.0,0.0,21.0,0.0,21.0,0.0,21.0
0.04,1,8.0,8.0,2.0,10.0,1.0,11.0,4.0,15.0,3.0,18.0,3.0,21.0,5.0,26.0,1.0,27.0,0.0,27.0,0.0,27.0,0.0,27.0,0.0,27.0,0.0,27.0,0.0,27.0,0.0,27.0,0.0,27.0,2.0,29.0,3.0,32.0,4.0,36.0
0.04,2,5.0,5.0,1.0,6.0,0.0,6.0,0.0,6.0,0.0,6.0,0.0,6.0,0.0,6.0,0.0,6.0,0.0,6.0,0.0,6.0,0.0,6.0,0.0,6.0,0.0,6.0,0.0,6.0,0.0,6.0,0.0,6.0,0.0,6.0,0.0,6.0,0.0,6.0
0.04,3,6.0,6.0,3.0,9.0,0.0,9.0,0.0,9.0,0.0,9.0,0.0,9.0,0.0,9.0,0.0,9.0,0.0,9.0,0.0,9.0,0.0,9.0,0.0,9.0,0.0,9.0,0.0,9.0,0.0,9.0,0.0,9.0,0.0,9.0,0.0,9.0,0.0,9.0
0.04,4,5.0,5.0,2.0,7.0,5.0,12.0,6.0,18.0,4.0,22.0,7.0,29.0,6.0,35.0,2.0,37.0,2.0,39.0,4.0,43.0,1.0,44.0,4.0,48.0,3.0,51.0,0.0,51.0,0.0,51.0,0.0,51.0,1.0,52.0,1.0,53.0,1.0,54.0
0.04,5,9.0,9.0,2.0,11.0,0.0,11.0,0.0,11.0,0.0,11.0,0.0,11.0,0.0,11.0,0.0,11.0,0.0,11.0,0.0,11.0,0.0,11.0,0.0,11.0,0.0,11.0,0.0,11.0,0.0,11.0,0.0,11.0,0.0,11.0,0.0,11.0,0.0,11.0
0.04,6,9.0,9.0,4.0,13.0,2.0,15.0,2.0,17.0,0.0,17.0,1.0,18.0,2.0,20.0,0.0,20.0,0.0,20.0,0.0,20.0,0.0,20.0,0.0,20.0,0.0,20.0,0.0,20.0,0.0,20.0,0.0,20.0,0.0,20.0,0.0,20.0,0.0,20.0
0.04,7,7.0,7.0,8.0,15.0,2.0,17.0,1.0,18.0,2.0,20.0,3.0,23.0,5.0,28.0,1.0,29.0,0.0,29.0,0.0,29.0,0.0,29.0,0.0,29.0,0.0,29.0,0.0,29.0,0.0,29.0,0.0,29.0,0.0,29.0,0.0,29.0,0.0,29.0
0.04,8,8.0,8.0,3.0,11.0,0.0,11.0,0.0,11.0,0.0,11.0,0.0,11.0,0.0,11.0,0.0,11.0,0.0,11.0,0.0,11.0,0.0,11.0,0.0,11.0,0.0,11.0,0.0,11.0,0.0,11.0,0.0,11.0,0.0,11.0,0.0,11.0,0.0,11.0
0.04,9,11.0,11.0,6.0,17.0,6.0,23.0,1.0,24.0,6.0,30.0,8.0,38.0,5.0,43.0,2.0,45.0,0.0,45.0,0.0,45.0,0.0,45.0,0.0,45.0,0.0,45.0,0.0,45.0,0.0,45.0,0.0,45.0,0.0,45.0,0.0,45.0,0.0,45.0
0.04,10,6.0,6.0,5.0,11.0,8.0,19.0,10.0,29.0,7.0,36.0,8.0,44.0,12.0,56.0,4.0,60.0,0.0,60.0,0.0,60.0,1.0,61.0,0.0,61.0,1.0,62.0,0.0,62.0,0.0,62.0,0.0,62.0,0.0,62.0,0.0,62.0,0.0,62.0
0.04,11,10.0,10.0,4.0,14.0,0.0,14.0,4.0,18.0,0.0,18.0,1.0,19.0,7.0,26.0,4.0,30.0,0.0,30.0,0.0,30.0,0.0,30.0,0.0,30.0,0.0,30.0,0.0,30.0,0.0,30.0,0.0,30.0,0.0,30.0,0.0,30.0,0.0,30.0
0.04,12,7.0,7.0,6.0,13.0,2.0,15.0,2.0,17.0,1.0,18.0,1.0,19.0,1.0,20.0,2.0,22.0,0.0,22.0,0.0,22.0,0.0,22.0,0.0,22.0,0.0,22.0,0.0,22.0,0.0,22.0,0.0,22.0,0.0,22.0,0.0,22.0,0.0,22.0
0.04,13,6.0,6.0,3.0,9.0,3.0,12.0,6.0,18.0,5.0,23.0,5.0,28.0,9.0,37.0,4.0,41.0,0.0,41.0,1.0,42.0,1.0,43.0,0.0,43.0,4.0,47.0,1.0,48.0,1.0,49.0,1.0,50.0,4.0,54.0,3.0,57.0,4.0,61.0
0.04,14,10.0,10.0,5.0,15.0,0.0,15.0,0.0,15.0,0.0,15.0,0.0,15.0,0.0,15.0,0.0,15.0,0.0,15.0,0.0,15.0,0.0,15.0,0.0,15.0,0.0,15.0,0.0,15.0,0.0,15.0,0.0,15.0,0.0,15.0,0.0,15.0,0.0,15.0
0.04,15,8.0,8.0,2.0,10.0,3.0,13.0,4.0,17.0,2.0,19.0,2.0,21.0,2.0,23.0,1.0,24.0,0.0,24.0,1.0,25.0,3.0,28.0,4.0,32.0,8.0,40.0,0.0,40.0,0.0,40.0,0.0,40.0,0.0,40.0,0.0,40.0,0.0,40.0
0.04,16,8.0,8.0,1.0,9.0,3.0,12.0,0.0,12.0,3.0,15.0,4.0,19.0,8.0,27.0,2.0,29.0,0.0,29.0,2.0,31.0,3.0,34.0,4.0,38.0,8.0,46.0,4.0,50.0,0.0,50.0,1.0,51.0,0.0,51.0,3.0,54.0,4.0,58.0
0.04,17,10.0,10.0,3.0,13.0,2.0,15.0,1.0,16.0,1.0,17.0,4.0,21.0,4.0,25.0,5.0,30.0,1.0,31.0,3.0,34.0,7.0,41.0,6.0,47.0,7.0,54.0,2.0,56.0,1.0,57.0,2.0,59.0,0.0,59.0,1.0,60.0,3.0,63.0
0.04,18,4.0,4.0,0.0,4.0,0.0,4.0,0.0,4.0,0.0,4.0,0.0,4.0,0.0,4.0,0.0,4.0,0.0,4.0,1.0,5.0,2.0,7.0,1.0,8.0,2.0,10.0,0.0,10.0,0.0,10.0,0.0,10.0,0.0,10.0,0.0,10.0,0.0,10.0
0.04,19,11.0,11.0,3.0,14.0,2.0,16.0,3.0,19.0,3.0,22.0,2.0,24.0,0.0,24.0,0.0,24.0,0.0,24.0,0.0,24.0,0.0,24.0,0.0,24.0,0.0,24.0,0.0,24.0,0.0,24.0,0.0,24.0,0.0,24.0,0.0,24.0,0.0,24.0
0.04,20,6.0,6.0,4.0,10.0,2.0,12.0,2.0,14.0,1.0,15.0,6.0,21.0,10.0,31.0,5.0,36.0,1.0,37.0,4.0,41.0,2.0,43.0,6.0,49.0,8.0,57.0,2.0,59.0,2.0,61.0,4.0,65.0,1.0,66.0,3.0,69.0,4.0,73.0
0.04,21,7.0,7.0,4.0,11.0,5.0,16.0,5.0,21.0,4.0,25.0,13.0,38.0,12.0,50.0,6.0,56.0,4.0,60.0,5.0,65.0,7.0,72.0,6.0,78.0,6.0,84.0,3.0,87.0,3.0,90.0,7.0,97.0,9.0,106.0,6.0,112.0,9.0,121.0
0.04,22,9.0,9.0,9.0,18.0,1.0,19.0,1.0,20.0,1.0,21.0,1.0,22.0,0.0,22.0,1.0,23.0,2.0,25.0,1.0,26.0,0.0,26.0,4.0,30.0,3.0,33.0,3.0,36.0,0.0,36.0,0.0,36.0,0.0,36.0,0.0,36.0,0.0,36.0
0.04,23,11.0,11.0,3.0,14.0,0.0,14.0,0.0,14.0,0.0,14.0,0.0,14.0,0.0,14.0,0.0,14.0,0.0,14.0,0.0,14.0,0.0,14.0,0.0,14.0,0.0,14.0,0.0,14.0,0.0,14.0,0.0,14.0,0.0,14.0,0.0,14.0,0.0,14.0
0.04,24,6.0,6.0,5.0,11.0,5.0,16.0,3.0,19.0,4.0,23.0,6.0,29.0,5.0,34.0,6.0,40.0,4.0,44.0,4.0,48.0,6.0,54.0,3.0,57.0,5.0,62.0,4.0,66.0,0.0,66.0,7.0,73.0,4.0,77.0,3.0,80.0,4.0,84.0
0.04,25,10.0,10.0,6.0,16.0,4.0,20.0,5.0,25.0,8.0,33.0,10.0,43.0,6.0,49.0,3.0,52.0,1.0,53.0,1.0,54.0,0.0,54.0,2.0,56.0,0.0,56.0,2.0,58.0,0.0,58.0,1.0,59.0,2.0,61.0,2.0,63.0,3.0,66.0
0.04,26,9.0,9.0,3.0,12.0,4.0,16.0,1.0,17.0,1.0,18.0,0.0,18.0,2.0,20.0,1.0,21.0,0.0,21.0,0.0,21.0,0.0,21.0,0.0,21.0,0.0,21.0,0.0,21.0,0.0,21.0,0.0,21.0,0.0,21.0,0.0,21.0,0.0,21.0
0.04,27,9.0,9.0,3.0,12.0,0.0,12.0,0.0,12.0,0.0,12.0,0.0,12.0,0.0,12.0,0.0,12.0,0.0,12.0,0.0,12.0,0.0,12.0,0.0,12.0,0.0,12.0,0.0,12.0,0.0,12.0,0.0,12.0,0.0,12.0,0.0,12.0,0.0,12.0
0.04,28,5.0,5.0,1.0,6.0,2.0,8.0,1.0,9.0,3.0,12.0,2.0,14.0,7.0,21.0,1.0,22.0,0.0,22.0,0.0,22.0,0.0,22.0,0.0,22.0,0.0,22.0,0.0,22.0,0.0,22.0,0.0,22.0,0.0,22.0,0.0,22.0,0.0,22.0
0.04,29,11.0,11.0,2.0,13.0,1.0,14.0,1.0,15.0,0.0,15.0,0.0,15.0,1.0,16.0,0.0,16.0,0.0,16.0,0.0,16.0,0.0,16.0,0.0,16.0,0.0,16.0,0.0,16.0,0.0,16.0,0.0,16.0,0.0,16.0,0.0,16.0,0.0,16.0
0.04,30,6.0,6.0,1.0,7.0,1.0,8.0,2.0,10.0,3.0,13.0,4.0,17.0,4.0,21.0,0.0,21.0,1.0,22.0,2.0,24.0,4.0,28.0,3.0,31.0,4.0,35.0,2.0,37.0,0.0,37.0,0.0,37.0,0.0,37.0,0.0,37.0,0.0,37.0
0.04,31,10.0,10.0,2.0,12.0,0.0,12.0,0.0,12.0,0.0,12.0,0.0,12.0,0.0,12.0,0.0,12.0,1.0,13.0,0.0,13.0,0.0,13.0,0.0,13.0,0.0,13.0,0.0,13.0,0.0,13.0,0.0,13.0,0.0,13.0,0.0,13.0,0.0,13.0
0.04,32,5.0,5.0,1.0,6.0,0.0,6.0,0.0,6.0,0.0,6.0,0.0,6.0,0.0,6.0,0.0,6.0,0.0,6.0,0.0,6.0,0.0,6.0,0.0,6.0,0.0,6.0,0.0,6.0,0.0,6.0,0.0,6.0,0.0,6.0,0.0,6.0,0.0,6.0
0.04,33,6.0,6.0,3.0,9.0,1.0,10.0,0.0,10.0,0.0,10.0,2.0,12.0,1.0,13.0,1.0,14.0,0.0,14.0,0.0,14.0,0.0,14.0,0.0,14.0,0.0,14.0,0.0,14.0,0.0,14.0,0.0,14.0,0.0,14.0,0.0,14.0,0.0,14.0
0.04,34,5.0,5.0,3.0,8.0,0.0,8.0,0.0,8.0,0.0,8.0,0.0,8.0,0.0,8.0,0.0,8.0,0.0,8.0,0.0,8.0,0.0,8.0,0.0,8.0,0.0,8.0,0.0,8.0,0.0,8.0,0.0,8.0,0.0,8.0,0.0,8.0,0.0,8.0
0.04,35,7.0,7.0,6.0,13.0,1.0,14.0,0.0,14.0,4.0,18.0,2.0,20.0,1.0,21.0,0.0,21.0,0.0,21.0,0.0,21.0,0.0,21.0,0.0,21.0,0.0,21.0,0.0,21.0,0.0,21.0,0.0,21.0,0.0,21.0,0.0,21.0,0.0,21.0
0.04,36,6.0,6.0,2.0,8.0,0.0,8.0,1.0,9.0,1.0,10.0,1.0,11.0,1.0,12.0,1.0,13.0,0.0,13.0,0.0,13.0,0.0,13.0,0.0,13.0,0.0,13.0,0.0,13.0,0.0,13.0,0.0,13.0,0.0,13.0,0.0,13.0,0.0,13.0
0.04,37,12.0,12.0,1.0,13.0,0.0,13.0,0.0,13.0,1.0,14.0,0.0,14.0,0.0,14.0,0.0,14.0,0.0,14.0,0.0,14.0,0.0,14.0,0.0,14.0,0.0,14.0,0.0,14.0,0.0,14.0,0.0,14.0,0.0,14.0,0.0,14.0,0.0,14.0
0.04,38,5.0,5.0,1.0,6.0,0.0,6.0,4.0,10.0,2.0,12.0,1.0,13.0,2.0,15.0,0.0,15.0,0.0,15.0,0.0,15.0,0.0,15.0,0.0,15.0,0.0,15.0,0.0,15.0,0.0,15.0,0.0,15.0,0.0,15.0,0.0,15.0,0.0,15.0
0.04,39,6.0,6.0,6.0,12.0,6.0,18.0,6.0,24.0,9.0,33.0,6.0,39.0,7.0,46.0,4.0,50.0,1.0,51.0,0.0,51.0,0.0,51.0,0.0,51.0,0.0,51.0,0.0,51.0,0.0,51.0,0.0,51.0,0.0,51.0,0.0,51.0,0.0,51.0
0.04,40,7.0,7.0,3.0,10.0,0.0,10.0,0.0,10.0,0.0,10.0,0.0,10.0,0.0,10.0,0.0,10.0,0.0,10.0,0.0,10.0,0.0,10.0,0.0,10.0,0.0,10.0,0.0,10.0,0.0,10.0,0.0,10.0,0.0,10.0,0.0,10.0,0.0,10.0
0.04,41,7.0,7.0,0.0,7.0,2.0,9.0,2.0,11.0,2.0,13.0,2.0,15.0,2.0,17.0,0.0,17.0,0.0,17.0,0.0,17.0,0.0,17.0,0.0,17.0,0.0,17.0,0.0,17.0,0.0,17.0,0.0,17.0,0.0,17.0,0.0,17.0,0.0,17.0
0.04,42,7.0,7.0,1.0,8.0,3.0,11.0,2.0,13.0,3.0,16.0,2.0,18.0,7.0,25.0,0.0,25.0,2.0,27.0,0.0,27.0,1.0,28.0,0.0,28.0,1.0,29.0,1.0,30.0,0.0,30.0,0.0,30.0,0.0,30.0,0.0,30.0,0.0,30.0
0.04,43,10.0,10.0,2.0,12.0,5.0,17.0,2.0,19.0,2.0,21.0,1.0,22.0,6.0,28.0,2.0,30.0,1.0,31.0,5.0,36.0,5.0,41.0,5.0,46.0,2.0,48.0,3.0,51.0,3.0,54.0,5.0,59.0,4.0,63.0,5.0,68.0,6.0,74.0
0.04,44,5.0,5.0,1.0,6.0,1.0,7.0,2.0,9.0,3.0,12.0,3.0,15.0,8.0,23.0,3.0,26.0,2.0,28.0,2.0,30.0,3.0,33.0,11.0,44.0,8.0,52.0,2.0,54.0,0.0,54.0,0.0,54.0,0.0,54.0,0.0,54.0,0.0,54.0
0.04,45,8.0,8.0,9.0,17.0,3.0,20.0,3.0,23.0,10.0,33.0,4.0,37.0,9.0,46.0,11.0,57.0,3.0,60.0,5.0,65.0,4.0,69.0,5.0,74.0,10.0,84.0,3.0,87.0,0.0,87.0,1.0,88.0,0.0,88.0,0.0,88.0,1.0,89.0
0.04,46,10.0,10.0,4.0,14.0,2.0,16.0,7.0,23.0,5.0,28.0,8.0,36.0,13.0,49.0,3.0,52.0,1.0,53.0,0.0,53.0,3.0,56.0,3.0,59.0,2.0,61.0,1.0,62.0,2.0,64.0,2.0,66.0,2.0,68.0,2.0,70.0,4.0,74.0
0.04,47,9.0,9.0,3.0,12.0,3.0,15.0,3.0,18.0,5.0,23.0,5.0,28.0,6.0,34.0,4.0,38.0,1.0,39.0,3.0,42.0,3.0,45.0,4.0,49.0,10.0,59.0,1.0,60.0,0.0,60.0,0.0,60.0,0.0,60.0,0.0,60.0,0.0,60.0
0.04,48,11.0,11.0,3.0,14.0,0.0,14.0,0.0,14.0,0.0,14.0,0.0,14.0,0.0,14.0,0.0,14.0,0.0,14.0,0.0,14.0,0.0,14.0,0.0,14.0,0.0,14.0,0.0,14.0,0.0,14.0,0.0,14.0,0.0,14.0,0.0,14.0,0.0,14.0
0.04,49,9.0,9.0,3.0,12.0,6.0,18.0,2.0,20.0,5.0,25.0,5.0,30.0,2.0,32.0,4.0,36.0,2.0,38.0,3.0,41.0,3.0,44.0,4.0,48.0,4.0,52.0,2.0,54.0,0.0,54.0,0.0,54.0,0.0,54.0,0.0,54.0,0.0,54.0
0.042,0,7.0,7.0,3.0,10.0,0.0,10.0,0.0,10.0,1.0,11.0,4.0,15.0,3.0,18.0,2.0,20.0,0.0,20.0,0.0,20.0,0.0,20.0,0.0,20.0,0.0,20.0,0.0,20.0,0.0,20.0,0.0,20.0,0.0,20.0,0.0,20.0,0.0,20.0
0.042,1,7.0,7.0,3.0,10.0,0.0,10.0,0.0,10.0,0.0,10.0,0.0,10.0,0.0,10.0,0.0,10.0,0.0,10.0,0.0,10.0,0.0,10.0,0.0,10.0,0.0,10.0,0.0,10.0,0.0,10.0,0.0,10.0,0.0,10.0,0.0,10.0,0.0,10.0
0.042,2,11.0,11.0,3.0,14.0,0.0,14.0,0.0,14.0,0.0,14.0,0.0,14.0,0.0,14.0,0.0,14.0,0.0,14.0,0.0,14.0,0.0,14.0,0.0,14.0,0.0,14.0,0.0,14.0,0.0,14.0,0.0,14.0,0.0,14.0,0.0,14.0,0.0,14.0
0.042,3,8.0,8.0,3.0,11.0,0.0,11.0,0.0,11.0,0.0,11.0,0.0,11.0,0.0,11.0,0.0,11.0,0.0,11.0,0.0,11.0,0.0,11.0,0.0,11.0,0.0,11.0,0.0,11.0,0.0,11.0,0.0,11.0,0.0,11.0,0.0,11.0,0.0,11.0
0.042,4,14.0,14.0,0.0,14.0,0.0,14.0,0.0,14.0,0.0,14.0,0.0,14.0,0.0,14.0,0.0,14.0,0.0,14.0,0.0,14.0,1.0,15.0,1.0,16.0,1.0,17.0,1.0,18.0,0.0,18.0,0.0,18.0,0.0,18.0,0.0,18.0,0.0,18.0
0.042,5,10.0,10.0,4.0,14.0,2.0,16.0,1.0,17.0,1.0,18.0,1.0,19.0,2.0,21.0,2.0,23.0,0.0,23.0,0.0,23.0,0.0,23.0,0.0,23.0,0.0,23.0,0.0,23.0,0.0,23.0,0.0,23.0,0.0,23.0,0.0,23.0,0.0,23.0
0.042,6,6.0,6.0,2.0,8.0,1.0,9.0,1.0,10.0,2.0,12.0,3.0,15.0,5.0,20.0,6.0,26.0,1.0,27.0,0.0,27.0,0.0,27.0,0.0,27.0,0.0,27.0,0.0,27.0,0.0,27.0,0.0,27.0,0.0,27.0,0.0,27.0,0.0,27.0
0.042,7,11.0,11.0,3.0,14.0,2.0,16.0,0.0,16.0,1.0,17.0,2.0,19.0,1.0,20.0,0.0,20.0,0.0,20.0,0.0,20.0,0.0,20.0,0.0,20.0,0.0,20.0,0.0,20.0,0.0,20.0,0.0,20.0,0.0,20.0,0.0,20.0,0.0,20.0
0.042,8,7.0,7.0,3.0,10.0,0.0,10.0,1.0,11.0,1.0,12.0,1.0,13.0,2.0,15.0,1.0,16.0,0.0,16.0,0.0,16.0,0.0,16.0,0.0,16.0,0.0,16.0,0.0,16.0,0.0,16.0,0.0,16.0,0.0,16.0,0.0,16.0,0.0,16.0
0.042,9,10.0,10.0,3.0,13.0,0.0,13.0,0.0,13.0,0.0,13.0,0.0,13.0,0.0,13.0,0.0,13.0,0.0,13.0,0.0,13.0,0.0,13.0,0.0,13.0,0.0,13.0,0.0,13.0,0.0,13.0,0.0,13.0,1.0,14.0,0.0,14.0,0.0,14.0
0.042,10,7.0,7.0,1.0,8.0,0.0,8.0,0.0,8.0,0.0,8.0,0.0,8.0,0.0,8.0,0.0,8.0,1.0,9.0,0.0,9.0,0.0,9.0,0.0,9.0,0.0,9.0,0.0,9.0,0.0,9.0,0.0,9.0,0.0,9.0,0.0,9.0,0.0,9.0
0.042,11,11.0,11.0,2.0,13.0,0.0,13.0,0.0,13.0,2.0,15.0,1.0,16.0,0.0,16.0,1.0,17.0,0.0,17.0,0.0,17.0,0.0,17.0,0.0,17.0,0.0,17.0,0.0,17.0,0.0,17.0,0.0,17.0,0.0,17.0,0.0,17.0,0.0,17.0
0.042,12,10.0,10.0,6.0,16.0,0.0,16.0,3.0,19.0,5.0,24.0,1.0,25.0,5.0,30.0,2.0,32.0,1.0,33.0,0.0,33.0,0.0,33.0,0.0,33.0,0.0,33.0,0.0,33.0,0.0,33.0,0.0,33.0,0.0,33.0,0.0,33.0,0.0,33.0
0.042,13,6.0,6.0,3.0,9.0,1.0,10.0,4.0,14.0,2.0,16.0,2.0,18.0,4.0,22.0,0.0,22.0,0.0,22.0,0.0,22.0,0.0,22.0,0.0,22.0,0.0,22.0,0.0,22.0,0.0,22.0,0.0,22.0,0.0,22.0,0.0,22.0,0.0,22.0
0.042,14,10.0,10.0,2.0,12.0,0.0,12.0,0.0,12.0,0.0,12.0,0.0,12.0,0.0,12.0,0.0,12.0,0.0,12.0,0.0,12.0,0.0,12.0,0.0,12.0,0.0,12.0,0.0,12.0,0.0,12.0,0.0,12.0,0.0,12.0,0.0,12.0,0.0,12.0
0.042,15,3.0,3.0,3.0,6.0,1.0,7.0,0.0,7.0,5.0,12.0,3.0,15.0,4.0,19.0,0.0,19.0,0.0,19.0,0.0,19.0,0.0,19.0,3.0,22.0,3.0,25.0,2.0,27.0,1.0,28.0,3.0,31.0,3.0,34.0,6.0,40.0,6.0,46.0
0.042,16,9.0,9.0,1.0,10.0,0.0,10.0,0.0,10.0,0.0,10.0,0.0,10.0,0.0,10.0,0.0,10.0,0.0,10.0,0.0,10.0,0.0,10.0,0.0,10.0,0.0,10.0,0.0,10.0,0.0,10.0,0.0,10.0,0.0,10.0,0.0,10.0,0.0,10.0
0.042,17,12.0,12.0,4.0,16.0,0.0,16.0,0.0,16.0,3.0,19.0,1.0,20.0,2.0,22.0,4.0,26.0,2.0,28.0,2.0,30.0,4.0,34.0,5.0,39.0,4.0,43.0,2.0,45.0,0.0,45.0,0.0,45.0,0.0,45.0,0.0,45.0,0.0,45.0
0.042,18,6.0,6.0,3.0,9.0,2.0,11.0,1.0,12.0,1.0,13.0,4.0,17.0,6.0,23.0,3.0,26.0,0.0,26.0,1.0,27.0,3.0,30.0,5.0,35.0,7.0,42.0,4.0,46.0,0.0,46.0,0.0,46.0,0.0,46.0,0.0,46.0,0.0,46.0
0.042,19,10.0,10.0,1.0,11.0,0.0,11.0,0.0,11.0,0.0,11.0,0.0,11.0,0.0,11.0,0.0,11.0,0.0,11.0,0.0,11.0,0.0,11.0,0.0,11.0,0.0,11.0,0.0,11.0,0.0,11.0,0.0,11.0,0.0,11.0,0.0,11.0,0.0,11.0
0.042,20,9.0,9.0,3.0,12.0,2.0,14.0,2.0,16.0,2.0,18.0,4.0,22.0,6.0,28.0,2.0,30.0,1.0,31.0,5.0,36.0,3.0,39.0,1.0,40.0,7.0,47.0,2.0,49.0,1.0,50.0,2.0,52.0,1.0,53.0,2.0,55.0,3.0,58.0
0.042,21,9.0,9.0,2.0,11.0,3.0,14.0,7.0,21.0,4.0,25.0,8.0,33.0,5.0,38.0,8.0,46.0,0.0,46.0,2.0,48.0,2.0,50.0,1.0,51.0,1.0,52.0,0.0,52.0,0.0,52.0,0.0,52.0,0.0,52.0,0.0,52.0,0.0,52.0
0.042,22,9.0,9.0,2.0,11.0,0.0,11.0,0.0,11.0,0.0,11.0,0.0,11.0,0.0,11.0,0.0,11.0,0.0,11.0,0.0,11.0,0.0,11.0,0.0,11.0,0.0,11.0,0.0,11.0,0.0,11.0,0.0,11.0,0.0,11.0,0.0,11.0,0.0,11.0
0.042,23,10.0,10.0,3.0,13.0,0.0,13.0,0.0,13.0,0.0,13.0,0.0,13.0,0.0,13.0,0.0,13.0,0.0,13.0,0.0,13.0,0.0,13.0,0.0,13.0,0.0,13.0,0.0,13.0,0.0,13.0,0.0,13.0,0.0,13.0,0.0,13.0,0.0,13.0
0.042,24,9.0,9.0,4.0,13.0,5.0,18.0,9.0,27.0,12.0,39.0,11.0,50.0,8.0,58.0,3.0,61.0,2.0,63.0,4.0,67.0,6.0,73.0,9.0,82.0,14.0,96.0,4.0,100.0,0.0,100.0,0.0,100.0,0.0,100.0,0.0,100.0,0.0,100.0
0.042,25,7.0,7.0,3.0,10.0,0.0,10.0,4.0,14.0,6.0,20.0,11.0,31.0,13.0,44.0,5.0,49.0,1.0,50.0,1.0,51.0,3.0,54.0,1.0,55.0,6.0,61.0,3.0,64.0,2.0,66.0,1.0,67.0,5.0,72.0,6.0,78.0,7.0,85.0
0.042,26,11.0,11.0,4.0,15.0,0.0,15.0,0.0,15.0,0.0,15.0,0.0,15.0,0.0,15.0,0.0,15.0,0.0,15.0,0.0,15.0,0.0,15.0,0.0,15.0,0.0,15.0,0.0,15.0,0.0,15.0,0.0,15.0,0.0,15.0,0.0,15.0,0.0,15.0
0.042,27,8.0,8.0,4.0,12.0,0.0,12.0,2.0,14.0,2.0,16.0,3.0,19.0,4.0,23.0,1.0,24.0,0.0,24.0,0.0,24.0,0.0,24.0,0.0,24.0,0.0,24.0,0.0,24.0,0.0,24.0,0.0,24.0,0.0,24.0,1.0,25.0,0.0,25.0
0.042,28,8.0,8.0,4.0,12.0,1.0,13.0,2.0,15.0,1.0,16.0,2.0,18.0,3.0,21.0,1.0,22.0,0.0,22.0,0.0,22.0,0.0,22.0,0.0,22.0,0.0,22.0,0.0,22.0,0.0,22.0,0.0,22.0,0.0,22.0,0.0,22.0,0.0,22.0
0.042,29,8.0,8.0,2.0,10.0,4.0,14.0,1.0,15.0,1.0,16.0,3.0,19.0,11.0,30.0,3.0,33.0,0.0,33.0,0.0,33.0,0.0,33.0,0.0,33.0,0.0,33.0,0.0,33.0,0.0,33.0,0.0,33.0,0.0,33.0,0.0,33.0,0.0,33.0
0.042,30,11.0,11.0,4.0,15.0,1.0,16.0,0.0,16.0,0.0,16.0,4.0,20.0,7.0,27.0,1.0,28.0,0.0,28.0,0.0,28.0,0.0,28.0,0.0,28.0,0.0,28.0,0.0,28.0,0.0,28.0,0.0,28.0,0.0,28.0,0.0,28.0,0.0,28.0
0.042,31,6.0,6.0,5.0,11.0,2.0,13.0,1.0,14.0,2.0,16.0,2.0,18.0,4.0,22.0,4.0,26.0,0.0,26.0,0.0,26.0,1.0,27.0,0.0,27.0,1.0,28.0,1.0,29.0,0.0,29.0,0.0,29.0,0.0,29.0,0.0,29.0,0.0,29.0
0.042,32,8.0,8.0,3.0,11.0,2.0,13.0,2.0,15.0,2.0,17.0,6.0,23.0,5.0,28.0,4.0,32.0,0.0,32.0,0.0,32.0,0.0,32.0,0.0,32.0,0.0,32.0,0.0,32.0,0.0,32.0,0.0,32.0,0.0,32.0,0.0,32.0,0.0,32.0
0.042,33,10.0,10.0,3.0,13.0,0.0,13.0,0.0,13.0,0.0,13.0,0.0,13.0,0.0,13.0,0.0,13.0,0.0,13.0,0.0,13.0,0.0,13.0,0.0,13.0,0.0,13.0,0.0,13.0,0.0,13.0,0.0,13.0,0.0,13.0,0.0,13.0,0.0,13.0
0.042,34,6.0,6.0,2.0,8.0,0.0,8.0,0.0,8.0,0.0,8.0,0.0,8.0,0.0,8.0,0.0,8.0,0.0,8.0,0.0,8.0,0.0,8.0,0.0,8.0,0.0,8.0,0.0,8.0,0.0,8.0,0.0,8.0,0.0,8.0,0.0,8.0,0.0,8.0
0.042,35,9.0,9.0,5.0,14.0,0.0,14.0,0.0,14.0,0.0,14.0,0.0,14.0,0.0,14.0,0.0,14.0,0.0,14.0,0.0,14.0,0.0,14.0,0.0,14.0,0.0,14.0,0.0,14.0,0.0,14.0,0.0,14.0,0.0,14.0,0.0,14.0,0.0,14.0
0.042,36,10.0,10.0,6.0,16.0,5.0,21.0,5.0,26.0,8.0,34.0,10.0,44.0,11.0,55.0,7.0,62.0,5.0,67.0,4.0,71.0,9.0,80.0,5.0,85.0,6.0,91.0,2.0,93.0,1.0,94.0,3.0,97.0,7.0,104.0,8.0,112.0,10.0,122.0
0.042,37,10.0,10.0,5.0,15.0,0.0,15.0,0.0,15.0,0.0,15.0,0.0,15.0,0.0,15.0,0.0,15.0,1.0,16.0,2.0,18.0,2.0,20.0,0.0,20.0,2.0,22.0,1.0,23.0,3.0,26.0,5.0,31.0,5.0,36.0,4.0,40.0,8.0,48.0
0.042,38,9.0,9.0,4.0,13.0,2.0,15.0,5.0,20.0,2.0,22.0,4.0,26.0,5.0,31.0,1.0,32.0,0.0,32.0,0.0,32.0,0.0,32.0,0.0,32.0,0.0,32.0,0.0,32.0,0.0,32.0,0.0,32.0,0.0,32.0,0.0,32.0,0.0,32.0
0.042,39,7.0,7.0,3.0,10.0,1.0,11.0,3.0,14.0,4.0,18.0,3.0,21.0,4.0,25.0,2.0,27.0,0.0,27.0,0.0,27.0,0.0,27.0,0.0,27.0,0.0,27.0,0.0,27.0,0.0,27.0,0.0,27.0,0.0,27.0,0.0,27.0,0.0,27.0
0.042,40,13.0,13.0,6.0,19.0,1.0,20.0,0.0,20.0,2.0,22.0,2.0,24.0,3.0,27.0,2.0,29.0,0.0,29.0,0.0,29.0,0.0,29.0,0.0,29.0,0.0,29.0,0.0,29.0,0.0,29.0,0.0,29.0,0.0,29.0,0.0,29.0,0.0,29.0
0.042,41,11.0,11.0,4.0,15.0,1.0,16.0,1.0,17.0,2.0,19.0,2.0,21.0,3.0,24.0,0.0,24.0,1.0,25.0,1.0,26.0,1.0,27.0,2.0,29.0,1.0,30.0,2.0,32.0,1.0,33.0,1.0,34.0,2.0,36.0,2.0,38.0,4.0,42.0
0.042,42,11.0,11.0,4.0,15.0,4.0,19.0,3.0,22.0,4.0,26.0,2.0,28.0,6.0,34.0,0.0,34.0,0.0,34.0,0.0,34.0,0.0,34.0,0.0,34.0,0.0,34.0,0.0,34.0,0.0,34.0,0.0,34.0,0.0,34.0,0.0,34.0,0.0,34.0
0.042,43,5.0,5.0,3.0,8.0,4.0,12.0,8.0,20.0,7.0,27.0,6.0,33.0,12.0,45.0,4.0,49.0,1.0,50.0,0.0,50.0,4.0,54.0,2.0,56.0,3.0,59.0,1.0,60.0,0.0,60.0,0.0,60.0,0.0,60.0,0.0,60.0,0.0,60.0
0.042,44,7.0,7.0,6.0,13.0,0.0,13.0,1.0,14.0,6.0,20.0,6.0,26.0,7.0,33.0,1.0,34.0,0.0,34.0,0.0,34.0,0.0,34.0,0.0,34.0,0.0,34.0,0.0,34.0,0.0,34.0,0.0,34.0,2.0,36.0,4.0,40.0,5.0,45.0
0.042,45,7.0,7.0,7.0,14.0,1.0,15.0,0.0,15.0,0.0,15.0,3.0,18.0,4.0,22.0,2.0,24.0,1.0,25.0,1.0,26.0,2.0,28.0,1.0,29.0,5.0,34.0,3.0,37.0,2.0,39.0,1.0,40.0,1.0,41.0,3.0,44.0,1.0,45.0
0.042,46,9.0,9.0,6.0,15.0,5.0,20.0,7.0,27.0,5.0,32.0,6.0,38.0,7.0,45.0,3.0,48.0,1.0,49.0,2.0,51.0,1.0,52.0,2.0,54.0,2.0,56.0,0.0,56.0,0.0,56.0,0.0,56.0,0.0,56.0,0.0,56.0,0.0,56.0
0.042,47,3.0,3.0,3.0,6.0,2.0,8.0,1.0,9.0,1.0,10.0,1.0,11.0,3.0,14.0,4.0,18.0,2.0,20.0,4.0,24.0,3.0,27.0,7.0,34.0,9.0,43.0,4.0,47.0,0.0,47.0,0.0,47.0,0.0,47.0,0.0,47.0,0.0,47.0
0.042,48,7.0,7.0,3.0,10.0,2.0,12.0,2.0,14.0,2.0,16.0,4.0,20.0,6.0,26.0,1.0,27.0,0.0,27.0,0.0,27.0,0.0,27.0,0.0,27.0,0.0,27.0,0.0,27.0,0.0,27.0,0.0,27.0,0.0,27.0,0.0,27.0,0.0,27.0
0.042,49,9.0,9.0,5.0,14.0,4.0,18.0,4.0,22.0,5.0,27.0,10.0,37.0,16.0,53.0,6.0,59.0,4.0,63.0,6.0,69.0,7.0,76.0,10.0,86.0,6.0,92.0,5.0,97.0,1.0,98.0,4.0,102.0,4.0,106.0,3.0,109.0,3.0,112.0
