prob_transmission,day,patients,patient_C,patient_S,patient_isolated,patient_positive,patient_preinfection,hcws,hcw_C,goo,goo_C,beds,filled_beds,filled_sick_beds,empty_isolated_beds,daily_hcw_infections,cumulative_sick_patients,cumulative_sick_patients_by_HCW,cumulative_patients,move2isol,daily_discharges,daily_admissions,iteration
0.05,0,30.0,0.0,30.0,16.0,0.0,0.0,19.0,0.0,30.0,10.0,30.0,0.0,0.0,0.0,0.0,0.0,0.0,30.0,0.0,0.0,0.0,5.5
0.05,1,30.0,0.6,29.4,16.0,0.6,0.0,19.0,0.0,30.0,10.0,30.0,30.0,0.6,0.0,0.6,0.6,0.6,32.1,0.0,2.1,2.1,5.5
0.05,2,30.0,1.2,28.8,16.0,1.2,0.0,19.0,0.0,30.0,10.0,30.0,30.0,1.2,0.0,0.6,1.2,1.2,36.2,0.1,4.1,4.1,5.5
0.05,3,30.0,1.8,28.2,16.0,1.8,0.0,19.0,0.1,30.0,10.1,30.0,30.0,1.8,0.0,0.6,1.8,1.8,38.8,0.1,2.6,2.6,5.5
0.05,4,30.0,2.7,27.3,16.0,2.7,0.0,19.0,0.0,30.0,10.1,30.0,30.0,2.7,0.0,0.9,2.7,2.7,41.6,0.2,2.8,2.8,5.5
0.05,5,30.0,3.2,26.8,16.0,3.2,0.0,19.0,0.0,30.0,10.3,30.0,30.0,3.2,0.0,0.5,3.2,3.2,44.0,0.3,2.4,2.4,5.5
0.05,6,30.0,3.7,26.3,15.9,3.7,0.0,19.0,0.0,30.0,10.3,30.0,30.0,3.7,0.0,0.5,3.7,3.7,45.6,0.5,1.6,1.6,5.5
0.05,7,30.0,3.9,26.1,15.8,3.9,0.0,19.0,0.0,30.0,10.3,30.0,30.0,3.9,0.0,0.2,3.9,3.9,47.4,0.6,1.8,1.8,5.5
0.05,8,30.0,4.3,25.7,15.6,4.3,0.0,19.0,0.0,30.0,10.4,30.0,30.0,4.3,0.0,0.4,4.3,4.3,50.5,0.8,3.1,3.1,5.5
0.05,9,29.9,4.8,25.1,15.6,4.8,0.0,19.0,0.1,30.0,10.4,30.0,29.9,4.8,0.1,0.7,5.0,5.0,55.6,0.9,5.2,5.1,5.5
0.05,10,30.0,5.1,24.9,15.7,5.1,0.0,19.0,0.0,30.0,10.4,30.0,30.0,5.1,0.0,0.5,5.5,5.5,58.8,1.1,3.1,3.2,5.5
0.05,11,30.0,5.6,24.4,15.6,5.6,0.0,19.0,0.2,30.0,10.4,30.0,30.0,5.6,0.0,0.6,6.1,6.1,62.3,1.3,3.5,3.5,5.5
0.05,12,30.0,5.5,24.5,15.6,5.5,0.0,19.0,0.2,30.0,10.4,30.0,30.0,5.5,0.0,0.1,6.2,6.2,65.3,1.7,3.0,3.0,5.5
0.05,13,30.0,5.4,24.6,15.6,5.4,0.0,19.0,0.0,30.0,10.6,30.0,30.0,5.4,0.0,0.0,6.2,6.2,67.4,2.3,2.1,2.1,5.5
0.05,14,30.0,5.5,24.5,15.6,5.5,0.0,19.0,0.0,30.0,10.6,30.0,30.0,5.5,0.0,0.6,6.8,6.8,70.2,2.6,2.8,2.8,5.5
0.05,15,30.0,5.4,24.6,15.7,5.4,0.0,19.0,0.1,30.0,10.7,30.0,30.0,5.4,0.0,0.5,7.3,7.3,73.7,2.8,3.5,3.5,5.5
0.05,16,30.0,5.0,25.0,15.7,5.0,0.0,19.0,0.0,30.0,11.0,30.0,30.0,5.0,0.0,0.3,7.6,7.6,79.4,2.8,5.7,5.7,5.5
0.05,17,30.0,4.4,25.6,16.0,4.4,0.0,19.0,0.0,30.0,11.0,30.0,30.0,4.4,0.0,0.1,7.7,7.7,83.2,2.9,3.8,3.8,5.5
0.05,18,29.9,4.3,25.6,16.0,4.3,0.0,19.0,0.0,30.0,11.1,30.0,29.9,4.3,0.1,0.6,8.3,8.3,87.4,2.9,4.3,4.2,5.5
0.05,19,30.0,4.3,25.7,15.8,4.3,0.0,19.0,0.1,30.0,11.1,30.0,30.0,4.3,0.0,0.3,8.6,8.6,90.9,2.9,3.4,3.5,5.5
0.05,20,30.0,4.4,25.6,15.7,4.4,0.0,19.0,0.0,30.0,11.2,30.0,30.0,4.4,0.0,0.3,8.9,8.9,93.5,3.1,2.6,2.6,5.5
0.05,21,30.0,4.5,25.5,15.9,4.5,0.0,19.0,0.0,30.0,11.2,30.0,30.0,4.5,0.0,0.4,9.3,9.3,96.5,3.3,3.0,3.0,5.5
0.05,22,29.9,4.0,25.9,15.6,4.0,0.0,19.0,0.0,30.0,11.2,30.0,29.9,4.0,0.1,0.1,9.4,9.4,100.4,3.6,4.0,3.9,5.5
0.05,23,29.9,4.1,25.8,15.6,4.1,0.0,19.0,0.0,30.0,11.2,30.0,29.9,4.1,0.1,0.6,10.0,10.0,106.1,3.8,5.7,5.7,5.5
0.05,24,29.9,4.1,25.8,15.4,4.1,0.0,19.0,0.1,30.0,11.3,30.0,29.9,4.1,0.1,0.3,10.3,10.3,109.4,3.9,3.3,3.3,5.5
0.05,25,29.7,4.9,24.8,15.4,4.9,0.0,19.0,0.1,30.0,11.3,30.0,29.7,4.9,0.1,0.8,11.1,11.1,113.6,3.9,4.4,4.2,5.5
0.05,26,30.0,5.1,24.9,15.6,5.1,0.0,19.0,0.0,30.0,11.3,30.0,30.0,5.1,0.0,0.4,11.5,11.5,117.2,4.1,3.3,3.6,5.5
0.05,27,29.9,5.2,24.7,15.6,5.2,0.0,19.0,0.0,30.0,11.3,30.0,29.9,5.2,0.0,0.3,11.8,11.8,119.6,4.4,2.5,2.4,5.5
0.05,28,29.9,5.2,24.7,15.8,5.2,0.0,19.0,0.0,30.0,11.3,30.0,29.9,5.2,0.1,0.4,12.2,12.2,122.9,4.4,3.3,3.3,5.5
0.05,29,29.9,5.4,24.5,15.7,5.4,0.0,19.0,0.0,30.0,11.3,30.0,29.9,5.4,0.1,0.4,12.6,12.6,126.1,4.7,3.2,3.2,5.5
0.05,30,29.7,5.0,24.7,15.6,5.0,0.0,19.0,0.0,30.0,11.3,30.0,29.7,5.0,0.3,0.1,12.7,12.7,131.5,4.9,5.6,5.4,5.5
0.05,31,29.7,4.1,25.6,15.9,4.1,0.0,19.0,0.0,30.0,11.3,30.0,29.7,4.1,0.1,0.2,12.9,12.9,135.5,5.4,4.0,4.0,5.5
0.05,32,29.8,4.4,25.4,15.8,4.4,0.0,19.0,0.0,30.0,11.3,30.0,29.8,4.4,0.0,0.7,13.6,13.6,140.0,5.4,4.4,4.5,5.5
0.05,33,30.0,4.2,25.8,16.0,4.2,0.0,19.0,0.0,30.0,11.4,30.0,30.0,4.2,0.0,0.2,13.8,13.8,143.9,5.5,3.7,3.9,5.5
0.05,34,29.9,4.3,25.6,16.0,4.3,0.0,19.0,0.0,30.0,11.5,30.0,29.9,4.3,0.1,0.4,14.2,14.2,146.3,5.5,2.5,2.4,5.5
0.05,35,29.8,4.5,25.3,15.9,4.5,0.0,19.0,0.1,30.0,11.5,30.0,29.8,4.5,0.0,0.6,14.8,14.8,149.6,5.6,3.4,3.3,5.5
0.05,36,29.8,4.2,25.6,16.1,4.2,0.0,19.0,0.0,30.0,11.5,30.0,29.8,4.2,0.2,0.6,15.4,15.4,153.1,6.3,3.5,3.5,5.5
0.05,37,29.7,4.0,25.7,15.9,4.0,0.0,19.0,0.0,30.0,11.6,30.0,29.7,4.0,0.1,0.4,15.8,15.8,158.7,6.6,5.7,5.6,5.5
0.05,38,29.4,3.8,25.6,15.2,3.8,0.0,19.0,0.1,30.0,11.7,30.0,29.4,3.8,0.4,0.2,16.0,16.0,162.1,6.8,3.7,3.4,5.5
0.05,39,29.6,3.9,25.7,15.6,3.9,0.0,19.0,0.2,30.0,11.7,30.0,29.6,3.9,0.2,0.3,16.3,16.3,166.5,7.0,4.2,4.4,5.5
0.05,40,29.7,3.9,25.8,15.3,3.9,0.0,19.0,0.0,30.0,1.7,30.0,29.7,3.9,0.3,0.3,16.6,16.6,170.7,7.1,4.1,4.2,5.5
0.05,41,29.8,3.8,26.0,15.4,3.8,0.0,19.0,0.0,30.0,1.7,30.0,29.8,3.8,0.1,0.1,16.7,16.7,173.3,7.2,2.5,2.6,5.5
0.05,42,29.4,3.5,25.9,15.3,3.5,0.0,19.0,0.0,30.0,1.7,30.0,29.4,3.5,0.3,0.0,16.7,16.7,176.1,7.4,3.2,2.8,5.5
0.05,43,29.7,2.9,26.8,15.1,2.9,0.0,19.0,0.0,30.0,1.7,30.0,29.7,2.9,0.3,0.0,16.7,16.7,180.4,7.6,4.0,4.3,5.5
0.05,44,29.6,2.7,26.9,15.3,2.7,0.0,19.0,0.0,30.0,1.7,30.0,29.6,2.7,0.0,0.1,16.8,16.8,186.0,7.6,5.7,5.6,5.5
0.05,45,29.9,2.0,27.9,15.4,2.0,0.0,19.0,0.0,30.0,1.9,30.0,29.9,2.0,0.0,0.0,16.8,16.8,190.0,7.7,3.7,4.0,5.5
0.05,46,29.5,1.5,28.0,15.3,1.5,0.0,19.0,0.0,30.0,1.9,30.0,29.5,1.5,0.3,0.2,17.0,17.0,194.7,7.7,5.1,4.7,5.5
0.05,47,29.3,1.5,27.8,15.2,1.5,0.0,19.0,0.0,30.0,1.9,30.0,29.3,1.5,0.4,0.1,17.1,17.1,198.8,7.8,4.3,4.1,5.5
0.05,48,29.7,1.4,28.3,15.3,1.4,0.0,19.0,0.0,30.0,2.0,30.0,29.7,1.4,0.2,0.0,17.1,17.1,201.9,8.0,2.7,3.1,5.5
0.05,49,29.4,1.0,28.4,15.3,1.0,0.0,19.0,0.0,30.0,2.0,30.0,29.4,1.0,0.4,0.0,17.1,17.1,204.8,8.0,3.2,2.9,5.5
0.05,50,29.8,0.9,28.9,15.6,0.9,0.0,19.0,0.0,30.0,2.0,30.0,29.8,0.9,0.2,0.0,17.1,17.1,209.5,8.1,4.3,4.7,5.5
0.05,51,29.5,1.0,28.5,15.6,1.0,0.0,19.0,0.0,30.0,2.1,30.0,29.5,1.0,0.3,0.3,17.4,17.4,214.9,8.2,5.7,5.4,5.5
0.05,52,30.0,0.8,29.2,16.1,0.8,0.0,19.0,0.0,30.0,2.1,30.0,30.0,0.8,0.0,0.2,17.6,17.6,219.6,8.2,4.2,4.7,5.5
0.05,53,29.5,1.0,28.5,15.7,1.0,0.0,19.0,0.0,30.0,2.1,30.0,29.5,1.0,0.3,0.2,17.8,17.8,223.6,8.2,4.5,4.0,5.5
0.05,54,29.0,1.0,28.0,15.7,1.0,0.0,19.0,0.0,30.0,2.1,30.0,29.0,1.0,0.3,0.0,17.8,17.8,227.2,8.3,4.1,3.6,5.5
0.05,55,29.6,1.0,28.6,15.8,1.0,0.0,19.0,0.1,30.0,2.1,30.0,29.6,1.0,0.3,0.0,17.8,17.8,230.8,8.3,3.0,3.6,5.5
0.05,56,29.8,1.2,28.6,15.6,1.2,0.0,19.0,0.0,30.0,2.2,30.0,29.8,1.2,0.2,0.2,18.0,18.0,233.8,8.3,2.8,3.0,5.5
0.05,57,29.6,1.1,28.5,15.6,1.1,0.0,19.0,0.0,30.0,2.2,30.0,29.6,1.1,0.2,0.0,18.0,18.0,238.1,8.4,4.5,4.3,5.5
0.05,58,28.8,1.0,27.8,15.2,1.0,0.0,19.0,0.0,30.0,2.3,30.0,28.8,1.0,0.7,0.0,18.0,18.0,242.8,8.4,5.5,4.7,5.5
0.05,59,29.2,1.0,28.2,15.8,1.0,0.0,19.0,0.0,30.0,2.3,30.0,29.2,1.0,0.2,0.2,18.2,18.2,248.0,8.5,4.8,5.2,5.5
0.05,60,29.6,1.0,28.6,15.6,1.0,0.0,19.0,0.0,30.0,2.5,30.0,29.6,1.0,0.3,0.2,18.4,18.4,252.5,8.6,4.1,4.5,5.5
0.05,61,29.9,2.0,27.9,15.9,2.0,1.0,19.0,0.0,30.0,2.7,30.0,29.9,2.0,0.0,0.0,19.4,18.4,256.2,8.6,3.4,3.7,5.5
0.05,62,29.7,1.9,27.8,15.7,1.9,1.0,19.0,0.0,30.0,2.8,30.0,29.7,1.9,0.3,0.0,19.4,18.4,259.6,8.6,3.6,3.4,5.5
0.05,63,29.8,2.1,27.7,15.9,2.1,1.0,19.0,0.0,30.0,3.1,30.0,29.8,2.1,0.1,0.3,19.7,18.7,262.9,8.6,3.2,3.3,5.5
0.05,64,29.0,1.8,27.2,15.8,1.8,1.0,19.0,0.0,30.0,3.1,30.0,29.0,1.8,0.3,0.0,19.7,18.7,266.6,8.6,4.5,3.7,5.5
0.05,65,28.8,2.0,26.8,15.3,2.0,1.0,19.0,0.1,30.0,3.2,30.0,28.8,2.0,0.7,0.2,19.9,18.9,270.9,8.6,4.5,4.3,5.5
0.05,66,29.4,1.9,27.5,15.6,1.9,1.0,19.0,0.0,30.0,3.3,30.0,29.4,1.9,0.3,0.0,19.9,18.9,276.7,8.6,5.2,5.8,5.5
0.05,67,29.2,1.9,27.3,15.5,1.9,1.0,19.0,0.0,30.0,3.3,30.0,29.2,1.9,0.5,0.1,20.0,19.0,280.9,8.6,4.4,4.2,5.5
0.05,68,29.4,0.9,28.5,15.8,0.9,0.0,19.0,0.0,30.0,3.3,30.0,29.4,0.9,0.3,0.2,20.2,19.2,285.0,8.8,3.9,4.1,5.5
0.05,69,29.7,0.9,28.8,16.1,0.9,0.0,19.0,0.0,30.0,3.3,30.0,29.7,0.9,0.0,0.0,20.2,19.2,288.7,8.8,3.4,3.7,5.5
0.05,70,29.0,1.2,27.8,15.6,1.2,0.0,19.0,0.0,30.0,3.3,30.0,29.0,1.2,0.4,0.3,20.5,19.5,291.3,8.9,3.3,2.6,5.5
0.05,71,29.5,1.3,28.2,15.9,1.3,0.0,19.0,0.0,30.0,3.3,30.0,29.5,1.3,0.1,0.2,20.7,19.7,295.5,8.9,3.7,4.2,5.5
0.05,72,29.4,1.1,28.3,15.6,1.1,0.0,19.0,0.0,30.0,3.4,30.0,29.4,1.1,0.3,0.0,20.7,19.7,299.7,9.0,4.3,4.2,5.5
0.05,73,29.2,1.2,28.0,15.6,1.2,0.0,19.0,0.0,30.0,3.4,30.0,29.2,1.2,0.3,0.2,20.9,19.9,305.3,9.1,5.8,5.6,5.5
0.05,74,29.5,1.1,28.4,15.4,1.1,0.0,19.0,0.0,30.0,3.6,30.0,29.5,1.1,0.3,0.1,21.0,20.0,309.8,9.1,4.2,4.5,5.5
0.05,75,29.4,1.3,28.1,15.3,1.3,0.0,19.0,0.0,30.0,3.6,30.0,29.4,1.3,0.4,0.2,21.2,20.2,313.7,9.2,4.0,3.9,5.5
0.05,76,29.5,1.5,28.0,15.4,1.5,0.0,19.0,0.0,30.0,3.6,30.0,29.5,1.5,0.3,0.2,21.4,20.4,317.3,9.3,3.5,3.6,5.5
0.05,77,29.6,1.5,28.1,15.3,1.5,0.0,19.0,0.0,30.0,3.7,30.0,29.6,1.5,0.4,0.0,21.4,20.4,320.0,9.4,2.6,2.7,5.5
0.05,78,29.6,1.4,28.2,15.6,1.4,0.0,19.0,0.0,30.0,3.7,30.0,29.6,1.4,0.1,0.0,21.4,20.4,324.2,9.4,4.2,4.2,5.5
0.05,79,29.4,1.5,27.9,15.3,1.5,0.0,19.0,0.0,30.0,3.7,30.0,29.4,1.5,0.5,0.3,21.7,20.7,328.3,9.5,4.3,4.1,5.5
0.05,80,29.2,1.5,27.7,15.1,1.5,0.0,19.0,0.0,30.0,3.7,30.0,29.2,1.5,0.5,0.1,21.8,20.8,333.8,9.5,5.7,5.5,5.5
0.05,81,29.3,1.3,28.0,15.4,1.3,0.0,19.0,0.0,30.0,3.8,30.0,29.3,1.3,0.4,0.0,21.8,20.8,338.2,9.5,4.3,4.4,5.5
0.05,82,29.8,1.2,28.6,15.7,1.2,0.0,19.0,0.0,30.0,3.8,30.0,29.8,1.2,0.1,0.0,21.8,20.8,342.4,9.6,3.7,4.2,5.5
0.05,83,29.6,1.0,28.6,15.8,1.0,0.0,19.0,0.0,30.0,3.8,30.0,29.6,1.0,0.2,0.0,21.8,20.8,346.0,9.6,3.8,3.6,5.5
0.05,84,30.0,1.1,28.9,16.0,1.1,0.0,19.0,0.0,30.0,3.9,30.0,30.0,1.1,0.0,0.1,21.9,20.9,349.1,9.7,2.7,3.1,5.5
0.05,85,29.5,1.2,28.3,15.6,1.2,0.0,19.0,0.0,30.0,4.0,30.0,29.5,1.2,0.2,0.2,22.1,21.1,352.8,9.7,4.2,3.7,5.5
0.05,86,29.3,1.5,27.8,15.4,1.5,0.0,19.0,0.0,30.0,4.0,30.0,29.3,1.5,0.5,0.4,22.5,21.5,356.7,9.8,4.1,3.9,5.5
0.05,87,29.7,1.5,28.2,15.7,1.5,0.0,19.0,0.0,30.0,4.0,30.0,29.7,1.5,0.1,0.0,22.5,21.5,362.6,9.9,5.5,5.9,5.5
0.05,88,29.3,1.1,28.2,15.5,1.1,0.0,19.0,0.0,30.0,4.0,30.0,29.3,1.1,0.6,0.0,22.5,21.5,366.8,9.9,4.6,4.2,5.5
0.05,89,29.4,1.0,28.4,15.5,1.0,0.0,19.0,0.0,30.0,4.1,30.0,29.4,1.0,0.5,0.2,22.7,21.7,371.3,10.0,4.4,4.5,5.5
0.05,90,29.4,1.3,28.1,15.5,1.3,0.0,19.0,0.0,30.0,4.1,30.0,29.4,1.3,0.5,0.3,23.0,22.0,374.7,10.1,3.4,3.4,5.5
0.05,91,29.6,1.4,28.2,15.8,1.4,0.0,19.0,0.0,30.0,4.1,30.0,29.6,1.4,0.1,0.1,23.1,22.1,377.9,10.4,3.0,3.2,5.5
0.05,92,29.0,1.7,27.3,15.3,1.7,0.0,19.0,0.0,30.0,4.1,30.0,29.0,1.7,0.6,0.4,23.5,22.5,380.8,10.4,3.5,2.9,5.5
0.05,93,29.3,1.9,27.4,15.3,1.9,0.0,19.0,0.0,30.0,4.1,30.0,29.3,1.9,0.6,0.3,23.8,22.8,385.0,10.4,3.9,4.2,5.5
0.05,94,29.4,2.4,27.0,15.9,2.4,0.0,19.0,0.0,30.0,4.1,30.0,29.4,2.4,0.0,0.5,24.3,23.3,390.7,10.6,5.6,5.7,5.5
0.05,95,29.6,2.4,27.2,15.7,2.4,0.0,19.0,0.0,30.0,4.1,30.0,29.6,2.4,0.1,0.2,24.5,23.5,395.1,10.9,4.2,4.4,5.5
0.05,96,29.6,2.4,27.2,15.6,2.4,0.0,19.0,0.0,30.0,4.1,30.0,29.6,2.4,0.3,0.1,24.6,23.6,399.2,11.0,4.1,4.1,5.5
0.05,97,29.8,2.5,27.3,16.0,2.5,0.0,19.0,0.0,30.0,4.3,30.0,29.8,2.5,0.0,0.3,24.9,23.9,403.0,11.0,3.6,3.8,5.5
0.05,98,29.7,2.5,27.2,15.7,2.5,0.0,19.0,0.0,30.0,4.4,30.0,29.7,2.5,0.3,0.1,25.0,24.0,405.9,11.1,3.0,2.9,5.5
0.05,99,29.4,2.3,27.1,15.6,2.3,0.0,19.0,0.0,30.0,4.4,30.0,29.4,2.3,0.5,0.1,25.1,24.1,408.7,11.3,3.1,2.8,5.5
0.05,100,29.5,2.5,27.0,15.8,2.5,0.0,19.0,0.0,30.0,4.4,30.0,29.5,2.5,0.1,0.3,25.4,24.4,412.8,11.5,4.0,4.1,5.5
0.05,101,29.3,2.3,27.0,15.6,2.3,0.0,19.0,0.0,30.0,4.5,30.0,29.3,2.3,0.4,0.1,25.5,24.5,418.3,11.5,5.7,5.5,5.5
0.05,102,29.3,2.5,26.8,15.6,2.5,0.0,19.0,0.0,30.0,4.5,30.0,29.3,2.5,0.4,0.4,25.9,24.9,422.3,11.5,4.0,4.0,5.5
0.05,103,29.6,2.0,27.6,15.8,2.0,0.0,19.0,0.0,30.0,4.6,30.0,29.6,2.0,0.1,0.0,25.9,24.9,427.1,11.9,4.5,4.8,5.5
0.05,104,29.4,2.0,27.4,15.4,2.0,0.0,19.0,0.1,30.0,4.6,30.0,29.4,2.0,0.4,0.0,25.9,24.9,430.7,12.0,3.8,3.6,5.5
0.05,105,29.7,1.8,27.9,15.6,1.8,0.0,19.0,0.0,30.0,4.6,30.0,29.7,1.8,0.3,0.1,26.0,25.0,434.2,12.3,3.2,3.5,5.5
0.05,106,29.6,1.7,27.9,15.7,1.7,0.0,19.0,0.1,30.0,4.6,30.0,29.6,1.7,0.2,0.0,26.0,25.0,437.0,12.4,2.9,2.8,5.5
0.05,107,29.8,1.7,28.1,15.6,1.7,0.0,19.0,0.0,30.0,4.7,30.0,29.8,1.7,0.2,0.3,26.3,25.3,441.3,12.5,4.1,4.3,5.5
0.05,108,29.1,1.6,27.5,15.4,1.6,0.0,19.0,0.0,30.0,4.7,30.0,29.1,1.6,0.5,0.2,26.5,25.5,446.4,12.5,5.8,5.1,5.5
0.05,109,29.4,1.1,28.3,15.7,1.1,0.0,19.0,0.0,30.0,4.7,30.0,29.4,1.1,0.3,0.1,26.6,25.6,451.2,12.5,4.5,4.8,5.5
0.05,110,29.3,1.0,28.3,15.6,1.0,0.0,19.0,0.0,30.0,4.7,30.0,29.3,1.0,0.3,0.0,26.6,25.6,455.7,12.5,4.6,4.5,5.5
0.05,111,29.2,1.4,27.8,15.5,1.4,0.0,19.0,0.0,30.0,4.7,30.0,29.2,1.4,0.4,0.4,27.0,26.0,459.0,12.5,3.4,3.3,5.5
0.05,112,29.8,1.6,28.2,15.7,1.6,0.0,19.0,0.0,30.0,4.7,30.0,29.8,1.6,0.2,0.2,27.2,26.2,462.8,12.6,3.2,3.8,5.5
0.05,113,29.7,1.9,27.8,15.8,1.9,0.0,19.0,0.0,30.0,4.7,30.0,29.7,1.9,0.1,0.3,27.5,26.5,465.4,12.6,2.7,2.6,5.5
0.05,114,29.6,1.6,28.0,16.0,1.6,0.0,19.0,0.0,30.0,4.9,30.0,29.6,1.6,0.1,0.0,27.5,26.5,469.6,12.6,4.3,4.2,5.5
0.05,115,29.2,2.0,27.2,15.7,2.0,0.0,19.0,0.0,30.0,4.9,30.0,29.2,2.0,0.4,0.4,27.9,26.9,474.2,12.6,5.0,4.6,5.5
0.05,116,29.6,1.9,27.7,15.8,1.9,0.0,19.0,0.0,30.0,5.0,30.0,29.6,1.9,0.3,0.0,27.9,26.9,479.3,12.7,4.7,5.1,5.5
0.05,117,29.2,1.9,27.3,15.5,1.9,0.0,19.0,0.0,30.0,5.0,30.0,29.2,1.9,0.5,0.3,28.2,27.2,483.6,12.8,4.7,4.3,5.5
0.05,118,29.7,1.8,27.9,16.0,1.8,0.0,19.0,0.0,30.0,5.0,30.0,29.7,1.8,0.0,0.1,28.3,27.3,487.3,12.8,3.2,3.7,5.5
0.05,119,29.7,1.6,28.1,16.0,1.6,0.0,19.0,0.0,30.0,5.2,30.0,29.7,1.6,0.1,0.1,28.4,27.4,491.3,12.9,4.0,4.0,5.5
0.05,120,29.5,2.1,27.4,15.7,2.1,0.0,19.0,0.0,30.0,5.2,30.0,29.5,2.1,0.4,0.6,29.0,28.0,493.7,13.0,2.6,2.4,5.5
0.05,121,29.5,3.0,26.5,15.9,3.0,1.0,19.0,0.0,30.0,5.3,30.0,29.5,3.0,0.4,0.2,30.2,28.2,497.8,13.3,4.1,4.1,5.5
0.05,122,29.5,3.0,26.5,15.9,3.0,1.0,19.0,0.0,30.0,5.3,30.0,29.5,3.0,0.4,0.1,30.3,28.3,502.4,13.3,4.6,4.6,5.5
0.05,123,29.2,3.2,26.0,15.8,3.2,1.0,19.0,0.0,30.0,5.3,30.0,29.2,3.2,0.2,0.4,30.7,28.7,507.0,13.4,4.9,4.6,5.5
0.05,124,29.6,3.3,26.3,16.0,3.3,1.0,19.0,0.0,30.0,5.3,30.0,29.6,3.3,0.1,0.2,30.9,28.9,511.6,13.4,4.2,4.6,5.5
0.05,125,29.8,3.0,26.8,15.9,3.0,1.0,19.0,0.0,30.0,5.3,30.0,29.8,3.0,0.1,0.0,30.9,28.9,515.7,13.7,3.9,4.1,5.5
0.05,126,29.6,3.2,26.4,15.7,3.2,1.0,19.0,0.0,30.0,5.3,30.0,29.6,3.2,0.3,0.3,31.2,29.2,519.3,13.8,3.8,3.6,5.5
0.05,127,29.5,3.5,26.0,15.6,3.4,1.0,19.0,0.0,30.0,5.4,30.0,29.5,3.4,0.4,0.4,31.6,29.6,521.6,14.0,2.4,2.3,5.5
0.05,128,29.3,2.2,27.1,15.5,2.2,0.0,19.0,0.0,30.0,5.4,30.0,29.3,2.2,0.4,0.1,31.7,29.7,525.7,14.1,4.3,4.1,5.5
0.05,129,29.2,2.3,26.9,15.0,2.3,0.0,19.0,0.0,30.0,5.6,30.0,29.2,2.3,0.8,0.2,31.9,29.9,530.0,14.3,4.4,4.3,5.5
0.05,130,29.6,2.2,27.4,15.8,2.2,0.0,19.0,0.0,30.0,5.6,30.0,29.6,2.2,0.3,0.3,32.2,30.2,535.1,14.5,4.7,5.1,5.5
0.05,131,29.8,2.3,27.5,16.0,2.3,0.0,19.0,0.0,30.0,5.6,30.0,29.8,2.3,0.1,0.3,32.5,30.5,540.1,14.6,4.8,5.0,5.5
0.05,132,29.7,2.7,27.0,16.0,2.7,0.0,19.0,0.1,30.0,5.7,30.0,29.7,2.7,0.2,0.5,33.0,31.0,544.0,14.6,4.0,3.9,5.5
0.05,133,29.5,2.4,27.1,16.0,2.4,0.0,19.0,0.0,30.0,5.8,30.0,29.5,2.4,0.3,0.0,33.0,31.0,547.4,14.7,3.6,3.4,5.5
0.05,134,29.7,2.8,26.9,16.2,2.8,0.0,19.0,0.0,30.0,5.8,30.0,29.7,2.8,0.1,0.5,33.5,31.5,549.9,14.9,2.3,2.5,5.5
0.05,135,29.5,2.8,26.7,16.1,2.8,0.0,19.0,0.1,30.0,5.8,30.0,29.5,2.8,0.2,0.2,33.7,31.7,553.6,15.0,3.9,3.7,5.5
0.05,136,29.6,2.6,27.0,16.3,2.6,0.0,19.0,0.0,30.0,5.8,30.0,29.6,2.6,0.2,0.1,33.8,31.8,558.1,15.2,4.4,4.5,5.5
0.05,137,29.7,2.4,27.3,16.5,2.4,0.0,19.0,0.0,30.0,5.8,30.0,29.7,2.4,0.1,0.1,33.9,31.9,563.2,15.3,5.0,5.1,5.5
0.05,138,29.7,2.5,27.2,16.3,2.5,0.0,19.0,0.0,30.0,5.9,30.0,29.7,2.5,0.2,0.1,34.0,32.0,567.9,15.6,4.7,4.7,5.5
0.05,139,29.5,2.5,27.0,16.2,2.5,0.0,19.0,0.0,30.0,5.9,30.0,29.5,2.5,0.3,0.2,34.2,32.2,571.6,15.6,3.9,3.7,5.5
0.05,140,29.5,2.4,27.1,16.3,2.4,0.0,19.0,0.0,30.0,6.1,30.0,29.5,2.4,0.1,0.2,34.4,32.4,575.1,16.0,3.5,3.5,5.5
0.05,141,29.6,2.5,27.1,16.1,2.5,0.0,19.0,0.0,30.0,6.4,30.0,29.6,2.5,0.1,0.2,34.6,32.6,577.6,16.1,2.4,2.5,5.5
0.05,142,29.7,2.3,27.4,16.2,2.3,0.0,19.0,0.0,30.0,6.4,30.0,29.7,2.3,0.1,0.2,34.8,32.8,581.7,16.4,4.0,4.1,5.5
0.05,143,29.2,2.6,26.6,15.7,2.6,0.0,19.0,0.0,30.0,6.4,30.0,29.2,2.6,0.4,0.5,35.3,33.3,585.7,16.4,4.5,4.0,5.5
0.05,144,29.2,2.6,26.6,15.7,2.6,0.0,19.0,0.0,30.0,6.6,30.0,29.2,2.6,0.4,0.4,35.7,33.7,590.8,16.5,5.1,5.1,5.5
0.05,145,29.3,2.6,26.7,15.5,2.6,0.0,19.0,0.1,30.0,6.7,30.0,29.3,2.6,0.6,0.3,36.0,34.0,595.9,16.6,5.0,5.1,5.5
0.05,146,29.6,2.7,26.9,15.8,2.7,0.0,19.0,0.1,30.0,6.7,30.0,29.6,2.7,0.4,0.3,36.3,34.3,599.7,16.8,3.5,3.8,5.5
0.05,147,29.4,3.2,26.2,16.0,3.2,0.0,19.0,0.0,30.0,6.8,30.0,29.4,3.2,0.3,0.7,37.0,35.0,602.9,16.9,3.4,3.2,5.5
0.05,148,29.7,3.3,26.4,16.3,3.3,0.0,19.0,0.1,30.0,6.8,30.0,29.7,3.3,0.0,0.3,37.3,35.3,605.7,17.0,2.5,2.8,5.5
0.05,149,29.7,3.5,26.2,16.1,3.5,0.0,19.0,0.0,30.0,6.8,30.0,29.7,3.5,0.1,0.3,37.6,35.6,609.1,17.0,3.4,3.4,5.5
0.05,150,29.6,3.4,26.2,16.0,3.4,0.0,19.0,0.1,30.0,6.8,30.0,29.6,3.4,0.3,0.1,37.7,35.7,612.5,17.1,3.5,3.4,5.5
0.05,151,29.2,3.2,26.0,15.4,3.2,0.0,19.0,0.0,30.0,6.8,30.0,29.2,3.2,0.5,0.2,37.9,35.9,617.3,17.2,5.2,4.8,5.5
0.05,152,28.9,3.5,25.4,15.5,3.5,0.0,19.0,0.0,30.0,6.8,30.0,28.9,3.5,0.4,0.3,38.2,36.2,621.8,17.2,4.8,4.5,5.5
0.05,153,29.6,3.4,26.2,15.7,3.4,0.0,19.0,0.0,30.0,6.8,30.0,29.6,3.4,0.3,0.3,38.5,36.5,626.5,17.2,4.0,4.7,5.5
0.05,154,29.3,3.6,25.7,15.8,3.6,0.0,19.0,0.0,30.0,6.8,30.0,29.3,3.6,0.3,0.5,39.0,37.0,629.5,17.3,3.3,3.0,5.5
0.05,155,30.0,3.5,26.5,15.9,3.5,0.0,19.0,0.0,30.0,6.8,30.0,30.0,3.5,0.0,0.1,39.1,37.1,633.2,17.5,3.0,3.7,5.5
0.05,156,29.4,3.2,26.2,15.9,3.2,0.0,19.0,0.0,30.0,6.9,30.0,29.4,3.2,0.3,0.5,39.6,37.6,636.5,17.8,3.9,3.3,5.5
0.05,157,29.4,2.7,26.7,15.8,2.7,0.0,19.0,0.0,30.0,7.0,30.0,29.4,2.7,0.4,0.2,39.8,37.8,640.5,17.8,4.0,4.0,5.5
0.05,158,29.5,2.4,27.1,16.0,2.4,0.0,19.0,0.0,30.0,7.2,30.0,29.5,2.4,0.2,0.0,39.8,37.8,645.3,18.0,4.7,4.8,5.5
0.05,159,29.2,2.2,27.0,15.7,2.2,0.0,19.0,0.0,30.0,7.3,30.0,29.2,2.2,0.5,0.1,39.9,37.9,649.4,18.0,4.4,4.1,5.5
0.05,160,29.4,2.2,27.2,15.8,2.2,0.0,19.0,0.0,30.0,7.4,30.0,29.4,2.2,0.4,0.2,40.1,38.1,654.1,18.0,4.5,4.7,5.5
0.05,161,29.8,2.4,27.4,15.9,2.4,0.0,19.0,0.0,30.0,7.4,30.0,29.8,2.4,0.1,0.4,40.5,38.5,657.6,18.2,3.1,3.5,5.5
0.05,162,29.5,2.7,26.8,15.7,2.7,0.0,19.0,0.1,30.0,7.5,30.0,29.5,2.7,0.1,0.3,40.8,38.8,660.9,18.5,3.6,3.3,5.5
0.05,163,29.0,2.5,26.5,15.3,2.5,0.0,19.0,0.1,30.0,7.6,30.0,29.0,2.5,0.5,0.1,40.9,38.9,663.7,18.5,3.3,2.8,5.5
0.05,164,29.3,2.5,26.8,15.3,2.5,0.0,19.0,0.0,30.0,7.6,30.0,29.3,2.5,0.4,0.1,41.0,39.0,667.9,18.6,3.9,4.2,5.5
0.05,165,29.2,2.4,26.8,15.4,2.4,0.0,19.0,0.0,30.0,7.6,30.0,29.2,2.4,0.4,0.3,41.3,39.3,672.9,18.6,5.1,5.0,5.5
0.05,166,29.8,2.3,27.5,16.0,2.3,0.0,19.0,0.0,30.0,7.8,30.0,29.8,2.3,0.1,0.3,41.6,39.6,677.7,18.6,4.2,4.8,5.5
0.05,167,29.8,2.4,27.4,16.1,2.4,0.0,19.0,0.0,30.0,7.9,30.0,29.8,2.4,0.1,0.5,42.1,40.1,682.3,18.6,4.6,4.6,5.5
0.05,168,29.8,2.4,27.4,16.0,2.4,0.0,19.0,0.0,30.0,8.0,30.0,29.8,2.4,0.1,0.1,42.2,40.2,685.9,18.7,3.6,3.6,5.5
0.05,169,29.6,2.7,26.9,15.9,2.7,0.0,19.0,0.0,30.0,8.0,30.0,29.6,2.7,0.1,0.4,42.6,40.6,689.0,18.7,3.3,3.1,5.5
0.05,170,29.8,2.7,27.1,15.8,2.7,0.0,19.0,0.0,30.0,8.0,30.0,29.8,2.7,0.2,0.3,42.9,40.9,692.0,18.8,2.8,3.0,5.5
0.05,171,29.5,2.8,26.7,15.6,2.8,0.0,19.0,0.0,30.0,8.1,30.0,29.5,2.8,0.2,0.3,43.2,41.2,695.6,18.8,3.9,3.6,5.5
0.05,172,29.7,2.8,26.9,15.7,2.8,0.0,19.0,0.0,30.0,8.1,30.0,29.7,2.8,0.2,0.1,43.3,41.3,700.5,18.8,4.7,4.9,5.5
0.05,173,29.9,2.6,27.3,15.8,2.6,0.0,19.0,0.0,30.0,8.2,30.0,29.9,2.6,0.1,0.1,43.4,41.4,705.6,19.0,4.9,5.1,5.5
0.05,174,29.1,2.8,26.3,15.6,2.8,0.0,19.0,0.0,30.0,8.2,30.0,29.1,2.8,0.5,0.7,44.1,42.1,709.7,19.0,4.9,4.1,5.5
0.05,175,29.2,3.1,26.1,15.7,3.1,0.0,19.0,0.0,30.0,8.2,30.0,29.2,3.1,0.4,0.3,44.4,42.4,713.3,19.2,3.5,3.6,5.5
0.05,176,29.8,3.3,26.5,15.9,3.3,0.0,19.0,0.0,30.0,8.2,30.0,29.8,3.3,0.2,0.3,44.7,42.7,716.8,19.2,2.9,3.5,5.5
0.05,177,29.3,3.2,26.1,15.8,3.2,0.0,19.0,0.0,30.0,8.2,30.0,29.3,3.2,0.3,0.2,44.9,42.9,719.3,19.3,3.0,2.5,5.5
0.05,178,29.8,3.0,26.8,16.0,3.0,0.0,19.0,0.0,30.0,8.2,30.0,29.8,3.0,0.2,0.3,45.2,43.2,723.7,19.4,3.9,4.4,5.5
0.05,179,29.7,3.0,26.7,15.9,3.0,0.0,19.0,0.0,30.0,8.3,30.0,29.7,3.0,0.3,0.3,45.5,43.5,728.2,19.7,4.6,4.5,5.5
0.05,180,29.2,3.0,26.2,15.6,3.0,0.0,19.0,0.0,30.0,8.3,30.0,29.2,3.0,0.5,0.3,45.8,43.8,732.4,19.9,4.7,4.2,5.5
0.05,181,29.2,3.1,26.1,15.5,3.1,0.0,19.0,0.0,30.0,8.3,30.0,29.2,3.1,0.4,0.3,46.1,44.1,736.5,20.1,4.1,4.1,5.5
0.05,182,29.5,3.4,26.1,15.5,3.4,0.0,19.0,0.1,30.0,8.4,30.0,29.5,3.4,0.4,0.4,46.5,44.5,740.3,20.1,3.5,3.8,5.5
0.05,183,29.7,3.6,26.1,15.9,3.6,0.0,19.0,0.0,30.0,8.4,30.0,29.7,3.6,0.1,0.5,47.0,45.0,744.2,20.2,3.7,3.9,5.5
0.05,184,29.6,3.7,25.9,15.6,3.7,0.0,19.0,0.0,30.0,8.4,30.0,29.6,3.7,0.1,0.4,47.4,45.4,746.8,20.5,2.7,2.6,5.5
0.05,185,29.6,3.7,25.9,15.3,3.7,0.0,19.0,0.1,30.0,8.5,30.0,29.6,3.7,0.3,0.2,47.6,45.6,751.1,20.7,4.3,4.3,5.5
0.05,186,29.5,3.7,25.8,15.4,3.7,0.0,19.0,0.1,30.0,8.5,30.0,29.5,3.7,0.3,0.6,48.2,46.2,755.8,20.9,4.8,4.7,5.5
0.05,187,29.4,3.1,26.3,15.6,3.1,0.0,19.0,0.0,30.0,8.5,30.0,29.4,3.1,0.2,0.1,48.3,46.3,760.2,20.9,4.5,4.4,5.5
0.05,188,29.7,3.3,26.4,15.5,3.3,0.0,19.0,0.0,30.0,8.5,30.0,29.7,3.3,0.3,0.4,48.7,46.7,764.1,21.1,3.6,3.9,5.5
0.05,189,29.6,3.5,26.1,15.6,3.5,0.0,19.0,0.0,30.0,8.7,30.0,29.6,3.5,0.2,0.4,49.1,47.1,767.7,21.2,3.7,3.6,5.5
0.05,190,29.6,3.6,26.0,15.5,3.6,0.0,19.0,0.0,30.0,8.7,30.0,29.6,3.6,0.3,0.2,49.3,47.3,771.3,21.2,3.6,3.6,5.5
0.05,191,29.7,3.8,25.9,15.4,3.8,0.0,19.0,0.0,30.0,8.7,30.0,29.7,3.8,0.3,0.3,49.6,47.6,773.6,21.6,2.2,2.3,5.5
0.05,192,29.4,3.9,25.5,15.7,3.9,0.0,19.0,0.2,30.0,8.7,30.0,29.4,3.9,0.1,0.4,50.0,48.0,777.5,21.8,4.2,3.9,5.5
0.05,193,29.3,3.8,25.5,15.3,3.8,0.0,19.0,0.0,30.0,8.8,30.0,29.3,3.8,0.2,0.2,50.2,48.2,782.1,22.0,4.7,4.6,5.5
0.05,194,29.3,3.8,25.5,14.9,3.8,0.0,19.0,0.1,30.0,8.9,30.0,29.3,3.8,0.3,0.4,50.6,48.6,786.7,22.2,4.6,4.6,5.5
0.05,195,29.3,3.4,25.9,15.0,3.4,0.0,19.0,0.0,30.0,8.9,30.0,29.3,3.4,0.6,0.3,50.9,48.9,791.2,22.3,4.5,4.5,5.5
0.05,196,29.5,3.6,25.9,15.4,3.6,0.0,19.0,0.0,30.0,9.0,30.0,29.5,3.6,0.3,0.5,51.4,49.4,795.0,22.4,3.6,3.8,5.5
0.05,197,29.3,3.7,25.6,15.4,3.7,0.0,19.0,0.0,30.0,9.0,30.0,29.3,3.7,0.4,0.5,51.9,49.9,798.5,22.6,3.7,3.5,5.5
0.05,198,29.7,3.5,26.2,15.7,3.5,0.0,19.0,0.0,30.0,9.1,30.0,29.7,3.5,0.2,0.3,52.2,50.2,801.6,22.9,2.7,3.1,5.5
0.05,199,29.5,3.5,26.0,15.8,3.5,0.0,19.0,0.0,30.0,9.1,30.0,29.5,3.5,0.2,0.4,52.6,50.6,805.3,22.9,3.9,3.7,5.5
0.05,200,29.4,3.5,25.9,15.4,3.5,0.0,19.0,0.0,30.0,9.1,30.0,29.4,3.5,0.6,0.3,52.9,50.9,809.7,23.2,4.5,4.4,5.5
0.05,201,29.1,3.4,25.7,15.7,3.4,0.0,19.0,0.0,30.0,9.1,30.0,29.1,3.4,0.2,0.1,53.0,51.0,813.6,23.3,4.2,3.9,5.5
0.05,202,29.6,3.9,25.7,15.6,3.9,0.0,19.0,0.1,30.0,9.2,30.0,29.6,3.9,0.1,0.6,53.6,51.6,818.1,23.6,4.0,4.5,5.5
0.05,203,29.4,3.7,25.7,15.0,3.7,0.0,19.0,0.0,30.0,9.2,30.0,29.4,3.7,0.5,0.1,53.7,51.7,821.8,23.7,3.9,3.7,5.5
0.05,204,29.6,3.8,25.8,15.4,3.8,0.0,19.0,0.1,30.0,9.3,30.0,29.6,3.8,0.0,0.4,54.1,52.1,825.6,23.7,3.6,3.8,5.5
0.05,205,29.9,3.8,26.1,15.3,3.8,0.0,19.0,0.0,30.0,9.3,30.0,29.9,3.8,0.1,0.1,54.2,52.2,828.7,23.9,2.8,3.1,5.5
0.05,206,29.4,3.5,25.9,15.1,3.5,0.0,19.0,0.0,30.0,9.3,30.0,29.4,3.5,0.4,0.1,54.3,52.3,832.0,24.1,3.8,3.3,5.5
0.05,207,29.5,3.6,25.9,15.5,3.6,0.0,19.0,0.0,30.0,9.3,30.0,29.5,3.6,0.2,0.5,54.8,52.8,836.5,24.2,4.4,4.5,5.5
0.05,208,29.8,3.4,26.4,15.9,3.4,0.0,19.0,0.0,30.0,9.3,30.0,29.8,3.4,0.2,0.4,55.2,53.2,841.0,24.5,4.2,4.5,5.5
0.05,209,30.0,3.4,26.6,16.0,3.4,0.0,19.0,0.0,30.0,9.4,30.0,30.0,3.4,0.0,0.5,55.7,53.7,846.0,24.6,4.8,5.0,5.5
0.05,210,29.8,3.4,26.4,15.9,3.4,0.0,19.0,0.0,30.0,9.4,30.0,29.8,3.4,0.0,0.3,56.0,54.0,849.4,24.8,3.6,3.4,5.5
0.05,211,29.9,3.6,26.3,15.8,3.6,0.0,19.0,0.0,30.0,9.4,30.0,29.9,3.6,0.1,0.4,56.4,54.4,853.3,25.0,3.8,3.9,5.5
0.05,212,29.1,3.5,25.6,15.5,3.5,0.0,19.0,0.0,30.0,9.6,30.0,29.1,3.5,0.5,0.3,56.7,54.7,855.8,25.1,3.3,2.5,5.5
0.05,213,29.3,3.5,25.8,15.7,3.5,0.0,19.0,0.2,30.0,9.7,30.0,29.3,3.5,0.3,0.3,57.0,55.0,859.1,25.3,3.1,3.3,5.5
0.05,214,29.0,3.2,25.8,15.2,3.2,0.0,19.0,0.0,30.0,9.8,30.0,29.0,3.2,0.7,0.1,57.1,55.1,863.4,25.5,4.6,4.3,5.5
0.05,215,29.6,3.0,26.6,15.4,3.0,0.0,19.0,0.0,30.0,9.8,30.0,29.6,3.0,0.3,0.1,57.2,55.2,868.2,25.6,4.2,4.8,5.5
0.05,216,29.3,3.0,26.3,15.1,3.0,0.0,19.0,0.0,30.0,9.9,30.0,29.3,3.0,0.5,0.2,57.4,55.4,872.9,25.6,5.0,4.7,5.5
0.05,217,29.4,2.8,26.6,15.6,2.8,0.0,19.0,0.0,30.0,9.9,30.0,29.4,2.8,0.1,0.2,57.6,55.6,876.5,25.7,3.5,3.6,5.5
0.05,218,29.8,3.2,26.6,15.6,3.2,0.0,19.0,0.0,30.0,9.9,30.0,29.8,3.2,0.1,0.6,58.2,56.2,881.0,25.9,4.1,4.5,5.5
0.05,219,29.8,3.3,26.5,15.8,3.3,0.0,19.0,0.0,30.0,9.9,30.0,29.8,3.3,0.0,0.3,58.5,56.5,883.5,26.0,2.5,2.5,5.5
0.05,220,29.4,3.2,26.2,15.2,3.1,0.0,19.0,0.0,30.0,0.5,30.0,29.4,3.1,0.5,0.4,58.9,56.9,886.9,26.0,3.8,3.4,5.5
0.05,221,29.3,2.9,26.4,15.4,2.9,0.0,19.0,0.0,30.0,0.5,30.0,29.3,2.9,0.3,0.0,58.9,56.9,890.9,26.0,4.1,4.0,5.5
0.05,222,29.4,2.4,27.0,15.2,2.4,0.0,19.0,0.0,30.0,0.7,30.0,29.4,2.4,0.4,0.0,58.9,56.9,895.8,26.1,4.8,4.9,5.5
0.05,223,29.2,2.1,27.1,15.3,2.1,0.0,19.0,0.0,30.0,0.7,30.0,29.2,2.1,0.4,0.0,58.9,56.9,900.3,26.2,4.7,4.5,5.5
0.05,224,29.6,1.8,27.8,15.8,1.8,0.0,19.0,0.0,30.0,0.7,30.0,29.6,1.8,0.1,0.0,58.9,56.9,904.5,26.2,3.8,4.2,5.5
0.05,225,29.6,1.8,27.8,15.6,1.8,0.0,19.0,0.0,30.0,0.7,30.0,29.6,1.8,0.2,0.0,58.9,56.9,908.8,26.2,4.3,4.3,5.5
0.05,226,29.7,1.6,28.1,15.9,1.6,0.0,19.0,0.0,30.0,0.7,30.0,29.7,1.6,0.1,0.0,58.9,56.9,911.6,26.3,2.7,2.8,5.5
0.05,227,29.5,1.6,27.9,15.9,1.6,0.0,19.0,0.0,30.0,0.7,30.0,29.5,1.6,0.1,0.0,58.9,56.9,914.8,26.4,3.4,3.2,5.5
0.05,228,29.8,1.1,28.7,15.9,1.1,0.0,19.0,0.0,30.0,0.7,30.0,29.8,1.1,0.1,0.0,58.9,56.9,919.6,26.4,4.5,4.8,5.5
0.05,229,29.5,0.6,28.9,15.9,0.6,0.0,19.0,0.0,30.0,0.7,30.0,29.5,0.6,0.3,0.0,58.9,56.9,924.7,26.4,5.4,5.1,5.5
0.05,230,29.3,0.3,29.0,15.8,0.3,0.0,19.0,0.0,30.0,0.7,30.0,29.3,0.3,0.4,0.0,58.9,56.9,929.3,26.5,4.8,4.6,5.5
0.05,231,29.5,0.2,29.3,15.6,0.2,0.0,19.0,0.0,30.0,0.7,30.0,29.5,0.2,0.4,0.0,58.9,56.9,933.8,26.5,4.3,4.5,5.5
0.05,232,28.8,0.1,28.7,15.3,0.1,0.0,19.0,0.0,30.0,0.7,30.0,28.8,0.1,0.8,0.1,59.0,57.0,937.6,26.5,4.5,3.8,5.5
0.05,233,29.5,0.1,29.4,15.9,0.1,0.0,19.0,0.0,30.0,0.7,30.0,29.5,0.1,0.2,0.0,59.0,57.0,941.1,26.5,2.8,3.5,5.5
0.05,234,29.7,0.1,29.6,15.9,0.1,0.0,19.0,0.0,30.0,0.7,30.0,29.7,0.1,0.2,0.0,59.0,57.0,944.5,26.5,3.2,3.4,5.5
0.05,235,29.5,0.1,29.4,15.9,0.1,0.0,19.0,0.0,30.0,0.7,30.0,29.5,0.1,0.1,0.0,59.0,57.0,949.1,26.5,4.8,4.6,5.5
0.05,236,29.3,0.1,29.2,15.4,0.1,0.0,19.0,0.0,30.0,0.7,30.0,29.3,0.1,0.6,0.0,59.0,57.0,953.9,26.5,5.0,4.8,5.5
0.05,237,29.7,0.2,29.5,15.9,0.2,0.0,19.0,0.0,30.0,0.7,30.0,29.7,0.2,0.1,0.1,59.1,57.1,958.8,26.5,4.5,4.9,5.5
0.05,238,29.5,0.3,29.2,15.6,0.3,0.0,19.0,0.0,30.0,0.7,30.0,29.5,0.3,0.4,0.1,59.2,57.2,963.1,26.5,4.5,4.3,5.5
0.05,239,28.9,0.3,28.6,15.5,0.3,0.0,19.0,0.0,30.0,0.8,30.0,28.9,0.3,0.5,0.0,59.2,57.2,966.3,26.5,3.8,3.2,5.5
0.05,240,29.8,0.4,29.4,16.0,0.4,0.0,19.0,0.0,30.0,0.8,30.0,29.8,0.4,0.0,0.1,59.3,57.3,970.7,26.5,3.5,4.4,5.5
0.05,241,29.5,2.2,27.3,15.9,2.2,1.8,19.0,0.0,30.0,0.8,30.0,29.5,2.2,0.0,0.0,61.1,57.3,973.8,26.7,3.4,3.1,5.5
0.05,242,29.5,2.4,27.1,15.5,2.4,2.0,19.0,0.0,30.0,0.8,30.0,29.5,2.4,0.3,0.0,61.3,57.3,978.4,26.7,4.6,4.6,5.5
0.05,243,29.4,2.4,27.0,15.2,2.4,2.0,19.0,0.0,30.0,0.8,30.0,29.4,2.4,0.6,0.1,61.4,57.4,983.2,26.7,4.9,4.8,5.5
0.05,244,29.1,2.4,26.7,15.4,2.4,2.0,19.0,0.0,30.0,0.8,30.0,29.1,2.4,0.5,0.1,61.5,57.5,987.8,26.7,4.9,4.6,5.5
0.05,245,29.5,2.4,27.1,15.6,2.4,2.0,19.0,0.0,30.0,0.8,30.0,29.5,2.4,0.3,0.0,61.5,57.5,992.3,26.7,4.1,4.5,5.5
0.05,246,29.8,2.5,27.3,15.8,2.5,2.0,19.0,0.0,30.0,0.8,30.0,29.8,2.5,0.0,0.1,61.6,57.6,995.8,26.8,3.2,3.5,5.5
0.05,247,29.5,2.6,26.9,15.4,2.6,2.0,19.0,0.0,30.0,0.9,30.0,29.5,2.6,0.4,0.1,61.7,57.7,999.9,26.8,4.4,4.1,5.5
0.05,248,29.6,0.8,28.8,15.5,0.8,0.2,19.0,0.0,30.0,0.9,30.0,29.6,0.8,0.3,0.0,61.7,57.7,1003.1,26.8,3.1,3.2,5.5
0.05,249,29.4,0.6,28.8,15.6,0.6,0.0,19.0,0.0,30.0,0.9,30.0,29.4,0.6,0.2,0.0,61.7,57.7,1007.3,26.8,4.4,4.2,5.5
0.05,250,29.0,0.7,28.3,15.5,0.7,0.0,19.0,0.0,30.0,0.9,30.0,29.0,0.7,0.3,0.1,61.8,57.8,1011.6,26.8,4.7,4.3,5.5
0.05,251,29.4,0.7,28.7,15.4,0.7,0.0,19.0,0.0,30.0,0.9,30.0,29.4,0.7,0.3,0.1,61.9,57.9,1016.5,27.0,4.5,4.9,5.5
0.05,252,29.7,0.5,29.2,15.7,0.5,0.0,19.0,0.0,30.0,0.9,30.0,29.7,0.5,0.3,0.0,61.9,57.9,1021.5,27.0,4.7,5.0,5.5
0.05,253,29.3,0.5,28.8,15.6,0.5,0.0,19.0,0.0,30.0,0.9,30.0,29.3,0.5,0.3,0.0,61.9,57.9,1024.6,27.0,3.5,3.1,5.5
0.05,254,29.4,0.6,28.8,15.5,0.6,0.0,19.0,0.0,30.0,0.9,30.0,29.4,0.6,0.4,0.1,62.0,58.0,1028.8,27.0,4.1,4.2,5.5
0.05,255,29.4,0.6,28.8,15.5,0.6,0.0,19.0,0.0,30.0,0.9,30.0,29.4,0.6,0.4,0.0,62.0,58.0,1032.0,27.0,3.2,3.2,5.5
0.05,256,29.5,0.5,29.0,15.8,0.5,0.0,19.0,0.0,30.0,0.9,30.0,29.5,0.5,0.2,0.1,62.1,58.1,1036.5,27.0,4.4,4.5,5.5
0.05,257,29.3,0.5,28.8,15.9,0.5,0.0,19.0,0.0,30.0,0.9,30.0,29.3,0.5,0.1,0.1,62.2,58.2,1040.7,27.0,4.4,4.2,5.5
0.05,258,29.8,0.3,29.5,15.9,0.3,0.0,19.0,0.0,30.0,1.0,30.0,29.8,0.3,0.1,0.0,62.2,58.2,1046.2,27.0,5.0,5.5,5.5
0.05,259,29.2,0.3,28.9,15.4,0.3,0.0,19.0,0.0,30.0,1.0,30.0,29.2,0.3,0.6,0.0,62.2,58.2,1050.4,27.0,4.8,4.2,5.5
0.05,260,29.8,0.3,29.5,15.9,0.3,0.0,19.0,0.0,30.0,1.0,30.0,29.8,0.3,0.1,0.0,62.2,58.2,1054.2,27.0,3.2,3.8,5.5
0.05,261,29.5,0.3,29.2,15.6,0.3,0.0,19.0,0.0,30.0,1.0,30.0,29.5,0.3,0.4,0.0,62.2,58.2,1058.1,27.0,4.2,3.9,5.5
0.05,262,29.6,0.4,29.2,15.9,0.4,0.0,19.0,0.0,30.0,1.0,30.0,29.6,0.4,0.1,0.1,62.3,58.3,1061.4,27.0,3.2,3.3,5.5
0.05,263,29.1,0.4,28.7,15.4,0.4,0.0,19.0,0.0,30.0,1.0,30.0,29.1,0.4,0.6,0.0,62.3,58.3,1065.3,27.0,4.4,3.9,5.5
0.05,264,29.2,0.4,28.8,15.4,0.4,0.0,19.0,0.0,30.0,1.0,30.0,29.2,0.4,0.6,0.0,62.3,58.3,1069.6,27.0,4.2,4.3,5.5
0.05,265,29.6,0.3,29.3,15.7,0.3,0.0,19.0,0.0,30.0,1.0,30.0,29.6,0.3,0.3,0.0,62.3,58.3,1075.5,27.0,5.5,5.9,5.5
0.05,266,29.4,0.2,29.2,15.8,0.2,0.0,19.0,0.0,30.0,1.1,30.0,29.4,0.2,0.2,0.0,62.3,58.3,1079.6,27.0,4.3,4.1,5.5
0.05,267,29.3,0.3,29.0,16.0,0.3,0.0,19.0,0.0,30.0,1.1,30.0,29.3,0.3,0.0,0.1,62.4,58.4,1083.3,27.0,3.8,3.7,5.5
0.05,268,29.6,0.3,29.3,15.7,0.3,0.0,19.0,0.0,30.0,1.1,30.0,29.6,0.3,0.3,0.0,62.4,58.4,1087.5,27.0,3.9,4.2,5.5
0.05,269,29.8,0.3,29.5,15.8,0.3,0.0,19.0,0.0,30.0,1.1,30.0,29.8,0.3,0.2,0.0,62.4,58.4,1091.0,27.0,3.3,3.5,5.5
0.05,270,29.5,0.2,29.3,15.7,0.2,0.0,19.0,0.0,30.0,1.1,30.0,29.5,0.2,0.3,0.0,62.4,58.4,1094.7,27.0,4.0,3.7,5.5
0.05,271,29.6,0.2,29.4,15.8,0.2,0.0,19.0,0.0,30.0,1.1,30.0,29.6,0.2,0.2,0.0,62.4,58.4,1099.1,27.1,4.3,4.4,5.5
0.05,272,29.0,0.1,28.9,15.5,0.1,0.0,19.0,0.0,30.0,1.1,30.0,29.0,0.1,0.6,0.0,62.4,58.4,1104.4,27.1,5.9,5.3,5.5
0.05,273,29.5,0.1,29.4,15.8,0.1,0.0,19.0,0.0,30.0,1.2,30.0,29.5,0.1,0.2,0.0,62.4,58.4,1109.0,27.1,4.1,4.6,5.5
0.05,274,29.8,0.2,29.6,15.9,0.2,0.0,19.0,0.0,30.0,1.2,30.0,29.8,0.2,0.1,0.1,62.5,58.5,1113.0,27.1,3.7,4.0,5.5
0.05,275,29.7,0.2,29.5,16.0,0.2,0.0,19.0,0.0,30.0,1.2,30.0,29.7,0.2,0.0,0.0,62.5,58.5,1117.1,27.1,4.2,4.1,5.5
0.05,276,29.0,0.2,28.8,15.7,0.2,0.0,19.0,0.0,30.0,1.2,30.0,29.0,0.2,0.3,0.0,62.5,58.5,1119.9,27.1,3.5,2.8,5.5
0.05,277,29.5,0.3,29.2,16.0,0.3,0.0,19.0,0.0,30.0,1.2,30.0,29.5,0.3,0.0,0.1,62.6,58.6,1124.1,27.1,3.7,4.2,5.5
0.05,278,29.7,0.3,29.4,15.7,0.3,0.0,19.0,0.0,30.0,1.2,30.0,29.7,0.3,0.3,0.0,62.6,58.6,1128.7,27.1,4.4,4.6,5.5
0.05,279,29.7,0.2,29.5,15.9,0.2,0.0,19.0,0.0,30.0,1.2,30.0,29.7,0.2,0.1,0.0,62.6,58.6,1134.1,27.1,5.4,5.4,5.5
0.05,280,29.4,0.3,29.1,15.6,0.3,0.0,19.0,0.0,30.0,1.3,30.0,29.4,0.3,0.4,0.1,62.7,58.7,1138.3,27.1,4.5,4.2,5.5
0.05,281,29.4,0.6,28.8,15.5,0.6,0.0,19.0,0.0,30.0,1.3,30.0,29.4,0.6,0.5,0.3,63.0,59.0,1142.3,27.1,4.0,4.0,5.5
0.05,282,29.6,0.6,29.0,15.7,0.6,0.0,19.0,0.0,30.0,1.3,30.0,29.6,0.6,0.3,0.0,63.0,59.0,1146.5,27.1,4.0,4.2,5.5
0.05,283,29.5,0.7,28.8,15.7,0.7,0.0,19.0,0.0,30.0,1.3,30.0,29.5,0.7,0.3,0.1,63.1,59.1,1149.2,27.2,2.8,2.7,5.5
0.05,284,30.0,0.8,29.2,16.0,0.8,0.0,19.0,0.0,30.0,1.4,30.0,30.0,0.8,0.0,0.1,63.2,59.2,1153.6,27.3,3.9,4.4,5.5
0.05,285,29.7,0.8,28.9,15.6,0.8,0.0,19.0,0.0,30.0,1.4,30.0,29.7,0.8,0.3,0.0,63.2,59.2,1157.9,27.4,4.6,4.3,5.5
0.05,286,29.0,0.8,28.2,15.3,0.8,0.0,19.0,0.0,30.0,1.4,30.0,29.0,0.8,0.6,0.0,63.2,59.2,1162.5,27.4,5.3,4.6,5.5
0.05,287,29.6,0.9,28.7,15.8,0.9,0.0,19.0,0.0,30.0,1.4,30.0,29.6,0.9,0.0,0.2,63.4,59.4,1167.4,27.4,4.3,4.9,5.5
0.05,288,29.7,0.9,28.8,15.6,0.9,0.0,19.0,0.0,30.0,1.4,30.0,29.7,0.9,0.2,0.0,63.4,59.4,1171.4,27.4,3.9,4.0,5.5
0.05,289,29.2,1.0,28.2,15.7,1.0,0.0,19.0,0.0,30.0,1.4,30.0,29.2,1.0,0.2,0.2,63.6,59.6,1175.1,27.4,4.2,3.7,5.5
0.05,290,29.8,1.0,28.8,15.8,1.0,0.0,19.0,0.0,30.0,1.4,30.0,29.8,1.0,0.1,0.0,63.6,59.6,1178.4,27.4,2.7,3.3,5.5
0.05,291,28.7,0.7,28.0,15.1,0.7,0.0,19.0,0.0,30.0,1.4,30.0,28.7,0.7,0.9,0.0,63.6,59.6,1182.0,27.5,4.7,3.6,5.5
0.05,292,29.2,0.8,28.4,15.5,0.8,0.0,19.0,0.0,30.0,1.5,30.0,29.2,0.8,0.4,0.1,63.7,59.7,1186.6,27.6,4.1,4.6,5.5
0.05,293,29.4,0.7,28.7,15.4,0.7,0.0,19.0,0.0,30.0,1.5,30.0,29.4,0.7,0.5,0.0,63.7,59.7,1191.3,27.7,4.5,4.7,5.5
0.05,294,29.8,0.7,29.1,15.7,0.7,0.0,19.0,0.0,30.0,1.5,30.0,29.8,0.7,0.1,0.0,63.7,59.7,1196.5,27.8,4.8,5.2,5.5
0.05,295,29.7,0.8,28.9,15.7,0.8,0.0,19.0,0.1,30.0,1.5,30.0,29.7,0.8,0.1,0.2,63.9,59.9,1200.5,27.8,4.1,4.0,5.5
0.05,296,29.4,0.8,28.6,15.6,0.8,0.0,19.0,0.0,30.0,1.5,30.0,29.4,0.8,0.2,0.1,64.0,60.0,1204.0,27.8,3.8,3.5,5.5
0.05,297,29.5,0.8,28.7,15.5,0.8,0.0,19.0,0.1,30.0,1.5,30.0,29.5,0.8,0.3,0.0,64.0,60.0,1207.4,27.8,3.3,3.4,5.5
0.05,298,29.7,0.8,28.9,15.7,0.8,0.0,19.0,0.0,30.0,1.5,30.0,29.7,0.8,0.1,0.0,64.0,60.0,1211.2,27.8,3.6,3.8,5.5
0.05,299,29.7,0.6,29.1,15.8,0.6,0.0,19.0,0.0,30.0,1.5,30.0,29.7,0.6,0.1,0.0,64.0,60.0,1216.0,27.8,4.8,4.8,5.5
0.05,300,29.7,0.4,29.3,15.8,0.4,0.0,19.0,0.0,30.0,1.5,30.0,29.7,0.4,0.2,0.0,64.0,60.0,1220.8,27.9,4.8,4.8,5.5
0.05,301,29.3,2.4,26.9,15.7,2.4,2.0,19.0,0.1,30.0,1.5,30.0,29.3,2.4,0.4,0.1,66.1,60.1,1225.5,27.9,5.1,4.7,5.5
0.05,302,29.2,2.5,26.7,15.5,2.5,2.0,19.0,0.0,30.0,1.5,30.0,29.2,2.5,0.5,0.1,66.2,60.2,1229.3,27.9,3.9,3.8,5.5
0.05,303,29.5,2.6,26.9,15.7,2.6,2.0,19.0,0.0,30.0,1.5,30.0,29.5,2.6,0.3,0.1,66.3,60.3,1233.1,27.9,3.5,3.8,5.5
0.05,304,29.7,2.6,27.1,15.9,2.6,2.0,19.0,0.0,30.0,1.5,30.0,29.7,2.6,0.1,0.0,66.3,60.3,1236.6,27.9,3.3,3.5,5.5
0.05,305,29.2,2.6,26.6,15.5,2.6,2.0,19.0,0.0,30.0,1.5,30.0,29.2,2.6,0.5,0.0,66.3,60.3,1239.9,27.9,3.8,3.3,5.5
0.05,306,29.7,2.6,27.1,16.0,2.6,2.0,19.0,0.0,30.0,1.5,30.0,29.7,2.6,0.0,0.0,66.3,60.3,1245.2,28.0,4.8,5.3,5.5
0.05,307,29.5,2.6,26.9,15.7,2.6,2.0,19.0,0.0,30.0,1.5,30.0,29.5,2.6,0.3,0.1,66.4,60.4,1249.7,28.0,4.7,4.5,5.5
0.05,308,29.1,0.5,28.6,15.4,0.5,0.0,19.0,0.0,30.0,1.5,30.0,29.1,0.5,0.7,0.1,66.5,60.5,1254.2,28.0,4.9,4.5,5.5
0.05,309,29.2,0.5,28.7,15.6,0.5,0.0,19.0,0.0,30.0,1.5,30.0,29.2,0.5,0.5,0.1,66.6,60.6,1258.2,28.0,3.9,4.0,5.5
0.05,310,29.5,0.5,29.0,15.8,0.5,0.0,19.0,0.0,30.0,1.6,30.0,29.5,0.5,0.2,0.0,66.6,60.6,1262.3,28.0,3.8,4.1,5.5
0.05,311,29.7,0.4,29.3,15.8,0.4,0.0,19.0,0.0,30.0,1.7,30.0,29.7,0.4,0.2,0.0,66.6,60.6,1266.1,28.0,3.6,3.8,5.5
0.05,312,29.6,0.4,29.2,15.9,0.4,0.0,19.0,0.0,30.0,1.7,30.0,29.6,0.4,0.1,0.0,66.6,60.6,1269.3,28.0,3.3,3.2,5.5
0.05,313,29.0,0.4,28.6,15.8,0.4,0.0,19.0,0.0,30.0,1.7,30.0,29.0,0.4,0.2,0.0,66.6,60.6,1273.9,28.0,5.2,4.6,5.5
0.05,314,29.1,0.2,28.9,15.6,0.2,0.0,19.0,0.0,30.0,1.7,30.0,29.1,0.2,0.4,0.0,66.6,60.6,1278.7,28.0,4.7,4.8,5.5
0.05,315,29.3,0.2,29.1,15.7,0.2,0.0,19.0,0.0,30.0,1.7,30.0,29.3,0.2,0.3,0.0,66.6,60.6,1283.4,28.0,4.5,4.7,5.5
0.05,316,29.7,0.2,29.5,15.8,0.2,0.0,19.0,0.0,30.0,1.7,30.0,29.7,0.2,0.2,0.0,66.6,60.6,1287.7,28.0,3.9,4.3,5.5
0.05,317,29.2,0.2,29.0,15.6,0.2,0.0,19.0,0.0,30.0,1.7,30.0,29.2,0.2,0.4,0.0,66.6,60.6,1291.3,28.0,4.1,3.6,5.5
0.05,318,29.7,0.2,29.5,15.7,0.2,0.0,19.0,0.0,30.0,1.7,30.0,29.7,0.2,0.3,0.0,66.6,60.6,1295.6,28.0,3.8,4.3,5.5
0.05,319,29.7,0.2,29.5,15.9,0.2,0.0,19.0,0.0,30.0,1.7,30.0,29.7,0.2,0.1,0.0,66.6,60.6,1298.8,28.0,3.2,3.2,5.5
0.05,320,29.5,0.1,29.4,15.7,0.1,0.0,19.0,0.0,30.0,1.7,30.0,29.5,0.1,0.3,0.0,66.6,60.6,1303.3,28.0,4.7,4.5,5.5
0.05,321,29.9,0.1,29.8,16.0,0.1,0.0,19.0,0.0,30.0,1.7,30.0,29.9,0.1,0.0,0.0,66.6,60.6,1308.5,28.0,4.8,5.2,5.5
0.05,322,29.6,0.4,29.2,15.6,0.4,0.0,19.0,0.0,30.0,1.7,30.0,29.6,0.4,0.3,0.3,66.9,60.9,1312.9,28.1,4.7,4.4,5.5
0.05,323,29.3,0.3,29.0,15.6,0.3,0.0,19.0,0.0,30.0,1.7,30.0,29.3,0.3,0.4,0.0,66.9,60.9,1317.0,28.1,4.4,4.1,5.5
0.05,324,29.5,0.5,29.0,15.8,0.5,0.0,19.0,0.0,30.0,1.7,30.0,29.5,0.5,0.2,0.2,67.1,61.1,1320.8,28.1,3.6,3.8,5.5
0.05,325,29.5,0.5,29.0,15.6,0.5,0.0,19.0,0.0,30.0,1.7,30.0,29.5,0.5,0.4,0.0,67.1,61.1,1324.9,28.2,4.1,4.1,5.5
0.05,326,29.8,0.5,29.3,15.9,0.5,0.0,19.0,0.0,30.0,1.8,30.0,29.8,0.5,0.1,0.0,67.1,61.1,1328.4,28.3,3.2,3.5,5.5
0.05,327,29.4,0.6,28.8,15.8,0.6,0.0,19.0,0.0,30.0,1.8,30.0,29.4,0.6,0.2,0.1,67.2,61.2,1332.5,28.3,4.5,4.1,5.5
0.05,328,29.3,0.8,28.5,15.6,0.8,0.0,19.0,0.0,30.0,1.8,30.0,29.3,0.8,0.4,0.2,67.4,61.4,1337.5,28.3,5.1,5.0,5.5
0.05,329,29.2,0.8,28.4,15.5,0.8,0.0,19.0,0.0,30.0,1.8,30.0,29.2,0.8,0.5,0.0,67.4,61.4,1341.6,28.3,4.2,4.1,5.5
0.05,330,29.3,0.9,28.4,15.4,0.9,0.0,19.0,0.0,30.0,1.8,30.0,29.3,0.9,0.5,0.1,67.5,61.5,1345.8,28.4,4.1,4.2,5.5
0.05,331,29.1,0.9,28.2,15.4,0.9,0.0,19.0,0.0,30.0,1.8,30.0,29.1,0.9,0.5,0.0,67.5,61.5,1349.3,28.6,3.7,3.5,5.5
0.05,332,30.0,0.7,29.3,16.0,0.7,0.0,19.0,0.0,30.0,1.8,30.0,30.0,0.7,0.0,0.0,67.5,61.5,1354.5,28.6,4.3,5.2,5.5
0.05,333,29.4,0.7,28.7,15.5,0.7,0.0,19.0,0.0,30.0,1.8,30.0,29.4,0.7,0.5,0.0,67.5,61.5,1357.4,28.6,3.5,2.9,5.5
0.05,334,29.3,0.7,28.6,15.5,0.7,0.0,19.0,0.0,30.0,1.8,30.0,29.3,0.7,0.4,0.0,67.5,61.5,1361.2,28.7,3.9,3.8,5.5
0.05,335,29.3,0.7,28.6,15.7,0.7,0.0,19.0,0.0,30.0,1.8,30.0,29.3,0.7,0.2,0.1,67.6,61.6,1366.1,28.7,4.9,4.9,5.5
0.05,336,29.4,0.7,28.7,15.6,0.7,0.0,19.0,0.0,30.0,1.8,30.0,29.4,0.7,0.3,0.2,67.8,61.8,1370.5,28.7,4.3,4.4,5.5
0.05,337,29.9,0.7,29.2,15.7,0.7,0.0,19.0,0.0,30.0,1.8,30.0,29.9,0.7,0.1,0.0,67.8,61.8,1375.2,28.7,4.2,4.7,5.5
0.05,338,29.5,0.6,28.9,15.5,0.6,0.0,19.0,0.0,30.0,2.0,30.0,29.5,0.6,0.4,0.0,67.8,61.8,1378.4,28.8,3.6,3.2,5.5
0.05,339,29.4,0.6,28.8,15.5,0.6,0.0,19.0,0.0,30.0,2.2,30.0,29.4,0.6,0.3,0.0,67.8,61.8,1383.5,28.8,5.2,5.1,5.5
0.05,340,29.6,0.6,29.0,15.7,0.6,0.0,19.0,0.1,30.0,2.2,30.0,29.6,0.6,0.1,0.0,67.8,61.8,1386.6,28.8,2.9,3.1,5.5
0.05,341,29.4,0.6,28.8,15.5,0.6,0.0,19.0,0.0,30.0,2.2,30.0,29.4,0.6,0.3,0.2,68.0,62.0,1390.2,28.8,3.8,3.6,5.5
0.05,342,29.5,0.5,29.0,15.8,0.5,0.0,19.0,0.1,30.0,2.4,30.0,29.5,0.5,0.1,0.1,68.1,62.1,1395.4,28.9,5.1,5.2,5.5
0.05,343,29.3,0.7,28.6,15.5,0.7,0.0,19.0,0.0,30.0,2.4,30.0,29.3,0.7,0.4,0.2,68.3,62.3,1399.5,28.9,4.3,4.1,5.5
0.05,344,29.3,0.7,28.6,15.6,0.7,0.0,19.0,0.0,30.0,2.4,30.0,29.3,0.7,0.3,0.0,68.3,62.3,1403.8,28.9,4.3,4.3,5.5
0.05,345,29.7,1.0,28.7,15.8,1.0,0.0,19.0,0.0,30.0,2.4,30.0,29.7,1.0,0.1,0.3,68.6,62.6,1407.4,29.0,3.2,3.6,5.5
0.05,346,29.7,1.2,28.5,15.8,1.2,0.0,19.0,0.0,30.0,2.4,30.0,29.7,1.2,0.1,0.2,68.8,62.8,1412.2,29.0,4.8,4.8,5.5
0.05,347,29.3,1.3,28.0,15.7,1.3,0.0,19.0,0.0,30.0,2.5,30.0,29.3,1.3,0.2,0.1,68.9,62.9,1414.9,29.1,3.1,2.7,5.5
0.05,348,29.4,1.2,28.2,15.8,1.2,0.0,19.0,0.0,30.0,2.6,30.0,29.4,1.2,0.3,0.1,69.0,63.0,1418.7,29.1,3.7,3.8,5.5
0.05,349,29.0,1.2,27.8,15.3,1.2,0.0,19.0,0.0,30.0,2.6,30.0,29.0,1.2,0.6,0.0,69.0,63.0,1423.4,29.1,5.1,4.7,5.5
0.05,350,29.6,1.2,28.4,15.6,1.2,0.0,19.0,0.0,30.0,2.7,30.0,29.6,1.2,0.2,0.1,69.1,63.1,1428.1,29.2,4.1,4.7,5.5
0.05,351,29.3,0.9,28.4,15.4,0.9,0.0,19.0,0.0,30.0,2.9,30.0,29.3,0.9,0.6,0.1,69.2,63.2,1432.5,29.2,4.7,4.4,5.5
0.05,352,29.7,1.0,28.7,15.7,1.0,0.0,19.0,0.0,30.0,2.9,30.0,29.7,1.0,0.3,0.1,69.3,63.3,1436.4,29.2,3.5,3.9,5.5
0.05,353,28.9,0.8,28.1,15.5,0.8,0.0,19.0,0.0,30.0,2.9,30.0,28.9,0.8,0.6,0.1,69.4,63.4,1440.7,29.3,5.1,4.3,5.5
0.05,354,29.4,1.0,28.4,15.8,1.0,0.0,19.0,0.0,30.0,2.9,30.0,29.4,1.0,0.3,0.2,69.6,63.6,1443.9,29.5,2.7,3.2,5.5
0.05,355,29.3,1.0,28.3,15.6,1.0,0.0,19.0,0.0,30.0,2.9,30.0,29.3,1.0,0.2,0.1,69.7,63.7,1447.6,29.7,3.8,3.7,5.5
0.05,356,29.1,1.0,28.1,15.4,1.0,0.0,19.0,0.0,30.0,2.9,30.0,29.1,1.0,0.4,0.1,69.8,63.8,1452.0,29.7,4.6,4.4,5.5
0.05,357,29.5,1.0,28.5,15.4,1.0,0.0,19.0,0.0,30.0,2.9,30.0,29.5,1.0,0.4,0.1,69.9,63.9,1457.1,29.7,4.7,5.1,5.5
0.05,358,29.9,1.1,28.8,15.6,1.1,0.0,19.0,0.0,30.0,2.9,30.0,29.9,1.1,0.1,0.1,70.0,64.0,1461.5,29.8,4.0,4.4,5.5
0.05,359,29.7,1.1,28.6,15.5,1.1,0.0,19.0,0.0,30.0,3.0,30.0,29.7,1.1,0.3,0.1,70.1,64.1,1465.2,29.8,3.9,3.7,5.5
0.05,360,29.7,1.2,28.5,15.6,1.2,0.0,19.0,0.0,30.0,3.1,30.0,29.7,1.2,0.2,0.1,70.2,64.2,1469.5,29.8,4.3,4.3,5.5
0.05,361,29.6,1.4,28.2,15.5,1.4,0.0,19.0,0.0,30.0,3.1,30.0,29.6,1.4,0.2,0.2,70.4,64.4,1472.5,29.8,3.1,3.0,5.5
0.05,362,29.6,1.4,28.2,15.4,1.4,0.0,19.0,0.0,30.0,3.3,30.0,29.6,1.4,0.4,0.1,70.5,64.5,1476.3,30.0,3.8,3.8,5.5
0.05,363,29.6,1.3,28.3,15.5,1.3,0.0,19.0,0.0,30.0,3.3,30.0,29.6,1.3,0.3,0.1,70.6,64.6,1480.8,30.0,4.5,4.5,5.5
0.05,364,29.6,1.4,28.2,15.6,1.4,0.0,19.0,0.0,30.0,3.3,30.0,29.6,1.4,0.3,0.2,70.8,64.8,1485.8,30.0,5.0,5.0,5.5
0.05,365,29.3,1.1,28.2,15.5,1.1,0.0,19.0,0.0,30.0,3.4,30.0,29.3,1.1,0.5,0.1,70.9,64.9,1490.1,30.0,4.6,4.3,5.5
0.05,366,29.5,1.0,28.5,15.6,1.0,0.0,19.0,0.0,30.0,3.4,30.0,29.5,1.0,0.4,0.0,70.9,64.9,1494.1,30.1,3.8,4.0,5.5
0.05,367,29.0,1.4,27.6,15.4,1.4,0.0,19.0,0.0,30.0,3.4,30.0,29.0,1.4,0.4,0.4,71.3,65.3,1497.6,30.2,4.0,3.5,5.5
0.05,368,29.6,1.6,28.0,15.7,1.6,0.0,19.0,0.0,30.0,3.4,30.0,29.6,1.6,0.2,0.3,71.6,65.6,1501.4,30.2,3.2,3.8,5.5
0.05,369,29.3,1.7,27.6,15.5,1.7,0.0,19.0,0.0,30.0,3.5,30.0,29.3,1.7,0.4,0.1,71.7,65.7,1504.8,30.3,3.7,3.4,5.5
0.05,370,29.2,1.6,27.6,15.3,1.6,0.0,19.0,0.0,30.0,3.5,30.0,29.2,1.6,0.6,0.0,71.7,65.7,1508.9,30.4,4.2,4.1,5.5
0.05,371,29.4,1.5,27.9,15.6,1.5,0.0,19.0,0.0,30.0,3.5,30.0,29.4,1.5,0.4,0.1,71.8,65.8,1514.2,30.5,5.1,5.3,5.5
0.05,372,29.2,1.5,27.7,15.5,1.5,0.0,19.0,0.0,30.0,3.5,30.0,29.2,1.5,0.5,0.2,72.0,66.0,1518.2,30.5,4.2,4.0,5.5
0.05,373,29.4,1.7,27.7,15.7,1.7,0.0,19.0,0.0,30.0,3.6,30.0,29.4,1.7,0.3,0.2,72.2,66.2,1522.2,30.6,3.8,4.0,5.5
0.05,374,29.4,1.6,27.8,15.7,1.6,0.0,19.0,0.0,30.0,3.6,30.0,29.4,1.6,0.3,0.1,72.3,66.3,1525.9,30.6,3.7,3.7,5.5
0.05,375,29.9,1.8,28.1,15.9,1.8,0.0,19.0,0.0,30.0,3.7,30.0,29.9,1.8,0.1,0.2,72.5,66.5,1530.0,30.7,3.6,4.1,5.5
0.05,376,29.7,1.8,27.9,15.9,1.8,0.0,19.0,0.0,30.0,3.7,30.0,29.7,1.8,0.0,0.1,72.6,66.6,1533.2,30.7,3.4,3.2,5.5
0.05,377,29.3,1.4,27.9,15.6,1.4,0.0,19.0,0.0,30.0,3.8,30.0,29.3,1.4,0.4,0.0,72.6,66.6,1537.2,30.7,4.4,4.0,5.5
0.05,378,29.1,1.5,27.6,15.5,1.5,0.0,19.0,0.0,30.0,3.8,30.0,29.1,1.5,0.5,0.2,72.8,66.8,1542.0,30.7,5.0,4.8,5.5
0.05,379,29.4,1.3,28.1,15.8,1.3,0.0,19.0,0.0,30.0,3.8,30.0,29.4,1.3,0.3,0.1,72.9,66.9,1546.4,30.7,4.1,4.4,5.5
0.05,380,29.6,1.1,28.5,15.8,1.1,0.0,19.0,0.0,30.0,3.8,30.0,29.6,1.1,0.2,0.0,72.9,66.9,1550.8,30.7,4.2,4.4,5.5
0.05,381,29.5,1.3,28.2,15.8,1.3,0.0,19.0,0.0,30.0,3.8,30.0,29.5,1.3,0.2,0.2,73.1,67.1,1554.3,30.7,3.6,3.5,5.5
0.05,382,29.6,1.4,28.2,15.7,1.4,0.0,19.0,0.0,30.0,3.8,30.0,29.6,1.4,0.2,0.3,73.4,67.4,1558.6,30.8,4.2,4.3,5.5
0.05,383,29.7,1.4,28.3,15.7,1.4,0.0,19.0,0.0,30.0,3.8,30.0,29.7,1.4,0.2,0.1,73.5,67.5,1562.0,30.8,3.3,3.4,5.5
0.05,384,29.3,1.5,27.8,15.6,1.5,0.0,19.0,0.1,30.0,3.8,30.0,29.3,1.5,0.3,0.2,73.7,67.7,1565.5,30.8,3.9,3.5,5.5
0.05,385,29.2,1.2,28.0,15.3,1.2,0.0,19.0,0.0,30.0,3.8,30.0,29.2,1.2,0.6,0.1,73.8,67.8,1570.4,30.8,5.0,4.9,5.5
0.05,386,29.3,1.1,28.2,15.7,1.1,0.0,19.0,0.0,30.0,3.8,30.0,29.3,1.1,0.2,0.1,73.9,67.9,1575.0,30.8,4.5,4.6,5.5
0.05,387,29.7,1.2,28.5,15.7,1.2,0.0,19.0,0.1,30.0,3.8,30.0,29.7,1.2,0.2,0.1,74.0,68.0,1579.6,30.9,4.2,4.6,5.5
0.05,388,29.7,1.5,28.2,15.8,1.5,0.0,19.0,0.0,30.0,3.8,30.0,29.7,1.5,0.1,0.4,74.4,68.4,1583.1,31.0,3.5,3.5,5.5
0.05,389,29.9,1.5,28.4,15.9,1.5,0.0,19.0,0.0,30.0,3.8,30.0,29.9,1.5,0.1,0.1,74.5,68.5,1587.7,31.0,4.4,4.6,5.5
0.05,390,29.3,1.5,27.8,15.5,1.5,0.0,19.0,0.0,30.0,3.9,30.0,29.3,1.5,0.5,0.0,74.5,68.5,1590.4,31.1,3.3,2.7,5.5
0.05,391,29.2,1.6,27.6,15.7,1.6,0.0,19.0,0.0,30.0,3.9,30.0,29.2,1.6,0.3,0.3,74.8,68.8,1593.8,31.1,3.5,3.4,5.5
0.05,392,29.5,1.6,27.9,15.9,1.6,0.0,19.0,0.0,30.0,3.9,30.0,29.5,1.6,0.1,0.2,75.0,69.0,1599.1,31.1,5.0,5.3,5.5
0.05,393,29.3,1.6,27.7,15.6,1.6,0.0,19.0,0.1,30.0,3.9,30.0,29.3,1.6,0.3,0.1,75.1,69.1,1603.5,31.1,4.6,4.4,5.5
0.05,394,29.2,1.7,27.5,15.4,1.7,0.0,19.0,0.0,30.0,3.9,30.0,29.2,1.7,0.6,0.3,75.4,69.4,1608.0,31.1,4.6,4.5,5.5
0.05,395,29.5,1.7,27.8,15.9,1.7,0.0,19.0,0.0,30.0,3.9,30.0,29.5,1.7,0.2,0.1,75.5,69.5,1611.7,31.3,3.4,3.7,5.5
0.05,396,29.3,1.9,27.4,15.5,1.9,0.0,19.0,0.0,30.0,3.9,30.0,29.3,1.9,0.5,0.2,75.7,69.7,1615.9,31.3,4.4,4.2,5.5
0.05,397,29.5,1.9,27.6,15.8,1.9,0.0,19.0,0.0,30.0,3.9,30.0,29.5,1.9,0.2,0.1,75.8,69.8,1618.7,31.4,2.6,2.8,5.5
0.05,398,29.5,1.8,27.7,15.8,1.8,0.0,19.0,0.1,30.0,3.9,30.0,29.5,1.8,0.4,0.1,75.9,69.9,1622.1,31.4,3.4,3.4,5.5
0.05,399,29.6,1.9,27.7,15.9,1.9,0.0,19.0,0.0,30.0,3.9,30.0,29.6,1.9,0.3,0.2,76.1,70.1,1627.3,31.6,5.1,5.2,5.5
0.05,400,29.5,1.9,27.6,16.0,1.9,0.0,19.0,0.0,30.0,0.2,30.0,29.5,1.9,0.2,0.1,76.2,70.2,1631.5,31.7,4.3,4.2,5.5
0.05,401,29.2,1.7,27.5,15.5,1.7,0.0,19.0,0.0,30.0,0.2,30.0,29.2,1.7,0.4,0.0,76.2,70.2,1635.8,31.8,4.6,4.3,5.5
0.05,402,29.7,1.6,28.1,15.6,1.6,0.0,19.0,0.0,30.0,0.2,30.0,29.7,1.6,0.2,0.1,76.3,70.3,1640.2,31.8,3.9,4.4,5.5
0.05,403,29.5,1.5,28.0,15.7,1.5,0.0,19.0,0.0,30.0,0.2,30.0,29.5,1.5,0.2,0.1,76.4,70.4,1644.3,31.9,4.3,4.1,5.5
0.05,404,29.8,1.3,28.5,15.9,1.3,0.0,19.0,0.0,30.0,0.2,30.0,29.8,1.3,0.2,0.0,76.4,70.4,1647.6,32.0,3.0,3.3,5.5
0.05,405,29.5,1.1,28.4,16.1,1.1,0.0,19.0,0.0,30.0,0.2,30.0,29.5,1.1,0.0,0.0,76.4,70.4,1650.8,32.0,3.5,3.2,5.5
0.05,406,29.5,0.8,28.7,16.0,0.8,0.0,19.0,0.0,30.0,0.2,30.0,29.5,0.8,0.0,0.0,76.4,70.4,1656.1,32.1,5.3,5.3,5.5
0.05,407,29.6,0.7,28.9,15.8,0.7,0.0,19.0,0.0,30.0,0.2,30.0,29.6,0.7,0.2,0.1,76.5,70.5,1660.6,32.1,4.4,4.5,5.5
0.05,408,29.8,0.6,29.2,15.7,0.6,0.0,19.0,0.0,30.0,0.2,30.0,29.8,0.6,0.2,0.0,76.5,70.5,1665.1,32.1,4.3,4.5,5.5
0.05,409,29.5,0.6,28.9,15.6,0.6,0.0,19.0,0.0,30.0,0.2,30.0,29.5,0.6,0.3,0.0,76.5,70.5,1669.2,32.1,4.4,4.1,5.5
0.05,410,29.7,0.5,29.2,15.6,0.5,0.0,19.0,0.0,30.0,0.2,30.0,29.7,0.5,0.3,0.0,76.5,70.5,1673.6,32.1,4.2,4.4,5.5
0.05,411,29.0,0.5,28.5,15.4,0.5,0.0,19.0,0.0,30.0,0.2,30.0,29.0,0.5,0.5,0.0,76.5,70.5,1676.2,32.1,3.3,2.6,5.5
0.05,412,29.6,0.4,29.2,15.7,0.4,0.0,19.0,0.0,30.0,0.2,30.0,29.6,0.4,0.2,0.0,76.5,70.5,1680.1,32.1,3.3,3.9,5.5
0.05,413,29.2,0.3,28.9,15.6,0.3,0.0,19.0,0.0,30.0,0.2,30.0,29.2,0.3,0.4,0.1,76.6,70.6,1685.1,32.1,5.4,5.0,5.5
0.05,414,29.3,0.3,29.0,15.4,0.3,0.0,19.0,0.0,30.0,0.2,30.0,29.3,0.3,0.6,0.0,76.6,70.6,1689.7,32.1,4.5,4.6,5.5
0.05,415,29.8,0.2,29.6,16.0,0.2,0.0,19.0,0.0,30.0,0.2,30.0,29.8,0.2,0.0,0.0,76.6,70.6,1694.7,32.1,4.5,5.0,5.5
0.05,416,29.5,0.2,29.3,15.7,0.2,0.0,19.0,0.0,30.0,0.2,30.0,29.5,0.2,0.3,0.0,76.6,70.6,1698.5,32.2,4.1,3.8,5.5
0.05,417,29.1,0.3,28.8,15.6,0.3,0.0,19.0,0.0,30.0,0.2,30.0,29.1,0.3,0.4,0.1,76.7,70.7,1702.5,32.2,4.4,4.0,5.5
0.05,418,29.6,0.3,29.3,15.8,0.3,0.0,19.0,0.0,30.0,0.2,30.0,29.6,0.3,0.2,0.0,76.7,70.7,1705.6,32.2,2.6,3.1,5.5
0.05,419,29.6,0.3,29.3,15.8,0.3,0.0,19.0,0.0,30.0,0.2,30.0,29.6,0.3,0.2,0.0,76.7,70.7,1709.5,32.2,3.9,3.9,5.5
0.05,420,29.3,0.2,29.1,15.6,0.2,0.0,19.0,0.0,30.0,0.2,30.0,29.3,0.2,0.4,0.0,76.7,70.7,1714.3,32.2,5.1,4.8,5.5
0.05,421,29.6,0.2,29.4,15.8,0.2,0.0,19.0,0.0,30.0,0.2,30.0,29.6,0.2,0.2,0.0,76.7,70.7,1719.1,32.2,4.5,4.8,5.5
0.05,422,29.2,0.1,29.1,15.6,0.1,0.0,19.0,0.0,30.0,0.2,30.0,29.2,0.1,0.5,0.0,76.7,70.7,1723.8,32.2,5.1,4.7,5.5
0.05,423,29.7,0.1,29.6,15.9,0.1,0.0,19.0,0.0,30.0,0.2,30.0,29.7,0.1,0.2,0.0,76.7,70.7,1728.1,32.2,3.8,4.3,5.5
0.05,424,29.5,0.1,29.4,15.7,0.1,0.0,19.0,0.0,30.0,0.2,30.0,29.5,0.1,0.4,0.0,76.7,70.7,1731.9,32.2,4.0,3.8,5.5
0.05,425,29.5,0.1,29.4,15.8,0.1,0.0,19.0,0.0,30.0,0.2,30.0,29.5,0.1,0.3,0.0,76.7,70.7,1735.0,32.2,3.1,3.1,5.5
0.05,426,29.7,0.1,29.6,15.8,0.1,0.0,19.0,0.0,30.0,0.2,30.0,29.7,0.1,0.3,0.0,76.7,70.7,1739.1,32.2,3.9,4.1,5.5
0.05,427,29.3,0.1,29.2,15.6,0.1,0.0,19.0,0.0,30.0,0.2,30.0,29.3,0.1,0.5,0.0,76.7,70.7,1743.5,32.2,4.8,4.4,5.5
0.05,428,29.2,0.0,29.2,15.4,0.0,0.0,19.0,0.0,30.0,0.2,30.0,29.2,0.0,0.6,0.0,76.7,70.7,1748.3,32.2,4.9,4.8,5.5
0.05,429,29.2,0.0,29.2,15.6,0.0,0.0,19.0,0.0,30.0,0.2,30.0,29.2,0.0,0.4,0.0,76.7,70.7,1753.0,32.2,4.7,4.7,5.5
0.05,430,29.3,0.0,29.3,15.6,0.0,0.0,19.0,0.0,30.0,0.2,30.0,29.3,0.0,0.4,0.0,76.7,70.7,1757.4,32.2,4.3,4.4,5.5
0.05,431,29.2,0.0,29.2,15.7,0.0,0.0,19.0,0.0,30.0,0.2,30.0,29.2,0.0,0.3,0.0,76.7,70.7,1761.1,32.2,3.8,3.7,5.5
0.05,432,29.5,0.0,29.5,15.8,0.0,0.0,19.0,0.0,30.0,0.2,30.0,29.5,0.0,0.2,0.0,76.7,70.7,1764.5,32.2,3.1,3.4,5.5
0.05,433,29.7,0.0,29.7,15.7,0.0,0.0,19.0,0.0,30.0,0.2,30.0,29.7,0.0,0.3,0.0,76.7,70.7,1768.8,32.2,4.1,4.3,5.5
0.05,434,29.2,0.1,29.1,15.8,0.1,0.0,19.0,0.0,30.0,0.2,30.0,29.2,0.1,0.2,0.1,76.8,70.8,1772.7,32.2,4.4,3.9,5.5
0.05,435,29.4,0.1,29.3,15.5,0.1,0.0,19.0,0.0,30.0,0.2,30.0,29.4,0.1,0.5,0.0,76.8,70.8,1777.6,32.2,4.7,4.9,5.5
0.05,436,29.5,0.1,29.4,15.8,0.1,0.0,19.0,0.0,30.0,0.2,30.0,29.5,0.1,0.2,0.0,76.8,70.8,1782.4,32.2,4.7,4.8,5.5
0.05,437,29.5,0.1,29.4,15.8,0.1,0.0,19.0,0.0,30.0,0.2,30.0,29.5,0.1,0.2,0.0,76.8,70.8,1786.8,32.2,4.4,4.4,5.5
0.05,438,29.3,0.1,29.2,15.8,0.1,0.0,19.0,0.0,30.0,0.2,30.0,29.3,0.1,0.2,0.0,76.8,70.8,1790.3,32.2,3.7,3.5,5.5
0.05,439,29.7,0.1,29.6,15.8,0.1,0.0,19.0,0.0,30.0,0.2,30.0,29.7,0.1,0.2,0.0,76.8,70.8,1794.1,32.2,3.4,3.8,5.5
0.05,440,29.4,0.1,29.3,15.6,0.1,0.0,19.0,0.0,30.0,0.2,30.0,29.4,0.1,0.4,0.0,76.8,70.8,1798.1,32.2,4.3,4.0,5.5
0.05,441,29.4,0.1,29.3,15.5,0.1,0.0,19.0,0.0,30.0,0.2,30.0,29.4,0.1,0.5,0.0,76.8,70.8,1802.0,32.2,3.9,3.9,5.5
0.05,442,29.2,0.0,29.2,15.6,0.0,0.0,19.0,0.0,30.0,0.3,30.0,29.2,0.0,0.4,0.0,76.8,70.8,1806.8,32.2,5.0,4.8,5.5
0.05,443,29.4,0.0,29.4,15.7,0.0,0.0,19.0,0.0,30.0,0.3,30.0,29.4,0.0,0.3,0.0,76.8,70.8,1811.8,32.2,4.8,5.0,5.5
0.05,444,29.7,0.0,29.7,15.7,0.0,0.0,19.0,0.0,30.0,0.3,30.0,29.7,0.0,0.3,0.0,76.8,70.8,1816.5,32.2,4.4,4.7,5.5
0.05,445,29.8,0.0,29.8,15.8,0.0,0.0,19.0,0.0,30.0,0.3,30.0,29.8,0.0,0.2,0.0,76.8,70.8,1820.1,32.2,3.5,3.6,5.5
0.05,446,29.9,0.0,29.9,15.9,0.0,0.0,19.0,0.0,30.0,0.3,30.0,29.9,0.0,0.1,0.0,76.8,70.8,1824.0,32.2,3.8,3.9,5.5
0.05,447,29.2,0.0,29.2,15.7,0.0,0.0,19.0,0.0,30.0,0.3,30.0,29.2,0.0,0.3,0.0,76.8,70.8,1827.3,32.2,4.0,3.3,5.5
0.05,448,29.5,0.0,29.5,15.8,0.0,0.0,19.0,0.0,30.0,0.3,30.0,29.5,0.0,0.2,0.0,76.8,70.8,1831.5,32.2,3.9,4.2,5.5
0.05,449,29.8,0.0,29.8,16.0,0.0,0.0,19.0,0.0,30.0,0.3,30.0,29.8,0.0,0.0,0.0,76.8,70.8,1836.6,32.2,4.8,5.1,5.5
0.05,450,29.0,0.0,29.0,15.5,0.0,0.0,19.0,0.0,30.0,0.3,30.0,29.0,0.0,0.5,0.0,76.8,70.8,1840.8,32.2,5.0,4.2,5.5
0.05,451,29.5,0.0,29.5,15.7,0.0,0.0,19.0,0.0,30.0,0.3,30.0,29.5,0.0,0.3,0.0,76.8,70.8,1846.0,32.2,4.7,5.2,5.5
0.05,452,29.5,0.0,29.5,15.8,0.0,0.0,19.0,0.0,30.0,0.3,30.0,29.5,0.0,0.2,0.0,76.8,70.8,1849.6,32.2,3.6,3.6,5.5
0.05,453,29.5,0.0,29.5,15.6,0.0,0.0,19.0,0.0,30.0,0.3,30.0,29.5,0.0,0.4,0.0,76.8,70.8,1853.5,32.2,3.9,3.9,5.5
0.05,454,29.5,0.0,29.5,15.7,0.0,0.0,19.0,0.0,30.0,0.3,30.0,29.5,0.0,0.3,0.0,76.8,70.8,1856.8,32.2,3.3,3.3,5.5
0.05,455,29.6,0.0,29.6,15.7,0.0,0.0,19.0,0.0,30.0,0.3,30.0,29.6,0.0,0.3,0.0,76.8,70.8,1861.1,32.2,4.2,4.3,5.5
0.05,456,29.7,0.0,29.7,15.9,0.0,0.0,19.0,0.0,30.0,0.3,30.0,29.7,0.0,0.1,0.0,76.8,70.8,1866.3,32.2,5.1,5.2,5.5
0.05,457,29.3,0.0,29.3,15.7,0.0,0.0,19.0,0.0,30.0,0.3,30.0,29.3,0.0,0.3,0.0,76.8,70.8,1870.1,32.2,4.2,3.8,5.5
0.05,458,29.5,0.0,29.5,15.7,0.0,0.0,19.0,0.0,30.0,0.3,30.0,29.5,0.0,0.3,0.0,76.8,70.8,1875.5,32.2,5.2,5.4,5.5
0.05,459,29.7,0.0,29.7,16.0,0.0,0.0,19.0,0.0,30.0,0.3,30.0,29.7,0.0,0.0,0.0,76.8,70.8,1879.3,32.2,3.6,3.8,5.5
0.05,460,29.8,0.0,29.8,16.0,0.0,0.0,19.0,0.0,30.0,0.3,30.0,29.8,0.0,0.0,0.0,76.8,70.8,1883.3,32.2,3.9,4.0,5.5
0.05,461,29.7,0.0,29.7,15.9,0.0,0.0,19.0,0.0,30.0,0.3,30.0,29.7,0.0,0.1,0.0,76.8,70.8,1886.5,32.2,3.3,3.2,5.5
0.05,462,29.4,0.2,29.2,15.8,0.2,0.0,19.0,0.0,30.0,0.3,30.0,29.4,0.2,0.2,0.2,77.0,71.0,1890.4,32.2,4.2,3.9,5.5
0.05,463,29.4,0.3,29.1,15.7,0.3,0.0,19.0,0.0,30.0,0.3,30.0,29.4,0.3,0.3,0.1,77.1,71.1,1895.4,32.2,5.0,5.0,5.5
0.05,464,30.0,0.3,29.7,16.0,0.3,0.0,19.0,0.0,30.0,0.3,30.0,30.0,0.3,0.0,0.0,77.1,71.1,1899.8,32.3,3.8,4.4,5.5
0.05,465,29.2,0.3,28.9,15.4,0.3,0.0,19.0,0.0,30.0,0.3,30.0,29.2,0.3,0.5,0.0,77.1,71.1,1904.4,32.3,5.4,4.6,5.5
0.05,466,29.5,0.4,29.1,15.5,0.4,0.0,19.0,0.0,30.0,0.4,30.0,29.5,0.4,0.4,0.1,77.2,71.2,1908.5,32.3,3.8,4.1,5.5
0.05,467,29.4,0.4,29.0,15.6,0.4,0.0,19.0,0.0,30.0,0.4,30.0,29.4,0.4,0.3,0.0,77.2,71.2,1912.3,32.3,3.9,3.8,5.5
0.05,468,29.4,0.4,29.0,15.6,0.4,0.0,19.0,0.0,30.0,0.4,30.0,29.4,0.4,0.3,0.0,77.2,71.2,1915.5,32.4,3.2,3.2,5.5
0.05,469,29.8,0.3,29.5,15.8,0.3,0.0,19.0,0.0,30.0,0.4,30.0,29.8,0.3,0.2,0.0,77.2,71.2,1919.9,32.5,4.0,4.4,5.5
0.05,470,29.3,0.1,29.2,15.7,0.1,0.0,19.0,0.0,30.0,0.4,30.0,29.3,0.1,0.3,0.0,77.2,71.2,1924.6,32.5,5.2,4.7,5.5
0.05,471,29.9,0.1,29.8,16.0,0.1,0.0,19.0,0.0,30.0,0.4,30.0,29.9,0.1,0.0,0.0,77.2,71.2,1929.6,32.5,4.4,5.0,5.5
0.05,472,29.2,0.1,29.1,15.5,0.1,0.0,19.0,0.0,30.0,0.4,30.0,29.2,0.1,0.5,0.0,77.2,71.2,1933.5,32.5,4.6,3.9,5.5
0.05,473,29.4,0.1,29.3,15.7,0.1,0.0,19.0,0.0,30.0,0.4,30.0,29.4,0.1,0.3,0.0,77.2,71.2,1937.8,32.5,4.1,4.3,5.5
0.05,474,29.4,0.1,29.3,15.8,0.1,0.0,19.0,0.0,30.0,0.4,30.0,29.4,0.1,0.3,0.1,77.3,71.3,1941.7,32.5,3.9,3.9,5.5
0.05,475,29.5,0.1,29.4,15.8,0.1,0.0,19.0,0.0,30.0,0.4,30.0,29.5,0.1,0.3,0.0,77.3,71.3,1945.0,32.5,3.2,3.3,5.5
0.05,476,29.5,0.1,29.4,15.8,0.1,0.0,19.0,0.0,30.0,0.4,30.0,29.5,0.1,0.2,0.0,77.3,71.3,1949.4,32.5,4.4,4.4,5.5
0.05,477,29.0,0.1,28.9,15.2,0.1,0.0,19.0,0.0,30.0,0.4,30.0,29.0,0.1,0.8,0.0,77.3,71.3,1953.6,32.5,4.7,4.2,5.5
0.05,478,29.2,0.1,29.1,15.4,0.1,0.0,19.0,0.0,30.0,0.4,30.0,29.2,0.1,0.6,0.0,77.3,71.3,1958.7,32.6,4.9,5.1,5.5
0.05,479,29.7,0.2,29.5,15.9,0.2,0.0,19.0,0.0,30.0,0.4,30.0,29.7,0.2,0.1,0.1,77.4,71.4,1963.1,32.6,3.9,4.4,5.5
0.05,480,29.5,0.4,29.1,15.8,0.4,0.0,19.0,0.0,30.0,0.4,30.0,29.5,0.4,0.2,0.2,77.6,71.6,1967.2,32.6,4.3,4.1,5.5
0.05,481,29.1,1.4,27.7,15.4,1.4,1.0,19.0,0.0,30.0,0.4,30.0,29.1,1.4,0.6,0.0,78.6,71.6,1970.7,32.6,3.9,3.5,5.5
0.05,482,29.7,1.4,28.3,15.9,1.4,1.0,19.0,0.0,30.0,0.4,30.0,29.7,1.4,0.2,0.0,78.6,71.6,1974.6,32.6,3.3,3.9,5.5
0.05,483,29.1,1.4,27.7,15.5,1.4,1.0,19.0,0.0,30.0,0.4,30.0,29.1,1.4,0.4,0.0,78.6,71.6,1978.3,32.6,4.3,3.7,5.5
0.05,484,29.5,1.4,28.1,15.8,1.4,1.0,19.0,0.0,30.0,0.4,30.0,29.5,1.4,0.0,0.0,78.6,71.6,1982.8,32.7,4.1,4.5,5.5
0.05,485,29.2,1.3,27.9,15.2,1.3,1.0,19.0,0.0,30.0,0.4,30.0,29.2,1.3,0.7,0.0,78.6,71.6,1987.6,32.7,5.1,4.8,5.5
0.05,486,28.9,1.3,27.6,15.3,1.3,1.0,19.0,0.0,30.0,0.4,30.0,28.9,1.3,0.6,0.0,78.6,71.6,1991.7,32.7,4.4,4.1,5.5
0.05,487,29.8,1.3,28.5,15.9,1.3,1.0,19.0,0.0,30.0,0.4,30.0,29.8,1.3,0.0,0.0,78.6,71.6,1996.7,32.7,4.1,5.0,5.5
0.05,488,29.4,0.3,29.1,15.7,0.3,0.0,19.0,0.0,30.0,0.4,30.0,29.4,0.3,0.2,0.0,78.6,71.6,1999.8,32.8,3.5,3.1,5.5
0.05,489,29.4,0.3,29.1,15.4,0.3,0.0,19.0,0.0,30.0,0.4,30.0,29.4,0.3,0.5,0.0,78.6,71.6,2003.6,32.8,3.8,3.8,5.5
0.05,490,29.7,0.2,29.5,15.7,0.2,0.0,19.0,0.0,30.0,0.4,30.0,29.7,0.2,0.3,0.0,78.6,71.6,2007.8,32.8,3.9,4.2,5.5
0.05,491,29.4,0.2,29.2,15.8,0.2,0.0,19.0,0.0,30.0,0.4,30.0,29.4,0.2,0.2,0.1,78.7,71.7,2012.0,32.8,4.5,4.2,5.5
0.05,492,29.4,0.1,29.3,15.7,0.1,0.0,19.0,0.0,30.0,0.4,30.0,29.4,0.1,0.3,0.0,78.7,71.7,2016.9,32.8,4.9,4.9,5.5
0.05,493,29.5,0.1,29.4,15.8,0.1,0.0,19.0,0.0,30.0,0.4,30.0,29.5,0.1,0.2,0.0,78.7,71.7,2021.1,32.8,4.1,4.2,5.5
0.05,494,29.4,0.1,29.3,15.5,0.1,0.0,19.0,0.0,30.0,0.4,30.0,29.4,0.1,0.5,0.0,78.7,71.7,2026.0,32.8,5.0,4.9,5.5
0.05,495,29.7,0.2,29.5,15.9,0.2,0.0,19.0,0.0,30.0,0.4,30.0,29.7,0.2,0.1,0.1,78.8,71.8,2029.4,32.8,3.1,3.4,5.5
0.05,496,29.4,0.2,29.2,15.6,0.2,0.0,19.0,0.0,30.0,0.4,30.0,29.4,0.2,0.4,0.0,78.8,71.8,2032.9,32.8,3.8,3.5,5.5
0.05,497,29.4,0.2,29.2,15.5,0.2,0.0,19.0,0.0,30.0,0.4,30.0,29.4,0.2,0.4,0.0,78.8,71.8,2037.1,32.9,4.2,4.2,5.5
0.05,498,29.6,0.1,29.5,16.0,0.1,0.0,19.0,0.0,30.0,0.5,30.0,29.6,0.1,0.0,0.0,78.8,71.8,2041.6,32.9,4.3,4.5,5.5
0.05,499,29.5,0.2,29.3,15.7,0.2,0.0,19.0,0.0,30.0,0.5,30.0,29.5,0.2,0.3,0.1,78.9,71.9,2046.3,32.9,4.8,4.7,5.5
0.05,500,29.6,0.2,29.4,15.8,0.2,0.0,19.0,0.0,30.0,0.5,30.0,29.6,0.2,0.2,0.0,78.9,71.9,2050.6,32.9,4.2,4.3,5.5
0.05,501,29.4,0.2,29.2,15.5,0.2,0.0,19.0,0.0,30.0,0.5,30.0,29.4,0.2,0.5,0.0,78.9,71.9,2055.3,33.0,4.9,4.7,5.5
0.05,502,29.8,0.2,29.6,16.0,0.2,0.0,19.0,0.0,30.0,0.5,30.0,29.8,0.2,0.0,0.0,78.9,71.9,2059.1,33.0,3.4,3.8,5.5
0.05,503,29.9,0.2,29.7,16.0,0.2,0.0,19.0,0.0,30.0,0.5,30.0,29.9,0.2,0.0,0.0,78.9,71.9,2062.7,33.0,3.5,3.6,5.5
0.05,504,29.6,0.3,29.3,15.9,0.3,0.0,19.0,0.0,30.0,0.5,30.0,29.6,0.3,0.1,0.1,79.0,72.0,2066.5,33.0,4.1,3.8,5.5
0.05,505,29.2,0.3,28.9,15.6,0.3,0.0,19.0,0.0,30.0,0.5,30.0,29.2,0.3,0.4,0.0,79.0,72.0,2070.6,33.0,4.5,4.1,5.5
0.05,506,29.1,0.2,28.9,15.5,0.2,0.0,19.0,0.0,30.0,0.5,30.0,29.1,0.2,0.5,0.0,79.0,72.0,2075.3,33.0,4.8,4.7,5.5
0.05,507,29.5,0.5,29.0,15.9,0.5,0.0,19.0,0.0,30.0,0.5,30.0,29.5,0.5,0.1,0.3,79.3,72.3,2080.0,33.1,4.3,4.7,5.5
0.05,508,29.7,0.5,29.2,15.9,0.5,0.0,19.0,0.0,30.0,0.5,30.0,29.7,0.5,0.1,0.0,79.3,72.3,2084.8,33.1,4.6,4.8,5.5
0.05,509,29.6,0.5,29.1,15.8,0.5,0.0,19.0,0.0,30.0,0.5,30.0,29.6,0.5,0.2,0.0,79.3,72.3,2088.5,33.2,3.8,3.7,5.5
0.05,510,29.7,0.5,29.2,15.8,0.5,0.0,19.0,0.0,30.0,0.6,30.0,29.7,0.5,0.2,0.0,79.3,72.3,2092.2,33.2,3.6,3.7,5.5
0.05,511,29.0,0.4,28.6,15.5,0.4,0.0,19.0,0.0,30.0,0.6,30.0,29.0,0.4,0.5,0.0,79.3,72.3,2095.3,33.2,3.8,3.1,5.5
0.05,512,29.8,0.4,29.4,15.9,0.4,0.0,19.0,0.0,30.0,0.6,30.0,29.8,0.4,0.1,0.0,79.3,72.3,2100.2,33.2,4.1,4.9,5.5
0.05,513,29.5,0.5,29.0,15.8,0.5,0.0,19.0,0.0,30.0,0.6,30.0,29.5,0.5,0.2,0.1,79.4,72.4,2104.5,33.4,4.6,4.3,5.5
0.05,514,29.6,0.5,29.1,15.7,0.5,0.0,19.0,0.0,30.0,0.6,30.0,29.6,0.5,0.3,0.0,79.4,72.4,2109.2,33.4,4.6,4.7,5.5
0.05,515,29.1,0.4,28.7,15.6,0.4,0.0,19.0,0.0,30.0,0.6,30.0,29.1,0.4,0.5,0.0,79.4,72.4,2113.6,33.4,4.9,4.4,5.5
0.05,516,29.7,0.4,29.3,15.9,0.4,0.0,19.0,0.0,30.0,0.6,30.0,29.7,0.4,0.2,0.0,79.4,72.4,2117.9,33.4,3.7,4.3,5.5
0.05,517,29.8,0.4,29.4,16.1,0.4,0.0,19.0,0.0,30.0,0.6,30.0,29.8,0.4,0.0,0.0,79.4,72.4,2121.7,33.4,3.7,3.8,5.5
0.05,518,29.6,0.3,29.3,16.0,0.3,0.0,19.0,0.0,30.0,0.6,30.0,29.6,0.3,0.2,0.0,79.4,72.4,2124.7,33.4,3.2,3.0,5.5
0.05,519,29.6,0.5,29.1,15.8,0.5,0.0,19.0,0.0,30.0,0.6,30.0,29.6,0.5,0.3,0.2,79.6,72.6,2129.6,33.4,4.9,4.9,5.5
0.05,520,29.1,0.4,28.7,15.8,0.4,0.0,19.0,0.0,30.0,0.6,30.0,29.1,0.4,0.4,0.0,79.6,72.6,2133.4,33.4,4.3,3.8,5.5
0.05,521,29.6,0.3,29.3,15.9,0.3,0.0,19.0,0.0,30.0,0.6,30.0,29.6,0.3,0.2,0.0,79.6,72.6,2138.7,33.4,4.8,5.3,5.5
0.05,522,29.3,0.3,29.0,15.6,0.3,0.0,19.0,0.0,30.0,0.6,30.0,29.3,0.3,0.5,0.0,79.6,72.6,2142.7,33.4,4.3,4.0,5.5
0.05,523,29.5,0.3,29.2,15.8,0.3,0.0,19.0,0.0,30.0,0.6,30.0,29.5,0.3,0.3,0.0,79.6,72.6,2147.2,33.4,4.3,4.5,5.5
0.05,524,29.5,0.5,29.0,15.8,0.5,0.0,19.0,0.0,30.0,0.6,30.0,29.5,0.5,0.3,0.2,79.8,72.8,2151.0,33.4,3.8,3.8,5.5
0.05,525,29.7,0.5,29.2,15.9,0.5,0.0,19.0,0.0,30.0,0.6,30.0,29.7,0.5,0.2,0.0,79.8,72.8,2154.0,33.4,2.8,3.0,5.5
0.05,526,29.1,0.5,28.6,15.5,0.5,0.0,19.0,0.0,30.0,0.6,30.0,29.1,0.5,0.6,0.0,79.8,72.8,2158.3,33.4,4.9,4.3,5.5
0.05,527,29.7,0.4,29.3,15.7,0.4,0.0,19.0,0.0,30.0,0.6,30.0,29.7,0.4,0.2,0.0,79.8,72.8,2162.7,33.5,3.8,4.4,5.5
0.05,528,29.6,0.4,29.2,15.8,0.4,0.0,19.0,0.1,30.0,0.6,30.0,29.6,0.4,0.1,0.0,79.8,72.8,2167.9,33.5,5.3,5.2,5.5
0.05,529,29.1,0.3,28.8,15.2,0.3,0.0,19.0,0.0,30.0,0.6,30.0,29.1,0.3,0.7,0.0,79.8,72.8,2171.5,33.5,4.1,3.6,5.5
0.05,530,29.4,0.3,29.1,15.5,0.3,0.0,19.0,0.0,30.0,0.6,30.0,29.4,0.3,0.4,0.0,79.8,72.8,2176.3,33.5,4.5,4.8,5.5
0.05,531,29.5,0.4,29.1,15.5,0.4,0.0,19.0,0.0,30.0,0.6,30.0,29.5,0.4,0.4,0.1,79.9,72.9,2180.2,33.5,3.8,3.9,5.5
0.05,532,29.6,0.2,29.4,15.9,0.2,0.0,19.0,0.0,30.0,0.6,30.0,29.6,0.2,0.1,0.0,79.9,72.9,2183.5,33.5,3.2,3.3,5.5
0.05,533,29.3,0.2,29.1,15.6,0.2,0.0,19.0,0.0,30.0,0.6,30.0,29.3,0.2,0.4,0.0,79.9,72.9,2187.5,33.6,4.3,4.0,5.5
0.05,534,29.7,0.1,29.6,16.0,0.1,0.0,19.0,0.0,30.0,0.6,30.0,29.7,0.1,0.1,0.0,79.9,72.9,2192.3,33.6,4.4,4.8,5.5
0.05,535,29.4,0.2,29.2,15.6,0.2,0.0,19.0,0.0,30.0,0.7,30.0,29.4,0.2,0.5,0.1,80.0,73.0,2197.1,33.7,5.1,4.8,5.5
0.05,536,29.4,0.2,29.2,15.8,0.2,0.0,19.0,0.0,30.0,0.7,30.0,29.4,0.2,0.3,0.0,80.0,73.0,2200.7,33.7,3.6,3.6,5.5
0.05,537,29.6,0.2,29.4,16.0,0.2,0.0,19.0,0.0,30.0,0.7,30.0,29.6,0.2,0.1,0.0,80.0,73.0,2205.7,33.7,4.8,5.0,5.5
0.05,538,29.5,0.2,29.3,16.0,0.2,0.0,19.0,0.0,30.0,0.7,30.0,29.5,0.2,0.1,0.0,80.0,73.0,2209.5,33.7,3.9,3.8,5.5
0.05,539,29.2,0.2,29.0,15.4,0.2,0.0,19.0,0.0,30.0,0.7,30.0,29.2,0.2,0.6,0.0,80.0,73.0,2212.5,33.7,3.3,3.0,5.5
0.05,540,29.6,0.2,29.4,15.6,0.2,0.0,19.0,0.0,30.0,0.7,30.0,29.6,0.2,0.4,0.0,80.0,73.0,2216.9,33.7,4.0,4.4,5.5
0.05,541,29.5,0.2,29.3,15.6,0.2,0.0,19.0,0.0,30.0,0.7,30.0,29.5,0.2,0.4,0.1,80.1,73.1,2221.6,33.7,4.8,4.7,5.5
0.05,542,29.5,0.1,29.4,15.7,0.1,0.0,19.0,0.0,30.0,0.7,30.0,29.5,0.1,0.3,0.0,80.1,73.1,2226.5,33.7,4.9,4.9,5.5
0.05,543,29.7,0.1,29.6,15.9,0.1,0.0,19.0,0.0,30.0,0.7,30.0,29.7,0.1,0.1,0.0,80.1,73.1,2230.3,33.7,3.6,3.8,5.5
0.05,544,29.4,0.1,29.3,15.6,0.1,0.0,19.0,0.0,30.0,0.7,30.0,29.4,0.1,0.4,0.0,80.1,73.1,2235.0,33.7,5.0,4.7,5.5
0.05,545,29.4,0.1,29.3,15.7,0.1,0.0,19.0,0.0,30.0,0.7,30.0,29.4,0.1,0.3,0.0,80.1,73.1,2238.8,33.7,3.8,3.8,5.5
0.05,546,29.7,0.1,29.6,15.8,0.1,0.0,19.0,0.0,30.0,0.7,30.0,29.7,0.1,0.2,0.0,80.1,73.1,2242.1,33.7,3.0,3.3,5.5
0.05,547,29.7,0.1,29.6,15.8,0.1,0.0,19.0,0.0,30.0,0.7,30.0,29.7,0.1,0.2,0.0,80.1,73.1,2246.5,33.7,4.4,4.4,5.5
0.05,548,29.2,0.2,29.0,15.7,0.2,0.0,19.0,0.0,30.0,0.8,30.0,29.2,0.2,0.3,0.2,80.3,73.3,2250.8,33.7,4.8,4.3,5.5
0.05,549,28.9,0.3,28.6,15.3,0.3,0.0,19.0,0.0,30.0,0.8,30.0,28.9,0.3,0.7,0.1,80.4,73.4,2255.4,33.7,4.9,4.6,5.5
0.05,550,29.6,0.3,29.3,16.0,0.3,0.0,19.0,0.0,30.0,0.8,30.0,29.6,0.3,0.0,0.0,80.4,73.4,2259.8,33.7,3.7,4.4,5.5
0.05,551,29.1,0.3,28.8,15.5,0.3,0.0,19.0,0.0,30.0,0.8,30.0,29.1,0.3,0.5,0.0,80.4,73.4,2263.9,33.7,4.6,4.1,5.5
0.05,552,29.3,0.4,28.9,15.7,0.4,0.0,19.0,0.0,30.0,0.8,30.0,29.3,0.4,0.3,0.1,80.5,73.5,2267.9,33.8,3.8,4.0,5.5
0.05,553,29.8,0.5,29.3,15.8,0.5,0.0,19.0,0.0,30.0,0.8,30.0,29.8,0.5,0.1,0.1,80.6,73.6,2271.7,33.8,3.3,3.8,5.5
0.05,554,29.6,0.5,29.1,15.8,0.5,0.0,19.0,0.0,30.0,0.8,30.0,29.6,0.5,0.1,0.0,80.6,73.6,2275.7,33.8,4.2,4.0,5.5
0.05,555,29.7,0.6,29.1,15.8,0.6,0.0,19.0,0.0,30.0,0.8,30.0,29.7,0.6,0.1,0.1,80.7,73.7,2280.1,33.8,4.3,4.4,5.5
0.05,556,29.2,0.6,28.6,15.4,0.6,0.0,19.0,0.0,30.0,0.8,30.0,29.2,0.6,0.5,0.0,80.7,73.7,2284.0,33.8,4.4,3.9,5.5
0.05,557,29.7,0.6,29.1,15.7,0.6,0.0,19.0,0.0,30.0,0.8,30.0,29.7,0.6,0.2,0.1,80.8,73.8,2289.0,33.8,4.5,5.0,5.5
0.05,558,29.5,0.5,29.0,15.5,0.5,0.0,19.0,0.0,30.0,0.8,30.0,29.5,0.5,0.4,0.0,80.8,73.8,2293.0,33.8,4.2,4.0,5.5
0.05,559,29.6,0.5,29.1,15.8,0.5,0.0,19.0,0.0,30.0,0.8,30.0,29.6,0.5,0.1,0.0,80.8,73.8,2297.1,33.8,4.0,4.1,5.5
0.05,560,29.7,0.5,29.2,15.8,0.5,0.0,19.0,0.0,30.0,0.8,30.0,29.7,0.5,0.1,0.0,80.8,73.8,2300.9,33.8,3.7,3.8,5.5
0.05,561,29.1,0.3,28.8,15.3,0.3,0.0,19.0,0.0,30.0,0.8,30.0,29.1,0.3,0.7,0.0,80.8,73.8,2304.5,33.8,4.2,3.6,5.5
0.05,562,28.9,0.3,28.6,15.5,0.3,0.0,19.0,0.0,30.0,0.8,30.0,28.9,0.3,0.6,0.0,80.8,73.8,2308.7,33.8,4.4,4.2,5.5
0.05,563,29.5,0.1,29.4,15.5,0.1,0.0,19.0,0.0,30.0,0.8,30.0,29.5,0.1,0.5,0.0,80.8,73.8,2313.4,33.8,4.1,4.7,5.5
0.05,564,29.5,0.2,29.3,15.7,0.2,0.0,19.0,0.0,30.0,0.8,30.0,29.5,0.2,0.3,0.1,80.9,73.9,2318.4,33.9,5.0,5.0,5.5
0.05,565,29.5,0.2,29.3,15.6,0.2,0.0,19.0,0.0,30.0,0.8,30.0,29.5,0.2,0.3,0.0,80.9,73.9,2322.4,33.9,4.0,4.0,5.5
0.05,566,29.9,0.2,29.7,15.9,0.2,0.0,19.0,0.0,30.0,0.8,30.0,29.9,0.2,0.0,0.0,80.9,73.9,2326.9,33.9,4.1,4.5,5.5
0.05,567,29.5,0.2,29.3,15.8,0.2,0.0,19.0,0.0,30.0,0.8,30.0,29.5,0.2,0.2,0.1,81.0,74.0,2330.4,33.9,3.9,3.5,5.5
0.05,568,29.6,0.2,29.4,15.9,0.2,0.0,19.0,0.0,30.0,0.8,30.0,29.6,0.2,0.1,0.0,81.0,74.0,2334.0,33.9,3.5,3.6,5.5
0.05,569,29.4,0.2,29.2,15.6,0.2,0.0,19.0,0.0,30.0,0.9,30.0,29.4,0.2,0.3,0.0,81.0,74.0,2337.9,34.0,4.1,3.9,5.5
0.05,570,29.5,0.4,29.1,15.9,0.4,0.0,19.0,0.0,30.0,0.9,30.0,29.5,0.4,0.0,0.2,81.2,74.2,2342.7,34.0,4.7,4.8,5.5
0.06,0,30.0,0.0,30.0,16.0,0.0,0.0,19.0,0.0,30.0,10.0,30.0,0.0,0.0,0.0,0.0,0.0,0.0,30.0,0.0,0.0,0.0,5.5
0.06,1,30.0,0.7,29.3,16.0,0.7,0.0,19.0,0.0,30.0,10.2,30.0,30.0,0.7,0.0,0.7,0.7,0.7,32.0,0.0,2.0,2.0,5.5
0.06,2,30.0,1.8,28.2,16.0,1.8,0.0,19.0,0.0,30.0,10.2,30.0,30.0,1.8,0.0,1.1,1.8,1.8,35.7,0.1,3.7,3.7,5.5
0.06,3,30.0,2.2,27.8,16.0,2.2,0.0,19.0,0.0,30.0,10.2,30.0,30.0,2.2,0.0,0.4,2.2,2.2,38.8,0.2,3.1,3.1,5.5
0.06,4,30.0,2.5,27.5,16.0,2.5,0.0,19.0,0.1,30.0,10.2,30.0,30.0,2.5,0.0,0.3,2.5,2.5,42.3,0.3,3.5,3.5,5.5
0.06,5,30.0,3.2,26.8,16.0,3.2,0.0,19.0,0.0,30.0,10.3,30.0,30.0,3.2,0.0,0.7,3.2,3.2,44.6,0.5,2.3,2.3,5.5
0.06,6,30.0,3.3,26.7,16.0,3.3,0.0,19.0,0.0,30.0,10.3,30.0,30.0,3.3,0.0,0.1,3.3,3.3,46.7,0.5,2.1,2.1,5.5
0.06,7,30.0,3.5,26.5,16.0,3.5,0.0,19.0,0.0,30.0,10.3,30.0,30.0,3.5,0.0,0.2,3.5,3.5,47.8,0.7,1.1,1.1,5.5
0.06,8,30.0,3.8,26.2,15.9,3.8,0.0,19.0,0.0,30.0,10.4,30.0,30.0,3.8,0.0,0.3,3.8,3.8,50.8,1.1,3.0,3.0,5.5
0.06,9,30.0,4.1,25.9,15.8,4.1,0.0,19.0,0.0,30.0,10.5,30.0,30.0,4.1,0.0,0.3,4.1,4.1,55.2,1.4,4.4,4.4,5.5
0.06,10,30.0,4.4,25.6,16.1,4.4,0.0,19.0,0.0,30.0,10.5,30.0,30.0,4.4,0.0,0.8,4.9,4.9,59.6,1.4,4.4,4.4,5.5
0.06,11,30.0,4.5,25.5,15.8,4.5,0.0,19.0,0.0,30.0,10.6,30.0,30.0,4.5,0.0,0.2,5.1,5.1,63.7,1.4,4.1,4.1,5.5
0.06,12,30.0,5.0,25.0,15.8,5.0,0.0,19.0,0.1,30.0,10.7,30.0,30.0,5.0,0.0,0.5,5.6,5.6,66.5,1.7,2.8,2.8,5.5
0.06,13,30.0,5.3,24.7,15.8,5.3,0.0,19.0,0.0,30.0,10.9,30.0,30.0,5.3,0.0,0.4,6.0,6.0,68.9,2.0,2.4,2.4,5.5
0.06,14,30.0,5.4,24.6,15.9,5.4,0.0,19.0,0.0,30.0,11.0,30.0,30.0,5.4,0.0,0.2,6.2,6.2,70.3,2.4,1.4,1.4,5.5
0.06,15,29.9,5.5,24.4,15.8,5.5,0.0,19.0,0.1,30.0,11.1,30.0,29.9,5.5,0.1,0.8,7.0,7.0,74.2,2.5,4.0,3.9,5.5
0.06,16,30.0,5.7,24.3,15.7,5.7,0.0,19.0,0.0,30.0,11.3,30.0,30.0,5.7,0.0,0.5,7.5,7.5,79.0,2.7,4.7,4.8,5.5
0.06,17,29.9,5.6,24.3,15.5,5.6,0.0,19.0,0.1,30.0,11.3,30.0,29.9,5.6,0.1,0.6,8.1,8.1,83.2,2.8,4.3,4.2,5.5
0.06,18,30.0,5.6,24.4,15.8,5.6,0.0,19.0,0.0,30.0,11.3,30.0,30.0,5.6,0.0,0.6,8.7,8.7,87.6,2.9,4.3,4.4,5.5
0.06,19,30.0,5.7,24.3,15.9,5.7,0.0,19.0,0.0,30.0,11.5,30.0,30.0,5.7,0.0,0.5,9.2,9.2,91.2,3.5,3.6,3.6,5.5
0.06,20,30.0,6.0,24.0,16.0,6.0,0.0,19.0,0.0,30.0,11.5,30.0,30.0,6.0,0.0,0.4,9.6,9.6,93.5,3.5,2.3,2.3,5.5
0.06,21,30.0,6.1,23.9,16.1,6.1,0.0,19.0,0.1,30.0,11.7,30.0,30.0,6.1,0.0,0.4,10.0,10.0,95.0,3.6,1.5,1.5,5.5
0.06,22,29.9,6.2,23.7,16.0,6.2,0.0,19.0,0.0,30.0,11.8,30.0,29.9,6.2,0.0,0.5,10.5,10.5,98.8,3.9,3.9,3.8,5.5
0.06,23,30.0,6.2,23.8,16.2,6.2,0.0,19.0,0.0,30.0,11.8,30.0,30.0,6.2,0.0,0.6,11.1,11.1,104.1,4.3,5.2,5.3,5.5
0.06,24,30.0,5.4,24.6,16.1,5.4,0.0,19.0,0.0,30.0,11.8,30.0,30.0,5.4,0.0,0.2,11.3,11.3,108.5,4.9,4.4,4.4,5.5
0.06,25,29.8,5.7,24.1,15.9,5.7,0.0,19.0,0.0,30.0,11.8,30.0,29.8,5.7,0.2,0.7,12.0,12.0,112.7,5.0,4.4,4.2,5.5
0.06,26,29.9,5.9,24.0,15.6,5.9,0.0,19.0,0.0,30.0,11.9,30.0,29.9,5.9,0.0,0.4,12.4,12.4,116.4,5.2,3.6,3.7,5.5
0.06,27,29.9,5.8,24.1,15.6,5.8,0.0,19.0,0.0,30.0,11.9,30.0,29.9,5.8,0.1,0.4,12.8,12.8,119.2,5.4,2.8,2.8,5.5
0.06,28,29.9,6.0,23.9,15.7,6.0,0.0,19.0,0.0,30.0,11.9,30.0,29.9,6.0,0.1,0.4,13.2,13.2,120.9,5.7,1.7,1.7,5.5
0.06,29,29.8,6.0,23.8,15.5,6.0,0.0,19.0,0.0,30.0,12.0,30.0,29.8,6.0,0.1,0.6,13.8,13.8,124.5,5.9,3.7,3.6,5.5
0.06,30,29.7,5.9,23.8,15.9,5.9,0.0,19.0,0.0,30.0,12.0,30.0,29.7,5.9,0.2,0.7,14.5,14.5,129.8,6.1,5.4,5.3,5.5
0.06,31,29.9,5.9,24.0,16.0,5.9,0.0,19.0,0.0,30.0,12.2,30.0,29.9,5.9,0.1,1.1,15.6,15.6,134.7,6.5,4.7,4.9,5.5
0.06,32,29.5,5.9,23.6,15.8,5.9,0.0,19.0,0.1,30.0,12.2,30.0,29.5,5.9,0.3,0.4,16.0,16.0,138.4,6.9,4.1,3.7,5.5
0.06,33,29.8,5.9,23.9,16.2,5.9,0.0,19.0,0.2,30.0,12.3,30.0,29.8,5.9,0.1,0.4,16.4,16.4,142.2,7.5,3.5,3.8,5.5
0.06,34,29.8,6.1,23.7,16.0,6.1,0.0,19.0,0.1,30.0,12.3,30.0,29.8,6.1,0.2,0.4,16.8,16.8,144.6,7.6,2.4,2.4,5.5
0.06,35,30.0,6.3,23.7,16.1,6.3,0.0,19.0,0.0,30.0,12.4,30.0,30.0,6.3,0.0,0.5,17.3,17.3,146.6,7.9,1.8,2.0,5.5
0.06,36,29.7,6.3,23.4,16.0,6.3,0.0,19.0,0.0,30.0,12.6,30.0,29.7,6.3,0.2,0.7,18.0,18.0,150.2,7.9,3.9,3.6,5.5
0.06,37,29.4,6.2,23.2,15.5,6.2,0.0,19.0,0.0,30.0,12.6,30.0,29.4,6.2,0.3,0.6,18.6,18.6,155.4,8.2,5.5,5.2,5.5
0.06,38,29.7,5.9,23.8,15.9,5.9,0.0,19.0,0.0,30.0,12.6,30.0,29.7,5.9,0.1,0.5,19.1,19.1,160.0,8.4,4.3,4.6,5.5
0.06,39,29.8,5.8,24.0,15.9,5.8,0.0,19.0,0.0,30.0,12.8,30.0,29.8,5.8,0.1,0.4,19.5,19.5,163.7,8.4,3.6,3.7,5.5
0.06,40,29.9,5.6,24.3,15.9,5.6,0.0,19.0,0.0,30.0,1.2,30.0,29.9,5.6,0.1,0.4,19.9,19.9,168.0,8.9,4.2,4.3,5.5
0.06,41,29.9,5.2,24.7,15.8,5.2,0.0,19.0,0.0,30.0,1.2,30.0,29.9,5.2,0.0,0.2,20.1,20.1,170.7,8.9,2.7,2.7,5.5
0.06,42,29.8,5.0,24.8,15.9,5.0,0.0,19.0,0.0,30.0,1.3,30.0,29.8,5.0,0.0,0.0,20.1,20.1,172.6,9.6,2.0,1.9,5.5
0.06,43,29.7,4.7,25.0,15.7,4.7,0.0,19.0,0.0,30.0,1.3,30.0,29.7,4.7,0.0,0.1,20.2,20.2,176.1,9.7,3.6,3.5,5.5
0.06,44,29.7,4.1,25.6,15.3,4.1,0.0,19.0,0.0,30.0,1.6,30.0,29.7,4.1,0.2,0.1,20.3,20.3,181.7,9.9,5.6,5.6,5.5
0.06,45,29.7,2.9,26.8,15.5,2.9,0.0,19.0,0.0,30.0,1.7,30.0,29.7,2.9,0.0,0.2,20.5,20.5,187.2,10.2,5.5,5.5,5.5
0.06,46,29.9,2.4,27.5,15.8,2.4,0.0,19.0,0.0,30.0,1.7,30.0,29.9,2.4,0.0,0.1,20.6,20.6,191.5,10.3,4.1,4.3,5.5
0.06,47,29.5,2.3,27.2,15.6,2.3,0.0,19.0,0.0,30.0,1.9,30.0,29.5,2.3,0.1,0.1,20.7,20.7,195.4,10.5,4.3,3.9,5.5
0.06,48,29.6,2.1,27.5,15.6,2.1,0.0,19.0,0.0,30.0,1.9,30.0,29.6,2.1,0.2,0.1,20.8,20.8,198.5,10.5,3.0,3.1,5.5
0.06,49,29.7,1.9,27.8,15.8,1.9,0.0,19.0,0.0,30.0,1.9,30.0,29.7,1.9,0.2,0.0,20.8,20.8,200.7,10.5,2.1,2.2,5.5
0.06,50,29.3,1.8,27.5,15.9,1.8,0.0,19.0,0.0,30.0,1.9,30.0,29.3,1.8,0.3,0.3,21.1,21.1,204.0,10.6,3.7,3.3,5.5
0.06,51,29.5,1.6,27.9,15.7,1.6,0.0,19.0,0.0,30.0,1.9,30.0,29.5,1.6,0.4,0.1,21.2,21.2,210.0,10.7,5.8,6.0,5.5
0.06,52,29.6,1.1,28.5,16.0,1.1,0.0,19.0,0.0,30.0,1.9,30.0,29.6,1.1,0.2,0.0,21.2,21.2,216.0,10.8,5.9,6.0,5.5
0.06,53,29.4,0.9,28.5,15.8,0.9,0.0,19.0,0.0,30.0,1.9,30.0,29.4,0.9,0.3,0.0,21.2,21.2,220.2,10.8,4.4,4.2,5.5
0.06,54,29.1,0.8,28.3,15.4,0.8,0.0,19.0,0.0,30.0,1.9,30.0,29.1,0.8,0.7,0.1,21.3,21.3,224.0,10.8,4.1,3.8,5.5
0.06,55,29.5,1.0,28.5,15.7,1.0,0.0,19.0,0.0,30.0,2.0,30.0,29.5,1.0,0.3,0.2,21.5,21.5,227.4,10.8,3.0,3.4,5.5
0.06,56,29.5,1.0,28.5,15.7,1.0,0.0,19.0,0.0,30.0,2.0,30.0,29.5,1.0,0.3,0.0,21.5,21.5,229.5,10.8,2.1,2.1,5.5
0.06,57,29.8,0.9,28.9,15.9,0.9,0.0,19.0,0.0,30.0,2.0,30.0,29.8,0.9,0.2,0.1,21.6,21.6,233.2,10.8,3.4,3.7,5.5
0.06,58,29.0,1.0,28.0,15.7,1.0,0.0,19.0,0.0,30.0,2.0,30.0,29.0,1.0,0.4,0.2,21.8,21.8,238.4,11.0,6.0,5.2,5.5
0.06,59,29.2,1.0,28.2,15.6,1.0,0.0,19.0,0.0,30.0,2.0,30.0,29.2,1.0,0.5,0.1,21.9,21.9,244.7,11.0,6.1,6.3,5.5
0.06,60,29.1,0.9,28.2,15.5,0.9,0.0,19.0,0.0,30.0,2.0,30.0,29.1,0.9,0.5,0.0,21.9,21.9,248.8,11.1,4.2,4.1,5.5
0.06,61,29.3,2.0,27.3,15.7,2.0,1.0,19.0,0.0,30.0,2.1,30.0,29.3,2.0,0.2,0.1,23.0,22.0,252.7,11.2,3.7,3.9,5.5
0.06,62,29.5,1.9,27.6,15.8,1.9,1.0,19.0,0.0,30.0,2.3,30.0,29.5,1.9,0.2,0.0,23.0,22.0,256.3,11.3,3.4,3.6,5.5
0.06,63,29.8,1.9,27.9,15.9,1.9,1.0,19.0,0.0,30.0,2.3,30.0,29.8,1.9,0.2,0.1,23.1,22.1,258.7,11.4,2.1,2.4,5.5
0.06,64,29.3,2.0,27.3,15.7,2.0,1.0,19.0,0.0,30.0,2.3,30.0,29.3,2.0,0.3,0.2,23.3,22.3,261.9,11.5,3.7,3.2,5.5
0.06,65,29.5,2.2,27.3,15.7,2.2,1.0,19.0,0.0,30.0,2.3,30.0,29.5,2.2,0.3,0.3,23.6,22.6,267.3,11.5,5.2,5.4,5.5
0.06,66,29.0,2.3,26.7,15.4,2.3,1.0,19.0,0.0,30.0,2.3,30.0,29.0,2.3,0.4,0.1,23.7,22.7,273.0,11.5,6.2,5.7,5.5
0.06,67,28.8,2.2,26.6,15.0,2.2,1.0,19.0,0.0,30.0,2.3,30.0,28.8,2.2,0.8,0.0,23.7,22.7,276.7,11.5,3.9,3.7,5.5
0.06,68,29.6,1.1,28.5,15.7,1.1,0.0,19.0,0.0,30.0,2.3,30.0,29.6,1.1,0.2,0.0,23.7,22.7,281.4,11.5,3.9,4.7,5.5
0.06,69,29.8,1.0,28.8,15.9,1.0,0.0,19.0,0.0,30.0,2.3,30.0,29.8,1.0,0.1,0.0,23.7,22.7,285.2,11.5,3.6,3.8,5.5
0.06,70,29.8,0.9,28.9,16.0,0.9,0.0,19.0,0.0,30.0,2.3,30.0,29.8,0.9,0.2,0.0,23.7,22.7,287.7,11.5,2.5,2.5,5.5
0.06,71,29.5,1.1,28.4,15.8,1.1,0.0,19.0,0.0,30.0,2.4,30.0,29.5,1.1,0.4,0.3,24.0,23.0,290.6,11.6,3.2,2.9,5.5
0.06,72,29.0,1.0,28.0,15.8,1.0,0.0,19.0,0.0,30.0,2.6,30.0,29.0,1.0,0.4,0.0,24.0,23.0,295.5,11.6,5.4,4.9,5.5
0.06,73,29.3,0.9,28.4,15.9,0.9,0.0,19.0,0.0,30.0,2.7,30.0,29.3,0.9,0.3,0.0,24.0,23.0,301.6,11.6,5.8,6.1,5.5
0.06,74,29.6,0.6,29.0,16.1,0.6,0.0,19.0,0.0,30.0,2.7,30.0,29.6,0.6,0.2,0.0,24.0,23.0,305.8,11.6,3.9,4.2,5.5
0.06,75,29.7,0.6,29.1,16.1,0.6,0.0,19.0,0.0,30.0,2.7,30.0,29.7,0.6,0.1,0.1,24.1,23.1,310.7,11.6,4.8,4.9,5.5
0.06,76,29.8,0.7,29.1,15.9,0.7,0.0,19.0,0.0,30.0,2.8,30.0,29.8,0.7,0.2,0.2,24.3,23.3,314.6,11.6,3.8,3.9,5.5
0.06,77,29.6,0.8,28.8,15.7,0.8,0.0,19.0,0.0,30.0,2.8,30.0,29.6,0.8,0.4,0.1,24.4,23.4,316.7,11.7,2.3,2.1,5.5
0.06,78,29.3,0.9,28.4,15.6,0.9,0.0,19.0,0.0,30.0,2.8,30.0,29.3,0.9,0.4,0.2,24.6,23.6,319.3,11.7,2.9,2.6,5.5
0.06,79,29.1,0.9,28.2,15.7,0.9,0.0,19.0,0.0,30.0,2.8,30.0,29.1,0.9,0.2,0.1,24.7,23.7,324.1,11.7,5.0,4.8,5.5
0.06,80,29.1,1.0,28.1,15.6,1.0,0.0,19.0,0.0,30.0,2.8,30.0,29.1,1.0,0.3,0.1,24.8,23.8,330.2,11.7,6.1,6.1,5.5
0.06,81,29.5,1.1,28.4,15.8,1.1,0.0,19.0,0.0,30.0,2.9,30.0,29.5,1.1,0.2,0.2,25.0,24.0,334.8,11.7,4.2,4.6,5.5
0.06,82,29.3,1.1,28.2,15.8,1.1,0.0,19.0,0.0,30.0,2.9,30.0,29.3,1.1,0.2,0.0,25.0,24.0,339.5,11.7,4.9,4.7,5.5
0.06,83,29.5,1.0,28.5,15.7,1.0,0.0,19.0,0.0,30.0,2.9,30.0,29.5,1.0,0.3,0.0,25.0,24.0,343.4,11.7,3.7,3.9,5.5
0.06,84,30.0,1.1,28.9,16.0,1.1,0.0,19.0,0.0,30.0,2.9,30.0,30.0,1.1,0.0,0.2,25.2,24.2,346.1,11.7,2.2,2.7,5.5
0.06,85,29.3,1.0,28.3,15.5,1.0,0.0,19.0,0.0,30.0,2.9,30.0,29.3,1.0,0.5,0.1,25.3,24.3,348.0,11.7,2.6,1.9,5.5
0.06,86,29.5,1.1,28.4,15.9,1.1,0.0,19.0,0.0,30.0,2.9,30.0,29.5,1.1,0.1,0.1,25.4,24.4,352.9,11.7,4.7,4.9,5.5
0.06,87,29.4,1.3,28.1,15.6,1.3,0.0,19.0,0.0,30.0,3.0,30.0,29.4,1.3,0.4,0.2,25.6,24.6,358.9,11.7,6.1,6.0,5.5
0.06,88,29.6,1.3,28.3,15.6,1.3,0.0,19.0,0.0,30.0,3.0,30.0,29.6,1.3,0.3,0.1,25.7,24.7,363.6,11.9,4.5,4.7,5.5
0.06,89,29.7,1.4,28.3,15.6,1.4,0.0,19.0,0.0,30.0,3.0,30.0,29.7,1.4,0.2,0.1,25.8,24.8,368.3,12.0,4.6,4.7,5.5
0.06,90,29.6,1.2,28.4,15.9,1.2,0.0,19.0,0.0,30.0,3.0,30.0,29.6,1.2,0.1,0.1,25.9,24.9,372.0,12.0,3.8,3.7,5.5
0.06,91,29.5,1.3,28.2,15.7,1.3,0.0,19.0,0.0,30.0,3.0,30.0,29.5,1.3,0.3,0.1,26.0,25.0,374.6,12.1,2.7,2.6,5.5
0.06,92,29.7,1.3,28.4,15.9,1.3,0.0,19.0,0.0,30.0,3.1,30.0,29.7,1.3,0.2,0.2,26.2,25.2,376.9,12.3,2.1,2.3,5.5
0.06,93,29.7,1.2,28.5,15.9,1.2,0.0,19.0,0.0,30.0,3.1,30.0,29.7,1.2,0.4,0.0,26.2,25.2,381.6,12.3,4.7,4.7,5.5
0.06,94,29.3,1.3,28.0,15.7,1.3,0.0,19.0,0.0,30.0,3.2,30.0,29.3,1.3,0.5,0.1,26.3,25.3,387.2,12.3,6.0,5.6,5.5
0.06,95,29.8,1.2,28.6,16.3,1.2,0.0,19.0,0.0,30.0,3.3,30.0,29.8,1.2,0.0,0.1,26.4,25.4,392.4,12.5,4.7,5.2,5.5
0.06,96,29.4,1.2,28.2,16.1,1.2,0.0,19.0,0.0,30.0,3.3,30.0,29.4,1.2,0.2,0.1,26.5,25.5,396.7,12.6,4.7,4.3,5.5
0.06,97,29.8,0.8,29.0,16.3,0.8,0.0,19.0,0.0,30.0,3.4,30.0,29.8,0.8,0.0,0.0,26.5,25.5,401.2,12.6,4.1,4.5,5.5
0.06,98,29.5,0.9,28.6,16.0,0.9,0.0,19.0,0.0,30.0,3.4,30.0,29.5,0.9,0.2,0.1,26.6,25.6,403.5,12.6,2.6,2.3,5.5
0.06,99,29.6,1.0,28.6,16.1,1.0,0.0,19.0,0.0,30.0,3.4,30.0,29.6,1.0,0.1,0.1,26.7,25.7,405.8,12.6,2.2,2.3,5.5
0.06,100,29.3,0.8,28.5,15.9,0.8,0.0,19.0,0.0,30.0,3.4,30.0,29.3,0.8,0.4,0.1,26.8,25.8,410.3,12.7,4.8,4.5,5.5
0.06,101,29.3,0.8,28.5,15.6,0.8,0.0,19.0,0.0,30.0,3.4,30.0,29.3,0.8,0.6,0.0,26.8,25.8,416.1,12.8,5.8,5.8,5.5
0.06,102,29.6,0.6,29.0,15.9,0.6,0.0,19.0,0.0,30.0,3.5,30.0,29.6,0.6,0.1,0.0,26.8,25.8,421.7,12.8,5.3,5.6,5.5
0.06,103,29.5,0.6,28.9,15.8,0.6,0.0,19.0,0.1,30.0,3.5,30.0,29.5,0.6,0.3,0.1,26.9,25.9,425.9,12.9,4.3,4.2,5.5
0.06,104,29.4,0.6,28.8,15.6,0.6,0.0,19.0,0.0,30.0,3.5,30.0,29.4,0.6,0.3,0.0,26.9,25.9,430.2,12.9,4.4,4.3,5.5
0.06,105,29.7,0.7,29.0,15.8,0.7,0.0,19.0,0.0,30.0,3.6,30.0,29.7,0.7,0.1,0.1,27.0,26.0,432.7,12.9,2.2,2.5,5.5
0.06,106,29.9,1.0,28.9,15.8,1.0,0.0,19.0,0.0,30.0,3.8,30.0,29.9,1.0,0.1,0.4,27.4,26.4,435.3,13.0,2.4,2.6,5.5
0.06,107,29.2,1.1,28.1,15.3,1.1,0.0,19.0,0.0,30.0,3.8,30.0,29.2,1.1,0.6,0.1,27.5,26.5,439.0,13.0,4.4,3.7,5.5
0.06,108,28.9,1.4,27.5,15.3,1.4,0.0,19.0,0.0,30.0,3.8,30.0,28.9,1.4,0.6,0.3,27.8,26.8,444.3,13.1,5.6,5.3,5.5
0.06,109,29.3,1.4,27.9,15.6,1.4,0.0,19.0,0.0,30.0,3.8,30.0,29.3,1.4,0.3,0.1,27.9,26.9,450.1,13.1,5.4,5.8,5.5
0.06,110,29.5,1.4,28.1,15.7,1.4,0.0,19.0,0.0,30.0,3.8,30.0,29.5,1.4,0.2,0.1,28.0,27.0,454.6,13.3,4.3,4.5,5.5
0.06,111,29.5,1.4,28.1,15.6,1.4,0.0,19.0,0.0,30.0,3.9,30.0,29.5,1.4,0.3,0.1,28.1,27.1,458.8,13.4,4.2,4.2,5.5
0.06,112,29.6,1.7,27.9,15.8,1.7,0.0,19.0,0.0,30.0,3.9,30.0,29.6,1.7,0.2,0.4,28.5,27.5,461.5,13.4,2.6,2.7,5.5
0.06,113,29.6,1.7,27.9,15.5,1.7,0.0,19.0,0.0,30.0,4.0,30.0,29.6,1.7,0.4,0.0,28.5,27.5,463.7,13.5,2.2,2.2,5.5
0.06,114,29.6,1.7,27.9,15.5,1.7,0.0,19.0,0.0,30.0,4.0,30.0,29.6,1.7,0.3,0.1,28.6,27.6,467.5,13.5,3.8,3.8,5.5
0.06,115,29.3,1.6,27.7,15.4,1.6,0.0,19.0,0.0,30.0,4.0,30.0,29.3,1.6,0.4,0.1,28.7,27.7,472.7,13.5,5.5,5.2,5.5
0.06,116,29.1,1.6,27.5,15.4,1.6,0.0,19.0,0.0,30.0,4.2,30.0,29.1,1.6,0.6,0.3,29.0,28.0,478.4,13.5,5.9,5.7,5.5
0.06,117,29.5,1.8,27.7,15.7,1.8,0.0,19.0,0.1,30.0,4.2,30.0,29.5,1.8,0.3,0.2,29.2,28.2,482.8,13.5,4.0,4.4,5.5
0.06,118,29.7,1.6,28.1,16.1,1.6,0.0,19.0,0.0,30.0,4.2,30.0,29.7,1.6,0.0,0.0,29.2,28.2,487.1,13.6,4.1,4.3,5.5
0.06,119,29.7,1.8,27.9,15.8,1.8,0.0,19.0,0.1,30.0,4.2,30.0,29.7,1.8,0.2,0.2,29.4,28.4,489.8,13.6,2.7,2.7,5.5
0.06,120,29.7,2.1,27.6,15.7,2.1,0.0,19.0,0.0,30.0,4.3,30.0,29.7,2.1,0.3,0.7,30.1,29.1,492.4,13.9,2.6,2.6,5.5
0.06,121,29.7,3.3,26.4,15.8,3.3,1.0,19.0,0.0,30.0,4.3,30.0,29.7,3.3,0.2,0.2,31.3,29.3,495.8,13.9,3.4,3.4,5.5
0.06,122,29.3,3.7,25.6,15.5,3.7,1.0,19.0,0.0,30.0,4.5,30.0,29.3,3.7,0.4,0.4,31.7,29.7,500.4,14.2,5.0,4.6,5.5
0.06,123,29.2,4.0,25.2,15.5,4.0,1.0,19.0,0.0,30.0,4.7,30.0,29.2,4.0,0.4,0.5,32.2,30.2,505.9,14.2,5.6,5.5,5.5
0.06,124,29.3,3.7,25.6,15.4,3.7,1.0,19.0,0.0,30.0,4.7,30.0,29.3,3.7,0.6,0.2,32.4,30.4,510.8,14.5,4.8,4.9,5.5
0.06,125,29.0,3.5,25.5,15.4,3.5,1.0,19.0,0.0,30.0,4.9,30.0,29.0,3.5,0.6,0.1,32.5,30.5,514.6,14.6,4.1,3.8,5.5
0.06,126,29.6,3.8,25.8,15.8,3.8,1.0,19.0,0.0,30.0,4.9,30.0,29.6,3.8,0.2,0.3,32.8,30.8,517.7,14.6,2.5,3.1,5.5
0.06,127,29.9,4.0,25.9,15.8,4.0,1.0,19.0,0.0,30.0,4.9,30.0,29.9,4.0,0.0,0.2,33.0,31.0,520.1,14.7,2.1,2.4,5.5
0.06,128,29.6,2.7,26.9,15.8,2.7,0.0,19.0,0.0,30.0,4.9,30.0,29.6,2.7,0.1,0.1,33.1,31.1,523.5,14.8,3.7,3.4,5.5
0.06,129,29.3,3.0,26.3,15.9,3.0,0.0,19.0,0.0,30.0,4.9,30.0,29.3,3.0,0.1,0.5,33.6,31.6,527.6,14.8,4.4,4.1,5.5
0.06,130,29.4,2.8,26.6,15.6,2.8,0.0,19.0,0.0,30.0,4.9,30.0,29.4,2.8,0.4,0.1,33.7,31.7,533.2,14.9,5.5,5.6,5.5
0.06,131,29.2,3.0,26.2,15.3,3.0,0.0,19.0,0.0,30.0,5.0,30.0,29.2,3.0,0.4,0.3,34.0,32.0,537.9,15.1,4.9,4.7,5.5
0.06,132,29.4,2.7,26.7,15.6,2.7,0.0,19.0,0.0,30.0,5.0,30.0,29.4,2.7,0.1,0.2,34.2,32.2,542.2,15.2,4.1,4.3,5.5
0.06,133,29.5,2.7,26.8,15.5,2.7,0.0,19.0,0.0,30.0,5.0,30.0,29.5,2.7,0.2,0.2,34.4,32.4,545.4,15.3,3.1,3.2,5.5
0.06,134,29.6,2.4,27.2,15.8,2.4,0.0,19.0,0.0,30.0,5.0,30.0,29.6,2.4,0.1,0.2,34.6,32.6,548.2,15.6,2.7,2.8,5.5
0.06,135,29.2,2.8,26.4,15.3,2.8,0.0,19.0,0.0,30.0,5.1,30.0,29.2,2.8,0.7,0.5,35.1,33.1,551.0,15.7,3.2,2.8,5.5
0.06,136,29.6,2.7,26.9,15.8,2.7,0.0,19.0,0.0,30.0,5.2,30.0,29.6,2.7,0.3,0.3,35.4,33.4,555.8,15.7,4.4,4.8,5.5
0.06,137,28.9,2.8,26.1,15.5,2.8,0.0,19.0,0.0,30.0,5.2,30.0,28.9,2.8,0.8,0.4,35.8,33.8,560.5,15.9,5.4,4.7,5.5
0.06,138,29.6,3.6,26.0,15.9,3.6,0.0,19.0,0.0,30.0,5.2,30.0,29.6,3.6,0.3,0.9,36.7,34.7,565.6,16.1,4.4,5.1,5.5
0.06,139,29.4,3.5,25.9,15.9,3.5,0.0,19.0,0.0,30.0,5.3,30.0,29.4,3.5,0.4,0.1,36.8,34.8,569.1,16.1,3.7,3.5,5.5
0.06,140,29.6,3.3,26.3,16.2,3.3,0.0,19.0,0.0,30.0,5.4,30.0,29.6,3.3,0.2,0.0,36.8,34.8,572.4,16.2,3.1,3.3,5.5
0.06,141,29.8,3.2,26.6,16.5,3.2,0.0,19.0,0.0,30.0,5.4,30.0,29.8,3.2,0.1,0.1,36.9,34.9,575.3,16.3,2.7,2.9,5.5
0.06,142,29.6,3.0,26.6,16.2,3.0,0.0,19.0,0.0,30.0,5.4,30.0,29.6,3.0,0.3,0.1,37.0,35.0,577.9,16.4,2.8,2.6,5.5
0.06,143,29.0,3.1,25.9,15.8,3.1,0.0,19.0,0.0,30.0,5.4,30.0,29.0,3.1,0.5,0.2,37.2,35.2,582.0,16.5,4.7,4.1,5.5
0.06,144,29.4,2.8,26.6,15.8,2.8,0.0,19.0,0.0,30.0,5.4,30.0,29.4,2.8,0.4,0.2,37.4,35.4,587.5,16.6,5.1,5.5,5.5
0.06,145,29.5,2.5,27.0,16.2,2.5,0.0,19.0,0.0,30.0,5.5,30.0,29.5,2.5,0.2,0.1,37.5,35.5,592.9,16.6,5.3,5.4,5.5
0.06,146,29.7,2.1,27.6,16.5,2.1,0.0,19.0,0.0,30.0,5.5,30.0,29.7,2.1,0.2,0.4,37.9,35.9,597.2,16.7,4.1,4.3,5.5
0.06,147,29.9,1.9,28.0,16.5,1.9,0.0,19.0,0.0,30.0,5.6,30.0,29.9,1.9,0.0,0.1,38.0,36.0,601.0,16.8,3.6,3.8,5.5
0.06,148,29.5,1.9,27.6,16.1,1.9,0.0,19.0,0.0,30.0,5.7,30.0,29.5,1.9,0.1,0.3,38.3,36.3,603.8,16.8,3.2,2.8,5.5
0.06,149,29.8,1.8,28.0,16.3,1.8,0.0,19.0,0.2,30.0,5.7,30.0,29.8,1.8,0.0,0.2,38.5,36.5,606.8,16.8,2.7,3.0,5.5
0.06,150,29.7,1.8,27.9,16.3,1.8,0.0,19.0,0.0,30.0,5.7,30.0,29.7,1.8,0.0,0.2,38.7,36.7,610.7,16.8,4.0,3.9,5.5
0.06,151,29.1,2.0,27.1,15.6,2.0,0.0,19.0,0.0,30.0,5.7,30.0,29.1,2.0,0.5,0.3,39.0,37.0,615.5,17.0,5.4,4.8,5.5
0.06,152,29.3,2.0,27.3,15.6,2.0,0.0,19.0,0.0,30.0,5.8,30.0,29.3,2.0,0.3,0.2,39.2,37.2,620.9,17.0,5.2,5.4,5.5
0.06,153,29.5,1.9,27.6,15.5,1.9,0.0,19.0,0.1,30.0,5.9,30.0,29.5,1.9,0.3,0.1,39.3,37.3,625.3,17.0,4.2,4.4,5.5
0.06,154,29.8,2.4,27.4,15.7,2.4,0.0,19.0,0.1,30.0,6.2,30.0,29.8,2.4,0.1,0.5,39.8,37.8,629.2,17.2,3.6,3.9,5.5
0.06,155,29.6,2.6,27.0,15.3,2.6,0.0,19.0,0.0,30.0,6.3,30.0,29.6,2.6,0.4,0.2,40.0,38.0,631.6,17.4,2.6,2.4,5.5
0.06,156,29.8,2.7,27.1,15.7,2.7,0.0,19.0,0.0,30.0,6.4,30.0,29.8,2.7,0.1,0.3,40.3,38.3,634.8,17.4,3.0,3.2,5.5
0.06,157,29.3,2.6,26.7,15.7,2.6,0.0,19.0,0.0,30.0,6.4,30.0,29.3,2.6,0.3,0.2,40.5,38.5,638.3,17.5,4.0,3.5,5.5
0.06,158,29.2,2.5,26.7,15.5,2.5,0.0,19.0,0.1,30.0,6.4,30.0,29.2,2.5,0.6,0.1,40.6,38.6,642.9,17.5,4.7,4.6,5.5
0.06,159,29.7,2.4,27.3,16.0,2.4,0.0,19.0,0.0,30.0,6.5,30.0,29.7,2.4,0.1,0.3,40.9,38.9,648.9,17.6,5.5,6.0,5.5
0.06,160,29.4,2.5,26.9,15.7,2.5,0.0,19.0,0.0,30.0,6.6,30.0,29.4,2.5,0.4,0.4,41.3,39.3,653.0,17.7,4.4,4.1,5.5
0.06,161,29.7,2.9,26.8,16.1,2.9,0.0,19.0,0.0,30.0,6.6,30.0,29.7,2.9,0.1,0.6,41.9,39.9,657.3,17.8,4.0,4.3,5.5
0.06,162,29.6,3.2,26.4,16.1,3.2,0.0,19.0,0.0,30.0,6.6,30.0,29.6,3.2,0.2,0.5,42.4,40.4,659.7,17.8,2.5,2.4,5.5
0.06,163,29.4,3.4,26.0,15.9,3.4,0.0,19.0,0.0,30.0,6.7,30.0,29.4,3.4,0.4,0.4,42.8,40.8,662.7,18.0,3.2,3.0,5.5
0.06,164,29.4,3.6,25.8,16.1,3.6,0.0,19.0,0.0,30.0,6.7,30.0,29.4,3.6,0.2,0.4,43.2,41.2,666.0,18.1,3.3,3.3,5.5
0.06,165,29.7,3.7,26.0,16.2,3.7,0.0,19.0,0.1,30.0,6.9,30.0,29.7,3.7,0.0,0.4,43.6,41.6,670.5,18.3,4.2,4.5,5.5
0.06,166,29.4,3.7,25.7,15.9,3.7,0.0,19.0,0.0,30.0,6.9,30.0,29.4,3.7,0.4,0.3,43.9,41.9,675.7,18.3,5.5,5.2,5.5
0.06,167,29.7,3.7,26.0,15.9,3.7,0.0,19.0,0.0,30.0,6.9,30.0,29.7,3.7,0.2,0.3,44.2,42.2,680.1,18.4,4.1,4.4,5.5
0.06,168,29.4,3.9,25.5,15.7,3.9,0.0,19.0,0.0,30.0,7.0,30.0,29.4,3.9,0.3,0.3,44.5,42.5,683.8,18.6,4.0,3.7,5.5
0.06,169,29.8,4.5,25.3,15.9,4.5,0.0,19.0,0.0,30.0,7.0,30.0,29.8,4.5,0.1,0.7,45.2,43.2,686.5,18.8,2.3,2.7,5.5
0.06,170,29.6,4.5,25.1,15.7,4.4,0.0,19.0,0.0,30.0,7.0,30.0,29.6,4.4,0.3,0.2,45.4,43.4,689.1,19.2,2.8,2.6,5.5
0.06,171,29.5,4.4,25.1,15.9,4.4,0.0,19.0,0.0,30.0,7.1,30.0,29.5,4.4,0.2,0.3,45.7,43.7,692.5,19.3,3.5,3.4,5.5
0.06,172,29.5,4.2,25.3,16.2,4.2,0.0,19.0,0.1,30.0,7.1,30.0,29.5,4.2,0.3,0.5,46.2,44.2,697.2,19.5,4.7,4.7,5.5
0.06,173,29.6,3.6,26.0,16.2,3.6,0.0,19.0,0.1,30.0,7.1,30.0,29.6,3.6,0.1,0.1,46.3,44.3,702.7,19.6,5.4,5.5,5.5
0.06,174,29.6,3.5,26.1,16.1,3.5,0.0,19.0,0.0,30.0,7.2,30.0,29.6,3.5,0.2,0.3,46.6,44.6,707.0,19.9,4.3,4.3,5.5
0.06,175,29.6,3.3,26.3,16.4,3.3,0.0,19.0,0.0,30.0,7.3,30.0,29.6,3.3,0.1,0.2,46.8,44.8,710.8,20.1,3.8,3.8,5.5
0.06,176,29.8,3.3,26.5,16.4,3.3,0.0,19.0,0.0,30.0,7.4,30.0,29.8,3.3,0.0,0.2,47.0,45.0,713.8,20.4,2.8,3.0,5.5
0.06,177,29.7,3.3,26.4,15.9,3.3,0.0,19.0,0.1,30.0,7.4,30.0,29.7,3.3,0.3,0.4,47.4,45.4,716.5,20.5,2.8,2.7,5.5
0.06,178,29.8,3.4,26.4,16.0,3.4,0.0,19.0,0.0,30.0,7.7,30.0,29.8,3.4,0.1,0.3,47.7,45.7,719.9,20.7,3.3,3.4,5.5
0.06,179,29.3,3.3,26.0,15.9,3.3,0.0,19.0,0.1,30.0,7.7,30.0,29.3,3.3,0.2,0.4,48.1,46.1,724.3,20.7,4.9,4.4,5.5
0.06,180,29.5,2.8,26.7,15.7,2.8,0.0,19.0,0.0,30.0,7.8,30.0,29.5,2.8,0.3,0.0,48.1,46.1,729.8,20.7,5.3,5.5,5.5
0.06,181,29.2,2.5,26.7,15.7,2.5,0.0,19.0,0.1,30.0,7.8,30.0,29.2,2.5,0.3,0.2,48.3,46.3,734.2,20.9,4.7,4.4,5.5
0.06,182,29.7,2.6,27.1,15.7,2.6,0.0,19.0,0.0,30.0,7.8,30.0,29.7,2.6,0.1,0.4,48.7,46.7,738.6,21.0,3.9,4.4,5.5
0.06,183,29.7,3.1,26.6,15.7,3.1,0.0,19.0,0.1,30.0,7.8,30.0,29.7,3.1,0.2,0.6,49.3,47.3,741.7,21.1,3.1,3.1,5.5
0.06,184,29.4,3.4,26.0,15.4,3.3,0.0,19.0,0.0,30.0,7.8,30.0,29.4,3.3,0.4,0.5,49.8,47.8,744.2,21.2,2.8,2.5,5.5
0.06,185,29.4,3.4,26.0,15.2,3.4,0.0,19.0,0.0,30.0,7.8,30.0,29.4,3.4,0.5,0.3,50.1,48.1,747.6,21.3,3.4,3.4,5.5
0.06,186,29.1,3.3,25.8,15.3,3.3,0.0,19.0,0.0,30.0,7.9,30.0,29.1,3.3,0.3,0.2,50.3,48.3,751.8,21.3,4.5,4.2,5.5
0.06,187,29.0,3.0,26.0,14.9,3.0,0.0,19.0,0.0,30.0,8.0,30.0,29.0,3.0,0.8,0.4,50.7,48.7,757.1,21.3,5.4,5.3,5.5
0.06,188,29.6,3.3,26.3,15.3,3.3,0.0,19.0,0.0,30.0,8.1,30.0,29.6,3.3,0.4,0.4,51.1,49.1,761.9,21.4,4.2,4.8,5.5
0.06,189,29.5,3.4,26.1,15.4,3.4,0.0,19.0,0.0,30.0,8.1,30.0,29.5,3.4,0.3,0.3,51.4,49.4,765.6,21.7,3.8,3.7,5.5
0.06,190,29.7,3.7,26.0,15.6,3.7,0.0,19.0,0.0,30.0,8.1,30.0,29.7,3.7,0.1,0.3,51.7,49.7,768.7,21.8,2.9,3.1,5.5
0.06,191,29.7,4.2,25.5,15.6,4.2,0.0,19.0,0.1,30.0,8.2,30.0,29.7,4.2,0.1,0.6,52.3,50.3,771.2,21.9,2.5,2.5,5.5
0.06,192,29.3,4.2,25.1,15.3,4.2,0.0,19.0,0.0,30.0,8.2,30.0,29.3,4.2,0.4,0.3,52.6,50.6,774.0,22.1,3.2,2.8,5.5
0.06,193,29.8,4.2,25.6,15.4,4.2,0.0,19.0,0.0,30.0,8.2,30.0,29.8,4.2,0.2,0.2,52.8,50.8,778.5,22.3,4.0,4.5,5.5
0.06,194,29.2,3.6,25.6,15.5,3.6,0.0,19.0,0.0,30.0,8.2,30.0,29.2,3.6,0.5,0.2,53.0,51.0,783.6,22.4,5.7,5.1,5.5
0.06,195,29.1,3.5,25.6,15.2,3.5,0.0,19.0,0.0,30.0,8.4,30.0,29.1,3.5,0.4,0.2,53.2,51.2,788.2,22.8,4.7,4.6,5.5
0.06,196,29.3,3.0,26.3,15.3,3.0,0.0,19.0,0.0,30.0,8.6,30.0,29.3,3.0,0.5,0.3,53.5,51.5,792.6,22.9,4.2,4.4,5.5
0.06,197,29.8,3.2,26.6,15.8,3.2,0.0,19.0,0.1,30.0,8.8,30.0,29.8,3.2,0.2,0.4,53.9,51.9,796.3,23.1,3.2,3.7,5.5
0.06,198,29.9,3.2,26.7,15.8,3.2,0.0,19.0,0.2,30.0,8.8,30.0,29.9,3.2,0.0,0.1,54.0,52.0,798.9,23.2,2.5,2.6,5.5
0.06,199,29.7,3.1,26.6,15.7,3.1,0.0,19.0,0.0,30.0,8.8,30.0,29.7,3.1,0.3,0.4,54.4,52.4,801.6,23.2,2.9,2.7,5.5
0.06,200,28.9,2.9,26.0,15.5,2.9,0.0,19.0,0.1,30.0,8.9,30.0,28.9,2.9,0.6,0.2,54.6,52.6,805.4,23.3,4.6,3.8,5.5
0.06,201,29.1,3.4,25.7,15.3,3.4,0.0,19.0,0.0,30.0,8.9,30.0,29.1,3.4,0.9,0.9,55.5,53.5,810.7,23.4,5.1,5.3,5.5
0.06,202,29.6,3.2,26.4,16.1,3.2,0.0,19.0,0.0,30.0,9.0,30.0,29.6,3.2,0.2,0.2,55.7,53.7,815.8,23.5,4.6,5.1,5.5
0.06,203,29.5,3.4,26.1,15.9,3.4,0.0,19.0,0.0,30.0,9.0,30.0,29.5,3.4,0.3,0.5,56.2,54.2,820.0,23.8,4.3,4.2,5.5
0.06,204,29.3,3.9,25.4,15.9,3.9,0.0,19.0,0.0,30.0,9.0,30.0,29.3,3.9,0.3,0.6,56.8,54.8,823.5,23.8,3.7,3.5,5.5
0.06,205,29.4,4.0,25.4,16.1,4.0,0.0,19.0,0.1,30.0,9.1,30.0,29.4,4.0,0.1,0.2,57.0,55.0,826.0,23.9,2.4,2.5,5.5
0.06,206,29.7,4.2,25.5,15.9,4.2,0.0,19.0,0.1,30.0,9.1,30.0,29.7,4.2,0.3,0.6,57.6,55.6,829.0,24.1,2.7,3.0,5.5
0.06,207,29.5,4.6,24.9,15.9,4.6,0.0,19.0,0.1,30.0,9.1,30.0,29.5,4.6,0.2,0.7,58.3,56.3,832.6,24.4,3.8,3.6,5.5
0.06,208,29.3,4.7,24.6,15.4,4.7,0.0,19.0,0.0,30.0,9.3,30.0,29.3,4.7,0.5,0.5,58.8,56.8,837.0,24.6,4.6,4.4,5.5
0.06,209,29.4,4.6,24.8,15.5,4.6,0.0,19.0,0.1,30.0,9.7,30.0,29.4,4.6,0.3,0.3,59.1,57.1,842.4,24.7,5.3,5.4,5.5
0.06,210,29.5,4.5,25.0,15.7,4.5,0.0,19.0,0.0,30.0,9.7,30.0,29.5,4.5,0.2,0.3,59.4,57.4,846.8,25.0,4.3,4.4,5.5
0.06,211,30.0,4.8,25.2,15.9,4.8,0.0,19.0,0.0,30.0,9.7,30.0,30.0,4.8,0.0,0.4,59.8,57.8,850.5,25.2,3.2,3.7,5.5
0.06,212,29.8,4.6,25.2,15.9,4.6,0.0,19.0,0.0,30.0,9.7,30.0,29.8,4.6,0.1,0.1,59.9,57.9,852.7,25.3,2.4,2.2,5.5
0.06,213,29.9,4.6,25.3,15.8,4.6,0.0,19.0,0.0,30.0,9.9,30.0,29.9,4.6,0.1,0.4,60.3,58.3,855.5,25.5,2.7,2.8,5.5
0.06,214,29.5,4.6,24.9,15.7,4.6,0.0,19.0,0.0,30.0,9.9,30.0,29.5,4.6,0.2,0.3,60.6,58.6,858.6,25.7,3.5,3.1,5.5
0.06,215,29.7,4.1,25.6,16.2,4.1,0.0,19.0,0.0,30.0,10.0,30.0,29.7,4.1,0.1,0.6,61.2,59.2,863.9,25.8,5.1,5.3,5.5
0.06,216,29.2,4.3,24.9,15.9,4.3,0.0,19.0,0.1,30.0,10.1,30.0,29.2,4.3,0.3,0.4,61.6,59.6,868.6,25.9,5.2,4.7,5.5
0.06,217,29.7,4.3,25.4,15.7,4.3,0.0,19.0,0.1,30.0,10.1,30.0,29.7,4.3,0.2,0.3,61.9,59.9,873.5,26.1,4.4,4.9,5.5
0.06,218,29.6,4.5,25.1,15.8,4.4,0.0,19.0,0.0,30.0,10.3,30.0,29.6,4.4,0.2,0.6,62.5,60.5,877.0,26.1,3.6,3.5,5.5
0.06,219,29.5,4.8,24.7,15.8,4.8,0.0,19.0,0.0,30.0,10.4,30.0,29.5,4.8,0.2,0.7,63.2,61.2,879.4,26.2,2.5,2.4,5.5
0.06,220,29.6,4.9,24.7,15.6,4.9,0.0,19.0,0.1,30.0,0.5,30.0,29.6,4.9,0.4,0.8,64.0,62.0,882.8,26.6,3.3,3.4,5.5
0.06,221,29.8,4.5,25.3,16.0,4.5,0.0,19.0,0.0,30.0,0.7,30.0,29.8,4.5,0.1,0.0,64.0,62.0,886.3,26.8,3.3,3.5,5.5
0.06,222,29.8,4.1,25.7,15.9,4.1,0.0,19.0,0.0,30.0,0.8,30.0,29.8,4.1,0.0,0.0,64.0,62.0,891.2,26.9,4.9,4.9,5.5
0.06,223,29.7,3.8,25.9,15.5,3.8,0.0,19.0,0.0,30.0,0.8,30.0,29.7,3.8,0.3,0.1,64.1,62.1,895.6,27.0,4.5,4.4,5.5
0.06,224,29.7,3.6,26.1,15.8,3.6,0.0,19.0,0.0,30.0,1.0,30.0,29.7,3.6,0.2,0.1,64.2,62.2,900.3,27.2,4.7,4.7,5.5
0.06,225,29.4,3.1,26.3,15.6,3.1,0.0,19.0,0.0,30.0,1.0,30.0,29.4,3.1,0.4,0.0,64.2,62.2,903.6,27.2,3.6,3.3,5.5
0.06,226,29.8,3.2,26.6,15.9,3.2,0.0,19.0,0.0,30.0,1.0,30.0,29.8,3.2,0.1,0.2,64.4,62.4,906.4,27.5,2.4,2.8,5.5
0.06,227,29.4,3.1,26.3,15.6,3.1,0.0,19.0,0.0,30.0,1.1,30.0,29.4,3.1,0.3,0.1,64.5,62.5,909.6,27.7,3.6,3.2,5.5
0.06,228,29.3,2.9,26.4,15.5,2.9,0.0,19.0,0.0,30.0,1.1,30.0,29.3,2.9,0.3,0.0,64.5,62.5,913.2,27.7,3.7,3.6,5.5
0.06,229,29.4,2.1,27.3,15.4,2.1,0.0,19.0,0.0,30.0,1.1,30.0,29.4,2.1,0.3,0.0,64.5,62.5,918.7,27.9,5.4,5.5,5.5
0.06,230,29.3,1.6,27.7,15.7,1.6,0.0,19.0,0.0,30.0,1.2,30.0,29.3,1.6,0.2,0.1,64.6,62.6,923.5,27.9,4.9,4.8,5.5
0.06,231,29.3,1.1,28.2,15.7,1.1,0.0,19.0,0.0,30.0,1.4,30.0,29.3,1.1,0.4,0.0,64.6,62.6,928.6,27.9,5.1,5.1,5.5
0.06,232,29.4,0.7,28.7,15.7,0.7,0.0,19.0,0.0,30.0,1.4,30.0,29.4,0.7,0.4,0.0,64.6,62.6,932.3,27.9,3.6,3.7,5.5
0.06,233,29.6,0.6,29.0,15.9,0.6,0.0,19.0,0.0,30.0,1.4,30.0,29.6,0.6,0.2,0.0,64.6,62.6,935.4,27.9,2.9,3.1,5.5
0.06,234,29.5,0.6,28.9,15.6,0.6,0.0,19.0,0.0,30.0,1.5,30.0,29.5,0.6,0.4,0.0,64.6,62.6,938.5,27.9,3.2,3.1,5.5
0.06,235,29.3,0.7,28.6,15.5,0.7,0.0,19.0,0.0,30.0,1.5,30.0,29.3,0.7,0.5,0.1,64.7,62.7,941.9,27.9,3.6,3.4,5.5
0.06,236,29.3,0.4,28.9,15.8,0.4,0.0,19.0,0.0,30.0,1.5,30.0,29.3,0.4,0.2,0.0,64.7,62.7,947.6,27.9,5.7,5.7,5.5
0.06,237,29.1,0.3,28.8,15.5,0.3,0.0,19.0,0.0,30.0,1.5,30.0,29.1,0.3,0.5,0.0,64.7,62.7,952.3,27.9,4.9,4.7,5.5
0.06,238,29.5,0.2,29.3,15.7,0.2,0.0,19.0,0.0,30.0,1.6,30.0,29.5,0.2,0.3,0.0,64.7,62.7,957.9,27.9,5.2,5.6,5.5
0.06,239,29.6,0.2,29.4,15.9,0.2,0.0,19.0,0.0,30.0,1.6,30.0,29.6,0.2,0.1,0.1,64.8,62.8,961.8,27.9,3.8,3.9,5.5
0.06,240,29.7,0.2,29.5,15.8,0.2,0.0,19.0,0.0,30.0,1.6,30.0,29.7,0.2,0.2,0.0,64.8,62.8,965.0,27.9,3.1,3.2,5.5
0.06,241,29.7,2.1,27.6,15.9,2.1,1.8,19.0,0.0,30.0,1.6,30.0,29.7,2.1,0.1,0.1,66.7,62.9,968.1,27.9,3.1,3.1,5.5
0.06,242,29.4,2.6,26.8,15.6,2.6,2.0,19.0,0.0,30.0,1.7,30.0,29.4,2.6,0.4,0.3,67.2,63.2,971.1,28.0,3.3,3.0,5.5
0.06,243,28.9,2.6,26.3,15.5,2.6,2.0,19.0,0.0,30.0,1.7,30.0,28.9,2.6,0.5,0.1,67.3,63.3,976.3,28.0,5.7,5.2,5.5
0.06,244,29.5,2.6,26.9,15.6,2.6,2.0,19.0,0.0,30.0,1.7,30.0,29.5,2.6,0.4,0.0,67.3,63.3,981.5,28.0,4.6,5.2,5.5
0.06,245,29.4,2.7,26.7,15.6,2.7,2.0,19.0,0.0,30.0,1.8,30.0,29.4,2.7,0.4,0.1,67.4,63.4,986.9,28.0,5.5,5.4,5.5
0.06,246,29.5,2.7,26.8,15.7,2.7,2.0,19.0,0.0,30.0,2.0,30.0,29.5,2.7,0.3,0.0,67.4,63.4,990.7,28.1,3.7,3.8,5.5
0.06,247,29.7,2.8,26.9,15.8,2.8,2.0,19.0,0.0,30.0,2.1,30.0,29.7,2.8,0.2,0.1,67.5,63.5,994.0,28.1,3.1,3.3,5.5
0.06,248,29.7,1.0,28.7,15.9,1.0,0.2,19.0,0.0,30.0,2.2,30.0,29.7,1.0,0.1,0.0,67.5,63.5,997.1,28.1,3.1,3.1,5.5
0.06,249,29.8,0.8,29.0,15.7,0.8,0.0,19.0,0.0,30.0,2.2,30.0,29.8,0.8,0.2,0.1,67.6,63.6,1000.3,28.1,3.1,3.2,5.5
0.06,250,29.3,0.9,28.4,15.7,0.9,0.0,19.0,0.0,30.0,2.2,30.0,29.3,0.9,0.2,0.2,67.8,63.8,1005.0,28.1,5.2,4.7,5.5
0.06,251,28.7,0.8,27.9,15.3,0.8,0.0,19.0,0.0,30.0,2.2,30.0,28.7,0.8,0.7,0.0,67.8,63.8,1009.4,28.2,5.0,4.4,5.5
0.06,252,28.9,0.8,28.1,15.6,0.8,0.0,19.0,0.0,30.0,2.3,30.0,28.9,0.8,0.4,0.1,67.9,63.9,1015.1,28.2,5.5,5.7,5.5
0.06,253,29.4,0.8,28.6,15.7,0.8,0.0,19.0,0.0,30.0,2.4,30.0,29.4,0.8,0.3,0.2,68.1,64.1,1019.6,28.2,4.0,4.5,5.5
0.06,254,29.6,0.9,28.7,15.9,0.9,0.0,19.0,0.1,30.0,2.4,30.0,29.6,0.9,0.1,0.2,68.3,64.3,1023.1,28.2,3.3,3.5,5.5
0.06,255,29.7,1.0,28.7,15.7,1.0,0.0,19.0,0.0,30.0,2.5,30.0,29.7,1.0,0.2,0.1,68.4,64.4,1026.3,28.3,3.1,3.2,5.5
0.06,256,29.8,1.2,28.6,15.7,1.2,0.0,19.0,0.0,30.0,2.5,30.0,29.8,1.2,0.2,0.2,68.6,64.6,1029.5,28.4,3.1,3.2,5.5
0.06,257,29.6,1.2,28.4,15.8,1.2,0.0,19.0,0.0,30.0,2.5,30.0,29.6,1.2,0.2,0.1,68.7,64.7,1034.0,28.5,4.7,4.5,5.5
0.06,258,29.7,1.2,28.5,15.9,1.2,0.0,19.0,0.0,30.0,2.6,30.0,29.7,1.2,0.2,0.2,68.9,64.9,1038.6,28.6,4.5,4.6,5.5
0.06,259,29.5,1.4,28.1,16.0,1.4,0.0,19.0,0.0,30.0,2.6,30.0,29.5,1.4,0.2,0.3,69.2,65.2,1044.0,28.7,5.6,5.4,5.5
0.06,260,29.7,1.5,28.2,16.0,1.5,0.0,19.0,0.0,30.0,2.6,30.0,29.7,1.5,0.2,0.1,69.3,65.3,1048.4,28.7,4.2,4.4,5.5
0.06,261,29.5,1.6,27.9,16.0,1.6,0.0,19.0,0.0,30.0,2.6,30.0,29.5,1.6,0.2,0.2,69.5,65.5,1051.7,28.7,3.5,3.3,5.5
0.06,262,29.4,1.7,27.7,16.1,1.7,0.0,19.0,0.0,30.0,2.6,30.0,29.4,1.7,0.1,0.1,69.6,65.6,1054.6,28.7,3.0,2.9,5.5
0.06,263,29.9,1.6,28.3,16.2,1.6,0.0,19.0,0.0,30.0,2.6,30.0,29.9,1.6,0.1,0.0,69.6,65.6,1058.3,29.0,3.2,3.7,5.5
0.06,264,29.2,1.7,27.5,15.6,1.7,0.0,19.0,0.0,30.0,2.6,30.0,29.2,1.7,0.5,0.2,69.8,65.8,1062.0,29.0,4.4,3.7,5.5
0.06,265,29.4,1.8,27.6,15.5,1.8,0.0,19.0,0.0,30.0,2.6,30.0,29.4,1.8,0.4,0.2,70.0,66.0,1066.7,29.0,4.5,4.7,5.5
0.06,266,29.1,1.7,27.4,15.2,1.7,0.0,19.0,0.0,30.0,2.6,30.0,29.1,1.7,0.7,0.1,70.1,66.1,1071.9,29.0,5.5,5.2,5.5
0.06,267,29.1,1.5,27.6,15.0,1.5,0.0,19.0,0.0,30.0,2.7,30.0,29.1,1.5,0.7,0.1,70.2,66.2,1076.6,29.0,4.7,4.7,5.5
0.06,268,29.9,1.5,28.4,15.7,1.5,0.0,19.0,0.0,30.0,2.7,30.0,29.9,1.5,0.1,0.1,70.3,66.3,1080.5,29.0,3.1,3.9,5.5
0.06,269,29.7,1.4,28.3,15.8,1.4,0.0,19.0,0.0,30.0,2.7,30.0,29.7,1.4,0.1,0.1,70.4,66.4,1083.4,29.0,3.1,2.9,5.5
0.06,270,29.4,1.4,28.0,15.5,1.4,0.0,19.0,0.0,30.0,2.8,30.0,29.4,1.4,0.4,0.1,70.5,66.5,1086.7,29.0,3.6,3.3,5.5
0.06,271,29.2,1.3,27.9,15.3,1.3,0.0,19.0,0.0,30.0,2.8,30.0,29.2,1.3,0.6,0.1,70.6,66.6,1090.3,29.0,3.8,3.6,5.5
0.06,272,29.1,1.2,27.9,15.4,1.2,0.0,19.0,0.0,30.0,2.8,30.0,29.1,1.2,0.5,0.1,70.7,66.7,1094.9,29.1,4.7,4.6,5.5
0.06,273,29.6,1.2,28.4,15.7,1.2,0.0,19.0,0.0,30.0,2.8,30.0,29.6,1.2,0.2,0.1,70.8,66.8,1100.6,29.1,5.2,5.7,5.5
0.06,274,29.9,1.4,28.5,15.9,1.4,0.0,19.0,0.0,30.0,2.9,30.0,29.9,1.4,0.0,0.2,71.0,67.0,1105.4,29.2,4.5,4.8,5.5
0.06,275,29.5,1.1,28.4,15.7,1.1,0.0,19.0,0.0,30.0,2.9,30.0,29.5,1.1,0.3,0.0,71.0,67.0,1109.2,29.2,4.2,3.8,5.5
0.06,276,29.3,1.4,27.9,15.8,1.4,0.0,19.0,0.0,30.0,2.9,30.0,29.3,1.4,0.1,0.3,71.3,67.3,1111.9,29.4,2.9,2.7,5.5
0.06,277,29.6,1.5,28.1,15.7,1.5,0.0,19.0,0.0,30.0,3.1,30.0,29.6,1.5,0.1,0.2,71.5,67.5,1115.4,29.4,3.2,3.5,5.5
0.06,278,29.3,1.4,27.9,15.6,1.4,0.0,19.0,0.0,30.0,3.1,30.0,29.3,1.4,0.4,0.1,71.6,67.6,1118.8,29.5,3.7,3.4,5.5
0.06,279,29.6,1.4,28.2,15.6,1.4,0.0,19.0,0.0,30.0,3.1,30.0,29.6,1.4,0.4,0.2,71.8,67.8,1123.7,29.5,4.6,4.9,5.5
0.06,280,29.4,1.3,28.1,15.5,1.3,0.0,19.0,0.1,30.0,3.1,30.0,29.4,1.3,0.5,0.0,71.8,67.8,1129.0,29.5,5.5,5.3,5.5
0.06,281,29.6,1.2,28.4,15.8,1.2,0.0,19.0,0.0,30.0,3.1,30.0,29.6,1.2,0.2,0.1,71.9,67.9,1134.1,29.6,4.9,5.1,5.5
0.06,282,29.6,1.4,28.2,15.6,1.4,0.0,19.0,0.0,30.0,3.2,30.0,29.6,1.4,0.2,0.2,72.1,68.1,1137.8,29.8,3.7,3.7,5.5
0.06,283,29.9,1.6,28.3,15.8,1.6,0.0,19.0,0.0,30.0,3.3,30.0,29.9,1.6,0.0,0.2,72.3,68.3,1140.8,29.9,2.7,3.0,5.5
0.06,284,29.2,1.7,27.5,15.5,1.7,0.0,19.0,0.0,30.0,3.4,30.0,29.2,1.7,0.4,0.3,72.6,68.6,1143.6,29.9,3.5,2.8,5.5
0.06,285,29.9,1.9,28.0,15.8,1.9,0.0,19.0,0.0,30.0,3.4,30.0,29.9,1.9,0.0,0.3,72.9,68.9,1147.7,29.9,3.4,4.1,5.5
0.06,286,29.7,2.2,27.5,15.5,2.2,0.0,19.0,0.0,30.0,3.4,30.0,29.7,2.2,0.2,0.5,73.4,69.4,1152.4,30.0,4.9,4.7,5.5
0.06,287,29.2,2.1,27.1,15.2,2.1,0.0,19.0,0.0,30.0,3.5,30.0,29.2,2.1,0.7,0.2,73.6,69.6,1157.0,30.0,5.1,4.6,5.5
0.06,288,29.0,2.1,26.9,15.6,2.1,0.0,19.0,0.0,30.0,3.5,30.0,29.0,2.1,0.3,0.1,73.7,69.7,1161.7,30.0,4.9,4.7,5.5
0.06,289,29.4,2.2,27.2,15.4,2.2,0.0,19.0,0.0,30.0,3.7,30.0,29.4,2.2,0.5,0.2,73.9,69.9,1165.5,30.0,3.4,3.8,5.5
0.06,290,29.7,2.4,27.3,15.9,2.4,0.0,19.0,0.0,30.0,3.7,30.0,29.7,2.4,0.0,0.2,74.1,70.1,1168.6,30.1,2.8,3.1,5.5
0.06,291,29.7,2.3,27.4,15.8,2.3,0.0,19.0,0.0,30.0,3.9,30.0,29.7,2.3,0.2,0.1,74.2,70.2,1171.5,30.3,2.9,2.9,5.5
0.06,292,29.1,2.6,26.5,15.5,2.6,0.0,19.0,0.0,30.0,3.9,30.0,29.1,2.6,0.5,0.4,74.6,70.6,1174.9,30.6,4.0,3.4,5.5
0.06,293,29.4,2.6,26.8,15.6,2.6,0.0,19.0,0.0,30.0,4.0,30.0,29.4,2.6,0.4,0.2,74.8,70.8,1179.7,30.6,4.5,4.8,5.5
0.06,294,29.4,2.3,27.1,15.4,2.3,0.0,19.0,0.0,30.0,4.0,30.0,29.4,2.3,0.5,0.2,75.0,71.0,1184.6,30.6,4.9,4.9,5.5
0.06,295,29.4,2.5,26.9,15.6,2.5,0.0,19.0,0.0,30.0,4.0,30.0,29.4,2.5,0.2,0.5,75.5,71.5,1189.4,30.6,4.8,4.8,5.5
0.06,296,29.4,2.2,27.2,15.7,2.2,0.0,19.0,0.0,30.0,4.3,30.0,29.4,2.2,0.3,0.1,75.6,71.6,1193.4,30.7,4.0,4.0,5.5
0.06,297,29.5,2.2,27.3,15.7,2.2,0.0,19.0,0.0,30.0,4.3,30.0,29.5,2.2,0.3,0.2,75.8,71.8,1196.8,30.7,3.3,3.4,5.5
0.06,298,29.8,2.2,27.6,15.9,2.2,0.0,19.0,0.0,30.0,4.4,30.0,29.8,2.2,0.0,0.1,75.9,71.9,1199.9,30.8,2.8,3.1,5.5
0.06,299,29.6,2.1,27.5,15.7,2.1,0.0,19.0,0.1,30.0,4.4,30.0,29.6,2.1,0.4,0.1,76.0,72.0,1203.1,30.8,3.4,3.2,5.5
0.06,300,29.5,1.9,27.6,15.9,1.9,0.0,19.0,0.0,30.0,4.6,30.0,29.5,1.9,0.2,0.2,76.2,72.2,1208.1,30.8,5.1,5.0,5.5
0.06,301,29.1,3.8,25.3,15.5,3.8,1.9,19.0,0.0,30.0,4.6,30.0,29.1,3.8,0.6,0.2,78.3,72.4,1212.4,30.9,4.7,4.3,5.5
0.06,302,29.8,4.2,25.6,15.8,4.2,2.0,19.0,0.0,30.0,4.7,30.0,29.8,4.2,0.2,0.5,78.9,72.9,1217.8,30.9,4.7,5.4,5.5
0.06,303,29.3,4.0,25.3,15.6,4.0,2.0,19.0,0.0,30.0,4.8,30.0,29.3,4.0,0.3,0.0,78.9,72.9,1221.3,30.9,4.0,3.5,5.5
0.06,304,29.6,4.3,25.3,15.6,4.3,2.0,19.0,0.0,30.0,4.8,30.0,29.6,4.3,0.3,0.3,79.2,73.2,1224.9,31.0,3.3,3.6,5.5
0.06,305,29.6,4.2,25.4,15.8,4.1,2.0,19.0,0.0,30.0,4.8,30.0,29.6,4.1,0.2,0.1,79.3,73.3,1228.1,31.1,3.2,3.2,5.5
0.06,306,29.2,4.0,25.2,15.6,4.0,2.0,19.0,0.0,30.0,4.8,30.0,29.2,4.0,0.4,0.0,79.3,73.3,1230.9,31.2,3.2,2.8,5.5
0.06,307,29.1,4.1,25.0,15.4,4.1,2.0,19.0,0.0,30.0,4.8,30.0,29.1,4.1,0.5,0.2,79.5,73.5,1235.8,31.2,5.0,4.9,5.5
0.06,308,29.5,2.1,27.4,15.7,2.1,0.1,19.0,0.0,30.0,4.8,30.0,29.5,2.1,0.3,0.3,79.8,73.8,1240.7,31.3,4.5,4.9,5.5
0.06,309,29.3,2.0,27.3,15.7,2.0,0.0,19.0,0.0,30.0,4.9,30.0,29.3,2.0,0.4,0.3,80.1,74.1,1245.8,31.4,5.3,5.1,5.5
0.06,310,29.7,1.9,27.8,16.0,1.9,0.0,19.0,0.0,30.0,4.9,30.0,29.7,1.9,0.2,0.1,80.2,74.2,1249.4,31.4,3.2,3.6,5.5
0.06,311,29.7,1.8,27.9,16.0,1.8,0.0,19.0,0.1,30.0,4.9,30.0,29.7,1.8,0.2,0.0,80.2,74.2,1253.1,31.4,3.7,3.7,5.5
0.06,312,29.8,1.9,27.9,15.9,1.9,0.0,19.0,0.0,30.0,4.9,30.0,29.8,1.9,0.2,0.2,80.4,74.4,1256.3,31.6,3.1,3.2,5.5
0.06,313,29.5,1.8,27.7,15.9,1.8,0.0,19.0,0.0,30.0,4.9,30.0,29.5,1.8,0.3,0.1,80.5,74.5,1259.1,31.6,3.1,2.8,5.5
0.06,314,29.2,2.0,27.2,16.0,2.0,0.0,19.0,0.0,30.0,5.0,30.0,29.2,2.0,0.1,0.3,80.8,74.8,1263.7,31.8,4.9,4.6,5.5
0.06,315,29.4,2.0,27.4,15.8,2.0,0.0,19.0,0.0,30.0,5.0,30.0,29.4,2.0,0.3,0.2,81.0,75.0,1268.8,31.8,4.9,5.1,5.5
0.06,316,29.2,2.1,27.1,15.3,2.1,0.0,19.0,0.0,30.0,5.0,30.0,29.2,2.1,0.6,0.5,81.5,75.5,1273.9,31.8,5.3,5.1,5.5
0.06,317,29.3,1.9,27.4,15.4,1.9,0.0,19.0,0.0,30.0,5.0,30.0,29.3,1.9,0.5,0.3,81.8,75.8,1278.0,32.0,4.0,4.1,5.5
0.06,318,29.7,2.2,27.5,15.8,2.2,0.0,19.0,0.0,30.0,5.0,30.0,29.7,2.2,0.1,0.3,82.1,76.1,1282.0,32.1,3.6,4.0,5.5
0.06,319,29.8,2.8,27.0,15.7,2.8,0.0,19.0,0.0,30.0,5.1,30.0,29.8,2.8,0.2,0.7,82.8,76.8,1285.1,32.2,3.0,3.1,5.5
0.06,320,29.7,2.8,26.9,15.7,2.8,0.0,19.0,0.0,30.0,5.1,30.0,29.7,2.8,0.2,0.0,82.8,76.8,1287.4,32.2,2.4,2.3,5.5
0.06,321,29.5,3.1,26.4,15.5,3.1,0.0,19.0,0.1,30.0,5.2,30.0,29.5,3.1,0.4,0.4,83.2,77.2,1291.6,32.5,4.4,4.2,5.5
0.06,322,29.3,3.2,26.1,15.6,3.2,0.0,19.0,0.0,30.0,5.2,30.0,29.3,3.2,0.4,0.3,83.5,77.5,1296.0,32.5,4.6,4.4,5.5
0.06,323,29.5,3.1,26.4,15.6,3.1,0.0,19.0,0.0,30.0,5.4,30.0,29.5,3.1,0.3,0.1,83.6,77.6,1301.0,32.7,4.8,5.0,5.5
0.06,324,29.6,3.3,26.3,15.6,3.3,0.0,19.0,0.0,30.0,5.4,30.0,29.6,3.3,0.2,0.3,83.9,77.9,1304.9,33.0,3.8,3.9,5.5
0.06,325,29.7,3.4,26.3,15.5,3.4,0.0,19.0,0.0,30.0,5.5,30.0,29.7,3.4,0.2,0.2,84.1,78.1,1309.0,33.0,4.0,4.1,5.5
0.06,326,29.5,3.4,26.1,15.6,3.4,0.0,19.0,0.0,30.0,5.6,30.0,29.5,3.4,0.2,0.3,84.4,78.4,1312.1,33.2,3.3,3.1,5.5
0.06,327,29.4,3.5,25.9,15.5,3.5,0.0,19.0,0.1,30.0,5.7,30.0,29.4,3.5,0.5,0.5,84.9,78.9,1314.7,33.2,2.7,2.6,5.5
0.06,328,29.3,3.4,25.9,15.7,3.4,0.0,19.0,0.0,30.0,5.8,30.0,29.3,3.4,0.3,0.2,85.1,79.1,1318.7,33.2,4.1,4.0,5.5
0.06,329,29.7,2.8,26.9,16.0,2.8,0.0,19.0,0.0,30.0,5.8,30.0,29.7,2.8,0.1,0.1,85.2,79.2,1323.7,33.4,4.6,5.0,5.5
0.06,330,29.4,2.7,26.7,16.0,2.7,0.0,19.0,0.1,30.0,6.0,30.0,29.4,2.7,0.3,0.4,85.6,79.6,1328.4,33.5,5.0,4.7,5.5
0.06,331,29.8,2.8,27.0,16.3,2.8,0.0,19.0,0.0,30.0,6.0,30.0,29.8,2.8,0.0,0.5,86.1,80.1,1332.9,33.5,4.1,4.5,5.5
0.06,332,29.8,2.9,26.9,16.1,2.9,0.0,19.0,0.0,30.0,6.2,30.0,29.8,2.9,0.1,0.2,86.3,80.3,1336.9,33.6,4.0,4.0,5.5
0.06,333,29.7,2.9,26.8,16.1,2.9,0.0,19.0,0.0,30.0,6.2,30.0,29.7,2.9,0.0,0.1,86.4,80.4,1339.9,33.8,3.1,3.0,5.5
0.06,334,29.4,3.2,26.2,15.6,3.2,0.0,19.0,0.0,30.0,6.4,30.0,29.4,3.2,0.5,0.3,86.7,80.7,1342.1,34.0,2.5,2.2,5.5
0.06,335,29.2,3.0,26.2,15.6,3.0,0.0,19.0,0.0,30.0,6.4,30.0,29.2,3.0,0.5,0.2,86.9,80.9,1346.1,34.0,4.2,4.0,5.5
0.06,336,29.4,2.9,26.5,15.9,2.9,0.0,19.0,0.0,30.0,6.4,30.0,29.4,2.9,0.2,0.4,87.3,81.3,1351.1,34.1,4.8,5.0,5.5
0.06,337,29.4,2.7,26.7,15.4,2.7,0.0,19.0,0.0,30.0,6.7,30.0,29.4,2.7,0.4,0.3,87.6,81.6,1355.9,34.3,4.8,4.8,5.5
0.06,338,29.5,3.0,26.5,15.5,3.0,0.0,19.0,0.0,30.0,6.7,30.0,29.5,3.0,0.3,0.5,88.1,82.1,1360.6,34.4,4.6,4.7,5.5
0.06,339,29.6,3.1,26.5,15.8,3.1,0.0,19.0,0.0,30.0,6.8,30.0,29.6,3.1,0.2,0.3,88.4,82.4,1364.7,34.4,4.0,4.1,5.5
0.06,340,29.2,3.5,25.7,15.6,3.5,0.0,19.0,0.0,30.0,6.9,30.0,29.2,3.5,0.3,0.5,88.9,82.9,1367.2,34.4,2.9,2.5,5.5
0.06,341,29.8,3.9,25.9,15.8,3.9,0.0,19.0,0.0,30.0,6.9,30.0,29.8,3.9,0.1,0.5,89.4,83.4,1369.8,34.4,2.0,2.6,5.5
0.06,342,29.5,4.0,25.5,15.9,4.0,0.0,19.0,0.0,30.0,7.1,30.0,29.5,4.0,0.2,0.3,89.7,83.7,1373.6,34.4,4.1,3.8,5.5
0.06,343,29.6,3.5,26.1,15.9,3.5,0.0,19.0,0.0,30.0,7.1,30.0,29.6,3.5,0.1,0.2,89.9,83.9,1378.7,34.6,5.0,5.1,5.5
0.06,344,29.5,3.5,26.0,15.7,3.5,0.0,19.0,0.0,30.0,7.3,30.0,29.5,3.5,0.3,0.4,90.3,84.3,1383.3,34.8,4.7,4.6,5.5
0.06,345,28.9,3.8,25.1,15.5,3.8,0.0,19.0,0.0,30.0,7.4,30.0,28.9,3.8,0.5,0.4,90.7,84.7,1387.2,34.9,4.5,3.9,5.5
0.06,346,29.5,3.7,25.8,15.5,3.7,0.0,19.0,0.0,30.0,7.4,30.0,29.5,3.7,0.3,0.1,90.8,84.8,1391.3,34.9,3.5,4.1,5.5
0.06,347,29.6,3.8,25.8,15.8,3.8,0.0,19.0,0.0,30.0,7.4,30.0,29.6,3.8,0.1,0.3,91.1,85.1,1393.9,35.0,2.5,2.6,5.5
0.06,348,29.5,3.6,25.9,15.7,3.6,0.0,19.0,0.0,30.0,7.4,30.0,29.5,3.6,0.3,0.1,91.2,85.2,1396.4,35.1,2.6,2.5,5.5
0.06,349,29.8,3.8,26.0,15.6,3.8,0.0,19.0,0.1,30.0,7.5,30.0,29.8,3.8,0.1,0.3,91.5,85.5,1400.4,35.3,3.7,4.0,5.5
0.06,350,29.3,3.8,25.5,15.4,3.8,0.0,19.0,0.0,30.0,7.6,30.0,29.3,3.8,0.5,0.7,92.2,86.2,1405.3,35.5,5.4,4.9,5.5
0.06,351,29.1,3.5,25.6,15.2,3.5,0.0,19.0,0.0,30.0,7.7,30.0,29.1,3.5,0.7,0.2,92.4,86.4,1409.8,35.6,4.7,4.5,5.5
0.06,352,29.6,3.8,25.8,15.6,3.8,0.0,19.0,0.0,30.0,7.8,30.0,29.6,3.8,0.3,0.6,93.0,87.0,1414.3,35.8,4.0,4.5,5.5
0.06,353,29.5,3.3,26.2,15.9,3.3,0.0,19.0,0.0,30.0,7.8,30.0,29.5,3.3,0.2,0.3,93.3,87.3,1418.9,35.8,4.7,4.6,5.5
0.06,354,29.7,3.4,26.3,16.0,3.4,0.0,19.0,0.0,30.0,7.8,30.0,29.7,3.4,0.1,0.3,93.6,87.6,1421.7,35.9,2.6,2.8,5.5
0.06,355,29.7,3.2,26.5,16.0,3.2,0.0,19.0,0.0,30.0,7.8,30.0,29.7,3.2,0.1,0.1,93.7,87.7,1424.2,36.2,2.5,2.5,5.5
0.06,356,29.5,3.3,26.2,15.7,3.3,0.0,19.0,0.0,30.0,7.9,30.0,29.5,3.3,0.4,0.3,94.0,88.0,1427.6,36.4,3.6,3.4,5.5
0.06,357,29.3,3.2,26.1,15.8,3.2,0.0,19.0,0.0,30.0,7.9,30.0,29.3,3.2,0.2,0.3,94.3,88.3,1432.3,36.7,4.9,4.7,5.5
0.06,358,29.4,3.3,26.1,15.7,3.3,0.0,19.0,0.0,30.0,8.2,30.0,29.4,3.3,0.3,0.5,94.8,88.8,1437.3,36.8,4.9,5.0,5.5
0.06,359,29.8,3.5,26.3,16.0,3.5,0.0,19.0,0.0,30.0,8.2,30.0,29.8,3.5,0.1,0.4,95.2,89.2,1441.7,37.0,4.0,4.4,5.5
0.06,360,29.8,3.9,25.9,15.7,3.9,0.0,19.0,0.1,30.0,8.2,30.0,29.8,3.9,0.2,0.6,95.8,89.8,1446.2,37.1,4.5,4.5,5.5
0.06,361,29.8,3.8,26.0,15.7,3.8,0.0,19.0,0.0,30.0,8.3,30.0,29.8,3.8,0.2,0.1,95.9,89.9,1449.1,37.2,2.9,2.9,5.5
0.06,362,29.9,4.1,25.8,16.0,4.1,0.0,19.0,0.1,30.0,8.4,30.0,29.9,4.1,0.1,0.6,96.5,90.5,1451.7,37.3,2.5,2.6,5.5
0.06,363,29.6,4.0,25.6,16.0,4.0,0.0,19.0,0.0,30.0,8.5,30.0,29.6,4.0,0.2,0.5,97.0,91.0,1454.9,37.4,3.5,3.2,5.5
0.06,364,29.2,3.7,25.5,15.7,3.7,0.0,19.0,0.0,30.0,8.5,30.0,29.2,3.7,0.4,0.1,97.1,91.1,1459.2,37.4,4.7,4.3,5.5
0.06,365,29.3,3.9,25.4,15.6,3.9,0.0,19.0,0.0,30.0,8.7,30.0,29.3,3.9,0.2,0.2,97.3,91.3,1463.7,37.5,4.4,4.5,5.5
0.06,366,29.4,3.4,26.0,15.3,3.4,0.0,19.0,0.0,30.0,8.9,30.0,29.4,3.4,0.4,0.2,97.5,91.5,1468.2,37.6,4.4,4.5,5.5
0.06,367,29.4,3.6,25.8,15.4,3.6,0.0,19.0,0.0,30.0,9.0,30.0,29.4,3.6,0.4,0.5,98.0,92.0,1472.8,37.7,4.6,4.6,5.5
0.06,368,29.8,3.9,25.9,15.9,3.9,0.0,19.0,0.1,30.0,9.0,30.0,29.8,3.9,0.0,0.4,98.4,92.4,1476.1,37.8,2.9,3.3,5.5
0.06,369,29.5,4.0,25.5,15.5,4.0,0.0,19.0,0.0,30.0,9.0,30.0,29.5,4.0,0.2,0.4,98.8,92.8,1478.7,37.9,2.9,2.6,5.5
0.06,370,29.6,3.7,25.9,15.5,3.7,0.0,19.0,0.0,30.0,9.0,30.0,29.6,3.7,0.3,0.2,99.0,93.0,1482.2,38.0,3.4,3.5,5.5
0.06,371,29.4,4.1,25.3,15.4,4.1,0.0,19.0,0.0,30.0,9.2,30.0,29.4,4.1,0.4,0.8,99.8,93.8,1486.0,38.0,4.0,3.8,5.5
0.06,372,29.5,3.7,25.8,15.7,3.7,0.0,19.0,0.0,30.0,9.3,30.0,29.5,3.7,0.2,0.2,100.0,94.0,1491.0,38.1,4.9,5.0,5.5
0.06,373,29.5,3.7,25.8,15.7,3.7,0.0,19.0,0.0,30.0,9.5,30.0,29.5,3.7,0.3,0.7,100.7,94.7,1495.5,38.3,4.5,4.5,5.5
0.06,374,29.5,3.9,25.6,16.0,3.9,0.0,19.0,0.0,30.0,9.5,30.0,29.5,3.9,0.1,0.4,101.1,95.1,1499.9,38.6,4.4,4.4,5.5
0.06,375,29.4,4.2,25.2,15.6,4.2,0.0,19.0,0.0,30.0,9.5,30.0,29.4,4.2,0.3,0.4,101.5,95.5,1503.0,38.6,3.2,3.1,5.5
0.06,376,29.8,4.7,25.1,15.9,4.7,0.0,19.0,0.0,30.0,9.5,30.0,29.8,4.7,0.0,0.5,102.0,96.0,1505.6,38.8,2.2,2.6,5.5
0.06,377,29.5,4.8,24.7,15.6,4.8,0.0,19.0,0.0,30.0,9.6,30.0,29.5,4.8,0.2,0.4,102.4,96.4,1508.5,38.8,3.2,2.9,5.5
0.06,378,29.1,4.7,24.4,15.4,4.7,0.0,19.0,0.0,30.0,9.6,30.0,29.1,4.7,0.4,0.6,103.0,97.0,1512.3,39.2,4.2,3.8,5.5
0.06,379,29.4,5.0,24.4,15.6,5.0,0.0,19.0,0.0,30.0,9.8,30.0,29.4,5.0,0.3,0.5,103.5,97.5,1516.9,39.4,4.3,4.6,5.5
0.06,380,29.8,5.0,24.8,15.8,5.0,0.0,19.0,0.0,30.0,9.9,30.0,29.8,5.0,0.2,0.7,104.2,98.2,1521.9,39.4,4.6,5.0,5.5
0.06,381,29.4,4.6,24.8,15.7,4.6,0.0,19.0,0.0,30.0,9.9,30.0,29.4,4.6,0.2,0.0,104.2,98.2,1525.6,39.5,4.1,3.7,5.5
0.06,382,29.8,4.8,25.0,15.8,4.8,0.0,19.0,0.0,30.0,9.9,30.0,29.8,4.8,0.2,0.4,104.6,98.6,1529.3,39.6,3.3,3.7,5.5
0.06,383,29.9,5.1,24.8,16.2,5.1,0.0,19.0,0.0,30.0,9.9,30.0,29.9,5.1,0.0,0.7,105.3,99.3,1532.1,39.6,2.7,2.8,5.5
0.06,384,29.5,4.9,24.6,15.8,4.9,0.0,19.0,0.0,30.0,10.0,30.0,29.5,4.9,0.4,0.4,105.7,99.7,1534.9,39.9,3.2,2.8,5.5
0.06,385,29.6,4.9,24.7,15.8,4.9,0.0,19.0,0.0,30.0,10.1,30.0,29.6,4.9,0.1,0.3,106.0,100.0,1538.7,40.1,3.7,3.8,5.5
0.06,386,29.9,4.5,25.4,15.9,4.5,0.0,19.0,0.1,30.0,10.3,30.0,29.9,4.5,0.1,0.5,106.5,100.5,1544.0,40.4,5.0,5.3,5.5
0.06,387,29.6,4.2,25.4,15.7,4.2,0.0,19.0,0.0,30.0,10.3,30.0,29.6,4.2,0.2,0.3,106.8,100.8,1548.8,40.7,5.1,4.8,5.5
0.06,388,29.4,3.7,25.7,15.6,3.7,0.0,19.0,0.0,30.0,10.4,30.0,29.4,3.7,0.3,0.2,107.0,101.0,1552.8,40.8,4.2,4.0,5.5
0.06,389,29.8,3.9,25.9,15.7,3.9,0.0,19.0,0.0,30.0,10.5,30.0,29.8,3.9,0.2,0.2,107.2,101.2,1556.6,40.9,3.4,3.8,5.5
0.06,390,29.8,4.3,25.5,15.9,4.2,0.0,19.0,0.1,30.0,10.7,30.0,29.8,4.2,0.0,0.7,107.9,101.9,1559.5,40.9,2.9,2.9,5.5
0.06,391,29.5,4.7,24.8,15.8,4.7,0.0,19.0,0.0,30.0,10.9,30.0,29.5,4.7,0.3,0.7,108.6,102.6,1561.9,41.0,2.7,2.4,5.5
0.06,392,29.5,4.9,24.6,16.0,4.9,0.0,19.0,0.0,30.0,11.0,30.0,29.5,4.9,0.2,0.6,109.2,103.2,1565.8,41.0,3.9,3.9,5.5
0.06,393,29.2,4.6,24.6,15.8,4.6,0.0,19.0,0.1,30.0,11.1,30.0,29.2,4.6,0.4,0.2,109.4,103.4,1570.1,41.4,4.6,4.3,5.5
0.06,394,29.2,4.7,24.5,15.9,4.7,0.0,19.0,0.0,30.0,11.2,30.0,29.2,4.7,0.5,0.6,110.0,104.0,1574.9,41.5,4.8,4.8,5.5
0.06,395,29.6,5.0,24.6,16.0,5.0,0.0,19.0,0.0,30.0,11.4,30.0,29.6,5.0,0.4,0.5,110.5,104.5,1578.7,41.5,3.4,3.8,5.5
0.06,396,29.6,5.0,24.6,16.4,5.0,0.0,19.0,0.0,30.0,11.6,30.0,29.6,5.0,0.2,0.3,110.8,104.8,1582.7,41.7,4.0,4.0,5.5
0.06,397,29.7,5.4,24.3,16.4,5.4,0.0,19.0,0.1,30.0,11.6,30.0,29.7,5.4,0.2,0.6,111.4,105.4,1585.3,41.8,2.5,2.6,5.5
0.06,398,29.6,5.3,24.3,16.1,5.3,0.0,19.0,0.0,30.0,11.7,30.0,29.6,5.3,0.3,0.3,111.7,105.7,1587.7,42.0,2.5,2.4,5.5
0.06,399,29.8,5.3,24.5,16.1,5.3,0.0,19.0,0.0,30.0,11.7,30.0,29.8,5.3,0.1,0.3,112.0,106.0,1591.8,42.0,3.9,4.1,5.5
0.06,400,29.4,4.6,24.8,16.4,4.6,0.0,19.0,0.0,30.0,1.2,30.0,29.4,4.6,0.0,0.5,112.5,106.5,1596.5,42.2,5.1,4.7,5.5
0.06,401,28.8,4.3,24.5,15.6,4.3,0.0,19.0,0.0,30.0,1.3,30.0,28.8,4.3,0.7,0.2,112.7,106.7,1600.6,42.3,4.7,4.1,5.5
0.06,402,29.4,3.5,25.9,15.7,3.5,0.0,19.0,0.0,30.0,1.4,30.0,29.4,3.5,0.5,0.0,112.7,106.7,1605.2,42.3,4.0,4.6,5.5
0.06,403,29.4,3.5,25.9,16.0,3.5,0.0,19.0,0.0,30.0,1.4,30.0,29.4,3.5,0.2,0.1,112.8,106.8,1609.0,42.5,3.8,3.8,5.5
0.06,404,29.6,3.0,26.6,15.9,3.0,0.0,19.0,0.0,30.0,1.5,30.0,29.6,3.0,0.3,0.1,112.9,106.9,1612.3,42.7,3.1,3.3,5.5
0.06,405,29.6,2.8,26.8,15.9,2.8,0.0,19.0,0.0,30.0,1.5,30.0,29.6,2.8,0.3,0.1,113.0,107.0,1615.0,42.8,2.7,2.7,5.5
0.06,406,29.4,2.5,26.9,15.8,2.5,0.0,19.0,0.0,30.0,1.5,30.0,29.4,2.5,0.5,0.0,113.0,107.0,1619.2,42.9,4.4,4.2,5.5
0.06,407,29.4,2.1,27.3,15.5,2.1,0.0,19.0,0.0,30.0,1.6,30.0,29.4,2.1,0.5,0.0,113.0,107.0,1624.0,43.0,4.8,4.8,5.5
0.06,408,29.0,1.8,27.2,15.7,1.8,0.0,19.0,0.0,30.0,1.6,30.0,29.0,1.8,0.5,0.3,113.3,107.3,1628.2,43.0,4.6,4.2,5.5
0.06,409,29.7,1.3,28.4,16.1,1.3,0.0,19.0,0.0,30.0,1.6,30.0,29.7,1.3,0.1,0.1,113.4,107.4,1633.9,43.0,5.0,5.7,5.5
0.06,410,29.3,1.2,28.1,15.6,1.2,0.0,19.0,0.1,30.0,1.6,30.0,29.3,1.2,0.4,0.2,113.6,107.6,1637.6,43.0,4.1,3.7,5.5
0.06,411,29.2,1.1,28.1,15.5,1.1,0.0,19.0,0.0,30.0,1.7,30.0,29.2,1.1,0.4,0.0,113.6,107.6,1640.8,43.1,3.3,3.2,5.5
0.06,412,29.4,1.1,28.3,15.7,1.1,0.0,19.0,0.0,30.0,1.7,30.0,29.4,1.1,0.2,0.0,113.6,107.6,1643.6,43.1,2.6,2.8,5.5
0.06,413,29.0,1.1,27.9,15.2,1.1,0.0,19.0,0.0,30.0,1.7,30.0,29.0,1.1,0.7,0.0,113.6,107.6,1647.3,43.1,4.1,3.7,5.5
0.06,414,29.5,0.9,28.6,15.7,0.9,0.0,19.0,0.0,30.0,1.7,30.0,29.5,0.9,0.2,0.1,113.7,107.7,1652.8,43.1,5.0,5.5,5.5
0.06,415,29.6,0.8,28.8,15.5,0.8,0.0,19.0,0.0,30.0,1.7,30.0,29.6,0.8,0.4,0.0,113.7,107.7,1657.1,43.1,4.2,4.3,5.5
0.06,416,29.4,0.6,28.8,15.8,0.6,0.0,19.0,0.0,30.0,1.8,30.0,29.4,0.6,0.2,0.0,113.7,107.7,1662.7,43.3,5.8,5.6,5.5
0.06,417,29.9,0.7,29.2,16.0,0.7,0.0,19.0,0.0,30.0,1.8,30.0,29.9,0.7,0.0,0.1,113.8,107.8,1666.9,43.3,3.7,4.2,5.5
0.06,418,29.5,0.8,28.7,15.8,0.8,0.0,19.0,0.0,30.0,1.8,30.0,29.5,0.8,0.2,0.2,114.0,108.0,1669.8,43.3,3.3,2.9,5.5
0.06,419,29.7,0.7,29.0,15.9,0.7,0.0,19.0,0.0,30.0,1.9,30.0,29.7,0.7,0.2,0.0,114.0,108.0,1672.9,43.3,2.9,3.1,5.5
0.06,420,29.3,0.7,28.6,15.7,0.7,0.0,19.0,0.0,30.0,1.9,30.0,29.3,0.7,0.4,0.1,114.1,108.1,1676.2,43.4,3.7,3.3,5.5
0.06,421,29.2,0.7,28.5,15.6,0.7,0.0,19.0,0.0,30.0,1.9,30.0,29.2,0.7,0.4,0.1,114.2,108.2,1681.6,43.4,5.5,5.4,5.5
0.06,422,29.3,0.7,28.6,15.7,0.7,0.0,19.0,0.0,30.0,1.9,30.0,29.3,0.7,0.2,0.1,114.3,108.3,1686.0,43.4,4.3,4.4,5.5
0.06,423,29.5,0.6,28.9,15.8,0.6,0.0,19.0,0.0,30.0,1.9,30.0,29.5,0.6,0.1,0.0,114.3,108.3,1691.9,43.4,5.7,5.9,5.5
0.06,424,29.6,0.6,29.0,15.7,0.6,0.0,19.0,0.1,30.0,2.0,30.0,29.6,0.6,0.2,0.0,114.3,108.3,1696.2,43.4,4.2,4.3,5.5
0.06,425,29.9,0.6,29.3,15.8,0.6,0.0,19.0,0.0,30.0,2.1,30.0,29.9,0.6,0.1,0.0,114.3,108.3,1699.3,43.4,2.8,3.1,5.5
0.06,426,29.6,0.6,29.0,15.6,0.6,0.0,19.0,0.0,30.0,2.1,30.0,29.6,0.6,0.3,0.0,114.3,108.3,1702.1,43.5,3.1,2.8,5.5
0.06,427,29.6,0.6,29.0,15.8,0.6,0.0,19.0,0.0,30.0,2.1,30.0,29.6,0.6,0.2,0.1,114.4,108.4,1705.4,43.5,3.3,3.3,5.5
0.06,428,29.5,0.6,28.9,15.8,0.6,0.0,19.0,0.0,30.0,2.1,30.0,29.5,0.6,0.3,0.1,114.5,108.5,1710.7,43.6,5.4,5.3,5.5
0.06,429,29.8,0.5,29.3,16.0,0.5,0.0,19.0,0.0,30.0,2.3,30.0,29.8,0.5,0.1,0.0,114.5,108.5,1715.4,43.6,4.4,4.7,5.5
0.06,430,29.5,0.5,29.0,15.6,0.5,0.0,19.0,0.0,30.0,2.6,30.0,29.5,0.5,0.4,0.0,114.5,108.5,1720.9,43.7,5.8,5.5,5.5
0.06,431,29.6,0.5,29.1,15.8,0.5,0.0,19.0,0.0,30.0,2.6,30.0,29.6,0.5,0.2,0.0,114.5,108.5,1725.3,43.8,4.3,4.4,5.5
0.06,432,29.6,0.5,29.1,15.8,0.5,0.0,19.0,0.0,30.0,2.6,30.0,29.6,0.5,0.2,0.1,114.6,108.6,1728.5,43.8,3.2,3.2,5.5
0.06,433,29.7,0.6,29.1,15.9,0.6,0.0,19.0,0.0,30.0,2.6,30.0,29.7,0.6,0.1,0.1,114.7,108.7,1731.4,43.8,2.8,2.9,5.5
0.06,434,29.2,0.7,28.5,15.6,0.7,0.0,19.0,0.0,30.0,2.7,30.0,29.2,0.7,0.4,0.2,114.9,108.9,1734.1,43.8,3.2,2.7,5.5
0.06,435,29.3,0.7,28.6,15.7,0.7,0.0,19.0,0.1,30.0,2.7,30.0,29.3,0.7,0.3,0.1,115.0,109.0,1739.6,43.8,5.4,5.5,5.5
0.06,436,29.3,0.6,28.7,15.3,0.6,0.0,19.0,0.0,30.0,2.8,30.0,29.3,0.6,0.6,0.0,115.0,109.0,1744.3,43.9,4.7,4.7,5.5
0.06,437,29.6,0.9,28.7,15.7,0.9,0.0,19.0,0.0,30.0,2.8,30.0,29.6,0.9,0.3,0.4,115.4,109.4,1749.9,43.9,5.3,5.6,5.5
0.06,438,29.4,1.1,28.3,15.8,1.1,0.0,19.0,0.1,30.0,2.8,30.0,29.4,1.1,0.2,0.2,115.6,109.6,1754.0,43.9,4.3,4.1,5.5
0.06,439,29.6,1.1,28.5,15.6,1.1,0.0,19.0,0.0,30.0,2.8,30.0,29.6,1.1,0.3,0.0,115.6,109.6,1757.3,44.0,3.1,3.3,5.5
0.06,440,29.8,1.2,28.6,15.8,1.2,0.0,19.0,0.1,30.0,2.8,30.0,29.8,1.2,0.1,0.1,115.7,109.7,1760.3,44.0,2.8,3.0,5.5
0.06,441,29.5,1.0,28.5,15.6,1.0,0.0,19.0,0.0,30.0,2.9,30.0,29.5,1.0,0.3,0.0,115.7,109.7,1762.8,44.2,2.8,2.5,5.5
0.06,442,29.4,1.2,28.2,15.5,1.2,0.0,19.0,0.0,30.0,2.9,30.0,29.4,1.2,0.3,0.2,115.9,109.9,1768.0,44.2,5.3,5.2,5.5
0.06,443,29.5,1.2,28.3,15.8,1.2,0.0,19.0,0.0,30.0,3.0,30.0,29.5,1.2,0.1,0.1,116.0,110.0,1772.9,44.2,4.8,4.9,5.5
0.06,444,29.2,1.1,28.1,15.4,1.1,0.0,19.0,0.0,30.0,3.1,30.0,29.2,1.1,0.5,0.2,116.2,110.2,1778.2,44.2,5.6,5.3,5.5
0.06,445,29.6,1.1,28.5,15.7,1.1,0.0,19.0,0.0,30.0,3.2,30.0,29.6,1.1,0.3,0.1,116.3,110.3,1782.8,44.3,4.2,4.6,5.5
0.06,446,29.3,1.0,28.3,15.9,1.0,0.0,19.0,0.0,30.0,3.2,30.0,29.3,1.0,0.2,0.0,116.3,110.3,1785.9,44.3,3.4,3.1,5.5
0.06,447,29.7,1.0,28.7,15.9,1.0,0.0,19.0,0.0,30.0,3.2,30.0,29.7,1.0,0.1,0.1,116.4,110.4,1789.4,44.3,3.1,3.5,5.5
0.06,448,29.3,1.1,28.2,15.5,1.1,0.0,19.0,0.0,30.0,3.2,30.0,29.3,1.1,0.6,0.2,116.6,110.6,1791.5,44.3,2.5,2.1,5.5
0.06,449,29.2,1.3,27.9,15.7,1.3,0.0,19.0,0.0,30.0,3.2,30.0,29.2,1.3,0.5,0.4,117.0,111.0,1796.5,44.4,5.1,5.0,5.5
0.06,450,29.8,1.4,28.4,16.0,1.4,0.0,19.0,0.0,30.0,3.2,30.0,29.8,1.4,0.2,0.1,117.1,111.1,1801.8,44.4,4.7,5.3,5.5
0.06,451,29.0,1.2,27.8,15.3,1.2,0.0,19.0,0.2,30.0,3.2,30.0,29.0,1.2,0.8,0.1,117.2,111.2,1806.4,44.4,5.4,4.6,5.5
0.06,452,29.5,1.3,28.2,15.9,1.3,0.0,19.0,0.0,30.0,3.2,30.0,29.5,1.3,0.2,0.1,117.3,111.3,1811.5,44.6,4.6,5.1,5.5
0.06,453,29.5,1.4,28.1,15.9,1.4,0.0,19.0,0.0,30.0,3.2,30.0,29.5,1.4,0.1,0.1,117.4,111.4,1814.5,44.6,3.0,3.0,5.5
0.06,454,29.3,1.5,27.8,15.9,1.5,0.0,19.0,0.0,30.0,3.2,30.0,29.3,1.5,0.1,0.1,117.5,111.5,1817.8,44.7,3.5,3.3,5.5
0.06,455,29.8,1.5,28.3,15.9,1.5,0.0,19.0,0.0,30.0,3.3,30.0,29.8,1.5,0.1,0.1,117.6,111.6,1820.4,44.7,2.1,2.6,5.5
0.06,456,29.1,1.5,27.6,15.7,1.5,0.0,19.0,0.0,30.0,3.3,30.0,29.1,1.5,0.3,0.3,117.9,111.9,1824.8,44.9,5.1,4.4,5.5
0.06,457,29.4,1.5,27.9,15.4,1.5,0.0,19.0,0.0,30.0,3.3,30.0,29.4,1.5,0.5,0.2,118.1,112.1,1830.5,44.9,5.4,5.7,5.5
0.06,458,29.3,1.6,27.7,15.7,1.6,0.0,19.0,0.0,30.0,3.5,30.0,29.3,1.6,0.3,0.3,118.4,112.4,1834.7,44.9,4.3,4.2,5.5
0.06,459,29.3,1.8,27.5,15.4,1.8,0.0,19.0,0.1,30.0,3.6,30.0,29.3,1.8,0.6,0.2,118.6,112.6,1839.5,45.1,4.8,4.8,5.5
0.06,460,29.6,1.7,27.9,15.8,1.7,0.0,19.0,0.0,30.0,3.6,30.0,29.6,1.7,0.1,0.0,118.6,112.6,1842.9,45.2,3.1,3.4,5.5
0.06,461,29.9,1.9,28.0,15.8,1.9,0.0,19.0,0.0,30.0,3.6,30.0,29.9,1.9,0.1,0.2,118.8,112.8,1846.2,45.3,3.0,3.3,5.5
0.06,462,30.0,1.9,28.1,16.0,1.9,0.0,19.0,0.0,30.0,3.7,30.0,30.0,1.9,0.0,0.1,118.9,112.9,1848.9,45.3,2.6,2.7,5.5
0.06,463,29.5,1.7,27.8,15.4,1.7,0.0,19.0,0.0,30.0,3.7,30.0,29.5,1.7,0.3,0.0,118.9,112.9,1852.9,45.3,4.5,4.0,5.5
0.06,464,28.8,1.7,27.1,15.3,1.7,0.0,19.0,0.0,30.0,3.7,30.0,28.8,1.7,0.4,0.1,119.0,113.0,1857.8,45.5,5.6,4.9,5.5
0.06,465,29.5,1.4,28.1,15.4,1.4,0.0,19.0,0.0,30.0,3.8,30.0,29.5,1.4,0.4,0.2,119.2,113.2,1863.1,45.6,4.6,5.3,5.5
0.06,466,29.4,1.1,28.3,15.5,1.1,0.0,19.0,0.1,30.0,3.8,30.0,29.4,1.1,0.4,0.0,119.2,113.2,1868.1,45.6,5.1,5.0,5.5
0.06,467,29.4,1.5,27.9,15.5,1.5,0.0,19.0,0.0,30.0,3.9,30.0,29.4,1.5,0.4,0.4,119.6,113.6,1871.5,45.6,3.4,3.4,5.5
0.06,468,29.4,1.5,27.9,15.5,1.5,0.0,19.0,0.0,30.0,3.9,30.0,29.4,1.5,0.5,0.3,119.9,113.9,1875.0,45.8,3.5,3.5,5.5
0.06,469,29.4,1.5,27.9,15.5,1.5,0.0,19.0,0.0,30.0,4.1,30.0,29.4,1.5,0.5,0.1,120.0,114.0,1877.6,45.8,2.6,2.6,5.5
0.06,470,29.3,1.7,27.6,15.4,1.7,0.0,19.0,0.0,30.0,4.2,30.0,29.3,1.7,0.4,0.3,120.3,114.3,1881.4,45.8,3.9,3.8,5.5
0.06,471,29.8,1.8,28.0,15.7,1.8,0.0,19.0,0.0,30.0,4.2,30.0,29.8,1.8,0.2,0.3,120.6,114.6,1886.7,45.9,4.8,5.3,5.5
0.06,472,29.3,2.0,27.3,15.7,2.0,0.0,19.0,0.0,30.0,4.2,30.0,29.3,2.0,0.3,0.3,120.9,114.9,1891.2,45.9,5.0,4.5,5.5
0.06,473,29.0,2.3,26.7,15.4,2.3,0.0,19.0,0.0,30.0,4.3,30.0,29.0,2.3,0.5,0.3,121.2,115.2,1895.6,46.1,4.7,4.4,5.5
0.06,474,29.7,2.6,27.1,15.9,2.6,0.0,19.0,0.0,30.0,4.4,30.0,29.7,2.6,0.0,0.3,121.5,115.5,1899.6,46.2,3.3,4.0,5.5
0.06,475,29.6,2.7,26.9,15.7,2.7,0.0,19.0,0.0,30.0,4.4,30.0,29.6,2.7,0.1,0.2,121.7,115.7,1903.0,46.3,3.5,3.4,5.5
0.06,476,29.9,2.5,27.4,15.6,2.5,0.0,19.0,0.0,30.0,4.4,30.0,29.9,2.5,0.0,0.0,121.7,115.7,1906.0,46.4,2.7,3.0,5.5
0.06,477,29.4,2.4,27.0,15.3,2.4,0.0,19.0,0.0,30.0,4.6,30.0,29.4,2.4,0.4,0.1,121.8,115.8,1908.9,46.7,3.4,2.9,5.5
0.06,478,29.1,2.5,26.6,15.5,2.5,0.0,19.0,0.0,30.0,4.6,30.0,29.1,2.5,0.1,0.4,122.2,116.2,1914.1,46.7,5.5,5.2,5.5
0.06,479,29.6,2.2,27.4,15.5,2.2,0.0,19.0,0.0,30.0,4.6,30.0,29.6,2.2,0.2,0.1,122.3,116.3,1919.2,46.7,4.6,5.1,5.5
0.06,480,29.5,2.0,27.5,15.4,2.0,0.0,19.0,0.0,30.0,4.6,30.0,29.5,2.0,0.3,0.1,122.4,116.4,1923.7,47.0,4.6,4.5,5.5
0.06,481,29.5,3.2,26.3,15.4,3.2,1.0,19.0,0.0,30.0,4.6,30.0,29.5,3.2,0.3,0.3,123.7,116.7,1927.7,47.0,4.0,4.0,5.5
0.06,482,29.9,3.2,26.7,15.7,3.2,1.0,19.0,0.0,30.0,4.7,30.0,29.9,3.2,0.0,0.1,123.8,116.8,1931.4,47.1,3.3,3.7,5.5
0.06,483,29.2,3.1,26.1,15.3,3.1,1.0,19.0,0.0,30.0,4.8,30.0,29.2,3.1,0.4,0.0,123.8,116.8,1933.7,47.1,3.0,2.3,5.5
0.06,484,29.5,2.7,26.8,15.7,2.7,1.0,19.0,0.0,30.0,4.8,30.0,29.5,2.7,0.3,0.2,124.0,117.0,1937.4,47.3,3.4,3.7,5.5
0.06,485,29.4,3.1,26.3,15.9,3.1,1.0,19.0,0.1,30.0,4.9,30.0,29.4,3.1,0.0,0.5,124.5,117.5,1942.4,47.3,5.1,5.0,5.5
0.06,486,29.6,3.1,26.5,15.4,3.1,1.0,19.0,0.2,30.0,5.0,30.0,29.6,3.1,0.3,0.3,124.8,117.8,1947.8,47.6,5.2,5.4,5.5
0.06,487,29.0,3.2,25.8,15.2,3.2,1.0,19.0,0.0,30.0,5.0,30.0,29.0,3.2,0.5,0.2,125.0,118.0,1951.6,47.7,4.4,3.8,5.5
0.06,488,29.8,2.3,27.5,15.7,2.3,0.0,19.0,0.0,30.0,5.1,30.0,29.8,2.3,0.1,0.2,125.2,118.2,1956.4,47.8,4.0,4.8,5.5
0.06,489,29.5,2.2,27.3,15.6,2.2,0.0,19.0,0.1,30.0,5.1,30.0,29.5,2.2,0.3,0.1,125.3,118.3,1959.9,47.9,3.8,3.5,5.5
0.06,490,29.6,2.3,27.3,15.7,2.3,0.0,19.0,0.0,30.0,5.1,30.0,29.6,2.3,0.2,0.2,125.5,118.5,1962.1,48.0,2.1,2.2,5.5
0.06,491,29.5,2.3,27.2,15.5,2.3,0.0,19.0,0.0,30.0,5.1,30.0,29.5,2.3,0.3,0.1,125.6,118.6,1965.3,48.1,3.3,3.2,5.5
0.06,492,29.6,2.3,27.3,15.8,2.3,0.0,19.0,0.0,30.0,5.2,30.0,29.6,2.3,0.1,0.2,125.8,118.8,1970.1,48.2,4.7,4.8,5.5
0.06,493,29.2,2.6,26.6,15.6,2.6,0.0,19.0,0.0,30.0,5.3,30.0,29.2,2.6,0.4,0.5,126.3,119.3,1975.1,48.2,5.4,5.0,5.5
0.06,494,29.5,2.6,26.9,15.5,2.6,0.0,19.0,0.0,30.0,5.4,30.0,29.5,2.6,0.4,0.2,126.5,119.5,1979.1,48.2,3.7,4.0,5.5
0.06,495,29.3,2.9,26.4,15.5,2.9,0.0,19.0,0.0,30.0,5.5,30.0,29.3,2.9,0.5,0.4,126.9,119.9,1983.6,48.4,4.7,4.5,5.5
0.06,496,29.5,3.0,26.5,15.9,3.0,0.0,19.0,0.0,30.0,5.5,30.0,29.5,3.0,0.2,0.2,127.1,120.1,1987.4,48.4,3.6,3.8,5.5
0.06,497,29.9,2.9,27.0,16.2,2.9,0.0,19.0,0.0,30.0,5.5,30.0,29.9,2.9,0.1,0.2,127.3,120.3,1990.1,48.4,2.3,2.7,5.5
0.06,498,29.0,2.6,26.4,15.8,2.6,0.0,19.0,0.0,30.0,5.7,30.0,29.0,2.6,0.5,0.2,127.5,120.5,1992.6,48.6,3.4,2.5,5.5
0.06,499,29.5,2.3,27.2,16.0,2.3,0.0,19.0,0.0,30.0,5.9,30.0,29.5,2.3,0.4,0.2,127.7,120.7,1998.1,48.7,5.0,5.5,5.5
0.06,500,29.6,2.3,27.3,16.1,2.3,0.0,19.0,0.0,30.0,5.9,30.0,29.6,2.3,0.2,0.2,127.9,120.9,2002.7,48.7,4.5,4.6,5.5
0.06,501,29.8,2.5,27.3,16.1,2.5,0.0,19.0,0.1,30.0,6.0,30.0,29.8,2.5,0.2,0.5,128.4,121.4,2007.3,48.7,4.4,4.6,5.5
0.06,502,29.7,2.7,27.0,16.0,2.7,0.0,19.0,0.1,30.0,6.2,30.0,29.7,2.7,0.2,0.4,128.8,121.8,2011.8,48.8,4.6,4.5,5.5
0.06,503,29.7,3.0,26.7,16.1,3.0,0.0,19.0,0.0,30.0,6.2,30.0,29.7,3.0,0.1,0.3,129.1,122.1,2015.3,48.9,3.5,3.5,5.5
0.06,504,29.7,3.0,26.7,16.2,3.0,0.0,19.0,0.0,30.0,6.4,30.0,29.7,3.0,0.0,0.2,129.3,122.3,2018.2,49.0,2.9,2.9,5.5
0.06,505,29.6,3.0,26.6,16.3,3.0,0.0,19.0,0.0,30.0,6.4,30.0,29.6,3.0,0.2,0.3,129.6,122.6,2020.5,49.1,2.4,2.3,5.5
0.06,506,28.6,2.8,25.8,15.3,2.8,0.0,19.0,0.0,30.0,6.5,30.0,28.6,2.8,0.9,0.1,129.7,122.7,2024.8,49.1,5.3,4.3,5.5
0.06,507,29.5,2.5,27.0,16.0,2.5,0.0,19.0,0.0,30.0,6.6,30.0,29.5,2.5,0.2,0.3,130.0,123.0,2030.8,49.3,5.1,6.0,5.5
0.06,508,29.6,2.7,26.9,15.8,2.7,0.0,19.0,0.0,30.0,6.6,30.0,29.6,2.7,0.3,0.2,130.2,123.2,2034.8,49.8,3.9,4.0,5.5
0.06,509,29.1,2.9,26.2,15.5,2.9,0.0,19.0,0.0,30.0,6.6,30.0,29.1,2.9,0.7,0.3,130.5,123.5,2038.8,49.8,4.5,4.0,5.5
0.06,510,29.4,2.7,26.7,16.0,2.7,0.0,19.0,0.1,30.0,6.7,30.0,29.4,2.7,0.1,0.1,130.6,123.6,2042.8,49.8,3.7,4.0,5.5
0.06,511,30.0,3.7,26.3,15.9,3.7,0.0,19.0,0.0,30.0,6.8,30.0,30.0,3.7,0.0,1.0,131.6,124.6,2046.2,50.0,2.8,3.4,5.5
0.06,512,29.9,3.5,26.4,15.7,3.5,0.0,19.0,0.0,30.0,6.8,30.0,29.9,3.5,0.1,0.2,131.8,124.8,2048.5,50.0,2.4,2.3,5.5
0.06,513,29.6,3.2,26.4,15.6,3.2,0.0,19.0,0.0,30.0,6.8,30.0,29.6,3.2,0.3,0.2,132.0,125.0,2052.8,50.3,4.6,4.3,5.5
0.06,514,29.5,3.5,26.0,15.7,3.5,0.0,19.0,0.0,30.0,6.8,30.0,29.5,3.5,0.2,0.4,132.4,125.4,2058.2,50.4,5.5,5.4,5.5
0.06,515,29.5,3.1,26.4,15.8,3.1,0.0,19.0,0.0,30.0,6.8,30.0,29.5,3.1,0.3,0.3,132.7,125.7,2062.3,50.6,4.1,4.1,5.5
0.06,516,29.6,3.6,26.0,15.9,3.6,0.0,19.0,0.0,30.0,6.9,30.0,29.6,3.6,0.3,0.6,133.3,126.3,2065.9,50.8,3.5,3.6,5.5
0.06,517,29.5,3.7,25.8,15.9,3.7,0.0,19.0,0.0,30.0,7.1,30.0,29.5,3.7,0.2,0.2,133.5,126.5,2069.6,50.8,3.8,3.7,5.5
0.06,518,29.7,4.1,25.6,16.1,4.1,0.0,19.0,0.0,30.0,7.2,30.0,29.7,4.1,0.0,0.5,134.0,127.0,2073.0,50.9,3.2,3.4,5.5
0.06,519,29.7,4.2,25.5,15.8,4.2,0.0,19.0,0.0,30.0,7.3,30.0,29.7,4.2,0.2,0.4,134.4,127.4,2075.5,51.0,2.5,2.5,5.5
0.06,520,29.6,4.4,25.2,15.5,4.4,0.0,19.0,0.1,30.0,7.3,30.0,29.6,4.4,0.1,0.4,134.8,127.8,2079.3,51.0,3.9,3.8,5.5
0.06,521,29.1,3.9,25.2,15.5,3.9,0.0,19.0,0.1,30.0,7.4,30.0,29.1,3.9,0.6,0.1,134.9,127.9,2084.3,51.2,5.5,5.0,5.5
0.06,522,29.6,3.8,25.8,15.9,3.8,0.0,19.0,0.0,30.0,7.4,30.0,29.6,3.8,0.3,0.5,135.4,128.4,2088.9,51.6,4.1,4.6,5.5
0.06,523,29.5,3.5,26.0,16.2,3.5,0.0,19.0,0.0,30.0,7.4,30.0,29.5,3.5,0.2,0.3,135.7,128.7,2092.7,51.7,3.9,3.8,5.5
0.06,524,29.8,3.5,26.3,16.4,3.5,0.0,19.0,0.0,30.0,7.4,30.0,29.8,3.5,0.1,0.3,136.0,129.0,2096.9,51.7,3.9,4.2,5.5
0.06,525,29.4,3.6,25.8,16.5,3.6,0.0,19.0,0.1,30.0,7.5,30.0,29.4,3.6,0.2,0.4,136.4,129.4,2100.1,51.8,3.6,3.2,5.5
0.06,526,30.0,3.9,26.1,16.7,3.9,0.0,19.0,0.1,30.0,7.7,30.0,30.0,3.9,0.0,0.4,136.8,129.8,2103.0,51.9,2.3,2.9,5.5
0.06,527,29.6,3.7,25.9,16.4,3.6,0.0,19.0,0.0,30.0,7.7,30.0,29.6,3.6,0.2,0.4,137.2,130.2,2106.5,52.1,3.9,3.5,5.5
0.06,528,29.1,3.5,25.6,16.1,3.5,0.0,19.0,0.0,30.0,7.7,30.0,29.1,3.5,0.2,0.3,137.5,130.5,2111.2,52.1,5.2,4.7,5.5
0.06,529,29.0,3.5,25.5,15.7,3.5,0.0,19.0,0.0,30.0,7.7,30.0,29.0,3.5,0.4,0.6,138.1,131.1,2116.1,52.3,5.0,4.9,5.5
0.06,530,29.3,3.8,25.5,15.7,3.8,0.0,19.0,0.2,30.0,7.8,30.0,29.3,3.8,0.4,0.6,138.7,131.7,2120.1,52.4,3.7,4.0,5.5
0.06,531,29.7,3.9,25.8,15.9,3.9,0.0,19.0,0.0,30.0,7.9,30.0,29.7,3.9,0.1,0.2,138.9,131.9,2124.6,52.7,4.1,4.5,5.5
0.06,532,29.8,4.2,25.6,15.9,4.2,0.0,19.0,0.0,30.0,8.0,30.0,29.8,4.2,0.1,0.4,139.3,132.3,2127.7,53.0,3.0,3.1,5.5
0.06,533,29.7,3.9,25.8,16.0,3.9,0.0,19.0,0.0,30.0,8.1,30.0,29.7,3.9,0.1,0.0,139.3,132.3,2130.6,53.1,3.0,2.9,5.5
0.06,534,29.2,3.9,25.3,15.8,3.9,0.0,19.0,0.0,30.0,8.2,30.0,29.2,3.9,0.4,0.5,139.8,132.8,2133.5,53.2,3.4,2.9,5.5
0.06,535,29.5,4.1,25.4,15.7,4.1,0.0,19.0,0.1,30.0,8.2,30.0,29.5,4.1,0.4,0.5,140.3,133.3,2138.1,53.3,4.3,4.6,5.5
0.06,536,29.1,4.2,24.9,15.5,4.2,0.0,19.0,0.1,30.0,8.4,30.0,29.1,4.2,0.6,0.3,140.6,133.6,2142.1,53.5,4.4,4.0,5.5
0.06,537,29.5,4.3,25.2,15.6,4.3,0.0,19.0,0.0,30.0,8.4,30.0,29.5,4.3,0.5,0.5,141.1,134.1,2146.5,53.5,4.0,4.4,5.5
0.06,538,29.3,4.6,24.7,15.6,4.6,0.0,19.0,0.0,30.0,8.6,30.0,29.3,4.6,0.3,0.5,141.6,134.6,2150.8,53.8,4.5,4.3,5.5
0.06,539,29.9,4.8,25.1,15.8,4.8,0.0,19.0,0.0,30.0,8.6,30.0,29.9,4.8,0.0,0.5,142.1,135.1,2154.6,53.8,3.2,3.8,5.5
0.06,540,29.7,5.0,24.7,15.7,5.0,0.0,19.0,0.0,30.0,8.7,30.0,29.7,5.0,0.3,0.4,142.5,135.5,2157.0,53.8,2.6,2.4,5.5
0.06,541,29.7,5.3,24.4,16.0,5.3,0.0,19.0,0.1,30.0,8.7,30.0,29.7,5.3,0.3,0.9,143.4,136.4,2160.1,54.0,3.1,3.1,5.5
0.06,542,29.3,4.7,24.6,16.0,4.7,0.0,19.0,0.0,30.0,8.7,30.0,29.3,4.7,0.2,0.1,143.5,136.5,2164.7,54.5,5.0,4.6,5.5
0.06,543,29.6,4.2,25.4,16.1,4.2,0.0,19.0,0.1,30.0,8.7,30.0,29.6,4.2,0.2,0.2,143.7,136.7,2169.2,54.8,4.2,4.5,5.5
0.06,544,29.5,4.3,25.2,15.5,4.3,0.0,19.0,0.2,30.0,8.7,30.0,29.5,4.3,0.4,0.5,144.2,137.2,2173.4,54.8,4.3,4.2,5.5
0.06,545,29.3,4.5,24.8,15.4,4.5,0.0,19.0,0.0,30.0,8.8,30.0,29.3,4.5,0.6,0.4,144.6,137.6,2177.2,54.8,4.0,3.8,5.5
0.06,546,29.5,4.3,25.2,15.7,4.3,0.0,19.0,0.1,30.0,8.8,30.0,29.5,4.3,0.3,0.0,144.6,137.6,2181.0,54.9,3.6,3.8,5.5
0.06,547,29.4,4.1,25.3,15.8,4.1,0.0,19.0,0.0,30.0,8.9,30.0,29.4,4.1,0.2,0.3,144.9,137.9,2183.6,55.0,2.7,2.6,5.5
0.06,548,29.1,4.3,24.8,15.5,4.3,0.0,19.0,0.0,30.0,9.2,30.0,29.1,4.3,0.5,0.6,145.5,138.5,2186.4,55.3,3.1,2.8,5.5
0.06,549,29.1,4.1,25.0,15.4,4.1,0.0,19.0,0.0,30.0,9.3,30.0,29.1,4.1,0.3,0.1,145.6,138.6,2190.8,55.3,4.4,4.4,5.5
0.06,550,29.6,4.1,25.5,15.3,4.1,0.0,19.0,0.1,30.0,9.5,30.0,29.6,4.1,0.3,0.5,146.1,139.1,2196.1,55.4,4.8,5.3,5.5
0.06,551,29.4,4.3,25.1,15.2,4.3,0.0,19.0,0.0,30.0,9.7,30.0,29.4,4.3,0.4,0.7,146.8,139.8,2200.3,55.7,4.4,4.2,5.5
0.06,552,29.5,4.2,25.3,15.5,4.2,0.0,19.0,0.1,30.0,9.7,30.0,29.5,4.2,0.3,0.4,147.2,140.2,2204.6,55.9,4.2,4.3,5.5
0.06,553,29.3,4.3,25.0,15.5,4.3,0.0,19.0,0.0,30.0,9.7,30.0,29.3,4.3,0.4,0.5,147.7,140.7,2208.0,56.0,3.6,3.4,5.5
0.06,554,29.6,4.4,25.2,15.6,4.4,0.0,19.0,0.0,30.0,9.8,30.0,29.6,4.4,0.2,0.3,148.0,141.0,2210.7,56.1,2.4,2.7,5.5
0.06,555,29.6,4.2,25.4,15.4,4.2,0.0,19.0,0.0,30.0,9.8,30.0,29.6,4.2,0.2,0.2,148.2,141.2,2213.4,56.5,2.7,2.7,5.5
0.06,556,29.4,4.2,25.2,15.6,4.2,0.0,19.0,0.0,30.0,9.9,30.0,29.4,4.2,0.3,0.5,148.7,141.7,2218.0,56.6,4.8,4.6,5.5
0.06,557,29.6,4.2,25.4,15.7,4.2,0.0,19.0,0.0,30.0,10.0,30.0,29.6,4.2,0.3,0.2,148.9,141.9,2222.8,56.8,4.6,4.8,5.5
0.06,558,29.6,4.4,25.2,15.7,4.4,0.0,19.0,0.0,30.0,10.0,30.0,29.6,4.4,0.2,0.5,149.4,142.4,2227.1,56.8,4.3,4.3,5.5
0.06,559,29.3,4.7,24.6,15.0,4.7,0.0,19.0,0.0,30.0,10.1,30.0,29.3,4.7,0.7,0.4,149.8,142.8,2230.8,57.0,4.0,3.7,5.5
0.06,560,29.6,4.8,24.8,15.6,4.8,0.0,19.0,0.0,30.0,10.3,30.0,29.6,4.8,0.2,0.7,150.5,143.5,2234.7,57.2,3.6,3.9,5.5
0.06,561,29.6,5.2,24.4,15.5,5.2,0.0,19.0,0.0,30.0,10.3,30.0,29.6,5.2,0.2,0.8,151.3,144.3,2237.6,57.3,2.9,2.9,5.5
0.06,562,29.5,4.9,24.6,15.5,4.9,0.0,19.0,0.1,30.0,10.4,30.0,29.5,4.9,0.2,0.2,151.5,144.5,2240.5,57.5,3.0,2.9,5.5
0.06,563,29.2,5.1,24.1,15.0,5.1,0.0,19.0,0.0,30.0,10.5,30.0,29.2,5.1,0.5,0.3,151.8,144.8,2244.3,57.8,4.1,3.8,5.5
0.06,564,29.7,4.6,25.1,15.9,4.6,0.0,19.0,0.2,30.0,10.5,30.0,29.7,4.6,0.0,0.4,152.2,145.2,2249.9,57.9,5.1,5.6,5.5
0.06,565,29.5,4.7,24.8,15.8,4.7,0.0,19.0,0.0,30.0,10.5,30.0,29.5,4.7,0.2,0.3,152.5,145.5,2253.2,58.3,3.5,3.3,5.5
0.06,566,29.6,4.8,24.8,15.9,4.8,0.0,19.0,0.0,30.0,10.6,30.0,29.6,4.8,0.1,0.5,153.0,146.0,2257.2,58.4,3.9,4.0,5.5
0.06,567,29.6,5.2,24.4,15.5,5.2,0.0,19.0,0.1,30.0,10.6,30.0,29.6,5.2,0.4,0.8,153.8,146.8,2261.1,58.7,3.9,3.9,5.5
0.06,568,30.0,5.6,24.4,15.7,5.6,0.0,19.0,0.1,30.0,10.7,30.0,30.0,5.6,0.0,0.6,154.4,147.4,2264.2,58.8,2.7,3.1,5.5
0.06,569,29.8,5.6,24.2,15.7,5.6,0.0,19.0,0.0,30.0,10.7,30.0,29.8,5.6,0.1,0.2,154.6,147.6,2266.3,59.1,2.3,2.1,5.5
0.06,570,29.7,5.2,24.5,15.7,5.2,0.0,19.0,0.1,30.0,10.7,30.0,29.7,5.2,0.2,0.2,154.8,147.8,2270.3,59.3,4.1,4.0,5.5
