prob_transmission,day,patients,patient_C,patient_S,patient_isolated,patient_positive,patient_preinfection,hcws,hcw_C,goo,goo_C,beds,filled_beds,filled_sick_beds,empty_isolated_beds,daily_hcw_infections,cumulative_sick_patients,cumulative_sick_patients_by_HCW,cumulative_patients,move2isol,daily_discharges,daily_admissions,iteration
0.03,0,30.0,0.0,30.0,16.0,0.0,0.0,19.0,0.0,30.0,0.0,30.0,0.0,0.0,0.0,0.0,0.0,0.0,30.0,0.0,0.0,0.0,5.5
0.03,1,30.0,0.0,30.0,16.0,0.0,0.0,19.0,0.0,30.0,0.0,30.0,30.0,0.0,0.0,0.0,0.0,0.0,30.0,0.0,0.0,0.0,5.5
0.03,2,30.0,0.0,30.0,16.0,0.0,0.0,19.0,0.0,30.0,0.0,30.0,30.0,0.0,0.0,0.0,0.0,0.0,30.5,0.0,0.5,0.5,5.5
0.03,3,30.0,0.0,30.0,16.0,0.0,0.0,19.0,0.0,30.0,0.0,30.0,30.0,0.0,0.0,0.0,0.0,0.0,30.5,0.0,0.0,0.0,5.5
0.03,4,30.0,0.0,30.0,16.0,0.0,0.0,19.0,0.0,30.0,0.0,30.0,30.0,0.0,0.0,0.0,0.0,0.0,30.5,0.0,0.0,0.0,5.5
0.03,5,30.0,0.0,30.0,16.0,0.0,0.0,19.0,0.0,30.0,0.0,30.0,30.0,0.0,0.0,0.0,0.0,0.0,30.5,0.0,0.0,0.0,5.5
0.03,6,30.0,0.0,30.0,16.0,0.0,0.0,19.0,0.0,30.0,0.0,30.0,30.0,0.0,0.0,0.0,0.0,0.0,30.5,0.0,0.0,0.0,5.5
0.03,7,30.0,0.0,30.0,16.0,0.0,0.0,19.0,0.0,30.0,0.0,30.0,30.0,0.0,0.0,0.0,0.0,0.0,30.5,0.0,0.0,0.0,5.5
0.03,8,30.0,0.0,30.0,16.0,0.0,0.0,19.0,0.0,30.0,0.0,30.0,30.0,0.0,0.0,0.0,0.0,0.0,30.5,0.0,0.0,0.0,5.5
0.03,9,30.0,0.0,30.0,16.0,0.0,0.0,19.0,0.0,30.0,0.0,30.0,30.0,0.0,0.0,0.0,0.0,0.0,31.0,0.0,0.5,0.5,5.5
0.03,10,30.0,0.0,30.0,16.0,0.0,0.0,19.0,0.0,30.0,0.0,30.0,30.0,0.0,0.0,0.0,0.0,0.0,31.0,0.0,0.0,0.0,5.5
0.03,11,30.0,0.0,30.0,16.0,0.0,0.0,19.0,0.0,30.0,0.0,30.0,30.0,0.0,0.0,0.0,0.0,0.0,31.0,0.0,0.0,0.0,5.5
0.03,12,30.0,0.0,30.0,16.0,0.0,0.0,19.0,0.0,30.0,0.0,30.0,30.0,0.0,0.0,0.0,0.0,0.0,31.0,0.0,0.0,0.0,5.5
0.03,13,30.0,0.0,30.0,16.0,0.0,0.0,19.0,0.0,30.0,0.0,30.0,30.0,0.0,0.0,0.0,0.0,0.0,31.0,0.0,0.0,0.0,5.5
0.03,14,30.0,0.0,30.0,16.0,0.0,0.0,19.0,0.0,30.0,0.0,30.0,30.0,0.0,0.0,0.0,0.0,0.0,31.0,0.0,0.0,0.0,5.5
0.03,15,30.0,0.0,30.0,16.0,0.0,0.0,19.0,0.0,30.0,0.0,30.0,30.0,0.0,0.0,0.0,0.0,0.0,31.0,0.0,0.0,0.0,5.5
0.03,16,30.0,0.0,30.0,16.0,0.0,0.0,19.0,0.0,30.0,0.0,30.0,30.0,0.0,0.0,0.0,0.0,0.0,31.5,0.0,0.5,0.5,5.5
0.03,17,30.0,0.0,30.0,16.0,0.0,0.0,19.0,0.0,30.0,0.0,30.0,30.0,0.0,0.0,0.0,0.0,0.0,31.5,0.0,0.0,0.0,5.5
0.03,18,30.0,0.0,30.0,16.0,0.0,0.0,19.0,0.0,30.0,0.0,30.0,30.0,0.0,0.0,0.0,0.0,0.0,31.5,0.0,0.0,0.0,5.5
0.03,19,30.0,0.0,30.0,16.0,0.0,0.0,19.0,0.0,30.0,0.0,30.0,30.0,0.0,0.0,0.0,0.0,0.0,31.5,0.0,0.0,0.0,5.5
0.03,20,30.0,0.0,30.0,16.0,0.0,0.0,19.0,0.0,30.0,0.0,30.0,30.0,0.0,0.0,0.0,0.0,0.0,31.5,0.0,0.0,0.0,5.5
0.03,21,30.0,0.0,30.0,16.0,0.0,0.0,19.0,0.0,30.0,0.0,30.0,30.0,0.0,0.0,0.0,0.0,0.0,31.5,0.0,0.0,0.0,5.5
0.03,22,30.0,0.0,30.0,16.0,0.0,0.0,19.0,0.0,30.0,0.0,30.0,30.0,0.0,0.0,0.0,0.0,0.0,31.5,0.0,0.0,0.0,5.5
0.03,23,30.0,0.0,30.0,16.0,0.0,0.0,19.0,0.0,30.0,0.0,30.0,30.0,0.0,0.0,0.0,0.0,0.0,32.0,0.0,0.5,0.5,5.5
0.03,24,30.0,0.0,30.0,16.0,0.0,0.0,19.0,0.0,30.0,0.0,30.0,30.0,0.0,0.0,0.0,0.0,0.0,32.0,0.0,0.0,0.0,5.5
0.03,25,30.0,0.0,30.0,16.0,0.0,0.0,19.0,0.0,30.0,0.0,30.0,30.0,0.0,0.0,0.0,0.0,0.0,32.0,0.0,0.0,0.0,5.5
0.03,26,30.0,0.0,30.0,16.0,0.0,0.0,19.0,0.0,30.0,0.0,30.0,30.0,0.0,0.0,0.0,0.0,0.0,32.0,0.0,0.0,0.0,5.5
0.03,27,30.0,0.0,30.0,16.0,0.0,0.0,19.0,0.0,30.0,0.0,30.0,30.0,0.0,0.0,0.0,0.0,0.0,32.0,0.0,0.0,0.0,5.5
0.03,28,30.0,0.0,30.0,16.0,0.0,0.0,19.0,0.0,30.0,0.0,30.0,30.0,0.0,0.0,0.0,0.0,0.0,32.0,0.0,0.0,0.0,5.5
0.03,29,30.0,0.0,30.0,16.0,0.0,0.0,19.0,0.0,30.0,0.0,30.0,30.0,0.0,0.0,0.0,0.0,0.0,32.0,0.0,0.0,0.0,5.5
0.03,30,29.9,0.0,29.9,15.9,0.0,0.0,19.0,0.0,30.0,0.0,30.0,29.9,0.0,0.1,0.0,0.0,0.0,32.4,0.0,0.5,0.4,5.5
0.03,31,30.0,0.0,30.0,16.0,0.0,0.0,19.0,0.0,30.0,0.0,30.0,30.0,0.0,0.0,0.0,0.0,0.0,32.5,0.0,0.0,0.1,5.5
0.03,32,30.0,0.0,30.0,16.0,0.0,0.0,19.0,0.0,30.0,0.0,30.0,30.0,0.0,0.0,0.0,0.0,0.0,32.5,0.0,0.0,0.0,5.5
0.03,33,30.0,0.0,30.0,16.0,0.0,0.0,19.0,0.0,30.0,0.0,30.0,30.0,0.0,0.0,0.0,0.0,0.0,32.5,0.0,0.0,0.0,5.5
0.03,34,30.0,0.0,30.0,16.0,0.0,0.0,19.0,0.0,30.0,0.0,30.0,30.0,0.0,0.0,0.0,0.0,0.0,32.5,0.0,0.0,0.0,5.5
0.03,35,30.0,0.0,30.0,16.0,0.0,0.0,19.0,0.0,30.0,0.0,30.0,30.0,0.0,0.0,0.0,0.0,0.0,32.5,0.0,0.0,0.0,5.5
0.03,36,30.0,0.0,30.0,16.0,0.0,0.0,19.0,0.0,30.0,0.0,30.0,30.0,0.0,0.0,0.0,0.0,0.0,32.5,0.0,0.0,0.0,5.5
0.03,37,30.0,0.0,30.0,16.0,0.0,0.0,19.0,0.0,30.0,0.0,30.0,30.0,0.0,0.0,0.0,0.0,0.0,32.9,0.0,0.4,0.4,5.5
0.03,38,30.0,0.0,30.0,16.0,0.0,0.0,19.0,0.0,30.0,0.0,30.0,30.0,0.0,0.0,0.0,0.0,0.0,33.0,0.0,0.1,0.1,5.5
0.03,39,30.0,0.0,30.0,16.0,0.0,0.0,19.0,0.0,30.0,0.0,30.0,30.0,0.0,0.0,0.0,0.0,0.0,33.0,0.0,0.0,0.0,5.5
0.03,40,30.0,0.0,30.0,16.0,0.0,0.0,19.0,0.0,30.0,0.0,30.0,30.0,0.0,0.0,0.0,0.0,0.0,33.0,0.0,0.0,0.0,5.5
0.03,41,30.0,0.0,30.0,16.0,0.0,0.0,19.0,0.0,30.0,0.0,30.0,30.0,0.0,0.0,0.0,0.0,0.0,33.0,0.0,0.0,0.0,5.5
0.03,42,30.0,0.0,30.0,16.0,0.0,0.0,19.0,0.0,30.0,0.0,30.0,30.0,0.0,0.0,0.0,0.0,0.0,33.0,0.0,0.0,0.0,5.5
0.03,43,30.0,0.0,30.0,16.0,0.0,0.0,19.0,0.0,30.0,0.0,30.0,30.0,0.0,0.0,0.0,0.0,0.0,33.0,0.0,0.0,0.0,5.5
0.03,44,30.0,0.0,30.0,16.0,0.0,0.0,19.0,0.0,30.0,0.0,30.0,30.0,0.0,0.0,0.0,0.0,0.0,33.4,0.0,0.4,0.4,5.5
0.03,45,30.0,0.0,30.0,16.0,0.0,0.0,19.0,0.0,30.0,0.0,30.0,30.0,0.0,0.0,0.0,0.0,0.0,33.5,0.0,0.1,0.1,5.5
0.03,46,30.0,0.0,30.0,16.0,0.0,0.0,19.0,0.0,30.0,0.0,30.0,30.0,0.0,0.0,0.0,0.0,0.0,33.5,0.0,0.0,0.0,5.5
0.03,47,30.0,0.0,30.0,16.0,0.0,0.0,19.0,0.0,30.0,0.0,30.0,30.0,0.0,0.0,0.0,0.0,0.0,33.5,0.0,0.0,0.0,5.5
0.03,48,30.0,0.0,30.0,16.0,0.0,0.0,19.0,0.0,30.0,0.0,30.0,30.0,0.0,0.0,0.0,0.0,0.0,33.5,0.0,0.0,0.0,5.5
0.03,49,30.0,0.0,30.0,16.0,0.0,0.0,19.0,0.0,30.0,0.0,30.0,30.0,0.0,0.0,0.0,0.0,0.0,33.5,0.0,0.0,0.0,5.5
0.03,50,30.0,0.0,30.0,16.0,0.0,0.0,19.0,0.0,30.0,0.0,30.0,30.0,0.0,0.0,0.0,0.0,0.0,33.5,0.0,0.0,0.0,5.5
0.03,51,30.0,0.0,30.0,16.0,0.0,0.0,19.0,0.0,30.0,0.0,30.0,30.0,0.0,0.0,0.0,0.0,0.0,33.9,0.0,0.4,0.4,5.5
0.03,52,30.0,0.0,30.0,16.0,0.0,0.0,19.0,0.0,30.0,0.0,30.0,30.0,0.0,0.0,0.0,0.0,0.0,34.0,0.0,0.1,0.1,5.5
0.03,53,30.0,0.0,30.0,16.0,0.0,0.0,19.0,0.0,30.0,0.0,30.0,30.0,0.0,0.0,0.0,0.0,0.0,34.0,0.0,0.0,0.0,5.5
0.03,54,30.0,0.0,30.0,16.0,0.0,0.0,19.0,0.0,30.0,0.0,30.0,30.0,0.0,0.0,0.0,0.0,0.0,34.0,0.0,0.0,0.0,5.5
0.03,55,30.0,0.0,30.0,16.0,0.0,0.0,19.0,0.0,30.0,0.0,30.0,30.0,0.0,0.0,0.0,0.0,0.0,34.0,0.0,0.0,0.0,5.5
0.03,56,30.0,0.0,30.0,16.0,0.0,0.0,19.0,0.0,30.0,0.0,30.0,30.0,0.0,0.0,0.0,0.0,0.0,34.0,0.0,0.0,0.0,5.5
0.03,57,30.0,0.0,30.0,16.0,0.0,0.0,19.0,0.0,30.0,0.0,30.0,30.0,0.0,0.0,0.0,0.0,0.0,34.0,0.0,0.0,0.0,5.5
0.03,58,29.9,0.0,29.9,16.0,0.0,0.0,19.0,0.0,30.0,0.0,30.0,29.9,0.0,0.0,0.0,0.0,0.0,34.3,0.0,0.4,0.3,5.5
0.03,59,30.0,0.0,30.0,16.0,0.0,0.0,19.0,0.0,30.0,0.0,30.0,30.0,0.0,0.0,0.0,0.0,0.0,34.5,0.0,0.1,0.2,5.5
0.03,60,30.0,0.0,30.0,16.0,0.0,0.0,19.0,0.0,30.0,0.0,30.0,30.0,0.0,0.0,0.0,0.0,0.0,34.5,0.0,0.0,0.0,5.5
0.03,61,30.0,0.0,30.0,16.0,0.0,0.0,19.0,0.0,30.0,0.0,30.0,30.0,0.0,0.0,0.0,0.0,0.0,34.5,0.0,0.0,0.0,5.5
0.03,62,30.0,0.0,30.0,16.0,0.0,0.0,19.0,0.0,30.0,0.0,30.0,30.0,0.0,0.0,0.0,0.0,0.0,34.5,0.0,0.0,0.0,5.5
0.03,63,30.0,0.0,30.0,16.0,0.0,0.0,19.0,0.0,30.0,0.0,30.0,30.0,0.0,0.0,0.0,0.0,0.0,34.5,0.0,0.0,0.0,5.5
0.03,64,30.0,0.0,30.0,16.0,0.0,0.0,19.0,0.0,30.0,0.0,30.0,30.0,0.0,0.0,0.0,0.0,0.0,34.5,0.0,0.0,0.0,5.5
0.03,65,30.0,0.3,29.7,16.0,0.3,0.3,19.0,0.0,30.0,0.0,30.0,30.0,0.3,0.0,0.0,0.3,0.0,34.8,0.0,0.3,0.3,5.5
0.03,66,30.0,0.4,29.6,16.0,0.4,0.4,19.0,0.0,30.0,0.0,30.0,30.0,0.4,0.0,0.0,0.4,0.0,35.0,0.0,0.2,0.2,5.5
0.03,67,30.0,0.4,29.6,16.0,0.4,0.4,19.0,0.0,30.0,0.0,30.0,30.0,0.4,0.0,0.0,0.4,0.0,35.0,0.0,0.0,0.0,5.5
0.03,68,30.0,0.4,29.6,16.0,0.4,0.4,19.0,0.0,30.0,0.0,30.0,30.0,0.4,0.0,0.0,0.4,0.0,35.0,0.0,0.0,0.0,5.5
0.03,69,30.0,0.4,29.6,16.0,0.4,0.4,19.0,0.0,30.0,0.0,30.0,30.0,0.4,0.0,0.0,0.4,0.0,35.0,0.0,0.0,0.0,5.5
0.03,70,30.0,0.4,29.6,16.0,0.4,0.4,19.0,0.0,30.0,0.0,30.0,30.0,0.4,0.0,0.0,0.4,0.0,35.0,0.0,0.0,0.0,5.5
0.03,71,30.0,0.4,29.6,16.0,0.4,0.4,19.0,0.0,30.0,0.0,30.0,30.0,0.4,0.0,0.0,0.4,0.0,35.0,0.0,0.0,0.0,5.5
0.03,72,29.8,0.1,29.7,15.9,0.1,0.1,19.0,0.0,30.0,0.0,30.0,29.8,0.1,0.1,0.0,0.4,0.0,35.1,0.0,0.3,0.1,5.5
0.03,73,30.0,0.0,30.0,16.0,0.0,0.0,19.0,0.0,30.0,0.0,30.0,30.0,0.0,0.0,0.0,0.4,0.0,35.5,0.0,0.2,0.4,5.5
0.03,74,30.0,0.0,30.0,16.0,0.0,0.0,19.0,0.0,30.0,0.0,30.0,30.0,0.0,0.0,0.0,0.4,0.0,35.5,0.0,0.0,0.0,5.5
0.03,75,30.0,0.0,30.0,16.0,0.0,0.0,19.0,0.0,30.0,0.0,30.0,30.0,0.0,0.0,0.0,0.4,0.0,35.5,0.0,0.0,0.0,5.5
0.03,76,30.0,0.0,30.0,16.0,0.0,0.0,19.0,0.0,30.0,0.0,30.0,30.0,0.0,0.0,0.0,0.4,0.0,35.5,0.0,0.0,0.0,5.5
0.03,77,30.0,0.0,30.0,16.0,0.0,0.0,19.0,0.0,30.0,0.0,30.0,30.0,0.0,0.0,0.0,0.4,0.0,35.5,0.0,0.0,0.0,5.5
0.03,78,30.0,0.0,30.0,16.0,0.0,0.0,19.0,0.0,30.0,0.0,30.0,30.0,0.0,0.0,0.0,0.4,0.0,35.5,0.0,0.0,0.0,5.5
0.03,79,30.0,0.0,30.0,16.0,0.0,0.0,19.0,0.0,30.0,0.0,30.0,30.0,0.0,0.0,0.0,0.4,0.0,35.6,0.0,0.1,0.1,5.5
0.03,80,30.0,0.0,30.0,16.0,0.0,0.0,19.0,0.0,30.0,0.0,30.0,30.0,0.0,0.0,0.0,0.4,0.0,36.0,0.0,0.4,0.4,5.5
0.03,81,30.0,0.0,30.0,16.0,0.0,0.0,19.0,0.0,30.0,0.0,30.0,30.0,0.0,0.0,0.0,0.4,0.0,36.0,0.0,0.0,0.0,5.5
0.03,82,30.0,0.0,30.0,16.0,0.0,0.0,19.0,0.0,30.0,0.0,30.0,30.0,0.0,0.0,0.0,0.4,0.0,36.0,0.0,0.0,0.0,5.5
0.03,83,30.0,0.0,30.0,16.0,0.0,0.0,19.0,0.0,30.0,0.0,30.0,30.0,0.0,0.0,0.0,0.4,0.0,36.0,0.0,0.0,0.0,5.5
0.03,84,30.0,0.0,30.0,16.0,0.0,0.0,19.0,0.0,30.0,0.0,30.0,30.0,0.0,0.0,0.0,0.4,0.0,36.0,0.0,0.0,0.0,5.5
0.03,85,30.0,0.0,30.0,16.0,0.0,0.0,19.0,0.0,30.0,0.0,30.0,30.0,0.0,0.0,0.0,0.4,0.0,36.0,0.0,0.0,0.0,5.5
0.03,86,30.0,0.0,30.0,16.0,0.0,0.0,19.0,0.0,30.0,0.0,30.0,30.0,0.0,0.0,0.0,0.4,0.0,36.1,0.0,0.1,0.1,5.5
0.03,87,30.0,0.0,30.0,16.0,0.0,0.0,19.0,0.0,30.0,0.0,30.0,30.0,0.0,0.0,0.0,0.4,0.0,36.5,0.0,0.4,0.4,5.5
0.03,88,30.0,0.0,30.0,16.0,0.0,0.0,19.0,0.0,30.0,0.0,30.0,30.0,0.0,0.0,0.0,0.4,0.0,36.5,0.0,0.0,0.0,5.5
0.03,89,30.0,0.0,30.0,16.0,0.0,0.0,19.0,0.0,30.0,0.0,30.0,30.0,0.0,0.0,0.0,0.4,0.0,36.5,0.0,0.0,0.0,5.5
0.03,90,30.0,0.0,30.0,16.0,0.0,0.0,19.0,0.0,30.0,0.0,30.0,30.0,0.0,0.0,0.0,0.4,0.0,36.5,0.0,0.0,0.0,5.5
0.03,91,30.0,0.0,30.0,16.0,0.0,0.0,19.0,0.0,30.0,0.0,30.0,30.0,0.0,0.0,0.0,0.4,0.0,36.5,0.0,0.0,0.0,5.5
0.03,92,30.0,0.0,30.0,16.0,0.0,0.0,19.0,0.0,30.0,0.0,30.0,30.0,0.0,0.0,0.0,0.4,0.0,36.5,0.0,0.0,0.0,5.5
0.03,93,30.0,0.0,30.0,16.0,0.0,0.0,19.0,0.0,30.0,0.0,30.0,30.0,0.0,0.0,0.0,0.4,0.0,36.6,0.0,0.1,0.1,5.5
0.03,94,30.0,0.0,30.0,16.0,0.0,0.0,19.0,0.0,30.0,0.0,30.0,30.0,0.0,0.0,0.0,0.4,0.0,37.0,0.0,0.4,0.4,5.5
0.03,95,30.0,0.0,30.0,16.0,0.0,0.0,19.0,0.0,30.0,0.0,30.0,30.0,0.0,0.0,0.0,0.4,0.0,37.0,0.0,0.0,0.0,5.5
0.03,96,30.0,0.0,30.0,16.0,0.0,0.0,19.0,0.0,30.0,0.0,30.0,30.0,0.0,0.0,0.0,0.4,0.0,37.0,0.0,0.0,0.0,5.5
0.03,97,30.0,0.0,30.0,16.0,0.0,0.0,19.0,0.0,30.0,0.0,30.0,30.0,0.0,0.0,0.0,0.4,0.0,37.0,0.0,0.0,0.0,5.5
0.03,98,30.0,0.0,30.0,16.0,0.0,0.0,19.0,0.0,30.0,0.0,30.0,30.0,0.0,0.0,0.0,0.4,0.0,37.0,0.0,0.0,0.0,5.5
0.03,99,30.0,0.0,30.0,16.0,0.0,0.0,19.0,0.0,30.0,0.0,30.0,30.0,0.0,0.0,0.0,0.4,0.0,37.0,0.0,0.0,0.0,5.5
0.03,100,29.9,0.0,29.9,15.9,0.0,0.0,19.0,0.0,30.0,0.0,30.0,29.9,0.0,0.1,0.0,0.4,0.0,37.0,0.0,0.1,0.0,5.5
0.03,101,30.0,0.0,30.0,16.0,0.0,0.0,19.0,0.0,30.0,0.0,30.0,30.0,0.0,0.0,0.0,0.4,0.0,37.5,0.0,0.4,0.5,5.5
0.03,102,30.0,0.0,30.0,16.0,0.0,0.0,19.0,0.0,30.0,0.0,30.0,30.0,0.0,0.0,0.0,0.4,0.0,37.5,0.0,0.0,0.0,5.5
0.03,103,30.0,0.0,30.0,16.0,0.0,0.0,19.0,0.0,30.0,0.0,30.0,30.0,0.0,0.0,0.0,0.4,0.0,37.5,0.0,0.0,0.0,5.5
0.03,104,30.0,0.0,30.0,16.0,0.0,0.0,19.0,0.0,30.0,0.0,30.0,30.0,0.0,0.0,0.0,0.4,0.0,37.5,0.0,0.0,0.0,5.5
0.03,105,30.0,0.0,30.0,16.0,0.0,0.0,19.0,0.0,30.0,0.0,30.0,30.0,0.0,0.0,0.0,0.4,0.0,37.5,0.0,0.0,0.0,5.5
0.03,106,30.0,0.0,30.0,16.0,0.0,0.0,19.0,0.0,30.0,0.0,30.0,30.0,0.0,0.0,0.0,0.4,0.0,37.5,0.0,0.0,0.0,5.5
0.03,107,30.0,0.0,30.0,16.0,0.0,0.0,19.0,0.0,30.0,0.0,30.0,30.0,0.0,0.0,0.0,0.4,0.0,37.5,0.0,0.0,0.0,5.5
0.03,108,30.0,0.0,30.0,16.0,0.0,0.0,19.0,0.0,30.0,0.0,30.0,30.0,0.0,0.0,0.0,0.4,0.0,38.0,0.0,0.5,0.5,5.5
0.03,109,30.0,0.0,30.0,16.0,0.0,0.0,19.0,0.0,30.0,0.0,30.0,30.0,0.0,0.0,0.0,0.4,0.0,38.0,0.0,0.0,0.0,5.5
0.03,110,30.0,0.0,30.0,16.0,0.0,0.0,19.0,0.0,30.0,0.0,30.0,30.0,0.0,0.0,0.0,0.4,0.0,38.0,0.0,0.0,0.0,5.5
0.03,111,30.0,0.0,30.0,16.0,0.0,0.0,19.0,0.0,30.0,0.0,30.0,30.0,0.0,0.0,0.0,0.4,0.0,38.0,0.0,0.0,0.0,5.5
0.03,112,30.0,0.0,30.0,16.0,0.0,0.0,19.0,0.0,30.0,0.0,30.0,30.0,0.0,0.0,0.0,0.4,0.0,38.0,0.0,0.0,0.0,5.5
0.03,113,30.0,0.0,30.0,16.0,0.0,0.0,19.0,0.0,30.0,0.0,30.0,30.0,0.0,0.0,0.0,0.4,0.0,38.0,0.0,0.0,0.0,5.5
0.03,114,30.0,0.0,30.0,16.0,0.0,0.0,19.0,0.0,30.0,0.0,30.0,30.0,0.0,0.0,0.0,0.4,0.0,38.0,0.0,0.0,0.0,5.5
0.03,115,29.8,0.0,29.8,15.9,0.0,0.0,19.0,0.0,30.0,0.0,30.0,29.8,0.0,0.1,0.0,0.4,0.0,38.3,0.0,0.5,0.3,5.5
0.03,116,30.0,0.0,30.0,16.0,0.0,0.0,19.0,0.0,30.0,0.0,30.0,30.0,0.0,0.0,0.0,0.4,0.0,38.5,0.0,0.0,0.2,5.5
0.03,117,30.0,0.0,30.0,16.0,0.0,0.0,19.0,0.0,30.0,0.0,30.0,30.0,0.0,0.0,0.0,0.4,0.0,38.5,0.0,0.0,0.0,5.5
0.03,118,30.0,0.0,30.0,16.0,0.0,0.0,19.0,0.0,30.0,0.0,30.0,30.0,0.0,0.0,0.0,0.4,0.0,38.5,0.0,0.0,0.0,5.5
0.03,119,30.0,0.0,30.0,16.0,0.0,0.0,19.0,0.0,30.0,0.0,30.0,30.0,0.0,0.0,0.0,0.4,0.0,38.5,0.0,0.0,0.0,5.5
0.03,120,30.0,0.0,30.0,16.0,0.0,0.0,19.0,0.0,30.0,0.0,30.0,30.0,0.0,0.0,0.0,0.4,0.0,38.5,0.0,0.0,0.0,5.5
0.03,121,30.0,0.0,30.0,16.0,0.0,0.0,19.0,0.0,30.0,0.0,30.0,30.0,0.0,0.0,0.0,0.4,0.0,38.5,0.0,0.0,0.0,5.5
0.03,122,29.9,0.2,29.7,16.0,0.2,0.2,19.0,0.0,30.0,0.0,30.0,29.9,0.2,0.0,0.0,0.6,0.0,38.7,0.0,0.3,0.2,5.5
0.03,123,30.0,0.4,29.6,16.0,0.4,0.4,19.0,0.0,30.0,0.0,30.0,30.0,0.4,0.0,0.0,0.8,0.0,39.0,0.0,0.2,0.3,5.5
0.03,124,30.0,0.4,29.6,16.0,0.4,0.4,19.0,0.0,30.0,0.0,30.0,30.0,0.4,0.0,0.0,0.8,0.0,39.0,0.0,0.0,0.0,5.5
0.03,125,30.0,0.4,29.6,16.0,0.4,0.4,19.0,0.0,30.0,0.0,30.0,30.0,0.4,0.0,0.0,0.8,0.0,39.0,0.0,0.0,0.0,5.5
0.03,126,30.0,0.4,29.6,16.0,0.4,0.4,19.0,0.0,30.0,0.0,30.0,30.0,0.4,0.0,0.0,0.8,0.0,39.0,0.0,0.0,0.0,5.5
0.03,127,30.0,0.4,29.6,16.0,0.4,0.4,19.0,0.0,30.0,0.0,30.0,30.0,0.4,0.0,0.0,0.8,0.0,39.0,0.0,0.0,0.0,5.5
0.03,128,30.0,0.4,29.6,16.0,0.4,0.4,19.0,0.0,30.0,0.0,30.0,30.0,0.4,0.0,0.0,0.8,0.0,39.0,0.0,0.0,0.0,5.5
0.03,129,30.0,0.2,29.8,16.0,0.2,0.2,19.0,0.0,30.0,0.0,30.0,30.0,0.2,0.0,0.0,0.8,0.0,39.2,0.0,0.2,0.2,5.5
0.03,130,30.0,0.0,30.0,16.0,0.0,0.0,19.0,0.0,30.0,0.0,30.0,30.0,0.0,0.0,0.0,0.8,0.0,39.5,0.0,0.3,0.3,5.5
0.03,131,30.0,0.0,30.0,16.0,0.0,0.0,19.0,0.0,30.0,0.0,30.0,30.0,0.0,0.0,0.0,0.8,0.0,39.5,0.0,0.0,0.0,5.5
0.03,132,30.0,0.0,30.0,16.0,0.0,0.0,19.0,0.0,30.0,0.0,30.0,30.0,0.0,0.0,0.0,0.8,0.0,39.5,0.0,0.0,0.0,5.5
0.03,133,30.0,0.0,30.0,16.0,0.0,0.0,19.0,0.0,30.0,0.0,30.0,30.0,0.0,0.0,0.0,0.8,0.0,39.5,0.0,0.0,0.0,5.5
0.03,134,30.0,0.0,30.0,16.0,0.0,0.0,19.0,0.0,30.0,0.0,30.0,30.0,0.0,0.0,0.0,0.8,0.0,39.5,0.0,0.0,0.0,5.5
0.03,135,30.0,0.0,30.0,16.0,0.0,0.0,19.0,0.0,30.0,0.0,30.0,30.0,0.0,0.0,0.0,0.8,0.0,39.5,0.0,0.0,0.0,5.5
0.03,136,30.0,0.0,30.0,16.0,0.0,0.0,19.0,0.0,30.0,0.0,30.0,30.0,0.0,0.0,0.0,0.8,0.0,39.7,0.0,0.2,0.2,5.5
0.03,137,30.0,0.0,30.0,16.0,0.0,0.0,19.0,0.0,30.0,0.0,30.0,30.0,0.0,0.0,0.0,0.8,0.0,40.0,0.0,0.3,0.3,5.5
0.03,138,30.0,0.0,30.0,16.0,0.0,0.0,19.0,0.0,30.0,0.0,30.0,30.0,0.0,0.0,0.0,0.8,0.0,40.0,0.0,0.0,0.0,5.5
0.03,139,30.0,0.0,30.0,16.0,0.0,0.0,19.0,0.0,30.0,0.0,30.0,30.0,0.0,0.0,0.0,0.8,0.0,40.0,0.0,0.0,0.0,5.5
0.03,140,30.0,0.0,30.0,16.0,0.0,0.0,19.0,0.0,30.0,0.0,30.0,30.0,0.0,0.0,0.0,0.8,0.0,40.0,0.0,0.0,0.0,5.5
0.03,141,30.0,0.0,30.0,16.0,0.0,0.0,19.0,0.0,30.0,0.0,30.0,30.0,0.0,0.0,0.0,0.8,0.0,40.0,0.0,0.0,0.0,5.5
0.03,142,30.0,0.0,30.0,16.0,0.0,0.0,19.0,0.0,30.0,0.0,30.0,30.0,0.0,0.0,0.0,0.8,0.0,40.0,0.0,0.0,0.0,5.5
0.03,143,30.0,0.0,30.0,16.0,0.0,0.0,19.0,0.0,30.0,0.0,30.0,30.0,0.0,0.0,0.0,0.8,0.0,40.2,0.0,0.2,0.2,5.5
0.03,144,30.0,0.0,30.0,16.0,0.0,0.0,19.0,0.0,30.0,0.0,30.0,30.0,0.0,0.0,0.0,0.8,0.0,40.5,0.0,0.3,0.3,5.5
0.03,145,30.0,0.0,30.0,16.0,0.0,0.0,19.0,0.0,30.0,0.0,30.0,30.0,0.0,0.0,0.0,0.8,0.0,40.5,0.0,0.0,0.0,5.5
0.03,146,30.0,0.0,30.0,16.0,0.0,0.0,19.0,0.0,30.0,0.0,30.0,30.0,0.0,0.0,0.0,0.8,0.0,40.5,0.0,0.0,0.0,5.5
0.03,147,30.0,0.0,30.0,16.0,0.0,0.0,19.0,0.0,30.0,0.0,30.0,30.0,0.0,0.0,0.0,0.8,0.0,40.5,0.0,0.0,0.0,5.5
0.03,148,30.0,0.0,30.0,16.0,0.0,0.0,19.0,0.0,30.0,0.0,30.0,30.0,0.0,0.0,0.0,0.8,0.0,40.5,0.0,0.0,0.0,5.5
0.03,149,30.0,0.0,30.0,16.0,0.0,0.0,19.0,0.0,30.0,0.0,30.0,30.0,0.0,0.0,0.0,0.8,0.0,40.5,0.0,0.0,0.0,5.5
0.03,150,30.0,0.0,30.0,16.0,0.0,0.0,19.0,0.0,30.0,0.0,30.0,30.0,0.0,0.0,0.0,0.8,0.0,40.7,0.0,0.2,0.2,5.5
0.03,151,30.0,0.0,30.0,16.0,0.0,0.0,19.0,0.0,30.0,0.0,30.0,30.0,0.0,0.0,0.0,0.8,0.0,41.0,0.0,0.3,0.3,5.5
0.03,152,30.0,0.0,30.0,16.0,0.0,0.0,19.0,0.0,30.0,0.0,30.0,30.0,0.0,0.0,0.0,0.8,0.0,41.0,0.0,0.0,0.0,5.5
0.03,153,30.0,0.0,30.0,16.0,0.0,0.0,19.0,0.0,30.0,0.0,30.0,30.0,0.0,0.0,0.0,0.8,0.0,41.0,0.0,0.0,0.0,5.5
0.03,154,30.0,0.0,30.0,16.0,0.0,0.0,19.0,0.0,30.0,0.0,30.0,30.0,0.0,0.0,0.0,0.8,0.0,41.0,0.0,0.0,0.0,5.5
0.03,155,30.0,0.0,30.0,16.0,0.0,0.0,19.0,0.0,30.0,0.0,30.0,30.0,0.0,0.0,0.0,0.8,0.0,41.0,0.0,0.0,0.0,5.5
0.03,156,30.0,0.0,30.0,16.0,0.0,0.0,19.0,0.0,30.0,0.0,30.0,30.0,0.0,0.0,0.0,0.8,0.0,41.0,0.0,0.0,0.0,5.5
0.03,157,30.0,0.0,30.0,16.0,0.0,0.0,19.0,0.0,30.0,0.0,30.0,30.0,0.0,0.0,0.0,0.8,0.0,41.2,0.0,0.2,0.2,5.5
0.03,158,30.0,0.0,30.0,16.0,0.0,0.0,19.0,0.0,30.0,0.0,30.0,30.0,0.0,0.0,0.0,0.8,0.0,41.5,0.0,0.3,0.3,5.5
0.03,159,30.0,0.0,30.0,16.0,0.0,0.0,19.0,0.0,30.0,0.0,30.0,30.0,0.0,0.0,0.0,0.8,0.0,41.5,0.0,0.0,0.0,5.5
0.03,160,30.0,0.0,30.0,16.0,0.0,0.0,19.0,0.0,30.0,0.0,30.0,30.0,0.0,0.0,0.0,0.8,0.0,41.5,0.0,0.0,0.0,5.5
0.03,161,30.0,0.0,30.0,16.0,0.0,0.0,19.0,0.0,30.0,0.0,30.0,30.0,0.0,0.0,0.0,0.8,0.0,41.5,0.0,0.0,0.0,5.5
0.03,162,30.0,0.0,30.0,16.0,0.0,0.0,19.0,0.0,30.0,0.0,30.0,30.0,0.0,0.0,0.0,0.8,0.0,41.5,0.0,0.0,0.0,5.5
0.03,163,30.0,0.0,30.0,16.0,0.0,0.0,19.0,0.0,30.0,0.0,30.0,30.0,0.0,0.0,0.0,0.8,0.0,41.5,0.0,0.0,0.0,5.5
0.03,164,29.9,0.0,29.9,15.9,0.0,0.0,19.0,0.0,30.0,0.0,30.0,29.9,0.0,0.1,0.0,0.8,0.0,41.6,0.0,0.2,0.1,5.5
0.03,165,30.0,0.0,30.0,16.0,0.0,0.0,19.0,0.0,30.0,0.0,30.0,30.0,0.0,0.0,0.0,0.8,0.0,42.0,0.0,0.3,0.4,5.5
0.03,166,30.0,0.0,30.0,16.0,0.0,0.0,19.0,0.0,30.0,0.0,30.0,30.0,0.0,0.0,0.0,0.8,0.0,42.0,0.0,0.0,0.0,5.5
0.03,167,30.0,0.0,30.0,16.0,0.0,0.0,19.0,0.0,30.0,0.0,30.0,30.0,0.0,0.0,0.0,0.8,0.0,42.0,0.0,0.0,0.0,5.5
0.03,168,30.0,0.0,30.0,16.0,0.0,0.0,19.0,0.0,30.0,0.0,30.0,30.0,0.0,0.0,0.0,0.8,0.0,42.0,0.0,0.0,0.0,5.5
0.03,169,30.0,0.0,30.0,16.0,0.0,0.0,19.0,0.0,30.0,0.0,30.0,30.0,0.0,0.0,0.0,0.8,0.0,42.0,0.0,0.0,0.0,5.5
0.03,170,30.0,0.0,30.0,16.0,0.0,0.0,19.0,0.0,30.0,0.0,30.0,30.0,0.0,0.0,0.0,0.8,0.0,42.0,0.0,0.0,0.0,5.5
0.03,171,29.9,0.0,29.9,15.9,0.0,0.0,19.0,0.0,30.0,0.0,30.0,29.9,0.0,0.1,0.0,0.8,0.0,42.0,0.0,0.1,0.0,5.5
0.03,172,29.9,0.0,29.9,16.0,0.0,0.0,19.0,0.0,30.0,0.0,30.0,29.9,0.0,0.0,0.0,0.8,0.0,42.4,0.0,0.4,0.4,5.5
0.03,173,30.0,0.0,30.0,16.0,0.0,0.0,19.0,0.0,30.0,0.0,30.0,30.0,0.0,0.0,0.0,0.8,0.0,42.5,0.0,0.0,0.1,5.5
0.03,174,30.0,0.0,30.0,16.0,0.0,0.0,19.0,0.0,30.0,0.0,30.0,30.0,0.0,0.0,0.0,0.8,0.0,42.5,0.0,0.0,0.0,5.5
0.03,175,30.0,0.0,30.0,16.0,0.0,0.0,19.0,0.0,30.0,0.0,30.0,30.0,0.0,0.0,0.0,0.8,0.0,42.5,0.0,0.0,0.0,5.5
0.03,176,30.0,0.0,30.0,16.0,0.0,0.0,19.0,0.0,30.0,0.0,30.0,30.0,0.0,0.0,0.0,0.8,0.0,42.5,0.0,0.0,0.0,5.5
0.03,177,30.0,0.0,30.0,16.0,0.0,0.0,19.0,0.0,30.0,0.0,30.0,30.0,0.0,0.0,0.0,0.8,0.0,42.5,0.0,0.0,0.0,5.5
0.03,178,30.0,0.0,30.0,16.0,0.0,0.0,19.0,0.0,30.0,0.0,30.0,30.0,0.0,0.0,0.0,0.8,0.0,42.5,0.0,0.0,0.0,5.5
0.03,179,30.0,0.0,30.0,16.0,0.0,0.0,19.0,0.0,30.0,0.0,30.0,30.0,0.0,0.1,0.0,0.8,0.0,42.9,0.0,0.4,0.4,5.5
0.03,180,30.0,0.0,30.0,16.0,0.0,0.0,19.0,0.0,30.0,0.0,30.0,30.0,0.0,0.0,0.0,0.8,0.0,43.0,0.0,0.1,0.1,5.5
0.03,181,30.0,0.0,30.0,16.0,0.0,0.0,19.0,0.0,30.0,0.0,30.0,30.0,0.0,0.0,0.0,0.8,0.0,43.0,0.0,0.0,0.0,5.5
0.03,182,30.0,0.0,30.0,16.0,0.0,0.0,19.0,0.0,30.0,0.0,30.0,30.0,0.0,0.0,0.0,0.8,0.0,43.0,0.0,0.0,0.0,5.5
0.03,183,30.0,0.0,30.0,16.0,0.0,0.0,19.0,0.0,30.0,0.0,30.0,30.0,0.0,0.0,0.0,0.8,0.0,43.0,0.0,0.0,0.0,5.5
0.03,184,30.0,0.0,30.0,16.0,0.0,0.0,19.0,0.0,30.0,0.0,30.0,30.0,0.0,0.0,0.0,0.8,0.0,43.0,0.0,0.0,0.0,5.5
0.03,185,30.0,0.0,30.0,16.0,0.0,0.0,19.0,0.0,30.0,0.0,30.0,30.0,0.0,0.0,0.0,0.8,0.0,43.0,0.0,0.0,0.0,5.5
0.03,186,29.9,0.0,29.9,16.0,0.0,0.0,19.0,0.0,30.0,0.0,30.0,29.9,0.0,0.0,0.0,0.8,0.0,43.2,0.0,0.3,0.2,5.5
0.03,187,30.0,0.0,30.0,16.0,0.0,0.0,19.0,0.0,30.0,0.0,30.0,30.0,0.0,0.0,0.0,0.8,0.0,43.5,0.0,0.2,0.3,5.5
0.03,188,30.0,0.0,30.0,16.0,0.0,0.0,19.0,0.0,30.0,0.0,30.0,30.0,0.0,0.0,0.0,0.8,0.0,43.5,0.0,0.0,0.0,5.5
0.03,189,30.0,0.0,30.0,16.0,0.0,0.0,19.0,0.0,30.0,0.0,30.0,30.0,0.0,0.0,0.0,0.8,0.0,43.5,0.0,0.0,0.0,5.5
0.03,190,30.0,0.0,30.0,16.0,0.0,0.0,19.0,0.0,30.0,0.0,30.0,30.0,0.0,0.0,0.0,0.8,0.0,43.5,0.0,0.0,0.0,5.5
0.03,191,30.0,0.0,30.0,16.0,0.0,0.0,19.0,0.0,30.0,0.0,30.0,30.0,0.0,0.0,0.0,0.8,0.0,43.5,0.0,0.0,0.0,5.5
0.03,192,30.0,0.0,30.0,16.0,0.0,0.0,19.0,0.0,30.0,0.0,30.0,30.0,0.0,0.0,0.0,0.8,0.0,43.5,0.0,0.0,0.0,5.5
0.03,193,30.0,0.0,30.0,16.0,0.0,0.0,19.0,0.0,30.0,0.0,30.0,30.0,0.0,0.0,0.0,0.8,0.0,43.7,0.0,0.2,0.2,5.5
0.03,194,30.0,0.0,30.0,16.0,0.0,0.0,19.0,0.0,30.0,0.0,30.0,30.0,0.0,0.0,0.0,0.8,0.0,44.0,0.0,0.3,0.3,5.5
0.03,195,30.0,0.0,30.0,16.0,0.0,0.0,19.0,0.0,30.0,0.0,30.0,30.0,0.0,0.0,0.0,0.8,0.0,44.0,0.0,0.0,0.0,5.5
0.03,196,30.0,0.0,30.0,16.0,0.0,0.0,19.0,0.0,30.0,0.0,30.0,30.0,0.0,0.0,0.0,0.8,0.0,44.0,0.0,0.0,0.0,5.5
0.03,197,30.0,0.0,30.0,16.0,0.0,0.0,19.0,0.0,30.0,0.0,30.0,30.0,0.0,0.0,0.0,0.8,0.0,44.0,0.0,0.0,0.0,5.5
0.03,198,30.0,0.0,30.0,16.0,0.0,0.0,19.0,0.0,30.0,0.0,30.0,30.0,0.0,0.0,0.0,0.8,0.0,44.0,0.0,0.0,0.0,5.5
0.03,199,30.0,0.0,30.0,16.0,0.0,0.0,19.0,0.0,30.0,0.0,30.0,30.0,0.0,0.0,0.0,0.8,0.0,44.0,0.0,0.0,0.0,5.5
0.03,200,30.0,0.0,30.0,16.0,0.0,0.0,19.0,0.0,30.0,0.0,30.0,30.0,0.0,0.0,0.0,0.8,0.0,44.2,0.0,0.2,0.2,5.5
0.03,201,29.9,0.0,29.9,16.0,0.0,0.0,19.0,0.0,30.0,0.0,30.0,29.9,0.0,0.0,0.0,0.8,0.0,44.4,0.0,0.3,0.2,5.5
0.03,202,30.0,0.0,30.0,16.0,0.0,0.0,19.0,0.0,30.0,0.0,30.0,30.0,0.0,0.0,0.0,0.8,0.0,44.5,0.0,0.0,0.1,5.5
0.03,203,30.0,0.0,30.0,16.0,0.0,0.0,19.0,0.0,30.0,0.0,30.0,30.0,0.0,0.0,0.0,0.8,0.0,44.5,0.0,0.0,0.0,5.5
0.03,204,30.0,0.0,30.0,16.0,0.0,0.0,19.0,0.0,30.0,0.0,30.0,30.0,0.0,0.0,0.0,0.8,0.0,44.5,0.0,0.0,0.0,5.5
0.03,205,30.0,0.0,30.0,16.0,0.0,0.0,19.0,0.0,30.0,0.0,30.0,30.0,0.0,0.0,0.0,0.8,0.0,44.5,0.0,0.0,0.0,5.5
0.03,206,30.0,0.0,30.0,16.0,0.0,0.0,19.0,0.0,30.0,0.0,30.0,30.0,0.0,0.0,0.0,0.8,0.0,44.5,0.0,0.0,0.0,5.5
0.03,207,29.9,0.0,29.9,15.9,0.0,0.0,19.0,0.0,30.0,0.0,30.0,29.9,0.0,0.1,0.0,0.8,0.0,44.6,0.0,0.2,0.1,5.5
0.03,208,30.0,0.0,30.0,16.0,0.0,0.0,19.0,0.0,30.0,0.0,30.0,30.0,0.0,0.0,0.0,0.8,0.0,44.9,0.0,0.2,0.3,5.5
0.03,209,30.0,0.0,30.0,16.0,0.0,0.0,19.0,0.0,30.0,0.0,30.0,30.0,0.0,0.0,0.0,0.8,0.0,45.0,0.0,0.1,0.1,5.5
0.03,210,30.0,0.0,30.0,16.0,0.0,0.0,19.0,0.0,30.0,0.0,30.0,30.0,0.0,0.0,0.0,0.8,0.0,45.0,0.0,0.0,0.0,5.5
0.03,211,30.0,0.0,30.0,16.0,0.0,0.0,19.0,0.0,30.0,0.0,30.0,30.0,0.0,0.0,0.0,0.8,0.0,45.0,0.0,0.0,0.0,5.5
0.03,212,30.0,0.0,30.0,16.0,0.0,0.0,19.0,0.0,30.0,0.0,30.0,30.0,0.0,0.0,0.0,0.8,0.0,45.0,0.0,0.0,0.0,5.5
0.03,213,30.0,0.0,30.0,16.0,0.0,0.0,19.0,0.0,30.0,0.0,30.0,30.0,0.0,0.0,0.0,0.8,0.0,45.0,0.0,0.0,0.0,5.5
0.03,214,30.0,0.0,30.0,16.0,0.0,0.0,19.0,0.0,30.0,0.0,30.0,30.0,0.0,0.0,0.0,0.8,0.0,45.1,0.0,0.1,0.1,5.5
0.03,215,30.0,0.0,30.0,16.0,0.0,0.0,19.0,0.0,30.0,0.0,30.0,30.0,0.0,0.0,0.0,0.8,0.0,45.4,0.0,0.3,0.3,5.5
0.03,216,30.0,0.0,30.0,16.0,0.0,0.0,19.0,0.0,30.0,0.0,30.0,30.0,0.0,0.0,0.0,0.8,0.0,45.5,0.0,0.1,0.1,5.5
0.03,217,30.0,0.0,30.0,16.0,0.0,0.0,19.0,0.0,30.0,0.0,30.0,30.0,0.0,0.0,0.0,0.8,0.0,45.5,0.0,0.0,0.0,5.5
0.03,218,30.0,0.0,30.0,16.0,0.0,0.0,19.0,0.0,30.0,0.0,30.0,30.0,0.0,0.0,0.0,0.8,0.0,45.5,0.0,0.0,0.0,5.5
0.03,219,30.0,0.0,30.0,16.0,0.0,0.0,19.0,0.0,30.0,0.0,30.0,30.0,0.0,0.0,0.0,0.8,0.0,45.5,0.0,0.0,0.0,5.5
0.03,220,30.0,0.0,30.0,16.0,0.0,0.0,19.0,0.0,30.0,0.0,30.0,30.0,0.0,0.0,0.0,0.8,0.0,45.5,0.0,0.0,0.0,5.5
0.03,221,30.0,0.0,30.0,16.0,0.0,0.0,19.0,0.0,30.0,0.0,30.0,30.0,0.0,0.0,0.0,0.8,0.0,45.6,0.0,0.1,0.1,5.5
0.03,222,30.0,0.0,30.0,16.0,0.0,0.0,19.0,0.0,30.0,0.0,30.0,30.0,0.0,0.0,0.0,0.8,0.0,45.9,0.0,0.3,0.3,5.5
0.03,223,30.0,0.0,30.0,16.0,0.0,0.0,19.0,0.0,30.0,0.0,30.0,30.0,0.0,0.0,0.0,0.8,0.0,46.0,0.0,0.1,0.1,5.5
0.03,224,30.0,0.0,30.0,16.0,0.0,0.0,19.0,0.0,30.0,0.0,30.0,30.0,0.0,0.0,0.0,0.8,0.0,46.0,0.0,0.0,0.0,5.5
0.03,225,30.0,0.0,30.0,16.0,0.0,0.0,19.0,0.0,30.0,0.0,30.0,30.0,0.0,0.0,0.0,0.8,0.0,46.0,0.0,0.0,0.0,5.5
0.03,226,30.0,0.0,30.0,16.0,0.0,0.0,19.0,0.0,30.0,0.0,30.0,30.0,0.0,0.0,0.0,0.8,0.0,46.0,0.0,0.0,0.0,5.5
0.03,227,30.0,0.0,30.0,16.0,0.0,0.0,19.0,0.0,30.0,0.0,30.0,30.0,0.0,0.0,0.0,0.8,0.0,46.0,0.0,0.0,0.0,5.5
0.03,228,30.0,0.0,30.0,16.0,0.0,0.0,19.0,0.0,30.0,0.0,30.0,30.0,0.0,0.0,0.0,0.8,0.0,46.1,0.0,0.1,0.1,5.5
0.03,229,30.0,0.0,30.0,16.0,0.0,0.0,19.0,0.0,30.0,0.0,30.0,30.0,0.0,0.0,0.0,0.8,0.0,46.4,0.0,0.3,0.3,5.5
0.03,230,30.0,0.0,30.0,16.0,0.0,0.0,19.0,0.0,30.0,0.0,30.0,30.0,0.0,0.0,0.0,0.8,0.0,46.5,0.0,0.1,0.1,5.5
0.03,231,30.0,0.0,30.0,16.0,0.0,0.0,19.0,0.0,30.0,0.0,30.0,30.0,0.0,0.0,0.0,0.8,0.0,46.5,0.0,0.0,0.0,5.5
0.03,232,30.0,0.0,30.0,16.0,0.0,0.0,19.0,0.0,30.0,0.0,30.0,30.0,0.0,0.0,0.0,0.8,0.0,46.5,0.0,0.0,0.0,5.5
0.03,233,30.0,0.0,30.0,16.0,0.0,0.0,19.0,0.0,30.0,0.0,30.0,30.0,0.0,0.0,0.0,0.8,0.0,46.5,0.0,0.0,0.0,5.5
0.03,234,30.0,0.0,30.0,16.0,0.0,0.0,19.0,0.0,30.0,0.0,30.0,30.0,0.0,0.0,0.0,0.8,0.0,46.5,0.0,0.0,0.0,5.5
0.03,235,30.0,0.0,30.0,16.0,0.0,0.0,19.0,0.0,30.0,0.0,30.0,30.0,0.0,0.0,0.0,0.8,0.0,46.6,0.0,0.1,0.1,5.5
0.03,236,30.0,0.0,30.0,16.0,0.0,0.0,19.0,0.0,30.0,0.0,30.0,30.0,0.0,0.0,0.0,0.8,0.0,46.9,0.0,0.3,0.3,5.5
0.03,237,30.0,0.0,30.0,16.0,0.0,0.0,19.0,0.0,30.0,0.0,30.0,30.0,0.0,0.0,0.0,0.8,0.0,47.0,0.0,0.1,0.1,5.5
0.03,238,30.0,0.0,30.0,16.0,0.0,0.0,19.0,0.0,30.0,0.0,30.0,30.0,0.0,0.0,0.0,0.8,0.0,47.0,0.0,0.0,0.0,5.5
0.03,239,30.0,0.0,30.0,16.0,0.0,0.0,19.0,0.0,30.0,0.0,30.0,30.0,0.0,0.0,0.0,0.8,0.0,47.0,0.0,0.0,0.0,5.5
0.03,240,30.0,0.0,30.0,16.0,0.0,0.0,19.0,0.0,30.0,0.0,30.0,30.0,0.0,0.0,0.0,0.8,0.0,47.0,0.0,0.0,0.0,5.5
0.03,241,30.0,0.0,30.0,16.0,0.0,0.0,19.0,0.0,30.0,0.0,30.0,30.0,0.0,0.0,0.0,0.8,0.0,47.0,0.0,0.0,0.0,5.5
0.03,242,30.0,0.1,29.9,16.0,0.1,0.1,19.0,0.0,30.0,0.0,30.0,30.0,0.1,0.0,0.0,0.9,0.0,47.1,0.0,0.1,0.1,5.5
0.03,243,29.9,0.3,29.6,16.0,0.3,0.3,19.0,0.0,30.0,0.0,30.0,29.9,0.3,0.0,0.0,1.1,0.0,47.3,0.0,0.3,0.2,5.5
0.03,244,30.0,0.5,29.5,16.0,0.5,0.5,19.0,0.0,30.0,0.0,30.0,30.0,0.5,0.0,0.0,1.3,0.0,47.5,0.0,0.1,0.2,5.5
0.03,245,30.0,0.5,29.5,16.0,0.5,0.5,19.0,0.0,30.0,0.0,30.0,30.0,0.5,0.0,0.0,1.3,0.0,47.5,0.0,0.0,0.0,5.5
0.03,246,30.0,0.5,29.5,16.0,0.5,0.5,19.0,0.0,30.0,0.0,30.0,30.0,0.5,0.0,0.0,1.3,0.0,47.5,0.0,0.0,0.0,5.5
0.03,247,30.0,0.5,29.5,16.0,0.5,0.5,19.0,0.0,30.0,0.0,30.0,30.0,0.5,0.0,0.0,1.3,0.0,47.5,0.0,0.0,0.0,5.5
0.03,248,30.0,0.5,29.5,16.0,0.5,0.5,19.0,0.0,30.0,0.0,30.0,30.0,0.5,0.0,0.0,1.3,0.0,47.5,0.0,0.0,0.0,5.5
0.03,249,29.9,0.4,29.5,15.9,0.4,0.4,19.0,0.0,30.0,0.0,30.0,29.9,0.4,0.1,0.0,1.3,0.0,47.5,0.0,0.1,0.0,5.5
0.03,250,29.9,0.4,29.5,15.9,0.4,0.4,19.0,0.0,30.0,0.0,30.0,29.9,0.4,0.1,0.0,1.5,0.0,47.7,0.0,0.2,0.2,5.5
0.03,251,30.0,0.3,29.7,16.0,0.3,0.3,19.0,0.0,30.0,0.0,30.0,30.0,0.3,0.0,0.0,1.6,0.0,48.0,0.0,0.2,0.3,5.5
0.03,252,30.0,0.3,29.7,16.0,0.3,0.3,19.0,0.0,30.0,0.0,30.0,30.0,0.3,0.0,0.0,1.6,0.0,48.0,0.0,0.0,0.0,5.5
0.03,253,30.0,0.3,29.7,16.0,0.3,0.3,19.0,0.0,30.0,0.0,30.0,30.0,0.3,0.0,0.0,1.6,0.0,48.0,0.0,0.0,0.0,5.5
0.03,254,30.0,0.3,29.7,16.0,0.3,0.3,19.0,0.0,30.0,0.0,30.0,30.0,0.3,0.0,0.0,1.6,0.0,48.0,0.0,0.0,0.0,5.5
0.03,255,30.0,0.3,29.7,16.0,0.3,0.3,19.0,0.0,30.0,0.0,30.0,30.0,0.3,0.0,0.0,1.6,0.0,48.0,0.0,0.0,0.0,5.5
0.03,256,30.0,0.3,29.7,16.0,0.3,0.3,19.0,0.0,30.0,0.0,30.0,30.0,0.3,0.0,0.0,1.6,0.0,48.0,0.0,0.0,0.0,5.5
0.03,257,30.0,0.1,29.9,16.0,0.1,0.1,19.0,0.0,30.0,0.0,30.0,30.0,0.1,0.0,0.0,1.6,0.0,48.2,0.0,0.2,0.2,5.5
0.03,258,30.0,0.0,30.0,16.0,0.0,0.0,19.0,0.0,30.0,0.0,30.0,30.0,0.0,0.0,0.0,1.6,0.0,48.5,0.0,0.3,0.3,5.5
0.03,259,30.0,0.0,30.0,16.0,0.0,0.0,19.0,0.0,30.0,0.0,30.0,30.0,0.0,0.0,0.0,1.6,0.0,48.5,0.0,0.0,0.0,5.5
0.03,260,30.0,0.0,30.0,16.0,0.0,0.0,19.0,0.0,30.0,0.0,30.0,30.0,0.0,0.0,0.0,1.6,0.0,48.5,0.0,0.0,0.0,5.5
0.03,261,30.0,0.0,30.0,16.0,0.0,0.0,19.0,0.0,30.0,0.0,30.0,30.0,0.0,0.0,0.0,1.6,0.0,48.5,0.0,0.0,0.0,5.5
0.03,262,30.0,0.0,30.0,16.0,0.0,0.0,19.0,0.0,30.0,0.0,30.0,30.0,0.0,0.0,0.0,1.6,0.0,48.5,0.0,0.0,0.0,5.5
0.03,263,30.0,0.0,30.0,16.0,0.0,0.0,19.0,0.0,30.0,0.0,30.0,30.0,0.0,0.0,0.0,1.6,0.0,48.5,0.0,0.0,0.0,5.5
0.03,264,30.0,0.0,30.0,16.0,0.0,0.0,19.0,0.0,30.0,0.0,30.0,30.0,0.0,0.0,0.0,1.6,0.0,48.7,0.0,0.2,0.2,5.5
0.03,265,30.0,0.0,30.0,16.0,0.0,0.0,19.0,0.0,30.0,0.0,30.0,30.0,0.0,0.0,0.0,1.6,0.0,49.0,0.0,0.3,0.3,5.5
0.03,266,30.0,0.0,30.0,16.0,0.0,0.0,19.0,0.0,30.0,0.0,30.0,30.0,0.0,0.0,0.0,1.6,0.0,49.0,0.0,0.0,0.0,5.5
0.03,267,30.0,0.0,30.0,16.0,0.0,0.0,19.0,0.0,30.0,0.0,30.0,30.0,0.0,0.0,0.0,1.6,0.0,49.0,0.0,0.0,0.0,5.5
0.03,268,30.0,0.0,30.0,16.0,0.0,0.0,19.0,0.0,30.0,0.0,30.0,30.0,0.0,0.0,0.0,1.6,0.0,49.0,0.0,0.0,0.0,5.5
0.03,269,30.0,0.0,30.0,16.0,0.0,0.0,19.0,0.0,30.0,0.0,30.0,30.0,0.0,0.0,0.0,1.6,0.0,49.0,0.0,0.0,0.0,5.5
0.03,270,30.0,0.0,30.0,16.0,0.0,0.0,19.0,0.0,30.0,0.0,30.0,30.0,0.0,0.0,0.0,1.6,0.0,49.0,0.0,0.0,0.0,5.5
0.03,271,30.0,0.0,30.0,16.0,0.0,0.0,19.0,0.0,30.0,0.0,30.0,30.0,0.0,0.0,0.0,1.6,0.0,49.2,0.0,0.2,0.2,5.5
0.03,272,29.9,0.0,29.9,16.0,0.0,0.0,19.0,0.0,30.0,0.0,30.0,29.9,0.0,0.0,0.0,1.6,0.0,49.4,0.0,0.3,0.2,5.5
0.03,273,30.0,0.0,30.0,16.0,0.0,0.0,19.0,0.0,30.0,0.0,30.0,30.0,0.0,0.0,0.0,1.6,0.0,49.5,0.0,0.0,0.1,5.5
0.03,274,30.0,0.0,30.0,16.0,0.0,0.0,19.0,0.0,30.0,0.0,30.0,30.0,0.0,0.0,0.0,1.6,0.0,49.5,0.0,0.0,0.0,5.5
0.03,275,30.0,0.0,30.0,16.0,0.0,0.0,19.0,0.0,30.0,0.0,30.0,30.0,0.0,0.0,0.0,1.6,0.0,49.5,0.0,0.0,0.0,5.5
0.03,276,30.0,0.0,30.0,16.0,0.0,0.0,19.0,0.0,30.0,0.0,30.0,30.0,0.0,0.0,0.0,1.6,0.0,49.5,0.0,0.0,0.0,5.5
0.03,277,30.0,0.0,30.0,16.0,0.0,0.0,19.0,0.0,30.0,0.0,30.0,30.0,0.0,0.0,0.0,1.6,0.0,49.5,0.0,0.0,0.0,5.5
0.03,278,30.0,0.0,30.0,16.0,0.0,0.0,19.0,0.0,30.0,0.0,30.0,30.0,0.0,0.0,0.0,1.6,0.0,49.7,0.0,0.2,0.2,5.5
0.03,279,30.0,0.0,30.0,16.0,0.0,0.0,19.0,0.0,30.0,0.0,30.0,30.0,0.0,0.0,0.0,1.6,0.0,49.9,0.0,0.2,0.2,5.5
0.03,280,30.0,0.0,30.0,16.0,0.0,0.0,19.0,0.0,30.0,0.0,30.0,30.0,0.0,0.0,0.0,1.6,0.0,50.0,0.0,0.1,0.1,5.5
0.03,281,30.0,0.0,30.0,16.0,0.0,0.0,19.0,0.0,30.0,0.0,30.0,30.0,0.0,0.0,0.0,1.6,0.0,50.0,0.0,0.0,0.0,5.5
0.03,282,30.0,0.0,30.0,16.0,0.0,0.0,19.0,0.0,30.0,0.0,30.0,30.0,0.0,0.0,0.0,1.6,0.0,50.0,0.0,0.0,0.0,5.5
0.03,283,30.0,0.0,30.0,16.0,0.0,0.0,19.0,0.0,30.0,0.0,30.0,30.0,0.0,0.0,0.0,1.6,0.0,50.0,0.0,0.0,0.0,5.5
0.03,284,30.0,0.0,30.0,16.0,0.0,0.0,19.0,0.0,30.0,0.0,30.0,30.0,0.0,0.0,0.0,1.6,0.0,50.0,0.0,0.0,0.0,5.5
0.03,285,29.9,0.0,29.9,15.9,0.0,0.0,19.0,0.0,30.0,0.0,30.0,29.9,0.0,0.1,0.0,1.6,0.0,50.1,0.0,0.2,0.1,5.5
0.03,286,30.0,0.0,30.0,16.0,0.0,0.0,19.0,0.0,30.0,0.0,30.0,30.0,0.0,0.0,0.0,1.6,0.0,50.4,0.0,0.2,0.3,5.5
0.03,287,30.0,0.0,30.0,16.0,0.0,0.0,19.0,0.0,30.0,0.0,30.0,30.0,0.0,0.0,0.0,1.6,0.0,50.5,0.0,0.1,0.1,5.5
0.03,288,30.0,0.0,30.0,16.0,0.0,0.0,19.0,0.0,30.0,0.0,30.0,30.0,0.0,0.0,0.0,1.6,0.0,50.5,0.0,0.0,0.0,5.5
0.03,289,30.0,0.0,30.0,16.0,0.0,0.0,19.0,0.0,30.0,0.0,30.0,30.0,0.0,0.0,0.0,1.6,0.0,50.5,0.0,0.0,0.0,5.5
0.03,290,30.0,0.0,30.0,16.0,0.0,0.0,19.0,0.0,30.0,0.0,30.0,30.0,0.0,0.0,0.0,1.6,0.0,50.5,0.0,0.0,0.0,5.5
0.03,291,30.0,0.0,30.0,16.0,0.0,0.0,19.0,0.0,30.0,0.0,30.0,30.0,0.0,0.0,0.0,1.6,0.0,50.5,0.0,0.0,0.0,5.5
0.03,292,30.0,0.0,30.0,16.0,0.0,0.0,19.0,0.0,30.0,0.0,30.0,30.0,0.0,0.0,0.0,1.6,0.0,50.6,0.0,0.1,0.1,5.5
0.03,293,30.0,0.0,30.0,16.0,0.0,0.0,19.0,0.0,30.0,0.0,30.0,30.0,0.0,0.0,0.0,1.6,0.0,50.9,0.0,0.3,0.3,5.5
0.03,294,30.0,0.0,30.0,16.0,0.0,0.0,19.0,0.0,30.0,0.0,30.0,30.0,0.0,0.0,0.0,1.6,0.0,51.0,0.0,0.1,0.1,5.5
0.03,295,30.0,0.0,30.0,16.0,0.0,0.0,19.0,0.0,30.0,0.0,30.0,30.0,0.0,0.0,0.0,1.6,0.0,51.0,0.0,0.0,0.0,5.5
0.03,296,30.0,0.0,30.0,16.0,0.0,0.0,19.0,0.0,30.0,0.0,30.0,30.0,0.0,0.0,0.0,1.6,0.0,51.0,0.0,0.0,0.0,5.5
0.03,297,30.0,0.0,30.0,16.0,0.0,0.0,19.0,0.0,30.0,0.0,30.0,30.0,0.0,0.0,0.0,1.6,0.0,51.0,0.0,0.0,0.0,5.5
0.03,298,30.0,0.0,30.0,16.0,0.0,0.0,19.0,0.0,30.0,0.0,30.0,30.0,0.0,0.0,0.0,1.6,0.0,51.0,0.0,0.0,0.0,5.5
0.03,299,30.0,0.0,30.0,16.0,0.0,0.0,19.0,0.0,30.0,0.0,30.0,30.0,0.0,0.0,0.0,1.6,0.0,51.1,0.0,0.1,0.1,5.5
0.03,300,30.0,0.0,30.0,16.0,0.0,0.0,19.0,0.0,30.0,0.0,30.0,30.0,0.0,0.0,0.0,1.6,0.0,51.4,0.0,0.3,0.3,5.5
0.03,301,30.0,0.1,29.9,16.0,0.1,0.1,19.0,0.0,30.0,0.0,30.0,30.0,0.1,0.0,0.0,1.7,0.0,51.5,0.0,0.1,0.1,5.5
0.03,302,30.0,0.1,29.9,16.0,0.1,0.1,19.0,0.0,30.0,0.0,30.0,30.0,0.1,0.0,0.0,1.7,0.0,51.5,0.0,0.0,0.0,5.5
0.03,303,30.0,0.1,29.9,16.0,0.1,0.1,19.0,0.0,30.0,0.0,30.0,30.0,0.1,0.0,0.0,1.7,0.0,51.5,0.0,0.0,0.0,5.5
0.03,304,30.0,0.1,29.9,16.0,0.1,0.1,19.0,0.0,30.0,0.0,30.0,30.0,0.1,0.0,0.0,1.7,0.0,51.5,0.0,0.0,0.0,5.5
0.03,305,30.0,0.1,29.9,16.0,0.1,0.1,19.0,0.0,30.0,0.0,30.0,30.0,0.1,0.0,0.0,1.7,0.0,51.5,0.0,0.0,0.0,5.5
0.03,306,30.0,0.2,29.8,16.0,0.2,0.2,19.0,0.0,30.0,0.0,30.0,30.0,0.2,0.0,0.0,1.8,0.0,51.6,0.0,0.1,0.1,5.5
0.03,307,30.0,0.5,29.5,16.0,0.5,0.5,19.0,0.0,30.0,0.0,30.0,30.0,0.5,0.0,0.0,2.1,0.0,51.9,0.0,0.3,0.3,5.5
0.03,308,30.0,0.4,29.6,16.0,0.4,0.4,19.0,0.0,30.0,0.0,30.0,30.0,0.4,0.0,0.0,2.1,0.0,52.0,0.0,0.1,0.1,5.5
0.03,309,30.0,0.4,29.6,16.0,0.4,0.4,19.0,0.0,30.0,0.0,30.0,30.0,0.4,0.0,0.0,2.1,0.0,52.0,0.0,0.0,0.0,5.5
0.03,310,30.0,0.4,29.6,16.0,0.4,0.4,19.0,0.0,30.0,0.0,30.0,30.0,0.4,0.0,0.0,2.1,0.0,52.0,0.0,0.0,0.0,5.5
0.03,311,30.0,0.4,29.6,16.0,0.4,0.4,19.0,0.0,30.0,0.0,30.0,30.0,0.4,0.0,0.0,2.1,0.0,52.0,0.0,0.0,0.0,5.5
0.03,312,30.0,0.4,29.6,16.0,0.4,0.4,19.0,0.0,30.0,0.0,30.0,30.0,0.4,0.0,0.0,2.1,0.0,52.0,0.0,0.0,0.0,5.5
0.03,313,29.9,0.3,29.6,15.9,0.3,0.3,19.0,0.0,30.0,0.0,30.0,29.9,0.3,0.1,0.0,2.1,0.0,52.0,0.0,0.1,0.0,5.5
0.03,314,29.8,0.2,29.6,15.9,0.2,0.2,19.0,0.0,30.0,0.0,30.0,29.8,0.2,0.1,0.0,2.3,0.0,52.2,0.0,0.3,0.2,5.5
0.03,315,30.0,0.3,29.7,16.0,0.3,0.3,19.0,0.0,30.0,0.0,30.0,30.0,0.3,0.0,0.0,2.4,0.0,52.5,0.0,0.1,0.3,5.5
0.03,316,30.0,0.3,29.7,16.0,0.3,0.3,19.0,0.0,30.0,0.0,30.0,30.0,0.3,0.0,0.0,2.4,0.0,52.5,0.0,0.0,0.0,5.5
0.03,317,30.0,0.3,29.7,16.0,0.3,0.3,19.0,0.0,30.0,0.0,30.0,30.0,0.3,0.0,0.0,2.4,0.0,52.5,0.0,0.0,0.0,5.5
0.03,318,30.0,0.3,29.7,16.0,0.3,0.3,19.0,0.0,30.0,0.0,30.0,30.0,0.3,0.0,0.0,2.4,0.0,52.5,0.0,0.0,0.0,5.5
0.03,319,30.0,0.3,29.7,16.0,0.3,0.3,19.0,0.0,30.0,0.0,30.0,30.0,0.3,0.0,0.0,2.4,0.0,52.5,0.0,0.0,0.0,5.5
0.03,320,30.0,0.3,29.7,16.0,0.3,0.3,19.0,0.0,30.0,0.0,30.0,30.0,0.3,0.0,0.0,2.4,0.0,52.5,0.0,0.0,0.0,5.5
0.03,321,30.0,0.1,29.9,16.0,0.1,0.1,19.0,0.0,30.0,0.0,30.0,30.0,0.1,0.0,0.0,2.4,0.0,52.7,0.0,0.2,0.2,5.5
0.03,322,29.9,0.0,29.9,16.0,0.0,0.0,19.0,0.0,30.0,0.0,30.0,29.9,0.0,0.0,0.0,2.4,0.0,52.9,0.0,0.3,0.2,5.5
0.03,323,30.0,0.0,30.0,16.0,0.0,0.0,19.0,0.0,30.0,0.0,30.0,30.0,0.0,0.0,0.0,2.4,0.0,53.0,0.0,0.0,0.1,5.5
0.03,324,30.0,0.0,30.0,16.0,0.0,0.0,19.0,0.0,30.0,0.0,30.0,30.0,0.0,0.0,0.0,2.4,0.0,53.0,0.0,0.0,0.0,5.5
0.03,325,30.0,0.0,30.0,16.0,0.0,0.0,19.0,0.0,30.0,0.0,30.0,30.0,0.0,0.0,0.0,2.4,0.0,53.0,0.0,0.0,0.0,5.5
0.03,326,30.0,0.0,30.0,16.0,0.0,0.0,19.0,0.0,30.0,0.0,30.0,30.0,0.0,0.0,0.0,2.4,0.0,53.0,0.0,0.0,0.0,5.5
0.03,327,30.0,0.0,30.0,16.0,0.0,0.0,19.0,0.0,30.0,0.0,30.0,30.0,0.0,0.0,0.0,2.4,0.0,53.0,0.0,0.0,0.0,5.5
0.03,328,30.0,0.0,30.0,16.0,0.0,0.0,19.0,0.0,30.0,0.0,30.0,30.0,0.0,0.0,0.0,2.4,0.0,53.2,0.0,0.2,0.2,5.5
0.03,329,30.0,0.0,30.0,16.0,0.0,0.0,19.0,0.0,30.0,0.0,30.0,30.0,0.0,0.0,0.0,2.4,0.0,53.4,0.0,0.2,0.2,5.5
0.03,330,30.0,0.0,30.0,16.0,0.0,0.0,19.0,0.0,30.0,0.0,30.0,30.0,0.0,0.0,0.0,2.4,0.0,53.5,0.0,0.1,0.1,5.5
0.03,331,30.0,0.0,30.0,16.0,0.0,0.0,19.0,0.0,30.0,0.0,30.0,30.0,0.0,0.0,0.0,2.4,0.0,53.5,0.0,0.0,0.0,5.5
0.03,332,30.0,0.0,30.0,16.0,0.0,0.0,19.0,0.0,30.0,0.0,30.0,30.0,0.0,0.0,0.0,2.4,0.0,53.5,0.0,0.0,0.0,5.5
0.03,333,30.0,0.0,30.0,16.0,0.0,0.0,19.0,0.0,30.0,0.0,30.0,30.0,0.0,0.0,0.0,2.4,0.0,53.5,0.0,0.0,0.0,5.5
0.03,334,30.0,0.0,30.0,16.0,0.0,0.0,19.0,0.0,30.0,0.0,30.0,30.0,0.0,0.0,0.0,2.4,0.0,53.5,0.0,0.0,0.0,5.5
0.03,335,30.0,0.0,30.0,16.0,0.0,0.0,19.0,0.0,30.0,0.0,30.0,30.0,0.0,0.0,0.0,2.4,0.0,53.7,0.0,0.2,0.2,5.5
0.03,336,30.0,0.0,30.0,16.0,0.0,0.0,19.0,0.0,30.0,0.0,30.0,30.0,0.0,0.0,0.0,2.4,0.0,53.9,0.0,0.2,0.2,5.5
0.03,337,30.0,0.0,30.0,16.0,0.0,0.0,19.0,0.0,30.0,0.0,30.0,30.0,0.0,0.0,0.0,2.4,0.0,54.0,0.0,0.1,0.1,5.5
0.03,338,30.0,0.0,30.0,16.0,0.0,0.0,19.0,0.0,30.0,0.0,30.0,30.0,0.0,0.0,0.0,2.4,0.0,54.0,0.0,0.0,0.0,5.5
0.03,339,30.0,0.0,30.0,16.0,0.0,0.0,19.0,0.0,30.0,0.0,30.0,30.0,0.0,0.0,0.0,2.4,0.0,54.0,0.0,0.0,0.0,5.5
0.03,340,30.0,0.0,30.0,16.0,0.0,0.0,19.0,0.0,30.0,0.0,30.0,30.0,0.0,0.0,0.0,2.4,0.0,54.0,0.0,0.0,0.0,5.5
0.03,341,30.0,0.0,30.0,16.0,0.0,0.0,19.0,0.0,30.0,0.0,30.0,30.0,0.0,0.0,0.0,2.4,0.0,54.0,0.0,0.0,0.0,5.5
0.03,342,30.0,0.0,30.0,16.0,0.0,0.0,19.0,0.0,30.0,0.0,30.0,30.0,0.0,0.0,0.0,2.4,0.0,54.2,0.0,0.2,0.2,5.5
0.03,343,30.0,0.0,30.0,16.0,0.0,0.0,19.0,0.0,30.0,0.0,30.0,30.0,0.0,0.0,0.0,2.4,0.0,54.4,0.0,0.2,0.2,5.5
0.03,344,30.0,0.0,30.0,16.0,0.0,0.0,19.0,0.0,30.0,0.0,30.0,30.0,0.0,0.0,0.0,2.4,0.0,54.5,0.0,0.1,0.1,5.5
0.03,345,30.0,0.0,30.0,16.0,0.0,0.0,19.0,0.0,30.0,0.0,30.0,30.0,0.0,0.0,0.0,2.4,0.0,54.5,0.0,0.0,0.0,5.5
0.03,346,30.0,0.0,30.0,16.0,0.0,0.0,19.0,0.0,30.0,0.0,30.0,30.0,0.0,0.0,0.0,2.4,0.0,54.5,0.0,0.0,0.0,5.5
0.03,347,30.0,0.0,30.0,16.0,0.0,0.0,19.0,0.0,30.0,0.0,30.0,30.0,0.0,0.0,0.0,2.4,0.0,54.5,0.0,0.0,0.0,5.5
0.03,348,30.0,0.0,30.0,16.0,0.0,0.0,19.0,0.0,30.0,0.0,30.0,30.0,0.0,0.0,0.0,2.4,0.0,54.5,0.0,0.0,0.0,5.5
0.03,349,30.0,0.0,30.0,16.0,0.0,0.0,19.0,0.0,30.0,0.0,30.0,30.0,0.0,0.0,0.0,2.4,0.0,54.7,0.0,0.2,0.2,5.5
0.03,350,30.0,0.0,30.0,16.0,0.0,0.0,19.0,0.0,30.0,0.0,30.0,30.0,0.0,0.0,0.0,2.4,0.0,54.9,0.0,0.2,0.2,5.5
0.03,351,30.0,0.0,30.0,16.0,0.0,0.0,19.0,0.0,30.0,0.0,30.0,30.0,0.0,0.0,0.0,2.4,0.0,55.0,0.0,0.1,0.1,5.5
0.03,352,30.0,0.0,30.0,16.0,0.0,0.0,19.0,0.0,30.0,0.0,30.0,30.0,0.0,0.0,0.0,2.4,0.0,55.0,0.0,0.0,0.0,5.5
0.03,353,30.0,0.0,30.0,16.0,0.0,0.0,19.0,0.0,30.0,0.0,30.0,30.0,0.0,0.0,0.0,2.4,0.0,55.0,0.0,0.0,0.0,5.5
0.03,354,30.0,0.0,30.0,16.0,0.0,0.0,19.0,0.0,30.0,0.0,30.0,30.0,0.0,0.0,0.0,2.4,0.0,55.0,0.0,0.0,0.0,5.5
0.03,355,30.0,0.0,30.0,16.0,0.0,0.0,19.0,0.0,30.0,0.0,30.0,30.0,0.0,0.0,0.0,2.4,0.0,55.0,0.0,0.0,0.0,5.5
0.03,356,29.9,0.0,29.9,15.9,0.0,0.0,19.0,0.0,30.0,0.0,30.0,29.9,0.0,0.1,0.0,2.4,0.0,55.1,0.0,0.2,0.1,5.5
0.03,357,30.0,0.0,30.0,16.0,0.0,0.0,19.0,0.0,30.0,0.0,30.0,30.0,0.0,0.0,0.0,2.4,0.0,55.4,0.0,0.2,0.3,5.5
0.03,358,30.0,0.0,30.0,16.0,0.0,0.0,19.0,0.0,30.0,0.0,30.0,30.0,0.0,0.0,0.0,2.4,0.0,55.5,0.0,0.1,0.1,5.5
0.03,359,30.0,0.0,30.0,16.0,0.0,0.0,19.0,0.0,30.0,0.0,30.0,30.0,0.0,0.0,0.0,2.4,0.0,55.5,0.0,0.0,0.0,5.5
0.03,360,30.0,0.0,30.0,16.0,0.0,0.0,19.0,0.0,30.0,0.0,30.0,30.0,0.0,0.0,0.0,2.4,0.0,55.5,0.0,0.0,0.0,5.5
0.03,361,30.0,0.0,30.0,16.0,0.0,0.0,19.0,0.0,30.0,0.0,30.0,30.0,0.0,0.0,0.0,2.4,0.0,55.5,0.0,0.0,0.0,5.5
0.03,362,30.0,0.0,30.0,16.0,0.0,0.0,19.0,0.0,30.0,0.0,30.0,30.0,0.0,0.0,0.0,2.4,0.0,55.5,0.0,0.0,0.0,5.5
0.03,363,30.0,0.0,30.0,16.0,0.0,0.0,19.0,0.0,30.0,0.0,30.0,30.0,0.0,0.0,0.0,2.4,0.0,55.6,0.0,0.1,0.1,5.5
0.03,364,29.9,0.0,29.9,16.0,0.0,0.0,19.0,0.0,30.0,0.0,30.0,29.9,0.0,0.0,0.0,2.4,0.0,55.8,0.0,0.3,0.2,5.5
0.03,365,29.9,0.0,29.9,16.0,0.0,0.0,19.0,0.0,30.0,0.0,30.0,29.9,0.0,0.0,0.0,2.4,0.0,55.9,0.0,0.1,0.1,5.5
0.03,366,30.0,0.0,30.0,16.0,0.0,0.0,19.0,0.0,30.0,0.0,30.0,30.0,0.0,0.0,0.0,2.4,0.0,56.0,0.0,0.0,0.1,5.5
0.03,367,30.0,0.0,30.0,16.0,0.0,0.0,19.0,0.0,30.0,0.0,30.0,30.0,0.0,0.0,0.0,2.4,0.0,56.0,0.0,0.0,0.0,5.5
0.03,368,30.0,0.0,30.0,16.0,0.0,0.0,19.0,0.0,30.0,0.0,30.0,30.0,0.0,0.0,0.0,2.4,0.0,56.0,0.0,0.0,0.0,5.5
0.03,369,30.0,0.0,30.0,16.0,0.0,0.0,19.0,0.0,30.0,0.0,30.0,30.0,0.0,0.0,0.0,2.4,0.0,56.0,0.0,0.0,0.0,5.5
0.03,370,30.0,0.0,30.0,16.0,0.0,0.0,19.0,0.0,30.0,0.0,30.0,30.0,0.0,0.0,0.0,2.4,0.0,56.1,0.0,0.1,0.1,5.5
0.03,371,29.9,0.0,29.9,15.9,0.0,0.0,19.0,0.0,30.0,0.0,30.0,29.9,0.0,0.1,0.0,2.4,0.0,56.2,0.0,0.2,0.1,5.5
0.03,372,30.0,0.0,30.0,16.0,0.0,0.0,19.0,0.0,30.0,0.0,30.0,30.0,0.0,0.0,0.0,2.4,0.0,56.4,0.0,0.1,0.2,5.5
0.03,373,30.0,0.0,30.0,16.0,0.0,0.0,19.0,0.0,30.0,0.0,30.0,30.0,0.0,0.0,0.0,2.4,0.0,56.5,0.0,0.1,0.1,5.5
0.03,374,30.0,0.0,30.0,16.0,0.0,0.0,19.0,0.0,30.0,0.0,30.0,30.0,0.0,0.0,0.0,2.4,0.0,56.5,0.0,0.0,0.0,5.5
0.03,375,30.0,0.0,30.0,16.0,0.0,0.0,19.0,0.0,30.0,0.0,30.0,30.0,0.0,0.0,0.0,2.4,0.0,56.5,0.0,0.0,0.0,5.5
0.03,376,30.0,0.0,30.0,16.0,0.0,0.0,19.0,0.0,30.0,0.0,30.0,30.0,0.0,0.0,0.0,2.4,0.0,56.5,0.0,0.0,0.0,5.5
0.03,377,30.0,0.0,30.0,16.0,0.0,0.0,19.0,0.0,30.0,0.0,30.0,30.0,0.0,0.0,0.0,2.4,0.0,56.6,0.0,0.1,0.1,5.5
0.03,378,30.0,0.0,30.0,16.0,0.0,0.0,19.0,0.0,30.0,0.0,30.0,30.0,0.0,0.0,0.0,2.4,0.0,56.7,0.0,0.1,0.1,5.5
0.03,379,30.0,0.0,30.0,16.0,0.0,0.0,19.0,0.0,30.0,0.0,30.0,30.0,0.0,0.0,0.0,2.4,0.0,56.9,0.0,0.2,0.2,5.5
0.03,380,30.0,0.0,30.0,16.0,0.0,0.0,19.0,0.0,30.0,0.0,30.0,30.0,0.0,0.0,0.0,2.4,0.0,57.0,0.0,0.1,0.1,5.5
0.03,381,30.0,0.0,30.0,16.0,0.0,0.0,19.0,0.0,30.0,0.0,30.0,30.0,0.0,0.0,0.0,2.4,0.0,57.0,0.0,0.0,0.0,5.5
0.03,382,30.0,0.0,30.0,16.0,0.0,0.0,19.0,0.0,30.0,0.0,30.0,30.0,0.0,0.0,0.0,2.4,0.0,57.0,0.0,0.0,0.0,5.5
0.03,383,30.0,0.0,30.0,16.0,0.0,0.0,19.0,0.0,30.0,0.0,30.0,30.0,0.0,0.0,0.0,2.4,0.0,57.0,0.0,0.0,0.0,5.5
0.03,384,30.0,0.0,30.0,16.0,0.0,0.0,19.0,0.0,30.0,0.0,30.0,30.0,0.0,0.0,0.0,2.4,0.0,57.1,0.0,0.1,0.1,5.5
0.03,385,29.9,0.0,29.9,15.9,0.0,0.0,19.0,0.0,30.0,0.0,30.0,29.9,0.0,0.1,0.0,2.4,0.0,57.1,0.0,0.1,0.0,5.5
0.03,386,30.0,0.0,30.0,16.0,0.0,0.0,19.0,0.0,30.0,0.0,30.0,30.0,0.0,0.0,0.0,2.4,0.0,57.4,0.0,0.2,0.3,5.5
0.03,387,30.0,0.0,30.0,16.0,0.0,0.0,19.0,0.0,30.0,0.0,30.0,30.0,0.0,0.0,0.0,2.4,0.0,57.5,0.0,0.1,0.1,5.5
0.03,388,30.0,0.0,30.0,16.0,0.0,0.0,19.0,0.0,30.0,0.0,30.0,30.0,0.0,0.0,0.0,2.4,0.0,57.5,0.0,0.0,0.0,5.5
0.03,389,30.0,0.0,30.0,16.0,0.0,0.0,19.0,0.0,30.0,0.0,30.0,30.0,0.0,0.0,0.0,2.4,0.0,57.5,0.0,0.0,0.0,5.5
0.03,390,30.0,0.0,30.0,16.0,0.0,0.0,19.0,0.0,30.0,0.0,30.0,30.0,0.0,0.0,0.0,2.4,0.0,57.5,0.0,0.0,0.0,5.5
0.03,391,29.9,0.0,29.9,15.9,0.0,0.0,19.0,0.0,30.0,0.0,30.0,29.9,0.0,0.1,0.0,2.4,0.0,57.5,0.0,0.1,0.0,5.5
0.03,392,30.0,0.0,30.0,16.0,0.0,0.0,19.0,0.0,30.0,0.0,30.0,30.0,0.0,0.0,0.0,2.4,0.0,57.6,0.0,0.0,0.1,5.5
0.03,393,30.0,0.0,30.0,16.0,0.0,0.0,19.0,0.0,30.0,0.0,30.0,30.0,0.0,0.0,0.0,2.4,0.0,57.9,0.0,0.3,0.3,5.5
0.03,394,30.0,0.0,30.0,16.0,0.0,0.0,19.0,0.0,30.0,0.0,30.0,30.0,0.0,0.0,0.0,2.4,0.0,58.0,0.0,0.1,0.1,5.5
0.03,395,30.0,0.0,30.0,16.0,0.0,0.0,19.0,0.0,30.0,0.0,30.0,30.0,0.0,0.0,0.0,2.4,0.0,58.0,0.0,0.0,0.0,5.5
0.03,396,30.0,0.0,30.0,16.0,0.0,0.0,19.0,0.0,30.0,0.0,30.0,30.0,0.0,0.0,0.0,2.4,0.0,58.0,0.0,0.0,0.0,5.5
0.03,397,30.0,0.0,30.0,16.0,0.0,0.0,19.0,0.0,30.0,0.0,30.0,30.0,0.0,0.0,0.0,2.4,0.0,58.0,0.0,0.0,0.0,5.5
0.03,398,30.0,0.0,30.0,16.0,0.0,0.0,19.0,0.0,30.0,0.0,30.0,30.0,0.0,0.0,0.0,2.4,0.0,58.0,0.0,0.0,0.0,5.5
0.03,399,30.0,0.0,30.0,16.0,0.0,0.0,19.0,0.0,30.0,0.0,30.0,30.0,0.0,0.0,0.0,2.4,0.0,58.1,0.0,0.1,0.1,5.5
0.03,400,29.9,0.0,29.9,16.0,0.0,0.0,19.0,0.0,30.0,0.0,30.0,29.9,0.0,0.0,0.0,2.4,0.0,58.3,0.0,0.3,0.2,5.5
0.03,401,30.0,0.0,30.0,16.0,0.0,0.0,19.0,0.0,30.0,0.0,30.0,30.0,0.0,0.0,0.0,2.4,0.0,58.5,0.0,0.1,0.2,5.5
0.03,402,30.0,0.0,30.0,16.0,0.0,0.0,19.0,0.0,30.0,0.0,30.0,30.0,0.0,0.0,0.0,2.4,0.0,58.5,0.0,0.0,0.0,5.5
0.03,403,30.0,0.0,30.0,16.0,0.0,0.0,19.0,0.0,30.0,0.0,30.0,30.0,0.0,0.0,0.0,2.4,0.0,58.5,0.0,0.0,0.0,5.5
0.03,404,30.0,0.0,30.0,16.0,0.0,0.0,19.0,0.0,30.0,0.0,30.0,30.0,0.0,0.0,0.0,2.4,0.0,58.5,0.0,0.0,0.0,5.5
0.03,405,30.0,0.0,30.0,16.0,0.0,0.0,19.0,0.0,30.0,0.0,30.0,30.0,0.0,0.0,0.0,2.4,0.0,58.5,0.0,0.0,0.0,5.5
0.03,406,30.0,0.0,30.0,16.0,0.0,0.0,19.0,0.0,30.0,0.0,30.0,30.0,0.0,0.0,0.0,2.4,0.0,58.6,0.0,0.1,0.1,5.5
0.03,407,30.0,0.0,30.0,16.0,0.0,0.0,19.0,0.0,30.0,0.0,30.0,30.0,0.0,0.0,0.0,2.4,0.0,58.8,0.0,0.2,0.2,5.5
0.03,408,30.0,0.0,30.0,16.0,0.0,0.0,19.0,0.0,30.0,0.0,30.0,30.0,0.0,0.0,0.0,2.4,0.0,59.0,0.0,0.2,0.2,5.5
0.03,409,30.0,0.0,30.0,16.0,0.0,0.0,19.0,0.0,30.0,0.0,30.0,30.0,0.0,0.0,0.0,2.4,0.0,59.0,0.0,0.0,0.0,5.5
0.03,410,30.0,0.0,30.0,16.0,0.0,0.0,19.0,0.0,30.0,0.0,30.0,30.0,0.0,0.0,0.0,2.4,0.0,59.0,0.0,0.0,0.0,5.5
0.03,411,30.0,0.0,30.0,16.0,0.0,0.0,19.0,0.0,30.0,0.0,30.0,30.0,0.0,0.0,0.0,2.4,0.0,59.0,0.0,0.0,0.0,5.5
0.03,412,30.0,0.0,30.0,16.0,0.0,0.0,19.0,0.0,30.0,0.0,30.0,30.0,0.0,0.0,0.0,2.4,0.0,59.0,0.0,0.0,0.0,5.5
0.03,413,30.0,0.0,30.0,16.0,0.0,0.0,19.0,0.0,30.0,0.0,30.0,30.0,0.0,0.0,0.0,2.4,0.0,59.1,0.0,0.1,0.1,5.5
0.03,414,30.0,0.0,30.0,16.0,0.0,0.0,19.0,0.0,30.0,0.0,30.0,30.0,0.0,0.0,0.0,2.4,0.0,59.3,0.0,0.2,0.2,5.5
0.03,415,30.0,0.0,30.0,16.0,0.0,0.0,19.0,0.0,30.0,0.0,30.0,30.0,0.0,0.0,0.0,2.4,0.0,59.5,0.0,0.2,0.2,5.5
0.03,416,30.0,0.0,30.0,16.0,0.0,0.0,19.0,0.0,30.0,0.0,30.0,30.0,0.0,0.0,0.0,2.4,0.0,59.5,0.0,0.0,0.0,5.5
0.03,417,30.0,0.0,30.0,16.0,0.0,0.0,19.0,0.0,30.0,0.0,30.0,30.0,0.0,0.0,0.0,2.4,0.0,59.5,0.0,0.0,0.0,5.5
0.03,418,30.0,0.0,30.0,16.0,0.0,0.0,19.0,0.0,30.0,0.0,30.0,30.0,0.0,0.0,0.0,2.4,0.0,59.5,0.0,0.0,0.0,5.5
0.03,419,30.0,0.0,30.0,16.0,0.0,0.0,19.0,0.0,30.0,0.0,30.0,30.0,0.0,0.0,0.0,2.4,0.0,59.5,0.0,0.0,0.0,5.5
0.03,420,30.0,0.0,30.0,16.0,0.0,0.0,19.0,0.0,30.0,0.0,30.0,30.0,0.0,0.0,0.0,2.4,0.0,59.6,0.0,0.1,0.1,5.5
0.03,421,30.0,0.0,30.0,16.0,0.0,0.0,19.0,0.0,30.0,0.0,30.0,30.0,0.0,0.0,0.0,2.4,0.0,59.8,0.0,0.2,0.2,5.5
0.03,422,30.0,0.0,30.0,16.0,0.0,0.0,19.0,0.0,30.0,0.0,30.0,30.0,0.0,0.0,0.0,2.4,0.0,60.0,0.0,0.2,0.2,5.5
0.03,423,30.0,0.0,30.0,16.0,0.0,0.0,19.0,0.0,30.0,0.0,30.0,30.0,0.0,0.0,0.0,2.4,0.0,60.0,0.0,0.0,0.0,5.5
0.03,424,30.0,0.0,30.0,16.0,0.0,0.0,19.0,0.0,30.0,0.0,30.0,30.0,0.0,0.0,0.0,2.4,0.0,60.0,0.0,0.0,0.0,5.5
0.03,425,30.0,0.0,30.0,16.0,0.0,0.0,19.0,0.0,30.0,0.0,30.0,30.0,0.0,0.0,0.0,2.4,0.0,60.0,0.0,0.0,0.0,5.5
0.03,426,30.0,0.0,30.0,16.0,0.0,0.0,19.0,0.0,30.0,0.0,30.0,30.0,0.0,0.0,0.0,2.4,0.0,60.0,0.0,0.0,0.0,5.5
0.03,427,30.0,0.0,30.0,16.0,0.0,0.0,19.0,0.0,30.0,0.0,30.0,30.0,0.0,0.0,0.0,2.4,0.0,60.1,0.0,0.1,0.1,5.5
0.03,428,30.0,0.0,30.0,16.0,0.0,0.0,19.0,0.0,30.0,0.0,30.0,30.0,0.0,0.0,0.0,2.4,0.0,60.3,0.0,0.2,0.2,5.5
0.03,429,29.9,0.0,29.9,16.0,0.0,0.0,19.0,0.0,30.0,0.0,30.0,29.9,0.0,0.0,0.0,2.4,0.0,60.4,0.0,0.2,0.1,5.5
0.03,430,30.0,0.0,30.0,16.0,0.0,0.0,19.0,0.0,30.0,0.0,30.0,30.0,0.0,0.0,0.0,2.4,0.0,60.5,0.0,0.0,0.1,5.5
0.03,431,30.0,0.0,30.0,16.0,0.0,0.0,19.0,0.0,30.0,0.0,30.0,30.0,0.0,0.0,0.0,2.4,0.0,60.5,0.0,0.0,0.0,5.5
0.03,432,30.0,0.0,30.0,16.0,0.0,0.0,19.0,0.0,30.0,0.0,30.0,30.0,0.0,0.0,0.0,2.4,0.0,60.5,0.0,0.0,0.0,5.5
0.03,433,30.0,0.0,30.0,16.0,0.0,0.0,19.0,0.0,30.0,0.0,30.0,30.0,0.0,0.0,0.0,2.4,0.0,60.5,0.0,0.0,0.0,5.5
0.03,434,30.0,0.0,30.0,16.0,0.0,0.0,19.0,0.0,30.0,0.0,30.0,30.0,0.0,0.0,0.0,2.4,0.0,60.6,0.0,0.1,0.1,5.5
0.03,435,29.9,0.0,29.9,15.9,0.0,0.0,19.0,0.0,30.0,0.0,30.0,29.9,0.0,0.1,0.0,2.4,0.0,60.7,0.0,0.2,0.1,5.5
0.03,436,30.0,0.0,30.0,16.0,0.0,0.0,19.0,0.0,30.0,0.0,30.0,30.0,0.0,0.0,0.0,2.4,0.0,60.9,0.0,0.1,0.2,5.5
0.03,437,30.0,0.0,30.0,16.0,0.0,0.0,19.0,0.0,30.0,0.0,30.0,30.0,0.0,0.0,0.0,2.4,0.0,61.0,0.0,0.1,0.1,5.5
0.03,438,30.0,0.0,30.0,16.0,0.0,0.0,19.0,0.0,30.0,0.0,30.0,30.0,0.0,0.0,0.0,2.4,0.0,61.0,0.0,0.0,0.0,5.5
0.03,439,30.0,0.0,30.0,16.0,0.0,0.0,19.0,0.0,30.0,0.0,30.0,30.0,0.0,0.0,0.0,2.4,0.0,61.0,0.0,0.0,0.0,5.5
0.03,440,30.0,0.0,30.0,16.0,0.0,0.0,19.0,0.0,30.0,0.0,30.0,30.0,0.0,0.0,0.0,2.4,0.0,61.0,0.0,0.0,0.0,5.5
0.03,441,30.0,0.0,30.0,16.0,0.0,0.0,19.0,0.0,30.0,0.0,30.0,30.0,0.0,0.0,0.0,2.4,0.0,61.1,0.0,0.1,0.1,5.5
0.03,442,30.0,0.0,30.0,16.0,0.0,0.0,19.0,0.0,30.0,0.0,30.0,30.0,0.0,0.0,0.0,2.4,0.0,61.2,0.0,0.1,0.1,5.5
0.03,443,29.9,0.0,29.9,16.0,0.0,0.0,19.0,0.0,30.0,0.0,30.0,29.9,0.0,0.0,0.0,2.4,0.0,61.3,0.0,0.2,0.1,5.5
0.03,444,30.0,0.0,30.0,16.0,0.0,0.0,19.0,0.0,30.0,0.0,30.0,30.0,0.0,0.0,0.0,2.4,0.0,61.5,0.0,0.1,0.2,5.5
0.03,445,30.0,0.0,30.0,16.0,0.0,0.0,19.0,0.0,30.0,0.0,30.0,30.0,0.0,0.0,0.0,2.4,0.0,61.5,0.0,0.0,0.0,5.5
0.03,446,30.0,0.0,30.0,16.0,0.0,0.0,19.0,0.0,30.0,0.0,30.0,30.0,0.0,0.0,0.0,2.4,0.0,61.5,0.0,0.0,0.0,5.5
0.03,447,30.0,0.0,30.0,16.0,0.0,0.0,19.0,0.0,30.0,0.0,30.0,30.0,0.0,0.0,0.0,2.4,0.0,61.5,0.0,0.0,0.0,5.5
0.03,448,29.9,0.0,29.9,15.9,0.0,0.0,19.0,0.0,30.0,0.0,30.0,29.9,0.0,0.1,0.0,2.4,0.0,61.5,0.0,0.1,0.0,5.5
0.03,449,29.9,0.0,29.9,15.9,0.0,0.0,19.0,0.0,30.0,0.0,30.0,29.9,0.0,0.1,0.0,2.4,0.0,61.6,0.0,0.1,0.1,5.5
0.03,450,29.9,0.0,29.9,15.9,0.0,0.0,19.0,0.0,30.0,0.0,30.0,29.9,0.0,0.1,0.0,2.4,0.0,61.7,0.0,0.1,0.1,5.5
0.03,451,30.0,0.0,30.0,16.0,0.0,0.0,19.0,0.0,30.0,0.0,30.0,30.0,0.0,0.0,0.0,2.4,0.0,62.0,0.0,0.2,0.3,5.5
0.03,452,30.0,0.0,30.0,16.0,0.0,0.0,19.0,0.0,30.0,0.0,30.0,30.0,0.0,0.0,0.0,2.4,0.0,62.0,0.0,0.0,0.0,5.5
0.03,453,30.0,0.0,30.0,16.0,0.0,0.0,19.0,0.0,30.0,0.0,30.0,30.0,0.0,0.0,0.0,2.4,0.0,62.0,0.0,0.0,0.0,5.5
0.03,454,30.0,0.0,30.0,16.0,0.0,0.0,19.0,0.0,30.0,0.0,30.0,30.0,0.0,0.0,0.0,2.4,0.0,62.0,0.0,0.0,0.0,5.5
0.03,455,30.0,0.0,30.0,16.0,0.0,0.0,19.0,0.0,30.0,0.0,30.0,30.0,0.0,0.0,0.0,2.4,0.0,62.0,0.0,0.0,0.0,5.5
0.03,456,30.0,0.0,30.0,16.0,0.0,0.0,19.0,0.0,30.0,0.0,30.0,30.0,0.0,0.0,0.0,2.4,0.0,62.1,0.0,0.1,0.1,5.5
0.03,457,30.0,0.0,30.0,16.0,0.0,0.0,19.0,0.0,30.0,0.0,30.0,30.0,0.0,0.0,0.0,2.4,0.0,62.2,0.0,0.1,0.1,5.5
0.03,458,30.0,0.0,30.0,16.0,0.0,0.0,19.0,0.0,30.0,0.0,30.0,30.0,0.0,0.0,0.0,2.4,0.0,62.5,0.0,0.3,0.3,5.5
0.03,459,30.0,0.0,30.0,16.0,0.0,0.0,19.0,0.0,30.0,0.0,30.0,30.0,0.0,0.0,0.0,2.4,0.0,62.5,0.0,0.0,0.0,5.5
0.03,460,30.0,0.0,30.0,16.0,0.0,0.0,19.0,0.0,30.0,0.0,30.0,30.0,0.0,0.0,0.0,2.4,0.0,62.5,0.0,0.0,0.0,5.5
0.03,461,30.0,0.0,30.0,16.0,0.0,0.0,19.0,0.0,30.0,0.0,30.0,30.0,0.0,0.0,0.0,2.4,0.0,62.5,0.0,0.0,0.0,5.5
0.03,462,30.0,0.0,30.0,16.0,0.0,0.0,19.0,0.0,30.0,0.0,30.0,30.0,0.0,0.0,0.0,2.4,0.0,62.5,0.0,0.0,0.0,5.5
0.03,463,30.0,0.0,30.0,16.0,0.0,0.0,19.0,0.0,30.0,0.0,30.0,30.0,0.0,0.0,0.0,2.4,0.0,62.6,0.0,0.1,0.1,5.5
0.03,464,30.0,0.0,30.0,16.0,0.0,0.0,19.0,0.0,30.0,0.0,30.0,30.0,0.0,0.0,0.0,2.4,0.0,62.7,0.0,0.1,0.1,5.5
0.03,465,30.0,0.0,30.0,16.0,0.0,0.0,19.0,0.0,30.0,0.0,30.0,30.0,0.0,0.0,0.0,2.4,0.0,63.0,0.0,0.3,0.3,5.5
0.03,466,30.0,0.0,30.0,16.0,0.0,0.0,19.0,0.0,30.0,0.0,30.0,30.0,0.0,0.0,0.0,2.4,0.0,63.0,0.0,0.0,0.0,5.5
0.03,467,30.0,0.0,30.0,16.0,0.0,0.0,19.0,0.0,30.0,0.0,30.0,30.0,0.0,0.0,0.0,2.4,0.0,63.0,0.0,0.0,0.0,5.5
0.03,468,30.0,0.0,30.0,16.0,0.0,0.0,19.0,0.0,30.0,0.0,30.0,30.0,0.0,0.0,0.0,2.4,0.0,63.0,0.0,0.0,0.0,5.5
0.03,469,30.0,0.0,30.0,16.0,0.0,0.0,19.0,0.0,30.0,0.0,30.0,30.0,0.0,0.0,0.0,2.4,0.0,63.0,0.0,0.0,0.0,5.5
0.03,470,30.0,0.0,30.0,16.0,0.0,0.0,19.0,0.0,30.0,0.0,30.0,30.0,0.0,0.0,0.0,2.4,0.0,63.1,0.0,0.1,0.1,5.5
0.03,471,30.0,0.0,30.0,16.0,0.0,0.0,19.0,0.0,30.0,0.0,30.0,30.0,0.0,0.0,0.0,2.4,0.0,63.2,0.0,0.1,0.1,5.5
0.03,472,30.0,0.0,30.0,16.0,0.0,0.0,19.0,0.0,30.0,0.0,30.0,30.0,0.0,0.0,0.0,2.4,0.0,63.5,0.0,0.3,0.3,5.5
0.03,473,30.0,0.0,30.0,16.0,0.0,0.0,19.0,0.0,30.0,0.0,30.0,30.0,0.0,0.0,0.0,2.4,0.0,63.5,0.0,0.0,0.0,5.5
0.03,474,30.0,0.0,30.0,16.0,0.0,0.0,19.0,0.0,30.0,0.0,30.0,30.0,0.0,0.0,0.0,2.4,0.0,63.5,0.0,0.0,0.0,5.5
0.03,475,30.0,0.0,30.0,16.0,0.0,0.0,19.0,0.0,30.0,0.0,30.0,30.0,0.0,0.0,0.0,2.4,0.0,63.5,0.0,0.0,0.0,5.5
0.03,476,30.0,0.0,30.0,16.0,0.0,0.0,19.0,0.0,30.0,0.0,30.0,30.0,0.0,0.0,0.0,2.4,0.0,63.5,0.0,0.0,0.0,5.5
0.03,477,30.0,0.0,30.0,16.0,0.0,0.0,19.0,0.0,30.0,0.0,30.0,30.0,0.0,0.0,0.0,2.4,0.0,63.6,0.0,0.1,0.1,5.5
0.03,478,30.0,0.0,30.0,16.0,0.0,0.0,19.0,0.0,30.0,0.0,30.0,30.0,0.0,0.0,0.0,2.4,0.0,63.7,0.0,0.1,0.1,5.5
0.03,479,29.9,0.0,29.9,16.0,0.0,0.0,19.0,0.0,30.0,0.0,30.0,29.9,0.0,0.0,0.0,2.4,0.0,63.9,0.0,0.3,0.2,5.5
0.03,480,30.0,0.0,30.0,16.0,0.0,0.0,19.0,0.0,30.0,0.0,30.0,30.0,0.0,0.0,0.0,2.4,0.0,64.0,0.0,0.0,0.1,5.5
0.03,481,30.0,0.0,30.0,16.0,0.0,0.0,19.0,0.0,30.0,0.0,30.0,30.0,0.0,0.0,0.0,2.4,0.0,64.0,0.0,0.0,0.0,5.5
0.03,482,30.0,0.0,30.0,16.0,0.0,0.0,19.0,0.0,30.0,0.0,30.0,30.0,0.0,0.0,0.0,2.4,0.0,64.0,0.0,0.0,0.0,5.5
0.03,483,30.0,0.0,30.0,16.0,0.0,0.0,19.0,0.0,30.0,0.0,30.0,30.0,0.0,0.0,0.0,2.4,0.0,64.0,0.0,0.0,0.0,5.5
0.03,484,30.0,0.1,29.9,16.0,0.1,0.1,19.0,0.0,30.0,0.0,30.0,30.0,0.1,0.0,0.0,2.5,0.0,64.1,0.0,0.1,0.1,5.5
0.03,485,29.9,0.1,29.8,15.9,0.1,0.1,19.0,0.0,30.0,0.0,30.0,29.9,0.1,0.1,0.0,2.5,0.0,64.1,0.0,0.1,0.0,5.5
0.03,486,29.9,0.3,29.6,16.0,0.3,0.3,19.0,0.0,30.0,0.0,30.0,29.9,0.3,0.0,0.0,2.7,0.0,64.3,0.0,0.2,0.2,5.5
0.03,487,30.0,0.4,29.6,16.0,0.4,0.4,19.0,0.0,30.0,0.0,30.0,30.0,0.4,0.0,0.0,2.8,0.0,64.5,0.0,0.1,0.2,5.5
0.03,488,30.0,0.4,29.6,16.0,0.4,0.4,19.0,0.0,30.0,0.0,30.0,30.0,0.4,0.0,0.0,2.8,0.0,64.5,0.0,0.0,0.0,5.5
0.03,489,30.0,0.4,29.6,16.0,0.4,0.4,19.0,0.0,30.0,0.0,30.0,30.0,0.4,0.0,0.0,2.8,0.0,64.5,0.0,0.0,0.0,5.5
0.03,490,30.0,0.4,29.6,16.0,0.4,0.4,19.0,0.0,30.0,0.0,30.0,30.0,0.4,0.0,0.0,2.8,0.0,64.5,0.0,0.0,0.0,5.5
0.03,491,29.9,0.3,29.6,15.9,0.3,0.3,19.0,0.0,30.0,0.0,30.0,29.9,0.3,0.1,0.0,2.8,0.0,64.5,0.0,0.1,0.0,5.5
0.03,492,30.0,0.3,29.7,16.0,0.3,0.3,19.0,0.0,30.0,0.0,30.0,30.0,0.3,0.0,0.0,2.8,0.0,64.6,0.0,0.0,0.1,5.5
0.03,493,30.0,0.1,29.9,16.0,0.1,0.1,19.0,0.0,30.0,0.0,30.0,30.0,0.1,0.0,0.0,2.8,0.0,64.8,0.0,0.2,0.2,5.5
0.03,494,30.0,0.0,30.0,16.0,0.0,0.0,19.0,0.0,30.0,0.0,30.0,30.0,0.0,0.0,0.0,2.8,0.0,65.0,0.0,0.2,0.2,5.5
0.03,495,30.0,0.0,30.0,16.0,0.0,0.0,19.0,0.0,30.0,0.0,30.0,30.0,0.0,0.0,0.0,2.8,0.0,65.0,0.0,0.0,0.0,5.5
0.03,496,30.0,0.0,30.0,16.0,0.0,0.0,19.0,0.0,30.0,0.0,30.0,30.0,0.0,0.0,0.0,2.8,0.0,65.0,0.0,0.0,0.0,5.5
0.03,497,30.0,0.0,30.0,16.0,0.0,0.0,19.0,0.0,30.0,0.0,30.0,30.0,0.0,0.0,0.0,2.8,0.0,65.0,0.0,0.0,0.0,5.5
0.03,498,30.0,0.0,30.0,16.0,0.0,0.0,19.0,0.0,30.0,0.0,30.0,30.0,0.0,0.0,0.0,2.8,0.0,65.0,0.0,0.0,0.0,5.5
0.03,499,30.0,0.0,30.0,16.0,0.0,0.0,19.0,0.0,30.0,0.0,30.0,30.0,0.0,0.0,0.0,2.8,0.0,65.1,0.0,0.1,0.1,5.5
0.03,500,30.0,0.0,30.0,16.0,0.0,0.0,19.0,0.0,30.0,0.0,30.0,30.0,0.0,0.0,0.0,2.8,0.0,65.3,0.0,0.2,0.2,5.5
0.03,501,30.0,0.0,30.0,16.0,0.0,0.0,19.0,0.0,30.0,0.0,30.0,30.0,0.0,0.0,0.0,2.8,0.0,65.5,0.0,0.2,0.2,5.5
0.03,502,30.0,0.0,30.0,16.0,0.0,0.0,19.0,0.0,30.0,0.0,30.0,30.0,0.0,0.0,0.0,2.8,0.0,65.5,0.0,0.0,0.0,5.5
0.03,503,30.0,0.0,30.0,16.0,0.0,0.0,19.0,0.0,30.0,0.0,30.0,30.0,0.0,0.0,0.0,2.8,0.0,65.5,0.0,0.0,0.0,5.5
0.03,504,30.0,0.0,30.0,16.0,0.0,0.0,19.0,0.0,30.0,0.0,30.0,30.0,0.0,0.0,0.0,2.8,0.0,65.5,0.0,0.0,0.0,5.5
0.03,505,30.0,0.0,30.0,16.0,0.0,0.0,19.0,0.0,30.0,0.0,30.0,30.0,0.0,0.0,0.0,2.8,0.0,65.5,0.0,0.0,0.0,5.5
0.03,506,30.0,0.0,30.0,16.0,0.0,0.0,19.0,0.0,30.0,0.0,30.0,30.0,0.0,0.0,0.0,2.8,0.0,65.6,0.0,0.1,0.1,5.5
0.03,507,30.0,0.0,30.0,16.0,0.0,0.0,19.0,0.0,30.0,0.0,30.0,30.0,0.0,0.0,0.0,2.8,0.0,65.8,0.0,0.2,0.2,5.5
0.03,508,30.0,0.0,30.0,16.0,0.0,0.0,19.0,0.0,30.0,0.0,30.0,30.0,0.0,0.0,0.0,2.8,0.0,66.0,0.0,0.2,0.2,5.5
0.03,509,30.0,0.0,30.0,16.0,0.0,0.0,19.0,0.0,30.0,0.0,30.0,30.0,0.0,0.0,0.0,2.8,0.0,66.0,0.0,0.0,0.0,5.5
0.03,510,30.0,0.0,30.0,16.0,0.0,0.0,19.0,0.0,30.0,0.0,30.0,30.0,0.0,0.0,0.0,2.8,0.0,66.0,0.0,0.0,0.0,5.5
0.03,511,30.0,0.0,30.0,16.0,0.0,0.0,19.0,0.0,30.0,0.0,30.0,30.0,0.0,0.0,0.0,2.8,0.0,66.0,0.0,0.0,0.0,5.5
0.03,512,30.0,0.0,30.0,16.0,0.0,0.0,19.0,0.0,30.0,0.0,30.0,30.0,0.0,0.0,0.0,2.8,0.0,66.0,0.0,0.0,0.0,5.5
0.03,513,30.0,0.0,30.0,16.0,0.0,0.0,19.0,0.0,30.0,0.0,30.0,30.0,0.0,0.0,0.0,2.8,0.0,66.1,0.0,0.1,0.1,5.5
0.03,514,30.0,0.0,30.0,16.0,0.0,0.0,19.0,0.0,30.0,0.0,30.0,30.0,0.0,0.0,0.0,2.8,0.0,66.3,0.0,0.2,0.2,5.5
0.03,515,30.0,0.0,30.0,16.0,0.0,0.0,19.0,0.0,30.0,0.0,30.0,30.0,0.0,0.0,0.0,2.8,0.0,66.5,0.0,0.2,0.2,5.5
0.03,516,30.0,0.0,30.0,16.0,0.0,0.0,19.0,0.0,30.0,0.0,30.0,30.0,0.0,0.0,0.0,2.8,0.0,66.5,0.0,0.0,0.0,5.5
0.03,517,30.0,0.0,30.0,16.0,0.0,0.0,19.0,0.0,30.0,0.0,30.0,30.0,0.0,0.0,0.0,2.8,0.0,66.5,0.0,0.0,0.0,5.5
0.03,518,30.0,0.0,30.0,16.0,0.0,0.0,19.0,0.0,30.0,0.0,30.0,30.0,0.0,0.0,0.0,2.8,0.0,66.5,0.0,0.0,0.0,5.5
0.03,519,30.0,0.0,30.0,16.0,0.0,0.0,19.0,0.0,30.0,0.0,30.0,30.0,0.0,0.0,0.0,2.8,0.0,66.5,0.0,0.0,0.0,5.5
0.03,520,30.0,0.0,30.0,16.0,0.0,0.0,19.0,0.0,30.0,0.0,30.0,30.0,0.0,0.0,0.0,2.8,0.0,66.6,0.0,0.1,0.1,5.5
0.03,521,30.0,0.0,30.0,16.0,0.0,0.0,19.0,0.0,30.0,0.0,30.0,30.0,0.0,0.0,0.0,2.8,0.0,66.8,0.0,0.2,0.2,5.5
0.03,522,29.9,0.0,29.9,16.0,0.0,0.0,19.0,0.0,30.0,0.0,30.0,29.9,0.0,0.0,0.0,2.8,0.0,66.9,0.0,0.2,0.1,5.5
0.03,523,30.0,0.0,30.0,16.0,0.0,0.0,19.0,0.0,30.0,0.0,30.0,30.0,0.0,0.0,0.0,2.8,0.0,67.0,0.0,0.0,0.1,5.5
0.03,524,30.0,0.0,30.0,16.0,0.0,0.0,19.0,0.0,30.0,0.0,30.0,30.0,0.0,0.0,0.0,2.8,0.0,67.0,0.0,0.0,0.0,5.5
0.03,525,30.0,0.0,30.0,16.0,0.0,0.0,19.0,0.0,30.0,0.0,30.0,30.0,0.0,0.0,0.0,2.8,0.0,67.0,0.0,0.0,0.0,5.5
0.03,526,30.0,0.0,30.0,16.0,0.0,0.0,19.0,0.0,30.0,0.0,30.0,30.0,0.0,0.0,0.0,2.8,0.0,67.0,0.0,0.0,0.0,5.5
0.03,527,30.0,0.0,30.0,16.0,0.0,0.0,19.0,0.0,30.0,0.0,30.0,30.0,0.0,0.0,0.0,2.8,0.0,67.1,0.0,0.1,0.1,5.5
0.03,528,29.9,0.0,29.9,15.9,0.0,0.0,19.0,0.0,30.0,0.0,30.0,29.9,0.0,0.1,0.0,2.8,0.0,67.2,0.0,0.2,0.1,5.5
0.03,529,29.9,0.0,29.9,16.0,0.0,0.0,19.0,0.0,30.0,0.0,30.0,29.9,0.0,0.0,0.0,2.8,0.0,67.3,0.0,0.1,0.1,5.5
0.03,530,30.0,0.0,30.0,16.0,0.0,0.0,19.0,0.0,30.0,0.0,30.0,30.0,0.0,0.0,0.0,2.8,0.0,67.5,0.0,0.1,0.2,5.5
0.03,531,30.0,0.0,30.0,16.0,0.0,0.0,19.0,0.0,30.0,0.0,30.0,30.0,0.0,0.0,0.0,2.8,0.0,67.5,0.0,0.0,0.0,5.5
0.03,532,30.0,0.0,30.0,16.0,0.0,0.0,19.0,0.0,30.0,0.0,30.0,30.0,0.0,0.0,0.0,2.8,0.0,67.5,0.0,0.0,0.0,5.5
0.03,533,30.0,0.0,30.0,16.0,0.0,0.0,19.0,0.0,30.0,0.0,30.0,30.0,0.0,0.0,0.0,2.8,0.0,67.5,0.0,0.0,0.0,5.5
0.03,534,30.0,0.0,30.0,16.0,0.0,0.0,19.0,0.0,30.0,0.0,30.0,30.0,0.0,0.0,0.0,2.8,0.0,67.6,0.0,0.1,0.1,5.5
0.03,535,29.9,0.0,29.9,15.9,0.0,0.0,19.0,0.0,30.0,0.0,30.0,29.9,0.0,0.1,0.0,2.8,0.0,67.6,0.0,0.1,0.0,5.5
0.03,536,30.0,0.0,30.0,16.0,0.0,0.0,19.0,0.0,30.0,0.0,30.0,30.0,0.0,0.0,0.0,2.8,0.0,67.8,0.0,0.1,0.2,5.5
0.03,537,30.0,0.0,30.0,16.0,0.0,0.0,19.0,0.0,30.0,0.0,30.0,30.0,0.0,0.0,0.0,2.8,0.0,68.0,0.0,0.2,0.2,5.5
0.03,538,30.0,0.0,30.0,16.0,0.0,0.0,19.0,0.0,30.0,0.0,30.0,30.0,0.0,0.0,0.0,2.8,0.0,68.0,0.0,0.0,0.0,5.5
0.03,539,30.0,0.0,30.0,16.0,0.0,0.0,19.0,0.0,30.0,0.0,30.0,30.0,0.0,0.0,0.0,2.8,0.0,68.0,0.0,0.0,0.0,5.5
0.03,540,30.0,0.0,30.0,16.0,0.0,0.0,19.0,0.0,30.0,0.0,30.0,30.0,0.0,0.0,0.0,2.8,0.0,68.0,0.0,0.0,0.0,5.5
0.03,541,30.0,0.0,30.0,16.0,0.0,0.0,19.0,0.0,30.0,0.0,30.0,30.0,0.0,0.0,0.0,2.8,0.0,68.1,0.0,0.1,0.1,5.5
0.03,542,30.0,0.0,30.0,16.0,0.0,0.0,19.0,0.0,30.0,0.0,30.0,30.0,0.0,0.0,0.0,2.8,0.0,68.1,0.0,0.0,0.0,5.5
0.03,543,30.0,0.0,30.0,16.0,0.0,0.0,19.0,0.0,30.0,0.0,30.0,30.0,0.0,0.0,0.0,2.8,0.0,68.3,0.0,0.2,0.2,5.5
0.03,544,30.0,0.0,30.0,16.0,0.0,0.0,19.0,0.0,30.0,0.0,30.0,30.0,0.0,0.0,0.0,2.8,0.0,68.5,0.0,0.2,0.2,5.5
0.03,545,30.0,0.0,30.0,16.0,0.0,0.0,19.0,0.0,30.0,0.0,30.0,30.0,0.0,0.0,0.0,2.8,0.0,68.5,0.0,0.0,0.0,5.5
0.03,546,30.0,0.0,30.0,16.0,0.0,0.0,19.0,0.0,30.0,0.0,30.0,30.0,0.0,0.0,0.0,2.8,0.0,68.5,0.0,0.0,0.0,5.5
0.03,547,30.0,0.0,30.0,16.0,0.0,0.0,19.0,0.0,30.0,0.0,30.0,30.0,0.0,0.0,0.0,2.8,0.0,68.5,0.0,0.0,0.0,5.5
0.03,548,30.0,0.0,30.0,16.0,0.0,0.0,19.0,0.0,30.0,0.0,30.0,30.0,0.0,0.0,0.0,2.8,0.0,68.6,0.0,0.1,0.1,5.5
0.03,549,30.0,0.0,30.0,16.0,0.0,0.0,19.0,0.0,30.0,0.0,30.0,30.0,0.0,0.0,0.0,2.8,0.0,68.6,0.0,0.0,0.0,5.5
0.03,550,30.0,0.0,30.0,16.0,0.0,0.0,19.0,0.0,30.0,0.0,30.0,30.0,0.0,0.0,0.0,2.8,0.0,68.8,0.0,0.2,0.2,5.5
0.03,551,30.0,0.0,30.0,16.0,0.0,0.0,19.0,0.0,30.0,0.0,30.0,30.0,0.0,0.0,0.0,2.8,0.0,69.0,0.0,0.2,0.2,5.5
0.03,552,30.0,0.0,30.0,16.0,0.0,0.0,19.0,0.0,30.0,0.0,30.0,30.0,0.0,0.0,0.0,2.8,0.0,69.0,0.0,0.0,0.0,5.5
0.03,553,30.0,0.0,30.0,16.0,0.0,0.0,19.0,0.0,30.0,0.0,30.0,30.0,0.0,0.0,0.0,2.8,0.0,69.0,0.0,0.0,0.0,5.5
0.03,554,30.0,0.0,30.0,16.0,0.0,0.0,19.0,0.0,30.0,0.0,30.0,30.0,0.0,0.0,0.0,2.8,0.0,69.0,0.0,0.0,0.0,5.5
0.03,555,30.0,0.0,30.0,16.0,0.0,0.0,19.0,0.0,30.0,0.0,30.0,30.0,0.0,0.0,0.0,2.8,0.0,69.1,0.0,0.1,0.1,5.5
0.03,556,30.0,0.0,30.0,16.0,0.0,0.0,19.0,0.0,30.0,0.0,30.0,30.0,0.0,0.0,0.0,2.8,0.0,69.1,0.0,0.0,0.0,5.5
0.03,557,30.0,0.0,30.0,16.0,0.0,0.0,19.0,0.0,30.0,0.0,30.0,30.0,0.0,0.0,0.0,2.8,0.0,69.3,0.0,0.2,0.2,5.5
0.03,558,30.0,0.0,30.0,16.0,0.0,0.0,19.0,0.0,30.0,0.0,30.0,30.0,0.0,0.0,0.0,2.8,0.0,69.5,0.0,0.2,0.2,5.5
0.03,559,30.0,0.0,30.0,16.0,0.0,0.0,19.0,0.0,30.0,0.0,30.0,30.0,0.0,0.0,0.0,2.8,0.0,69.5,0.0,0.0,0.0,5.5
0.03,560,30.0,0.0,30.0,16.0,0.0,0.0,19.0,0.0,30.0,0.0,30.0,30.0,0.0,0.0,0.0,2.8,0.0,69.5,0.0,0.0,0.0,5.5
0.03,561,30.0,0.0,30.0,16.0,0.0,0.0,19.0,0.0,30.0,0.0,30.0,30.0,0.0,0.0,0.0,2.8,0.0,69.5,0.0,0.0,0.0,5.5
0.03,562,30.0,0.0,30.0,16.0,0.0,0.0,19.0,0.0,30.0,0.0,30.0,30.0,0.0,0.0,0.0,2.8,0.0,69.6,0.0,0.1,0.1,5.5
0.03,563,30.0,0.0,30.0,16.0,0.0,0.0,19.0,0.0,30.0,0.0,30.0,30.0,0.0,0.0,0.0,2.8,0.0,69.6,0.0,0.0,0.0,5.5
0.03,564,30.0,0.0,30.0,16.0,0.0,0.0,19.0,0.0,30.0,0.0,30.0,30.0,0.0,0.0,0.0,2.8,0.0,69.8,0.0,0.2,0.2,5.5
0.03,565,30.0,0.0,30.0,16.0,0.0,0.0,19.0,0.0,30.0,0.0,30.0,30.0,0.0,0.0,0.0,2.8,0.0,70.0,0.0,0.2,0.2,5.5
0.03,566,30.0,0.0,30.0,16.0,0.0,0.0,19.0,0.0,30.0,0.0,30.0,30.0,0.0,0.0,0.0,2.8,0.0,70.0,0.0,0.0,0.0,5.5
0.03,567,30.0,0.0,30.0,16.0,0.0,0.0,19.0,0.0,30.0,0.0,30.0,30.0,0.0,0.0,0.0,2.8,0.0,70.0,0.0,0.0,0.0,5.5
0.03,568,30.0,0.0,30.0,16.0,0.0,0.0,19.0,0.0,30.0,0.0,30.0,30.0,0.0,0.0,0.0,2.8,0.0,70.0,0.0,0.0,0.0,5.5
0.03,569,30.0,0.0,30.0,16.0,0.0,0.0,19.0,0.0,30.0,0.0,30.0,30.0,0.0,0.0,0.0,2.8,0.0,70.1,0.0,0.1,0.1,5.5
0.03,570,30.0,0.0,30.0,16.0,0.0,0.0,19.0,0.0,30.0,0.0,30.0,30.0,0.0,0.0,0.0,2.8,0.0,70.1,0.0,0.0,0.0,5.5
0.1,0,30.0,0.0,30.0,16.0,0.0,0.0,19.0,0.0,30.0,0.0,30.0,0.0,0.0,0.0,0.0,0.0,0.0,30.0,0.0,0.0,0.0,5.5
0.1,1,30.0,0.0,30.0,16.0,0.0,0.0,19.0,0.0,30.0,0.0,30.0,30.0,0.0,0.0,0.0,0.0,0.0,30.0,0.0,0.0,0.0,5.5
0.1,2,30.0,0.0,30.0,16.0,0.0,0.0,19.0,0.0,30.0,0.0,30.0,30.0,0.0,0.0,0.0,0.0,0.0,31.0,0.0,1.0,1.0,5.5
0.1,3,30.0,0.0,30.0,16.0,0.0,0.0,19.0,0.0,30.0,0.0,30.0,30.0,0.0,0.0,0.0,0.0,0.0,31.0,0.0,0.0,0.0,5.5
0.1,4,30.0,0.0,30.0,16.0,0.0,0.0,19.0,0.0,30.0,0.0,30.0,30.0,0.0,0.0,0.0,0.0,0.0,31.0,0.0,0.0,0.0,5.5
0.1,5,30.0,0.0,30.0,16.0,0.0,0.0,19.0,0.0,30.0,0.0,30.0,30.0,0.0,0.0,0.0,0.0,0.0,31.0,0.0,0.0,0.0,5.5
0.1,6,30.0,0.0,30.0,16.0,0.0,0.0,19.0,0.0,30.0,0.0,30.0,30.0,0.0,0.0,0.0,0.0,0.0,31.0,0.0,0.0,0.0,5.5
0.1,7,30.0,0.0,30.0,16.0,0.0,0.0,19.0,0.0,30.0,0.0,30.0,30.0,0.0,0.0,0.0,0.0,0.0,31.0,0.0,0.0,0.0,5.5
0.1,8,30.0,0.0,30.0,16.0,0.0,0.0,19.0,0.0,30.0,0.0,30.0,30.0,0.0,0.0,0.0,0.0,0.0,31.0,0.0,0.0,0.0,5.5
0.1,9,30.0,0.0,30.0,16.0,0.0,0.0,19.0,0.0,30.0,0.0,30.0,30.0,0.0,0.0,0.0,0.0,0.0,32.0,0.0,1.0,1.0,5.5
0.1,10,30.0,0.0,30.0,16.0,0.0,0.0,19.0,0.0,30.0,0.0,30.0,30.0,0.0,0.0,0.0,0.0,0.0,32.0,0.0,0.0,0.0,5.5
0.1,11,30.0,0.0,30.0,16.0,0.0,0.0,19.0,0.0,30.0,0.0,30.0,30.0,0.0,0.0,0.0,0.0,0.0,32.0,0.0,0.0,0.0,5.5
0.1,12,30.0,0.0,30.0,16.0,0.0,0.0,19.0,0.0,30.0,0.0,30.0,30.0,0.0,0.0,0.0,0.0,0.0,32.0,0.0,0.0,0.0,5.5
0.1,13,30.0,0.0,30.0,16.0,0.0,0.0,19.0,0.0,30.0,0.0,30.0,30.0,0.0,0.0,0.0,0.0,0.0,32.0,0.0,0.0,0.0,5.5
0.1,14,30.0,0.0,30.0,16.0,0.0,0.0,19.0,0.0,30.0,0.0,30.0,30.0,0.0,0.0,0.0,0.0,0.0,32.0,0.0,0.0,0.0,5.5
0.1,15,30.0,0.0,30.0,16.0,0.0,0.0,19.0,0.0,30.0,0.0,30.0,30.0,0.0,0.0,0.0,0.0,0.0,32.0,0.0,0.0,0.0,5.5
0.1,16,30.0,0.0,30.0,16.0,0.0,0.0,19.0,0.0,30.0,0.0,30.0,30.0,0.0,0.0,0.0,0.0,0.0,33.0,0.0,1.0,1.0,5.5
0.1,17,30.0,0.0,30.0,16.0,0.0,0.0,19.0,0.0,30.0,0.0,30.0,30.0,0.0,0.0,0.0,0.0,0.0,33.0,0.0,0.0,0.0,5.5
0.1,18,30.0,0.0,30.0,16.0,0.0,0.0,19.0,0.0,30.0,0.0,30.0,30.0,0.0,0.0,0.0,0.0,0.0,33.0,0.0,0.0,0.0,5.5
0.1,19,30.0,0.0,30.0,16.0,0.0,0.0,19.0,0.0,30.0,0.0,30.0,30.0,0.0,0.0,0.0,0.0,0.0,33.0,0.0,0.0,0.0,5.5
0.1,20,30.0,0.0,30.0,16.0,0.0,0.0,19.0,0.0,30.0,0.0,30.0,30.0,0.0,0.0,0.0,0.0,0.0,33.0,0.0,0.0,0.0,5.5
0.1,21,30.0,0.0,30.0,16.0,0.0,0.0,19.0,0.0,30.0,0.0,30.0,30.0,0.0,0.0,0.0,0.0,0.0,33.0,0.0,0.0,0.0,5.5
0.1,22,30.0,0.0,30.0,16.0,0.0,0.0,19.0,0.0,30.0,0.0,30.0,30.0,0.0,0.0,0.0,0.0,0.0,33.0,0.0,0.0,0.0,5.5
0.1,23,29.9,0.0,29.9,15.9,0.0,0.0,19.0,0.0,30.0,0.0,30.0,29.9,0.0,0.1,0.0,0.0,0.0,33.9,0.0,1.0,0.9,5.5
0.1,24,30.0,0.0,30.0,16.0,0.0,0.0,19.0,0.0,30.0,0.0,30.0,30.0,0.0,0.0,0.0,0.0,0.0,34.0,0.0,0.0,0.1,5.5
0.1,25,30.0,0.0,30.0,16.0,0.0,0.0,19.0,0.0,30.0,0.0,30.0,30.0,0.0,0.0,0.0,0.0,0.0,34.0,0.0,0.0,0.0,5.5
0.1,26,30.0,0.0,30.0,16.0,0.0,0.0,19.0,0.0,30.0,0.0,30.0,30.0,0.0,0.0,0.0,0.0,0.0,34.0,0.0,0.0,0.0,5.5
0.1,27,30.0,0.0,30.0,16.0,0.0,0.0,19.0,0.0,30.0,0.0,30.0,30.0,0.0,0.0,0.0,0.0,0.0,34.0,0.0,0.0,0.0,5.5
0.1,28,30.0,0.0,30.0,16.0,0.0,0.0,19.0,0.0,30.0,0.0,30.0,30.0,0.0,0.0,0.0,0.0,0.0,34.0,0.0,0.0,0.0,5.5
0.1,29,30.0,0.0,30.0,16.0,0.0,0.0,19.0,0.0,30.0,0.0,30.0,30.0,0.0,0.0,0.0,0.0,0.0,34.0,0.0,0.0,0.0,5.5
0.1,30,30.0,0.0,30.0,16.0,0.0,0.0,19.0,0.0,30.0,0.0,30.0,30.0,0.0,0.0,0.0,0.0,0.0,34.9,0.0,0.9,0.9,5.5
0.1,31,30.0,0.0,30.0,16.0,0.0,0.0,19.0,0.0,30.0,0.0,30.0,30.0,0.0,0.0,0.0,0.0,0.0,35.0,0.0,0.1,0.1,5.5
0.1,32,30.0,0.0,30.0,16.0,0.0,0.0,19.0,0.0,30.0,0.0,30.0,30.0,0.0,0.0,0.0,0.0,0.0,35.0,0.0,0.0,0.0,5.5
0.1,33,30.0,0.0,30.0,16.0,0.0,0.0,19.0,0.0,30.0,0.0,30.0,30.0,0.0,0.0,0.0,0.0,0.0,35.0,0.0,0.0,0.0,5.5
0.1,34,30.0,0.0,30.0,16.0,0.0,0.0,19.0,0.0,30.0,0.0,30.0,30.0,0.0,0.0,0.0,0.0,0.0,35.0,0.0,0.0,0.0,5.5
0.1,35,30.0,0.0,30.0,16.0,0.0,0.0,19.0,0.0,30.0,0.0,30.0,30.0,0.0,0.0,0.0,0.0,0.0,35.0,0.0,0.0,0.0,5.5
0.1,36,30.0,0.0,30.0,16.0,0.0,0.0,19.0,0.0,30.0,0.0,30.0,30.0,0.0,0.0,0.0,0.0,0.0,35.0,0.0,0.0,0.0,5.5
0.1,37,29.8,0.0,29.8,15.8,0.0,0.0,19.0,0.0,30.0,0.0,30.0,29.8,0.0,0.2,0.0,0.0,0.0,35.7,0.0,0.9,0.7,5.5
0.1,38,30.0,0.0,30.0,16.0,0.0,0.0,19.0,0.0,30.0,0.0,30.0,30.0,0.0,0.0,0.0,0.0,0.0,36.0,0.0,0.1,0.3,5.5
0.1,39,30.0,0.0,30.0,16.0,0.0,0.0,19.0,0.0,30.0,0.0,30.0,30.0,0.0,0.0,0.0,0.0,0.0,36.0,0.0,0.0,0.0,5.5
0.1,40,30.0,0.0,30.0,16.0,0.0,0.0,19.0,0.0,30.0,0.0,30.0,30.0,0.0,0.0,0.0,0.0,0.0,36.0,0.0,0.0,0.0,5.5
0.1,41,30.0,0.0,30.0,16.0,0.0,0.0,19.0,0.0,30.0,0.0,30.0,30.0,0.0,0.0,0.0,0.0,0.0,36.0,0.0,0.0,0.0,5.5
0.1,42,30.0,0.0,30.0,16.0,0.0,0.0,19.0,0.0,30.0,0.0,30.0,30.0,0.0,0.0,0.0,0.0,0.0,36.0,0.0,0.0,0.0,5.5
0.1,43,30.0,0.0,30.0,16.0,0.0,0.0,19.0,0.0,30.0,0.0,30.0,30.0,0.0,0.0,0.0,0.0,0.0,36.0,0.0,0.0,0.0,5.5
0.1,44,29.8,0.0,29.8,15.9,0.0,0.0,19.0,0.0,30.0,0.0,30.0,29.8,0.0,0.1,0.0,0.0,0.0,36.5,0.0,0.7,0.5,5.5
0.1,45,30.0,0.0,30.0,16.0,0.0,0.0,19.0,0.0,30.0,0.0,30.0,30.0,0.0,0.0,0.0,0.0,0.0,37.0,0.0,0.3,0.5,5.5
0.1,46,30.0,0.0,30.0,16.0,0.0,0.0,19.0,0.0,30.0,0.0,30.0,30.0,0.0,0.0,0.0,0.0,0.0,37.0,0.0,0.0,0.0,5.5
0.1,47,30.0,0.0,30.0,16.0,0.0,0.0,19.0,0.0,30.0,0.0,30.0,30.0,0.0,0.0,0.0,0.0,0.0,37.0,0.0,0.0,0.0,5.5
0.1,48,30.0,0.0,30.0,16.0,0.0,0.0,19.0,0.0,30.0,0.0,30.0,30.0,0.0,0.0,0.0,0.0,0.0,37.0,0.0,0.0,0.0,5.5
0.1,49,30.0,0.0,30.0,16.0,0.0,0.0,19.0,0.0,30.0,0.0,30.0,30.0,0.0,0.0,0.0,0.0,0.0,37.0,0.0,0.0,0.0,5.5
0.1,50,30.0,0.0,30.0,16.0,0.0,0.0,19.0,0.0,30.0,0.0,30.0,30.0,0.0,0.0,0.0,0.0,0.0,37.0,0.0,0.0,0.0,5.5
0.1,51,29.9,0.0,29.9,16.0,0.0,0.0,19.0,0.0,30.0,0.0,30.0,29.9,0.0,0.0,0.0,0.0,0.0,37.4,0.0,0.5,0.4,5.5
0.1,52,29.9,0.0,29.9,15.9,0.0,0.0,19.0,0.0,30.0,0.0,30.0,29.9,0.0,0.1,0.0,0.0,0.0,37.9,0.0,0.5,0.5,5.5
0.1,53,30.0,0.0,30.0,16.0,0.0,0.0,19.0,0.0,30.0,0.0,30.0,30.0,0.0,0.0,0.0,0.0,0.0,38.0,0.0,0.0,0.1,5.5
0.1,54,30.0,0.0,30.0,16.0,0.0,0.0,19.0,0.0,30.0,0.0,30.0,30.0,0.0,0.0,0.0,0.0,0.0,38.0,0.0,0.0,0.0,5.5
0.1,55,30.0,0.0,30.0,16.0,0.0,0.0,19.0,0.0,30.0,0.0,30.0,30.0,0.0,0.0,0.0,0.0,0.0,38.0,0.0,0.0,0.0,5.5
0.1,56,30.0,0.0,30.0,16.0,0.0,0.0,19.0,0.0,30.0,0.0,30.0,30.0,0.0,0.0,0.0,0.0,0.0,38.0,0.0,0.0,0.0,5.5
0.1,57,30.0,0.0,30.0,16.0,0.0,0.0,19.0,0.0,30.0,0.0,30.0,30.0,0.0,0.0,0.0,0.0,0.0,38.0,0.0,0.0,0.0,5.5
0.1,58,29.9,0.0,29.9,16.0,0.0,0.0,19.0,0.0,30.0,0.0,30.0,29.9,0.0,0.0,0.0,0.0,0.0,38.3,0.0,0.4,0.3,5.5
0.1,59,30.0,0.0,30.0,16.0,0.0,0.0,19.0,0.0,30.0,0.0,30.0,30.0,0.0,0.0,0.0,0.0,0.0,38.9,0.0,0.5,0.6,5.5
0.1,60,30.0,0.0,30.0,16.0,0.0,0.0,19.0,0.0,30.0,0.0,30.0,30.0,0.0,0.0,0.0,0.0,0.0,39.0,0.0,0.1,0.1,5.5
0.1,61,30.0,0.0,30.0,16.0,0.0,0.0,19.0,0.0,30.0,0.0,30.0,30.0,0.0,0.0,0.0,0.0,0.0,39.0,0.0,0.0,0.0,5.5
0.1,62,30.0,0.0,30.0,16.0,0.0,0.0,19.0,0.0,30.0,0.0,30.0,30.0,0.0,0.0,0.0,0.0,0.0,39.0,0.0,0.0,0.0,5.5
0.1,63,30.0,0.0,30.0,16.0,0.0,0.0,19.0,0.0,30.0,0.0,30.0,30.0,0.0,0.0,0.0,0.0,0.0,39.0,0.0,0.0,0.0,5.5
0.1,64,30.0,0.0,30.0,16.0,0.0,0.0,19.0,0.0,30.0,0.0,30.0,30.0,0.0,0.0,0.0,0.0,0.0,39.0,0.0,0.0,0.0,5.5
0.1,65,29.9,0.2,29.7,16.0,0.1,0.2,19.0,0.0,30.0,0.0,30.0,29.9,0.1,0.0,0.0,0.2,0.0,39.2,0.0,0.3,0.2,5.5
0.1,66,29.9,0.5,29.4,15.9,0.5,0.5,19.0,0.0,30.0,0.1,30.0,29.9,0.5,0.1,0.0,0.5,0.0,39.8,0.0,0.6,0.6,5.5
0.1,67,30.0,0.6,29.4,16.0,0.6,0.6,19.0,0.0,30.0,0.1,30.0,30.0,0.6,0.0,0.0,0.6,0.0,40.0,0.0,0.1,0.2,5.5
0.1,68,30.0,0.6,29.4,16.0,0.6,0.6,19.0,0.0,30.0,0.1,30.0,30.0,0.6,0.0,0.0,0.6,0.0,40.0,0.0,0.0,0.0,5.5
0.1,69,30.0,0.6,29.4,16.0,0.6,0.6,19.0,0.0,30.0,0.2,30.0,30.0,0.6,0.0,0.0,0.6,0.0,40.0,0.0,0.0,0.0,5.5
0.1,70,30.0,0.6,29.4,16.0,0.6,0.6,19.0,0.0,30.0,0.2,30.0,30.0,0.6,0.0,0.0,0.6,0.0,40.0,0.0,0.0,0.0,5.5
0.1,71,30.0,0.6,29.4,16.0,0.6,0.6,19.0,0.0,30.0,0.3,30.0,30.0,0.6,0.0,0.0,0.6,0.0,40.0,0.0,0.0,0.0,5.5
0.1,72,29.8,0.5,29.3,16.0,0.5,0.4,19.0,0.0,30.0,0.3,30.0,29.8,0.5,0.0,0.1,0.7,0.1,40.0,0.0,0.2,0.0,5.5
0.1,73,29.8,0.3,29.5,15.9,0.3,0.1,19.0,0.0,30.0,0.3,30.0,29.8,0.3,0.1,0.1,0.8,0.2,40.6,0.0,0.6,0.6,5.5
0.1,74,30.0,0.3,29.7,16.0,0.3,0.0,19.0,0.0,30.0,0.3,30.0,30.0,0.3,0.0,0.1,0.9,0.3,41.0,0.0,0.2,0.4,5.5
0.1,75,30.0,0.4,29.6,16.0,0.4,0.0,19.0,0.0,30.0,0.3,30.0,30.0,0.4,0.0,0.1,1.0,0.4,41.0,0.1,0.0,0.0,5.5
0.1,76,30.0,0.4,29.6,16.0,0.4,0.0,19.0,0.0,30.0,0.3,30.0,30.0,0.4,0.0,0.0,1.0,0.4,41.0,0.1,0.0,0.0,5.5
0.1,77,30.0,0.4,29.6,16.0,0.4,0.0,19.0,0.0,30.0,0.3,30.0,30.0,0.4,0.0,0.0,1.0,0.4,41.0,0.2,0.0,0.0,5.5
0.1,78,30.0,0.5,29.5,16.0,0.5,0.0,19.0,0.0,30.0,0.4,30.0,30.0,0.5,0.0,0.1,1.1,0.5,41.0,0.2,0.0,0.0,5.5
0.1,79,30.0,0.6,29.4,16.0,0.6,0.0,19.0,0.0,30.0,0.4,30.0,30.0,0.6,0.0,0.1,1.2,0.6,41.0,0.3,0.0,0.0,5.5
0.1,80,30.0,0.8,29.2,16.0,0.8,0.0,19.0,0.0,30.0,0.4,30.0,30.0,0.8,0.0,0.2,1.4,0.8,41.5,0.3,0.5,0.5,5.5
0.1,81,30.0,0.8,29.2,16.0,0.8,0.0,19.0,0.0,30.0,0.4,30.0,30.0,0.8,0.0,0.0,1.4,0.8,41.9,0.4,0.4,0.4,5.5
0.1,82,30.0,0.8,29.2,16.0,0.8,0.0,19.0,0.0,30.0,0.6,30.0,30.0,0.8,0.0,0.0,1.4,0.8,41.9,0.4,0.0,0.0,5.5
0.1,83,30.0,0.8,29.2,16.0,0.8,0.0,19.0,0.0,30.0,0.7,30.0,30.0,0.8,0.0,0.0,1.4,0.8,41.9,0.5,0.0,0.0,5.5
0.1,84,30.0,0.8,29.2,16.0,0.8,0.0,19.0,0.0,30.0,0.7,30.0,30.0,0.8,0.0,0.0,1.4,0.8,41.9,0.5,0.0,0.0,5.5
0.1,85,30.0,0.9,29.1,16.0,0.9,0.0,19.0,0.0,30.0,0.8,30.0,30.0,0.9,0.0,0.1,1.5,0.9,41.9,0.5,0.0,0.0,5.5
0.1,86,30.0,0.9,29.1,16.0,0.9,0.0,19.0,0.0,30.0,0.8,30.0,30.0,0.9,0.0,0.0,1.5,0.9,41.9,0.6,0.0,0.0,5.5
0.1,87,29.9,0.9,29.0,16.0,0.9,0.0,19.0,0.0,30.0,0.9,30.0,29.9,0.9,0.1,0.1,1.6,1.0,42.4,0.6,0.6,0.5,5.5
0.1,88,30.0,0.9,29.1,16.1,0.9,0.0,19.0,0.0,30.0,1.0,30.0,30.0,0.9,0.0,0.0,1.6,1.0,42.9,0.6,0.4,0.5,5.5
0.1,89,30.0,1.0,29.0,16.1,1.0,0.0,19.0,0.0,30.0,1.2,30.0,30.0,1.0,0.0,0.1,1.7,1.1,42.9,0.7,0.0,0.0,5.5
0.1,90,30.0,1.1,28.9,16.1,1.1,0.0,19.0,0.0,30.0,1.5,30.0,30.0,1.1,0.0,0.1,1.8,1.2,42.9,0.7,0.0,0.0,5.5
0.1,91,30.0,1.1,28.9,16.1,1.1,0.0,19.0,0.0,30.0,1.5,30.0,30.0,1.1,0.0,0.0,1.8,1.2,42.9,0.7,0.0,0.0,5.5
0.1,92,30.0,1.2,28.8,16.1,1.2,0.0,19.0,0.0,30.0,1.5,30.0,30.0,1.2,0.0,0.1,1.9,1.3,42.9,0.7,0.0,0.0,5.5
0.1,93,30.0,1.3,28.7,16.1,1.3,0.0,19.0,0.0,30.0,1.5,30.0,30.0,1.3,0.0,0.1,2.0,1.4,42.9,0.7,0.0,0.0,5.5
0.1,94,30.0,1.3,28.7,16.0,1.3,0.0,19.0,0.0,30.0,1.5,30.0,30.0,1.3,0.0,0.0,2.0,1.4,43.4,0.7,0.5,0.5,5.5
0.1,95,30.0,1.4,28.6,16.0,1.4,0.0,19.0,0.0,30.0,1.5,30.0,30.0,1.4,0.0,0.1,2.1,1.5,43.9,0.7,0.5,0.5,5.5
0.1,96,30.0,1.5,28.5,16.0,1.5,0.0,19.0,0.0,30.0,1.5,30.0,30.0,1.5,0.0,0.1,2.2,1.6,43.9,0.7,0.0,0.0,5.5
0.1,97,30.0,1.7,28.3,16.0,1.7,0.0,19.0,0.0,30.0,1.8,30.0,30.0,1.7,0.0,0.2,2.4,1.8,43.9,0.7,0.0,0.0,5.5
0.1,98,30.0,1.8,28.2,16.0,1.8,0.0,19.0,0.0,30.0,1.9,30.0,30.0,1.8,0.0,0.1,2.5,1.9,43.9,0.7,0.0,0.0,5.5
0.1,99,30.0,1.8,28.2,16.0,1.8,0.0,19.0,0.0,30.0,2.1,30.0,30.0,1.8,0.0,0.0,2.5,1.9,43.9,0.7,0.0,0.0,5.5
0.1,100,30.0,2.0,28.0,16.0,2.0,0.0,19.0,0.1,30.0,2.2,30.0,30.0,2.0,0.0,0.2,2.7,2.1,43.9,0.7,0.0,0.0,5.5
0.1,101,29.8,2.0,27.8,16.0,2.0,0.0,19.0,0.0,30.0,2.3,30.0,29.8,2.0,0.0,0.0,2.7,2.1,44.1,0.9,0.4,0.2,5.5
0.1,102,29.9,2.1,27.8,15.9,2.1,0.0,19.0,0.0,30.0,2.3,30.0,29.9,2.1,0.1,0.1,2.8,2.2,44.7,1.0,0.5,0.6,5.5
0.1,103,30.0,2.3,27.7,16.0,2.3,0.0,19.0,0.0,30.0,2.3,30.0,30.0,2.3,0.0,0.2,3.0,2.4,44.8,1.0,0.0,0.1,5.5
0.1,104,30.0,2.5,27.5,16.0,2.5,0.0,19.0,0.1,30.0,2.4,30.0,30.0,2.5,0.0,0.2,3.2,2.6,44.8,1.0,0.0,0.0,5.5
0.1,105,30.0,2.5,27.5,16.0,2.5,0.0,19.0,0.0,30.0,2.4,30.0,30.0,2.5,0.0,0.0,3.2,2.6,44.8,1.1,0.0,0.0,5.5
0.1,106,30.0,2.6,27.4,16.0,2.6,0.0,19.0,0.0,30.0,2.5,30.0,30.0,2.6,0.0,0.1,3.3,2.7,44.8,1.1,0.0,0.0,5.5
0.1,107,30.0,2.6,27.4,16.0,2.6,0.0,19.0,0.0,30.0,2.5,30.0,30.0,2.6,0.0,0.0,3.3,2.7,44.8,1.1,0.0,0.0,5.5
0.1,108,29.7,2.7,27.0,16.0,2.7,0.0,19.0,0.0,30.0,2.6,30.0,29.7,2.7,0.1,0.2,3.5,2.9,44.8,1.1,0.3,0.0,5.5
0.1,109,29.9,2.7,27.2,16.1,2.7,0.0,19.0,0.0,30.0,2.6,30.0,29.9,2.7,0.0,0.0,3.5,2.9,45.6,1.2,0.6,0.8,5.5
0.1,110,30.0,2.8,27.2,16.1,2.8,0.0,19.0,0.0,30.0,2.7,30.0,30.0,2.8,0.0,0.1,3.6,3.0,45.8,1.3,0.1,0.2,5.5
0.1,111,30.0,3.2,26.8,16.1,3.2,0.0,19.0,0.0,30.0,2.8,30.0,30.0,3.2,0.0,0.4,4.0,3.4,45.8,1.4,0.0,0.0,5.5
0.1,112,30.0,3.3,26.7,16.1,3.3,0.0,19.0,0.0,30.0,2.9,30.0,30.0,3.3,0.0,0.1,4.1,3.5,45.8,1.5,0.0,0.0,5.5
0.1,113,30.0,3.5,26.5,16.1,3.5,0.0,19.0,0.0,30.0,2.9,30.0,30.0,3.5,0.0,0.2,4.3,3.7,45.8,1.5,0.0,0.0,5.5
0.1,114,30.0,3.6,26.4,16.1,3.6,0.0,19.0,0.0,30.0,2.9,30.0,30.0,3.6,0.0,0.1,4.4,3.8,45.8,1.5,0.0,0.0,5.5
0.1,115,30.0,3.7,26.3,16.1,3.7,0.0,19.0,0.2,30.0,3.0,30.0,30.0,3.7,0.0,0.1,4.5,3.9,45.8,1.6,0.0,0.0,5.5
0.1,116,29.9,3.7,26.2,16.1,3.7,0.0,19.0,0.1,30.0,3.0,30.0,29.9,3.7,0.0,0.0,4.5,3.9,46.3,1.6,0.6,0.5,5.5
0.1,117,30.0,3.7,26.3,16.1,3.7,0.0,19.0,0.0,30.0,3.1,30.0,30.0,3.7,0.0,0.0,4.5,3.9,46.6,1.6,0.2,0.3,5.5
0.1,118,30.0,3.7,26.3,16.1,3.7,0.0,19.0,0.0,30.0,3.1,30.0,30.0,3.7,0.0,0.0,4.5,3.9,46.6,1.6,0.0,0.0,5.5
0.1,119,30.0,3.8,26.2,16.1,3.8,0.0,19.0,0.0,30.0,3.1,30.0,30.0,3.8,0.0,0.1,4.6,4.0,46.6,1.7,0.0,0.0,5.5
0.1,120,30.0,3.9,26.1,16.1,3.9,0.0,19.0,0.0,30.0,3.1,30.0,30.0,3.9,0.0,0.1,4.7,4.1,46.6,1.7,0.0,0.0,5.5
0.1,121,30.0,3.9,26.1,16.1,3.9,0.0,19.0,0.0,30.0,3.2,30.0,30.0,3.9,0.0,0.0,4.7,4.1,46.6,1.7,0.0,0.0,5.5
0.1,122,30.0,4.0,26.0,16.1,4.0,0.0,19.0,0.0,30.0,3.3,30.0,30.0,4.0,0.0,0.1,4.8,4.2,46.6,1.7,0.0,0.0,5.5
0.1,123,30.0,4.3,25.7,16.1,4.3,0.5,19.0,0.0,30.0,3.4,30.0,30.0,4.3,0.0,0.0,5.3,4.2,47.3,1.7,0.7,0.7,5.5
0.1,124,30.0,4.4,25.6,16.1,4.4,0.6,19.0,0.1,30.0,3.5,30.0,30.0,4.4,0.0,0.0,5.4,4.2,47.6,1.7,0.3,0.3,5.5
0.1,125,30.0,4.6,25.4,16.1,4.6,0.6,19.0,0.0,30.0,3.6,30.0,30.0,4.6,0.0,0.2,5.6,4.4,47.6,1.7,0.0,0.0,5.5
0.1,126,30.0,4.6,25.4,16.1,4.6,0.6,19.0,0.0,30.0,3.7,30.0,30.0,4.6,0.0,0.0,5.6,4.4,47.6,1.7,0.0,0.0,5.5
0.1,127,30.0,4.6,25.4,16.1,4.6,0.6,19.0,0.0,30.0,3.9,30.0,30.0,4.6,0.0,0.0,5.6,4.4,47.6,1.7,0.0,0.0,5.5
0.1,128,30.0,4.8,25.2,16.1,4.8,0.6,19.0,0.0,30.0,3.9,30.0,30.0,4.8,0.0,0.2,5.8,4.6,47.6,1.7,0.0,0.0,5.5
0.1,129,30.0,4.8,25.2,16.1,4.8,0.6,19.0,0.0,30.0,4.1,30.0,30.0,4.8,0.0,0.0,5.8,4.6,47.6,1.7,0.0,0.0,5.5
0.1,130,29.9,4.4,25.5,15.9,4.4,0.1,19.0,0.1,30.0,4.4,30.0,29.9,4.4,0.1,0.1,5.9,4.7,48.2,1.8,0.7,0.6,5.5
0.1,131,30.0,4.6,25.4,16.0,4.6,0.0,19.0,0.0,30.0,4.5,30.0,30.0,4.6,0.0,0.3,6.2,5.0,48.6,1.9,0.3,0.4,5.5
0.1,132,30.0,4.6,25.4,16.0,4.6,0.0,19.0,0.0,30.0,4.7,30.0,30.0,4.6,0.0,0.0,6.2,5.0,48.6,1.9,0.0,0.0,5.5
0.1,133,30.0,4.8,25.2,16.0,4.8,0.0,19.0,0.0,30.0,4.9,30.0,30.0,4.8,0.0,0.2,6.4,5.2,48.6,2.1,0.0,0.0,5.5
0.1,134,30.0,4.9,25.1,16.0,4.9,0.0,19.0,0.0,30.0,5.0,30.0,30.0,4.9,0.0,0.1,6.5,5.3,48.6,2.1,0.0,0.0,5.5
0.1,135,30.0,5.0,25.0,16.0,5.0,0.0,19.0,0.0,30.0,5.0,30.0,30.0,5.0,0.0,0.1,6.6,5.4,48.6,2.1,0.0,0.0,5.5
0.1,136,30.0,5.2,24.8,16.0,5.2,0.0,19.0,0.1,30.0,5.2,30.0,30.0,5.2,0.0,0.2,6.8,5.6,48.6,2.1,0.0,0.0,5.5
0.1,137,30.0,5.3,24.7,16.0,5.3,0.0,19.0,0.0,30.0,5.4,30.0,30.0,5.3,0.0,0.1,6.9,5.7,49.0,2.1,0.4,0.4,5.5
0.1,138,30.0,5.3,24.7,16.0,5.3,0.0,19.0,0.0,30.0,5.4,30.0,30.0,5.3,0.0,0.0,6.9,5.7,49.4,2.1,0.4,0.4,5.5
0.1,139,30.0,5.3,24.7,16.0,5.3,0.0,19.0,0.1,30.0,5.4,30.0,30.0,5.3,0.0,0.0,6.9,5.7,49.4,2.1,0.0,0.0,5.5
0.1,140,30.0,5.3,24.7,16.0,5.3,0.0,19.0,0.1,30.0,5.4,30.0,30.0,5.3,0.0,0.0,6.9,5.7,49.4,2.1,0.0,0.0,5.5
0.1,141,30.0,5.3,24.7,16.0,5.3,0.0,19.0,0.1,30.0,5.8,30.0,30.0,5.3,0.0,0.0,6.9,5.7,49.4,2.2,0.0,0.0,5.5
0.1,142,30.0,5.7,24.3,16.0,5.7,0.0,19.0,0.0,30.0,5.8,30.0,30.0,5.7,0.0,0.4,7.3,6.1,49.4,2.2,0.0,0.0,5.5
0.1,143,30.0,5.7,24.3,16.0,5.7,0.0,19.0,0.2,30.0,5.9,30.0,30.0,5.7,0.0,0.0,7.3,6.1,49.4,2.2,0.0,0.0,5.5
0.1,144,30.0,5.5,24.5,16.0,5.5,0.0,19.0,0.0,30.0,5.9,30.0,30.0,5.5,0.0,0.0,7.3,6.1,50.0,2.5,0.6,0.6,5.5
0.1,145,30.0,5.5,24.5,16.0,5.5,0.0,19.0,0.0,30.0,5.9,30.0,30.0,5.5,0.0,0.0,7.3,6.1,50.4,2.5,0.4,0.4,5.5
0.1,146,30.0,5.5,24.5,16.0,5.5,0.0,19.0,0.1,30.0,5.9,30.0,30.0,5.5,0.0,0.0,7.3,6.1,50.4,2.5,0.0,0.0,5.5
0.1,147,30.0,5.6,24.4,16.0,5.6,0.0,19.0,0.0,30.0,5.9,30.0,30.0,5.6,0.0,0.1,7.4,6.2,50.4,2.5,0.0,0.0,5.5
0.1,148,30.0,5.8,24.2,16.0,5.8,0.0,19.0,0.1,30.0,5.9,30.0,30.0,5.8,0.0,0.2,7.6,6.4,50.4,2.5,0.0,0.0,5.5
0.1,149,30.0,5.8,24.2,16.0,5.8,0.0,19.0,0.3,30.0,6.0,30.0,30.0,5.8,0.0,0.0,7.6,6.4,50.4,2.5,0.0,0.0,5.5
0.1,150,30.0,5.9,24.1,16.0,5.9,0.0,19.0,0.0,30.0,6.1,30.0,30.0,5.9,0.0,0.1,7.7,6.5,50.4,2.5,0.0,0.0,5.5
0.1,151,29.8,6.1,23.7,15.9,6.1,0.0,19.0,0.1,30.0,6.2,30.0,29.8,6.1,0.1,0.2,7.9,6.7,50.6,2.5,0.4,0.2,5.5
0.1,152,30.0,6.2,23.8,16.0,6.2,0.0,19.0,0.0,30.0,6.2,30.0,30.0,6.2,0.0,0.1,8.0,6.8,51.2,2.5,0.4,0.6,5.5
0.1,153,30.0,6.2,23.8,16.0,6.2,0.0,19.0,0.1,30.0,6.2,30.0,30.0,6.2,0.0,0.0,8.0,6.8,51.2,2.5,0.0,0.0,5.5
0.1,154,30.0,6.4,23.6,16.0,6.4,0.0,19.0,0.0,30.0,6.3,30.0,30.0,6.4,0.0,0.2,8.2,7.0,51.2,2.6,0.0,0.0,5.5
0.1,155,30.0,6.5,23.5,16.0,6.5,0.0,19.0,0.0,30.0,6.3,30.0,30.0,6.5,0.0,0.1,8.3,7.1,51.2,2.6,0.0,0.0,5.5
0.1,156,30.0,6.6,23.4,16.0,6.6,0.0,19.0,0.1,30.0,6.3,30.0,30.0,6.6,0.0,0.1,8.4,7.2,51.2,2.7,0.0,0.0,5.5
0.1,157,30.0,6.6,23.4,16.0,6.6,0.0,19.0,0.0,30.0,6.3,30.0,30.0,6.6,0.0,0.0,8.4,7.2,51.2,2.7,0.0,0.0,5.5
0.1,158,29.9,6.5,23.4,15.9,6.5,0.0,19.0,0.2,30.0,6.3,30.0,29.9,6.5,0.0,0.1,8.5,7.3,51.4,2.7,0.3,0.2,5.5
0.1,159,29.9,6.5,23.4,15.9,6.5,0.0,19.0,0.1,30.0,6.5,30.0,29.9,6.5,0.0,0.0,8.5,7.3,51.9,2.8,0.5,0.5,5.5
0.1,160,29.9,6.5,23.4,15.9,6.5,0.0,19.0,0.1,30.0,6.5,30.0,29.9,6.5,0.0,0.0,8.5,7.3,51.9,2.8,0.0,0.0,5.5
0.1,161,30.0,6.5,23.5,15.9,6.5,0.0,19.0,0.0,30.0,6.6,30.0,30.0,6.5,0.0,0.0,8.5,7.3,52.0,2.8,0.0,0.1,5.5
0.1,162,30.0,6.5,23.5,15.9,6.5,0.0,19.0,0.0,30.0,6.7,30.0,30.0,6.5,0.0,0.0,8.5,7.3,52.0,2.8,0.0,0.0,5.5
0.1,163,30.0,6.5,23.5,15.9,6.5,0.0,19.0,0.0,30.0,6.7,30.0,30.0,6.5,0.0,0.0,8.5,7.3,52.0,2.8,0.0,0.0,5.5
0.1,164,30.0,6.5,23.5,15.9,6.5,0.0,19.0,0.0,30.0,6.7,30.0,30.0,6.5,0.0,0.0,8.5,7.3,52.0,2.8,0.0,0.0,5.5
0.1,165,30.0,6.5,23.5,15.9,6.5,0.0,19.0,0.0,30.0,6.8,30.0,30.0,6.5,0.0,0.1,8.6,7.4,52.3,2.8,0.3,0.3,5.5
0.1,166,29.9,6.6,23.3,15.9,6.6,0.0,19.0,0.0,30.0,6.8,30.0,29.9,6.6,0.1,0.2,8.8,7.6,52.8,2.8,0.6,0.5,5.5
0.1,167,30.0,6.7,23.3,16.0,6.7,0.0,19.0,0.0,30.0,6.8,30.0,30.0,6.7,0.0,0.1,8.9,7.7,52.9,2.8,0.0,0.1,5.5
0.1,168,30.0,6.8,23.2,16.0,6.8,0.0,19.0,0.0,30.0,7.0,30.0,30.0,6.8,0.0,0.1,9.0,7.8,53.0,2.8,0.1,0.1,5.5
0.1,169,30.0,6.8,23.2,16.0,6.8,0.0,19.0,0.0,30.0,7.0,30.0,30.0,6.8,0.0,0.0,9.0,7.8,53.0,2.8,0.0,0.0,5.5
0.1,170,30.0,6.9,23.1,16.0,6.9,0.0,19.0,0.0,30.0,7.2,30.0,30.0,6.9,0.0,0.1,9.1,7.9,53.0,2.8,0.0,0.0,5.5
0.1,171,30.0,7.0,23.0,16.0,7.0,0.0,19.0,0.1,30.0,7.2,30.0,30.0,7.0,0.0,0.1,9.2,8.0,53.0,2.8,0.0,0.0,5.5
0.1,172,30.0,7.2,22.8,16.0,7.2,0.0,19.0,0.2,30.0,7.2,30.0,30.0,7.2,0.0,0.2,9.4,8.2,53.0,2.8,0.0,0.0,5.5
0.1,173,30.0,7.2,22.8,16.0,7.2,0.0,19.0,0.1,30.0,7.4,30.0,30.0,7.2,0.0,0.0,9.4,8.2,53.4,2.8,0.4,0.4,5.5
0.1,174,30.0,7.5,22.5,16.0,7.5,0.0,19.0,0.0,30.0,7.5,30.0,30.0,7.5,0.0,0.3,9.7,8.5,53.5,2.8,0.1,0.1,5.5
0.1,175,30.0,7.6,22.4,16.0,7.6,0.0,19.0,0.0,30.0,7.6,30.0,30.0,7.6,0.0,0.1,9.8,8.6,53.6,2.8,0.1,0.1,5.5
0.1,176,30.0,7.8,22.2,16.0,7.8,0.0,19.0,0.1,30.0,7.6,30.0,30.0,7.8,0.0,0.2,10.0,8.8,53.6,2.8,0.0,0.0,5.5
0.1,177,30.0,7.9,22.1,16.0,7.9,0.0,19.0,0.1,30.0,7.8,30.0,30.0,7.9,0.0,0.1,10.1,8.9,53.6,2.9,0.0,0.0,5.5
0.1,178,30.0,7.9,22.1,16.0,7.9,0.0,19.0,0.1,30.0,7.8,30.0,30.0,7.9,0.0,0.0,10.1,8.9,53.6,3.1,0.0,0.0,5.5
0.1,179,30.0,7.9,22.1,16.0,7.9,0.0,19.0,0.0,30.0,7.8,30.0,30.0,7.9,0.0,0.3,10.4,9.2,53.9,3.2,0.3,0.3,5.5
0.1,180,30.0,7.8,22.2,15.9,7.8,0.0,19.0,0.1,30.0,7.9,30.0,30.0,7.8,0.0,0.0,10.4,9.2,54.4,3.3,0.5,0.5,5.5
0.1,181,30.0,7.8,22.2,15.9,7.8,0.0,19.0,0.1,30.0,1.1,30.0,30.0,7.8,0.0,0.0,10.4,9.2,54.5,3.3,0.1,0.1,5.5
0.1,182,30.0,7.8,22.2,15.9,7.8,0.0,19.0,0.0,30.0,1.1,30.0,30.0,7.8,0.0,0.0,10.4,9.2,54.6,3.3,0.1,0.1,5.5
0.1,183,30.0,7.8,22.2,15.9,7.8,0.0,19.0,0.0,30.0,1.2,30.0,30.0,7.8,0.0,0.0,10.4,9.2,54.6,3.3,0.0,0.0,5.5
0.1,184,30.0,7.8,22.2,15.9,7.8,0.0,19.0,0.0,30.0,1.4,30.0,30.0,7.8,0.0,0.0,10.4,9.2,54.6,3.3,0.0,0.0,5.5
0.1,185,30.0,7.9,22.1,15.9,7.9,0.0,19.0,0.0,30.0,1.5,30.0,30.0,7.9,0.0,0.1,10.5,9.3,54.6,3.4,0.0,0.0,5.5
0.1,186,29.9,7.9,22.0,15.9,7.9,0.0,19.0,0.0,30.0,1.6,30.0,29.9,7.9,0.0,0.0,10.5,9.3,54.8,3.4,0.3,0.2,5.5
0.1,187,30.0,7.9,22.1,15.9,7.9,0.0,19.0,0.0,30.0,2.1,30.0,30.0,7.9,0.0,0.0,10.5,9.3,55.3,3.4,0.4,0.5,5.5
0.1,188,30.0,7.9,22.1,15.9,7.9,0.0,19.0,0.0,30.0,2.4,30.0,30.0,7.9,0.0,0.0,10.5,9.3,55.4,3.4,0.1,0.1,5.5
0.1,189,30.0,7.9,22.1,15.9,7.9,0.0,19.0,0.0,30.0,2.6,30.0,30.0,7.9,0.0,0.0,10.5,9.3,55.5,3.4,0.1,0.1,5.5
0.1,190,30.0,7.9,22.1,15.9,7.9,0.0,19.0,0.0,30.0,3.0,30.0,30.0,7.9,0.0,0.0,10.5,9.3,55.5,3.4,0.0,0.0,5.5
0.1,191,30.0,7.9,22.1,15.9,7.9,0.0,19.0,0.0,30.0,3.2,30.0,30.0,7.9,0.0,0.0,10.5,9.3,55.5,3.4,0.0,0.0,5.5
0.1,192,30.0,7.9,22.1,15.9,7.9,0.0,19.0,0.0,30.0,3.2,30.0,30.0,7.9,0.0,0.0,10.5,9.3,55.5,3.4,0.0,0.0,5.5
0.1,193,30.0,7.9,22.1,15.9,7.9,0.0,19.0,0.0,30.0,3.4,30.0,30.0,7.9,0.0,0.0,10.5,9.3,55.7,3.4,0.2,0.2,5.5
0.1,194,30.0,7.8,22.2,15.8,7.8,0.0,19.0,0.1,30.0,3.7,30.0,30.0,7.8,0.0,0.0,10.5,9.3,56.3,3.4,0.6,0.6,5.5
0.1,195,30.0,7.8,22.2,15.8,7.8,0.0,19.0,0.0,30.0,3.7,30.0,30.0,7.8,0.0,0.0,10.5,9.3,56.4,3.4,0.1,0.1,5.5
0.1,196,30.0,7.9,22.1,15.8,7.9,0.0,19.0,0.1,30.0,4.0,30.0,30.0,7.9,0.0,0.1,10.6,9.4,56.5,3.4,0.1,0.1,5.5
0.1,197,30.0,8.1,21.9,15.8,8.1,0.0,19.0,0.0,30.0,4.3,30.0,30.0,8.1,0.0,0.2,10.8,9.6,56.5,3.4,0.0,0.0,5.5
0.1,198,30.0,8.1,21.9,15.8,8.1,0.0,19.0,0.0,30.0,4.5,30.0,30.0,8.1,0.0,0.0,10.8,9.6,56.5,3.4,0.0,0.0,5.5
0.1,199,30.0,8.1,21.9,15.8,8.1,0.0,19.0,0.1,30.0,4.8,30.0,30.0,8.1,0.0,0.0,10.8,9.6,56.5,3.4,0.0,0.0,5.5
0.1,200,29.9,8.1,21.8,15.8,8.1,0.0,19.0,0.0,30.0,5.0,30.0,29.9,8.1,0.0,0.0,10.8,9.6,56.6,3.4,0.2,0.1,5.5
0.1,201,29.8,8.1,21.7,15.7,8.1,0.0,19.0,0.1,30.0,5.2,30.0,29.8,8.1,0.1,0.0,10.8,9.6,56.9,3.4,0.4,0.3,5.5
0.1,202,30.0,8.1,21.9,15.8,8.1,0.0,19.0,0.0,30.0,5.4,30.0,30.0,8.1,0.0,0.0,10.8,9.6,57.2,3.4,0.1,0.3,5.5
0.1,203,30.0,8.1,21.9,15.8,8.1,0.0,19.0,0.0,30.0,5.5,30.0,30.0,8.1,0.0,0.0,10.8,9.6,57.3,3.4,0.1,0.1,5.5
0.1,204,30.0,8.1,21.9,15.8,8.1,0.0,19.0,0.0,30.0,5.7,30.0,30.0,8.1,0.0,0.0,10.8,9.6,57.3,3.4,0.0,0.0,5.5
0.1,205,30.0,8.1,21.9,15.8,8.1,0.0,19.0,0.0,30.0,5.8,30.0,30.0,8.1,0.0,0.0,10.8,9.6,57.3,3.4,0.0,0.0,5.5
0.1,206,30.0,8.1,21.9,15.8,8.1,0.0,19.0,0.0,30.0,5.8,30.0,30.0,8.1,0.0,0.0,10.8,9.6,57.3,3.4,0.0,0.0,5.5
0.1,207,30.0,8.1,21.9,15.8,8.1,0.0,19.0,0.2,30.0,6.0,30.0,30.0,8.1,0.0,0.0,10.8,9.6,57.4,3.4,0.1,0.1,5.5
0.1,208,29.9,8.1,21.8,15.8,8.1,0.0,19.0,0.0,30.0,6.1,30.0,29.9,8.1,0.0,0.2,11.0,9.8,57.8,3.4,0.5,0.4,5.5
0.1,209,30.0,8.1,21.9,15.8,8.1,0.0,19.0,0.0,30.0,6.2,30.0,30.0,8.1,0.0,0.0,11.0,9.8,58.2,3.4,0.3,0.4,5.5
0.1,210,29.9,8.1,21.8,15.8,8.1,0.0,19.0,0.2,30.0,6.3,30.0,29.9,8.1,0.0,0.0,11.0,9.8,58.2,3.4,0.1,0.0,5.5
0.1,211,30.0,8.2,21.8,15.8,8.2,0.0,19.0,0.0,30.0,6.5,30.0,30.0,8.2,0.0,0.1,11.1,9.9,58.3,3.4,0.0,0.1,5.5
0.1,212,30.0,8.3,21.7,15.8,8.3,0.0,19.0,0.0,30.0,6.7,30.0,30.0,8.3,0.0,0.1,11.2,10.0,58.3,3.4,0.0,0.0,5.5
0.1,213,30.0,8.4,21.6,15.8,8.4,0.0,19.0,0.0,30.0,6.8,30.0,30.0,8.4,0.0,0.1,11.3,10.1,58.3,3.4,0.0,0.0,5.5
0.1,214,29.9,8.4,21.5,15.8,8.4,0.0,19.0,0.0,30.0,6.9,30.0,29.9,8.4,0.0,0.0,11.3,10.1,58.3,3.4,0.1,0.0,5.5
0.1,215,29.9,8.4,21.5,15.8,8.4,0.0,19.0,0.0,30.0,6.9,30.0,29.9,8.4,0.0,0.0,11.3,10.1,58.4,3.4,0.1,0.1,5.5
0.1,216,29.9,8.4,21.5,15.7,8.4,0.0,19.0,0.0,30.0,6.9,30.0,29.9,8.4,0.1,0.0,11.3,10.1,58.8,3.4,0.4,0.4,5.5
0.1,217,30.0,8.4,21.6,15.8,8.4,0.0,19.0,0.0,30.0,7.0,30.0,30.0,8.4,0.0,0.0,11.3,10.1,58.9,3.4,0.0,0.1,5.5
0.1,218,30.0,8.4,21.6,15.8,8.4,0.0,19.0,0.0,30.0,7.1,30.0,30.0,8.4,0.0,0.0,11.3,10.1,59.0,3.4,0.1,0.1,5.5
0.1,219,30.0,8.4,21.6,15.8,8.4,0.0,19.0,0.1,30.0,7.2,30.0,30.0,8.4,0.0,0.0,11.3,10.1,59.0,3.4,0.0,0.0,5.5
0.1,220,30.0,8.4,21.6,15.8,8.4,0.0,19.0,0.0,30.0,7.3,30.0,30.0,8.4,0.0,0.0,11.3,10.1,59.0,3.4,0.0,0.0,5.5
0.1,221,30.0,8.5,21.5,15.8,8.5,0.0,19.0,0.2,30.0,7.4,30.0,30.0,8.5,0.0,0.1,11.4,10.2,59.0,3.4,0.0,0.0,5.5
0.1,222,30.0,8.2,21.8,15.8,8.2,0.0,19.0,0.0,30.0,7.6,30.0,30.0,8.2,0.0,0.0,11.4,10.2,59.3,3.4,0.3,0.3,5.5
0.1,223,30.0,8.2,21.8,15.8,8.2,0.0,19.0,0.1,30.0,7.7,30.0,30.0,8.2,0.0,0.0,11.4,10.2,59.7,3.4,0.4,0.4,5.5
0.1,224,30.0,8.2,21.8,15.8,8.2,0.0,19.0,0.0,30.0,7.7,30.0,30.0,8.2,0.0,0.0,11.4,10.2,59.8,3.4,0.1,0.1,5.5
0.1,225,30.0,8.3,21.7,15.8,8.3,0.0,19.0,0.1,30.0,7.9,30.0,30.0,8.3,0.0,0.1,11.5,10.3,59.9,3.4,0.1,0.1,5.5
0.1,226,30.0,8.4,21.6,15.8,8.4,0.0,19.0,0.1,30.0,8.1,30.0,30.0,8.4,0.0,0.1,11.6,10.4,59.9,3.4,0.0,0.0,5.5
0.1,227,30.0,8.5,21.5,15.8,8.5,0.0,19.0,0.0,30.0,8.1,30.0,30.0,8.5,0.0,0.1,11.7,10.5,59.9,3.4,0.0,0.0,5.5
0.1,228,30.0,8.6,21.4,15.8,8.6,0.0,19.0,0.1,30.0,8.3,30.0,30.0,8.6,0.0,0.1,11.8,10.6,59.9,3.4,0.0,0.0,5.5
0.1,229,30.0,8.6,21.4,15.8,8.6,0.0,19.0,0.1,30.0,8.4,30.0,30.0,8.6,0.0,0.1,11.9,10.7,60.1,3.4,0.2,0.2,5.5
0.1,230,30.0,8.6,21.4,15.8,8.6,0.0,19.0,0.0,30.0,8.4,30.0,30.0,8.6,0.0,0.0,11.9,10.7,60.4,3.4,0.3,0.3,5.5
0.1,231,30.0,8.6,21.4,15.8,8.6,0.0,19.0,0.0,30.0,8.4,30.0,30.0,8.6,0.0,0.0,11.9,10.7,60.5,3.4,0.1,0.1,5.5
0.1,232,30.0,8.7,21.3,15.8,8.7,0.0,19.0,0.1,30.0,8.4,30.0,30.0,8.7,0.0,0.1,12.0,10.8,60.6,3.4,0.1,0.1,5.5
0.1,233,30.0,8.8,21.2,15.8,8.8,0.0,19.0,0.0,30.0,8.4,30.0,30.0,8.8,0.0,0.1,12.1,10.9,60.6,3.4,0.0,0.0,5.5
0.1,234,30.0,8.8,21.2,15.8,8.8,0.0,19.0,0.0,30.0,8.4,30.0,30.0,8.8,0.0,0.0,12.1,10.9,60.6,3.4,0.0,0.0,5.5
0.1,235,30.0,8.8,21.2,15.8,8.8,0.0,19.0,0.0,30.0,8.4,30.0,30.0,8.8,0.0,0.0,12.1,10.9,60.6,3.4,0.0,0.0,5.5
0.1,236,30.0,8.6,21.4,15.8,8.6,0.0,19.0,0.0,30.0,8.4,30.0,30.0,8.6,0.0,0.0,12.1,10.9,60.9,3.4,0.3,0.3,5.5
0.1,237,30.0,8.6,21.4,15.8,8.6,0.0,19.0,0.0,30.0,8.4,30.0,30.0,8.6,0.0,0.1,12.2,11.0,61.3,3.4,0.4,0.4,5.5
0.1,238,30.0,8.8,21.2,15.8,8.8,0.0,19.0,0.0,30.0,8.5,30.0,30.0,8.8,0.0,0.2,12.4,11.2,61.4,3.4,0.1,0.1,5.5
0.1,239,30.0,8.8,21.2,15.8,8.8,0.0,19.0,0.0,30.0,8.6,30.0,30.0,8.8,0.0,0.0,12.4,11.2,61.5,3.4,0.1,0.1,5.5
0.1,240,30.0,8.8,21.2,15.8,8.8,0.0,19.0,0.1,30.0,8.6,30.0,30.0,8.8,0.0,0.0,12.4,11.2,61.5,3.4,0.0,0.0,5.5
0.1,241,30.0,8.9,21.1,15.8,8.9,0.0,19.0,0.0,30.0,8.7,30.0,30.0,8.9,0.0,0.1,12.5,11.3,61.5,3.4,0.0,0.0,5.5
0.1,242,30.0,9.0,21.0,15.8,9.0,0.0,19.0,0.1,30.0,8.7,30.0,30.0,9.0,0.0,0.1,12.6,11.4,61.5,3.4,0.0,0.0,5.5
0.1,243,30.0,9.0,21.0,15.8,9.0,0.1,19.0,0.0,30.0,8.7,30.0,30.0,9.0,0.0,0.0,12.7,11.4,61.6,3.4,0.1,0.1,5.5
0.1,244,30.0,9.3,20.7,15.8,9.3,0.4,19.0,0.1,30.0,8.7,30.0,30.0,9.3,0.0,0.0,13.0,11.4,61.9,3.4,0.3,0.3,5.5
0.1,245,30.0,9.4,20.6,15.8,9.4,0.5,19.0,0.1,30.0,8.7,30.0,30.0,9.4,0.0,0.0,13.1,11.4,62.0,3.4,0.1,0.1,5.5
0.1,246,30.0,9.5,20.5,15.8,9.5,0.6,19.0,0.0,30.0,8.7,30.0,30.0,9.5,0.0,0.0,13.2,11.4,62.1,3.4,0.1,0.1,5.5
0.1,247,30.0,9.5,20.5,15.8,9.5,0.6,19.0,0.1,30.0,8.7,30.0,30.0,9.5,0.0,0.0,13.2,11.4,62.1,3.4,0.0,0.0,5.5
0.1,248,30.0,9.5,20.5,15.8,9.5,0.6,19.0,0.0,30.0,8.8,30.0,30.0,9.5,0.0,0.0,13.2,11.4,62.1,3.4,0.0,0.0,5.5
0.1,249,30.0,9.5,20.5,15.8,9.5,0.6,19.0,0.1,30.0,8.8,30.0,30.0,9.5,0.0,0.0,13.2,11.4,62.1,3.4,0.0,0.0,5.5
0.1,250,29.9,9.4,20.5,15.8,9.4,0.8,19.0,0.1,30.0,8.8,30.0,29.9,9.4,0.0,0.0,13.5,11.4,62.4,3.4,0.4,0.3,5.5
0.1,251,29.9,9.2,20.7,15.8,9.2,0.7,19.0,0.1,30.0,8.8,30.0,29.9,9.2,0.0,0.0,13.7,11.4,62.8,3.4,0.4,0.4,5.5
0.1,252,30.0,9.2,20.8,15.8,9.2,0.6,19.0,0.0,30.0,8.8,30.0,30.0,9.2,0.0,0.1,13.8,11.5,63.0,3.4,0.1,0.2,5.5
0.1,253,30.0,9.1,20.9,15.8,9.1,0.5,19.0,0.3,30.0,8.8,30.0,30.0,9.1,0.0,0.0,13.8,11.5,63.1,3.4,0.1,0.1,5.5
0.1,254,30.0,9.1,20.9,15.8,9.1,0.5,19.0,0.0,30.0,8.8,30.0,30.0,9.1,0.0,0.0,13.8,11.5,63.1,3.4,0.0,0.0,5.5
0.1,255,30.0,9.1,20.9,15.8,9.1,0.5,19.0,0.0,30.0,8.8,30.0,30.0,9.1,0.0,0.0,13.8,11.5,63.1,3.4,0.0,0.0,5.5
0.1,256,30.0,9.1,20.9,15.8,9.1,0.5,19.0,0.0,30.0,8.9,30.0,30.0,9.1,0.0,0.0,13.8,11.5,63.1,3.4,0.0,0.0,5.5
0.1,257,29.9,8.9,21.0,15.8,8.9,0.3,19.0,0.0,30.0,8.9,30.0,29.9,8.9,0.0,0.0,13.9,11.5,63.3,3.4,0.3,0.2,5.5
0.1,258,30.0,8.8,21.2,15.8,8.8,0.1,19.0,0.0,30.0,8.9,30.0,30.0,8.8,0.0,0.1,14.0,11.6,63.7,3.4,0.3,0.4,5.5
0.1,259,30.0,8.9,21.1,15.8,8.9,0.1,19.0,0.1,30.0,9.0,30.0,30.0,8.9,0.0,0.1,14.1,11.7,63.9,3.4,0.2,0.2,5.5
0.1,260,30.0,8.9,21.1,15.8,8.9,0.1,19.0,0.0,30.0,9.0,30.0,30.0,8.9,0.0,0.0,14.1,11.7,64.0,3.4,0.1,0.1,5.5
0.1,261,30.0,8.9,21.1,15.8,8.9,0.1,19.0,0.0,30.0,9.0,30.0,30.0,8.9,0.0,0.0,14.1,11.7,64.0,3.4,0.0,0.0,5.5
0.1,262,30.0,8.9,21.1,15.8,8.9,0.1,19.0,0.0,30.0,9.0,30.0,30.0,8.9,0.0,0.0,14.1,11.7,64.0,3.4,0.0,0.0,5.5
0.1,263,30.0,8.9,21.1,15.8,8.9,0.1,19.0,0.1,30.0,9.0,30.0,30.0,8.9,0.0,0.0,14.1,11.7,64.0,3.4,0.0,0.0,5.5
0.1,264,29.9,8.8,21.1,15.8,8.8,0.0,19.0,0.0,30.0,9.0,30.0,29.9,8.8,0.0,0.0,14.1,11.7,64.0,3.4,0.1,0.0,5.5
0.1,265,29.9,8.7,21.2,15.8,8.7,0.0,19.0,0.2,30.0,9.1,30.0,29.9,8.7,0.0,0.0,14.1,11.7,64.4,3.4,0.4,0.4,5.5
0.1,266,30.0,8.8,21.2,15.8,8.8,0.0,19.0,0.0,30.0,9.1,30.0,30.0,8.8,0.0,0.1,14.2,11.8,64.7,3.4,0.2,0.3,5.5
0.1,267,30.0,8.8,21.2,15.8,8.8,0.0,19.0,0.1,30.0,9.2,30.0,30.0,8.8,0.0,0.0,14.2,11.8,64.8,3.4,0.1,0.1,5.5
0.1,268,30.0,9.0,21.0,15.8,9.0,0.0,19.0,0.1,30.0,9.3,30.0,30.0,9.0,0.0,0.2,14.4,12.0,64.8,3.4,0.0,0.0,5.5
0.1,269,30.0,9.0,21.0,15.8,9.0,0.0,19.0,0.0,30.0,9.3,30.0,30.0,9.0,0.0,0.0,14.4,12.0,64.8,3.4,0.0,0.0,5.5
0.1,270,30.0,9.0,21.0,15.8,9.0,0.0,19.0,0.0,30.0,9.3,30.0,30.0,9.0,0.0,0.0,14.4,12.0,64.8,3.4,0.0,0.0,5.5
0.1,271,30.0,9.0,21.0,15.8,9.0,0.0,19.0,0.0,30.0,9.3,30.0,30.0,9.0,0.0,0.1,14.5,12.1,64.9,3.4,0.1,0.1,5.5
0.1,272,30.0,9.0,21.0,15.8,9.0,0.0,19.0,0.1,30.0,9.3,30.0,30.0,9.0,0.0,0.1,14.6,12.2,65.2,3.4,0.3,0.3,5.5
0.1,273,29.9,9.4,20.5,15.7,9.4,0.0,19.0,0.0,30.0,9.3,30.0,29.9,9.4,0.1,0.4,15.0,12.6,65.4,3.4,0.3,0.2,5.5
0.1,274,29.9,9.4,20.5,15.8,9.4,0.0,19.0,0.0,30.0,9.3,30.0,29.9,9.4,0.0,0.0,15.0,12.6,65.5,3.5,0.1,0.1,5.5
0.1,275,30.0,9.5,20.5,15.8,9.5,0.0,19.0,0.0,30.0,9.3,30.0,30.0,9.5,0.0,0.1,15.1,12.7,65.6,3.6,0.0,0.1,5.5
0.1,276,30.0,9.5,20.5,15.8,9.5,0.0,19.0,0.0,30.0,9.3,30.0,30.0,9.5,0.0,0.0,15.1,12.7,65.6,3.6,0.0,0.0,5.5
0.1,277,30.0,9.5,20.5,15.8,9.5,0.0,19.0,0.3,30.0,9.3,30.0,30.0,9.5,0.0,0.0,15.1,12.7,65.6,3.6,0.0,0.0,5.5
0.1,278,30.0,9.5,20.5,15.8,9.5,0.0,19.0,0.1,30.0,9.3,30.0,30.0,9.5,0.0,0.0,15.1,12.7,65.6,3.6,0.0,0.0,5.5
0.1,279,29.9,9.5,20.4,15.7,9.5,0.0,19.0,0.0,30.0,9.3,30.0,29.9,9.5,0.1,0.2,15.3,12.9,65.7,3.6,0.2,0.1,5.5
0.1,280,30.0,9.5,20.5,15.8,9.5,0.0,19.0,0.1,30.0,9.3,30.0,30.0,9.5,0.0,0.0,15.3,12.9,66.0,3.6,0.2,0.3,5.5
0.1,281,30.0,9.5,20.5,15.8,9.5,0.0,19.0,0.0,30.0,9.3,30.0,30.0,9.5,0.0,0.0,15.3,12.9,66.1,3.6,0.1,0.1,5.5
0.1,282,30.0,9.5,20.5,15.8,9.5,0.0,19.0,0.1,30.0,9.3,30.0,30.0,9.5,0.0,0.0,15.3,12.9,66.2,3.6,0.1,0.1,5.5
0.1,283,30.0,9.6,20.4,15.8,9.6,0.0,19.0,0.2,30.0,9.3,30.0,30.0,9.6,0.0,0.1,15.4,13.0,66.2,3.6,0.0,0.0,5.5
0.1,284,30.0,9.6,20.4,15.8,9.6,0.0,19.0,0.0,30.0,9.3,30.0,30.0,9.6,0.0,0.0,15.4,13.0,66.2,3.6,0.0,0.0,5.5
0.1,285,29.9,9.5,20.4,15.8,9.5,0.0,19.0,0.0,30.0,9.3,30.0,29.9,9.5,0.0,0.0,15.4,13.0,66.2,3.6,0.1,0.0,5.5
0.1,286,29.9,9.3,20.6,15.8,9.3,0.0,19.0,0.0,30.0,9.3,30.0,29.9,9.3,0.0,0.1,15.5,13.1,66.5,3.6,0.3,0.3,5.5
0.1,287,30.0,9.3,20.7,15.8,9.3,0.0,19.0,0.0,30.0,9.3,30.0,30.0,9.3,0.0,0.0,15.5,13.1,66.8,3.6,0.2,0.3,5.5
0.1,288,30.0,9.3,20.7,15.8,9.3,0.0,19.0,0.3,30.0,9.3,30.0,30.0,9.3,0.0,0.0,15.5,13.1,66.9,3.6,0.1,0.1,5.5
0.1,289,30.0,9.4,20.6,15.8,9.4,0.0,19.0,0.0,30.0,9.3,30.0,30.0,9.4,0.0,0.1,15.6,13.2,67.0,3.6,0.1,0.1,5.5
0.1,290,30.0,9.4,20.6,15.8,9.4,0.0,19.0,0.0,30.0,9.3,30.0,30.0,9.4,0.0,0.0,15.6,13.2,67.0,3.6,0.0,0.0,5.5
0.1,291,30.0,9.4,20.6,15.8,9.4,0.0,19.0,0.0,30.0,9.3,30.0,30.0,9.4,0.0,0.0,15.6,13.2,67.0,3.6,0.0,0.0,5.5
0.1,292,30.0,9.4,20.6,15.8,9.4,0.0,19.0,0.1,30.0,9.3,30.0,30.0,9.4,0.0,0.0,15.6,13.2,67.0,3.6,0.0,0.0,5.5
0.1,293,30.0,9.4,20.6,15.8,9.4,0.0,19.0,0.0,30.0,9.3,30.0,30.0,9.4,0.0,0.1,15.7,13.3,67.2,3.6,0.2,0.2,5.5
0.1,294,29.9,9.4,20.5,15.8,9.4,0.0,19.0,0.0,30.0,9.3,30.0,29.9,9.4,0.0,0.1,15.8,13.4,67.5,3.6,0.4,0.3,5.5
0.1,295,30.0,9.4,20.6,15.8,9.4,0.0,19.0,0.1,30.0,9.3,30.0,30.0,9.4,0.0,0.0,15.8,13.4,67.7,3.6,0.1,0.2,5.5
0.1,296,30.0,9.4,20.6,15.8,9.4,0.0,19.0,0.0,30.0,9.3,30.0,30.0,9.4,0.0,0.0,15.8,13.4,67.8,3.6,0.1,0.1,5.5
0.1,297,30.0,9.4,20.6,15.8,9.4,0.0,19.0,0.0,30.0,9.3,30.0,30.0,9.4,0.0,0.0,15.8,13.4,67.8,3.6,0.0,0.0,5.5
0.1,298,30.0,9.5,20.5,15.8,9.5,0.0,19.0,0.0,30.0,9.3,30.0,30.0,9.5,0.0,0.1,15.9,13.5,67.8,3.6,0.0,0.0,5.5
0.1,299,30.0,9.5,20.5,15.8,9.5,0.0,19.0,0.2,30.0,9.3,30.0,30.0,9.5,0.0,0.0,15.9,13.5,67.8,3.6,0.0,0.0,5.5
0.1,300,30.0,9.4,20.6,15.8,9.4,0.0,19.0,0.0,30.0,9.3,30.0,30.0,9.4,0.0,0.1,16.0,13.6,68.1,3.6,0.3,0.3,5.5
0.1,301,29.9,9.5,20.4,15.8,9.5,0.0,19.0,0.0,30.0,9.3,30.0,29.9,9.5,0.0,0.1,16.1,13.7,68.1,3.6,0.1,0.0,5.5
0.1,302,29.9,9.8,20.1,15.7,9.8,0.2,19.0,0.0,30.0,9.3,30.0,29.9,9.8,0.1,0.1,16.4,13.8,68.3,3.6,0.2,0.2,5.5
0.1,303,30.0,10.0,20.0,15.8,10.0,0.4,19.0,0.0,30.0,9.3,30.0,30.0,10.0,0.0,0.0,16.6,13.8,68.5,3.6,0.1,0.2,5.5
0.1,304,30.0,10.0,20.0,15.8,10.0,0.4,19.0,0.0,30.0,9.3,30.0,30.0,10.0,0.0,0.0,16.6,13.8,68.5,3.6,0.0,0.0,5.5
0.1,305,30.0,10.0,20.0,15.8,10.0,0.4,19.0,0.0,30.0,9.3,30.0,30.0,10.0,0.0,0.0,16.6,13.8,68.5,3.6,0.0,0.0,5.5
0.1,306,30.0,10.0,20.0,15.8,10.0,0.4,19.0,0.0,30.0,9.4,30.0,30.0,10.0,0.0,0.0,16.6,13.8,68.5,3.6,0.0,0.0,5.5
0.1,307,30.0,10.0,20.0,15.8,10.0,0.5,19.0,0.1,30.0,9.4,30.0,30.0,10.0,0.0,0.0,16.7,13.8,68.6,3.6,0.1,0.1,5.5
0.1,308,30.0,10.0,20.0,15.8,10.0,0.7,19.0,0.0,30.0,9.4,30.0,30.0,10.0,0.0,0.0,16.9,13.8,68.8,3.6,0.2,0.2,5.5
0.1,309,30.0,9.8,20.2,15.8,9.8,0.5,19.0,0.2,30.0,9.4,30.0,30.0,9.8,0.0,0.0,16.9,13.8,69.0,3.6,0.2,0.2,5.5
0.1,310,30.0,9.6,20.4,15.8,9.6,0.3,19.0,0.1,30.0,9.5,30.0,30.0,9.6,0.0,0.0,16.9,13.8,69.2,3.6,0.2,0.2,5.5
0.1,311,30.0,9.7,20.3,15.8,9.7,0.3,19.0,0.0,30.0,9.5,30.0,30.0,9.7,0.0,0.1,17.0,13.9,69.2,3.6,0.0,0.0,5.5
0.1,312,30.0,9.8,20.2,15.8,9.8,0.3,19.0,0.1,30.0,9.5,30.0,30.0,9.8,0.0,0.1,17.1,14.0,69.2,3.6,0.0,0.0,5.5
0.1,313,30.0,9.8,20.2,15.8,9.8,0.3,19.0,0.1,30.0,9.6,30.0,30.0,9.8,0.0,0.0,17.1,14.0,69.2,3.6,0.0,0.0,5.5
0.1,314,30.0,9.9,20.1,15.8,9.9,0.6,19.0,0.0,30.0,9.6,30.0,30.0,9.9,0.0,0.1,17.6,14.1,69.6,3.6,0.4,0.4,5.5
0.1,315,29.9,9.9,20.0,15.8,9.9,0.5,19.0,0.1,30.0,9.7,30.0,29.9,9.9,0.0,0.1,17.8,14.2,69.7,3.6,0.2,0.1,5.5
0.1,316,30.0,9.9,20.1,15.8,9.9,0.5,19.0,0.1,30.0,9.7,30.0,30.0,9.9,0.0,0.0,17.8,14.2,70.0,3.6,0.2,0.3,5.5
0.1,317,30.0,9.9,20.1,15.8,9.9,0.5,19.0,0.0,30.0,9.7,30.0,30.0,9.9,0.0,0.0,17.8,14.2,70.1,3.6,0.1,0.1,5.5
0.1,318,30.0,9.9,20.1,15.8,9.9,0.5,19.0,0.0,30.0,9.9,30.0,30.0,9.9,0.0,0.0,17.8,14.2,70.1,3.6,0.0,0.0,5.5
0.1,319,30.0,9.9,20.1,15.8,9.9,0.5,19.0,0.0,30.0,9.9,30.0,30.0,9.9,0.0,0.0,17.8,14.2,70.1,3.7,0.0,0.0,5.5
0.1,320,30.0,9.9,20.1,15.8,9.9,0.5,19.0,0.0,30.0,9.9,30.0,30.0,9.9,0.0,0.0,17.8,14.2,70.1,3.7,0.0,0.0,5.5
0.1,321,30.0,9.5,20.5,15.8,9.5,0.1,19.0,0.0,30.0,9.9,30.0,30.0,9.5,0.0,0.0,17.8,14.2,70.5,3.7,0.4,0.4,5.5
0.1,322,30.0,9.5,20.5,15.8,9.5,0.0,19.0,0.1,30.0,9.9,30.0,30.0,9.5,0.0,0.1,17.9,14.3,70.6,3.7,0.1,0.1,5.5
0.1,323,30.0,9.5,20.5,15.8,9.5,0.0,19.0,0.1,30.0,9.9,30.0,30.0,9.5,0.0,0.0,17.9,14.3,70.9,3.7,0.3,0.3,5.5
0.1,324,30.0,9.6,20.4,15.8,9.6,0.0,19.0,0.1,30.0,10.1,30.0,30.0,9.6,0.0,0.2,18.1,14.5,71.1,3.7,0.2,0.2,5.5
0.1,325,30.0,9.8,20.2,15.8,9.8,0.0,19.0,0.1,30.0,10.1,30.0,30.0,9.8,0.0,0.2,18.3,14.7,71.1,3.7,0.0,0.0,5.5
0.1,326,30.0,9.8,20.2,15.8,9.8,0.0,19.0,0.0,30.0,10.1,30.0,30.0,9.8,0.0,0.0,18.3,14.7,71.1,3.7,0.0,0.0,5.5
0.1,327,30.0,10.0,20.0,15.8,10.0,0.0,19.0,0.0,30.0,10.2,30.0,30.0,10.0,0.0,0.2,18.5,14.9,71.1,3.7,0.0,0.0,5.5
0.1,328,30.0,10.2,19.8,15.8,10.2,0.0,19.0,0.2,30.0,10.2,30.0,30.0,10.2,0.0,0.2,18.7,15.1,71.3,3.7,0.2,0.2,5.5
0.1,329,30.0,10.3,19.7,15.8,10.3,0.0,19.0,0.1,30.0,10.3,30.0,30.0,10.3,0.0,0.1,18.8,15.2,71.3,3.7,0.0,0.0,5.5
0.1,330,30.0,10.3,19.7,15.8,10.3,0.0,19.0,0.0,30.0,10.3,30.0,30.0,10.3,0.0,0.0,18.8,15.2,71.5,3.7,0.2,0.2,5.5
0.1,331,30.0,10.5,19.5,15.8,10.5,0.0,19.0,0.0,30.0,10.4,30.0,30.0,10.5,0.0,0.2,19.0,15.4,71.6,3.7,0.1,0.1,5.5
0.1,332,30.0,10.5,19.5,15.8,10.5,0.0,19.0,0.0,30.0,10.4,30.0,30.0,10.5,0.0,0.0,19.0,15.4,71.6,3.7,0.0,0.0,5.5
0.1,333,30.0,10.5,19.5,15.8,10.5,0.0,19.0,0.1,30.0,10.4,30.0,30.0,10.5,0.0,0.0,19.0,15.4,71.6,3.7,0.0,0.0,5.5
0.1,334,30.0,10.5,19.5,15.8,10.5,0.0,19.0,0.1,30.0,10.4,30.0,30.0,10.5,0.0,0.0,19.0,15.4,71.6,3.7,0.0,0.0,5.5
0.1,335,29.9,10.6,19.3,15.8,10.6,0.0,19.0,0.1,30.0,10.5,30.0,29.9,10.6,0.0,0.3,19.3,15.7,71.7,3.8,0.2,0.1,5.5
0.1,336,30.0,10.6,19.4,15.8,10.6,0.0,19.0,0.0,30.0,10.5,30.0,30.0,10.6,0.0,0.1,19.4,15.8,71.9,3.8,0.1,0.2,5.5
0.1,337,29.9,10.6,19.3,15.8,10.6,0.0,19.0,0.1,30.0,10.5,30.0,29.9,10.6,0.0,0.1,19.5,15.9,72.1,3.8,0.3,0.2,5.5
0.1,338,30.0,10.5,19.5,15.8,10.5,0.0,19.0,0.0,30.0,10.5,30.0,30.0,10.5,0.0,0.0,19.5,15.9,72.4,3.8,0.2,0.3,5.5
0.1,339,30.0,10.6,19.4,15.8,10.6,0.0,19.0,0.2,30.0,10.5,30.0,30.0,10.6,0.0,0.1,19.6,16.0,72.4,3.9,0.0,0.0,5.5
0.1,340,30.0,10.7,19.3,15.8,10.7,0.0,19.0,0.1,30.0,10.5,30.0,30.0,10.7,0.0,0.1,19.7,16.1,72.4,3.9,0.0,0.0,5.5
0.1,341,30.0,10.7,19.3,15.8,10.7,0.0,19.0,0.1,30.0,10.5,30.0,30.0,10.7,0.0,0.0,19.7,16.1,72.4,3.9,0.0,0.0,5.5
0.1,342,30.0,10.6,19.4,15.8,10.6,0.0,19.0,0.0,30.0,10.6,30.0,30.0,10.6,0.0,0.1,19.8,16.2,72.6,3.9,0.2,0.2,5.5
0.1,343,30.0,10.8,19.2,15.8,10.8,0.0,19.0,0.0,30.0,10.6,30.0,30.0,10.8,0.0,0.2,20.0,16.4,72.7,4.0,0.1,0.1,5.5
0.1,344,30.0,10.9,19.1,15.8,10.9,0.0,19.0,0.0,30.0,10.9,30.0,30.0,10.9,0.0,0.1,20.1,16.5,72.8,4.0,0.1,0.1,5.5
0.1,345,29.9,11.0,18.9,15.8,11.0,0.0,19.0,0.1,30.0,10.9,30.0,29.9,11.0,0.0,0.1,20.2,16.6,72.9,4.0,0.2,0.1,5.5
0.1,346,30.0,11.0,19.0,15.8,11.0,0.0,19.0,0.1,30.0,11.0,30.0,30.0,11.0,0.0,0.0,20.2,16.6,73.0,4.0,0.0,0.1,5.5
0.1,347,30.0,11.3,18.7,15.8,11.3,0.0,19.0,0.2,30.0,11.0,30.0,30.0,11.3,0.0,0.3,20.5,16.9,73.0,4.0,0.0,0.0,5.5
0.1,348,30.0,11.3,18.7,15.8,11.3,0.0,19.0,0.1,30.0,11.0,30.0,30.0,11.3,0.0,0.0,20.5,16.9,73.0,4.0,0.0,0.0,5.5
0.1,349,30.0,11.4,18.6,15.8,11.4,0.0,19.0,0.0,30.0,11.1,30.0,30.0,11.4,0.0,0.2,20.7,17.1,73.2,4.0,0.2,0.2,5.5
0.1,350,30.0,11.5,18.5,15.8,11.5,0.0,19.0,0.0,30.0,11.2,30.0,30.0,11.5,0.0,0.2,20.9,17.3,73.3,4.0,0.1,0.1,5.5
0.1,351,29.9,11.7,18.2,15.8,11.7,0.0,19.0,0.2,30.0,11.2,30.0,29.9,11.7,0.0,0.3,21.2,17.6,73.4,4.0,0.2,0.1,5.5
0.1,352,30.0,11.6,18.4,15.8,11.6,0.0,19.0,0.0,30.0,11.2,30.0,30.0,11.6,0.0,0.0,21.2,17.6,73.7,4.0,0.2,0.3,5.5
0.1,353,30.0,11.7,18.3,15.8,11.7,0.0,19.0,0.0,30.0,11.2,30.0,30.0,11.7,0.0,0.1,21.3,17.7,73.8,4.0,0.1,0.1,5.5
0.1,354,30.0,11.7,18.3,15.8,11.7,0.0,19.0,0.1,30.0,11.2,30.0,30.0,11.7,0.0,0.0,21.3,17.7,73.8,4.0,0.0,0.0,5.5
0.1,355,30.0,11.8,18.2,15.8,11.8,0.0,19.0,0.0,30.0,11.3,30.0,30.0,11.8,0.0,0.1,21.4,17.8,73.8,4.0,0.0,0.0,5.5
0.1,356,30.0,11.9,18.1,15.8,11.9,0.0,19.0,0.1,30.0,11.3,30.0,30.0,11.9,0.0,0.2,21.6,18.0,73.9,4.0,0.1,0.1,5.5
0.1,357,30.0,11.9,18.1,15.8,11.9,0.0,19.0,0.1,30.0,11.3,30.0,30.0,11.9,0.0,0.1,21.7,18.1,74.0,4.0,0.1,0.1,5.5
0.1,358,30.0,12.1,17.9,15.8,12.1,0.0,19.0,0.2,30.0,11.4,30.0,30.0,12.1,0.0,0.2,21.9,18.3,74.0,4.1,0.0,0.0,5.5
0.1,359,30.0,12.3,17.7,15.8,12.3,0.0,19.0,0.0,30.0,11.4,30.0,30.0,12.3,0.0,0.2,22.1,18.5,74.2,4.2,0.2,0.2,5.5
0.1,360,30.0,12.4,17.6,15.8,12.4,0.0,19.0,0.0,30.0,11.6,30.0,30.0,12.4,0.0,0.1,22.2,18.6,74.3,4.3,0.1,0.1,5.5
0.1,361,30.0,12.4,17.6,15.8,12.4,0.0,19.0,0.0,30.0,1.5,30.0,30.0,12.4,0.0,0.0,22.2,18.6,74.3,4.4,0.0,0.0,5.5
0.1,362,30.0,12.4,17.6,15.8,12.4,0.0,19.0,0.0,30.0,1.8,30.0,30.0,12.4,0.0,0.0,22.2,18.6,74.3,4.4,0.0,0.0,5.5
0.1,363,29.9,12.3,17.6,15.8,12.3,0.0,19.0,0.0,30.0,2.2,30.0,29.9,12.3,0.0,0.1,22.3,18.7,74.4,4.4,0.2,0.1,5.5
0.1,364,30.0,12.2,17.8,15.8,12.2,0.0,19.0,0.0,30.0,2.6,30.0,30.0,12.2,0.0,0.0,22.3,18.7,74.6,4.4,0.1,0.2,5.5
0.1,365,30.0,12.2,17.8,15.8,12.2,0.0,19.0,0.0,30.0,2.7,30.0,30.0,12.2,0.0,0.1,22.4,18.8,74.7,4.4,0.1,0.1,5.5
0.1,366,30.0,12.1,17.9,15.8,12.1,0.0,19.0,0.0,30.0,3.0,30.0,30.0,12.1,0.0,0.0,22.4,18.8,75.0,4.4,0.3,0.3,5.5
0.1,367,30.0,12.1,17.9,15.8,12.1,0.0,19.0,0.0,30.0,3.0,30.0,30.0,12.1,0.0,0.0,22.4,18.8,75.1,4.4,0.1,0.1,5.5
0.1,368,30.0,12.1,17.9,15.8,12.1,0.0,19.0,0.0,30.0,3.4,30.0,30.0,12.1,0.0,0.0,22.4,18.8,75.1,4.5,0.0,0.0,5.5
0.1,369,30.0,12.2,17.8,15.8,12.2,0.0,19.0,0.0,30.0,3.5,30.0,30.0,12.2,0.0,0.1,22.5,18.9,75.1,4.5,0.0,0.0,5.5
0.1,370,30.0,12.2,17.8,15.8,12.2,0.0,19.0,0.0,30.0,3.6,30.0,30.0,12.2,0.0,0.1,22.6,19.0,75.2,4.6,0.1,0.1,5.5
0.1,371,30.0,12.1,17.9,15.8,12.1,0.0,19.0,0.1,30.0,3.9,30.0,30.0,12.1,0.0,0.0,22.6,19.0,75.5,4.6,0.3,0.3,5.5
0.1,372,30.0,12.2,17.8,15.8,12.2,0.0,19.0,0.0,30.0,4.1,30.0,30.0,12.2,0.0,0.1,22.7,19.1,75.6,4.7,0.1,0.1,5.5
0.1,373,30.0,12.2,17.8,15.8,12.2,0.0,19.0,0.1,30.0,4.8,30.0,30.0,12.2,0.0,0.0,22.7,19.1,75.9,4.7,0.3,0.3,5.5
0.1,374,30.0,12.3,17.7,15.8,12.2,0.0,19.0,0.1,30.0,4.9,30.0,30.0,12.2,0.0,0.1,22.8,19.2,76.0,4.7,0.1,0.1,5.5
0.1,375,30.0,12.4,17.6,15.8,12.4,0.0,19.0,0.0,30.0,5.4,30.0,30.0,12.4,0.0,0.1,22.9,19.3,76.0,4.7,0.0,0.0,5.5
0.1,376,30.0,12.5,17.5,15.8,12.5,0.0,19.0,0.1,30.0,5.9,30.0,30.0,12.5,0.0,0.1,23.0,19.4,76.0,4.7,0.0,0.0,5.5
0.1,377,29.9,12.4,17.5,15.8,12.4,0.0,19.0,0.1,30.0,6.3,30.0,29.9,12.4,0.0,0.0,23.0,19.4,76.1,4.7,0.2,0.1,5.5
0.1,378,29.9,12.4,17.5,15.7,12.4,0.0,19.0,0.0,30.0,6.7,30.0,29.9,12.4,0.1,0.0,23.0,19.4,76.4,4.8,0.3,0.3,5.5
0.1,379,30.0,12.5,17.5,15.8,12.5,0.0,19.0,0.2,30.0,7.4,30.0,30.0,12.5,0.0,0.1,23.1,19.5,76.6,4.8,0.1,0.2,5.5
0.1,380,30.0,12.5,17.5,15.8,12.5,0.0,19.0,0.0,30.0,7.7,30.0,30.0,12.5,0.0,0.0,23.1,19.5,76.8,4.8,0.2,0.2,5.5
0.1,381,30.0,12.6,17.4,15.8,12.6,0.0,19.0,0.0,30.0,8.7,30.0,30.0,12.6,0.0,0.1,23.2,19.6,76.9,4.8,0.1,0.1,5.5
0.1,382,30.0,12.6,17.4,15.8,12.6,0.0,19.0,0.0,30.0,8.8,30.0,30.0,12.6,0.0,0.0,23.2,19.6,76.9,4.8,0.0,0.0,5.5
0.1,383,30.0,12.7,17.3,15.8,12.7,0.0,19.0,0.0,30.0,9.0,30.0,30.0,12.7,0.0,0.1,23.3,19.7,76.9,4.8,0.0,0.0,5.5
0.1,384,30.0,12.7,17.3,15.8,12.7,0.0,19.0,0.0,30.0,9.0,30.0,30.0,12.7,0.0,0.0,23.3,19.7,76.9,4.8,0.0,0.0,5.5
0.1,385,30.0,12.8,17.2,15.8,12.8,0.0,19.0,0.0,30.0,9.3,30.0,30.0,12.8,0.0,0.1,23.4,19.8,77.2,4.8,0.3,0.3,5.5
0.1,386,29.9,12.8,17.1,15.8,12.8,0.0,19.0,0.1,30.0,9.5,30.0,29.9,12.8,0.0,0.0,23.4,19.8,77.3,4.9,0.2,0.1,5.5
0.1,387,29.9,12.8,17.1,15.8,12.8,0.0,19.0,0.2,30.0,9.6,30.0,29.9,12.8,0.1,0.1,23.5,19.9,77.6,4.9,0.3,0.3,5.5
0.1,388,30.0,12.8,17.2,15.9,12.8,0.0,19.0,0.1,30.0,10.0,30.0,30.0,12.8,0.0,0.0,23.5,19.9,77.8,4.9,0.1,0.2,5.5
0.1,389,30.0,12.9,17.1,15.9,12.9,0.0,19.0,0.0,30.0,10.2,30.0,30.0,12.9,0.0,0.1,23.6,20.0,77.8,4.9,0.0,0.0,5.5
0.1,390,30.0,12.9,17.1,15.9,12.9,0.0,19.0,0.0,30.0,10.3,30.0,30.0,12.9,0.0,0.0,23.6,20.0,77.8,4.9,0.0,0.0,5.5
0.1,391,30.0,12.8,17.2,15.9,12.8,0.0,19.0,0.1,30.0,10.3,30.0,30.0,12.8,0.0,0.0,23.6,20.0,77.9,4.9,0.1,0.1,5.5
0.1,392,30.0,12.8,17.2,15.9,12.8,0.0,19.0,0.1,30.0,10.5,30.0,30.0,12.8,0.0,0.0,23.6,20.0,78.2,4.9,0.3,0.3,5.5
0.1,393,30.0,12.8,17.2,15.8,12.8,0.0,19.0,0.2,30.0,10.7,30.0,30.0,12.8,0.0,0.0,23.6,20.0,78.3,5.1,0.1,0.1,5.5
0.1,394,30.0,12.9,17.1,15.7,12.9,0.0,19.0,0.1,30.0,10.9,30.0,30.0,12.9,0.0,0.1,23.7,20.1,78.6,5.1,0.3,0.3,5.5
0.1,395,30.0,13.1,16.9,15.7,13.1,0.0,19.0,0.0,30.0,11.0,30.0,30.0,13.1,0.0,0.2,23.9,20.3,78.8,5.1,0.2,0.2,5.5
0.1,396,30.0,13.1,16.9,15.7,13.1,0.0,19.0,0.0,30.0,11.1,30.0,30.0,13.1,0.0,0.0,23.9,20.3,78.8,5.2,0.0,0.0,5.5
0.1,397,30.0,13.2,16.8,15.7,13.2,0.0,19.0,0.1,30.0,11.2,30.0,30.0,13.2,0.0,0.1,24.0,20.4,78.8,5.2,0.0,0.0,5.5
0.1,398,30.0,13.3,16.7,15.7,13.3,0.0,19.0,0.0,30.0,11.4,30.0,30.0,13.3,0.0,0.1,24.1,20.5,78.8,5.2,0.0,0.0,5.5
0.1,399,30.0,13.3,16.7,15.7,13.3,0.0,19.0,0.1,30.0,11.5,30.0,30.0,13.3,0.0,0.0,24.1,20.5,79.0,5.2,0.2,0.2,5.5
0.1,400,30.0,13.3,16.7,15.7,13.3,0.0,19.0,0.2,30.0,11.6,30.0,30.0,13.3,0.0,0.0,24.1,20.5,79.1,5.2,0.1,0.1,5.5
0.1,401,30.0,13.5,16.5,15.7,13.5,0.0,19.0,0.0,30.0,11.7,30.0,30.0,13.5,0.0,0.2,24.3,20.7,79.3,5.2,0.2,0.2,5.5
0.1,402,29.9,13.5,16.4,15.7,13.5,0.0,19.0,0.0,30.0,11.8,30.0,29.9,13.5,0.0,0.0,24.3,20.7,79.3,5.2,0.1,0.0,5.5
0.1,403,30.0,13.5,16.5,15.7,13.5,0.0,19.0,0.1,30.0,12.0,30.0,30.0,13.5,0.0,0.0,24.3,20.7,79.4,5.2,0.0,0.1,5.5
0.1,404,30.0,13.5,16.5,15.7,13.5,0.0,19.0,0.2,30.0,12.0,30.0,30.0,13.5,0.0,0.0,24.3,20.7,79.4,5.2,0.0,0.0,5.5
0.1,405,29.9,13.4,16.5,15.7,13.4,0.0,19.0,0.0,30.0,12.1,30.0,29.9,13.4,0.0,0.0,24.3,20.7,79.4,5.2,0.1,0.0,5.5
0.1,406,30.0,13.3,16.7,15.7,13.3,0.0,19.0,0.2,30.0,12.3,30.0,30.0,13.3,0.0,0.0,24.3,20.7,79.8,5.2,0.3,0.4,5.5
0.1,407,30.0,13.7,16.3,15.7,13.7,0.0,19.0,0.0,30.0,12.4,30.0,30.0,13.7,0.0,0.4,24.7,21.1,79.8,5.2,0.0,0.0,5.5
0.1,408,30.0,13.7,16.3,15.7,13.7,0.0,19.0,0.1,30.0,12.6,30.0,30.0,13.7,0.0,0.1,24.8,21.2,80.1,5.2,0.3,0.3,5.5
0.1,409,30.0,13.6,16.4,15.6,13.6,0.0,19.0,0.0,30.0,12.7,30.0,30.0,13.6,0.0,0.0,24.8,21.2,80.2,5.2,0.1,0.1,5.5
0.1,410,30.0,13.8,16.2,15.6,13.8,0.0,19.0,0.2,30.0,12.7,30.0,30.0,13.8,0.0,0.2,25.0,21.4,80.3,5.3,0.1,0.1,5.5
0.1,411,30.0,14.0,16.0,15.6,14.0,0.0,19.0,0.0,30.0,12.7,30.0,30.0,14.0,0.0,0.2,25.2,21.6,80.3,5.3,0.0,0.0,5.5
0.1,412,30.0,14.0,16.0,15.6,14.0,0.0,19.0,0.0,30.0,12.9,30.0,30.0,14.0,0.0,0.0,25.2,21.6,80.3,5.3,0.0,0.0,5.5
0.1,413,29.8,14.0,15.8,15.6,14.0,0.0,19.0,0.0,30.0,13.1,30.0,29.8,14.0,0.0,0.0,25.2,21.6,80.3,5.3,0.2,0.0,5.5
0.1,414,30.0,13.9,16.1,15.6,13.9,0.0,19.0,0.1,30.0,13.3,30.0,30.0,13.9,0.0,0.0,25.2,21.6,80.6,5.3,0.1,0.3,5.5
0.1,415,30.0,14.0,16.0,15.6,14.0,0.0,19.0,0.0,30.0,13.5,30.0,30.0,14.0,0.0,0.1,25.3,21.7,80.7,5.3,0.1,0.1,5.5
0.1,416,30.0,14.0,16.0,15.6,14.0,0.0,19.0,0.2,30.0,13.5,30.0,30.0,14.0,0.0,0.0,25.3,21.7,80.7,5.3,0.0,0.0,5.5
0.1,417,30.0,14.1,15.9,15.6,14.1,0.0,19.0,0.2,30.0,13.5,30.0,30.0,14.1,0.0,0.1,25.4,21.8,80.8,5.3,0.1,0.1,5.5
0.1,418,30.0,14.2,15.8,15.6,14.2,0.0,19.0,0.2,30.0,13.8,30.0,30.0,14.2,0.0,0.1,25.5,21.9,80.8,5.3,0.0,0.0,5.5
0.1,419,30.0,14.2,15.8,15.6,14.2,0.0,19.0,0.0,30.0,13.9,30.0,30.0,14.2,0.0,0.0,25.5,21.9,80.8,5.3,0.0,0.0,5.5
0.1,420,30.0,14.1,15.9,15.6,14.1,0.0,19.0,0.0,30.0,13.9,30.0,30.0,14.1,0.0,0.1,25.6,22.0,81.0,5.3,0.2,0.2,5.5
0.1,421,30.0,14.2,15.8,15.6,14.2,0.0,19.0,0.1,30.0,14.0,30.0,30.0,14.2,0.0,0.1,25.7,22.1,81.1,5.3,0.1,0.1,5.5
0.1,422,29.9,14.2,15.7,15.6,14.2,0.0,19.0,0.3,30.0,14.3,30.0,29.9,14.2,0.0,0.2,25.9,22.3,81.3,5.3,0.3,0.2,5.5
0.1,423,30.0,14.1,15.9,15.6,14.1,0.0,19.0,0.1,30.0,14.4,30.0,30.0,14.1,0.0,0.0,25.9,22.3,81.5,5.3,0.1,0.2,5.5
0.1,424,30.0,14.1,15.9,15.6,14.1,0.0,19.0,0.0,30.0,14.4,30.0,30.0,14.1,0.0,0.0,25.9,22.3,81.6,5.3,0.1,0.1,5.5
0.1,425,30.0,14.1,15.9,15.6,14.1,0.0,19.0,0.0,30.0,14.4,30.0,30.0,14.1,0.0,0.0,25.9,22.3,81.6,5.3,0.0,0.0,5.5
0.1,426,30.0,14.2,15.8,15.6,14.2,0.0,19.0,0.0,30.0,14.4,30.0,30.0,14.2,0.0,0.1,26.0,22.4,81.6,5.3,0.0,0.0,5.5
0.1,427,30.0,14.2,15.8,15.6,14.2,0.0,19.0,0.0,30.0,14.4,30.0,30.0,14.2,0.0,0.0,26.0,22.4,81.6,5.3,0.0,0.0,5.5
0.1,428,30.0,14.1,15.9,15.6,14.1,0.0,19.0,0.1,30.0,14.4,30.0,30.0,14.1,0.0,0.1,26.1,22.5,81.8,5.3,0.2,0.2,5.5
0.1,429,30.0,14.2,15.8,15.6,14.2,0.0,19.0,0.1,30.0,14.4,30.0,30.0,14.2,0.0,0.1,26.2,22.6,81.8,5.3,0.0,0.0,5.5
0.1,430,30.0,14.3,15.7,15.6,14.3,0.0,19.0,0.1,30.0,14.4,30.0,30.0,14.3,0.0,0.1,26.3,22.7,82.0,5.3,0.2,0.2,5.5
0.1,431,30.0,14.3,15.7,15.6,14.3,0.0,19.0,0.1,30.0,14.4,30.0,30.0,14.3,0.0,0.0,26.3,22.7,82.1,5.3,0.1,0.1,5.5
0.1,432,30.0,14.3,15.7,15.6,14.3,0.0,19.0,0.3,30.0,14.4,30.0,30.0,14.3,0.0,0.0,26.3,22.7,82.1,5.3,0.0,0.0,5.5
0.1,433,30.0,14.3,15.7,15.6,14.3,0.0,19.0,0.1,30.0,14.5,30.0,30.0,14.3,0.0,0.0,26.3,22.7,82.1,5.3,0.0,0.0,5.5
0.1,434,30.0,14.1,15.9,15.6,14.1,0.0,19.0,0.0,30.0,14.5,30.0,30.0,14.1,0.0,0.0,26.3,22.7,82.3,5.3,0.2,0.2,5.5
0.1,435,30.0,14.0,16.0,15.6,14.0,0.0,19.0,0.0,30.0,14.5,30.0,30.0,14.0,0.0,0.0,26.3,22.7,82.4,5.3,0.1,0.1,5.5
0.1,436,30.0,13.9,16.1,15.6,13.9,0.0,19.0,0.0,30.0,14.5,30.0,30.0,13.9,0.0,0.1,26.4,22.8,82.6,5.3,0.2,0.2,5.5
0.1,437,30.0,13.9,16.1,15.6,13.9,0.0,19.0,0.2,30.0,14.5,30.0,30.0,13.9,0.0,0.0,26.4,22.8,82.8,5.3,0.2,0.2,5.5
0.1,438,30.0,14.1,15.9,15.6,14.1,0.0,19.0,0.1,30.0,14.5,30.0,30.0,14.1,0.0,0.2,26.6,23.0,82.9,5.3,0.1,0.1,5.5
0.1,439,30.0,14.2,15.8,15.6,14.2,0.0,19.0,0.1,30.0,14.5,30.0,30.0,14.2,0.0,0.1,26.7,23.1,82.9,5.3,0.0,0.0,5.5
0.1,440,30.0,14.4,15.6,15.6,14.4,0.0,19.0,0.0,30.0,14.5,30.0,30.0,14.4,0.0,0.2,26.9,23.3,82.9,5.3,0.0,0.0,5.5
0.1,441,30.0,14.4,15.6,15.6,14.4,0.0,19.0,0.0,30.0,14.5,30.0,30.0,14.4,0.0,0.0,26.9,23.3,82.9,5.3,0.0,0.0,5.5
0.1,442,29.9,14.2,15.7,15.6,14.2,0.0,19.0,0.0,30.0,14.5,30.0,29.9,14.2,0.0,0.0,26.9,23.3,83.0,5.3,0.2,0.1,5.5
0.1,443,30.0,14.3,15.7,15.6,14.3,0.0,19.0,0.2,30.0,14.5,30.0,30.0,14.3,0.0,0.1,27.0,23.4,83.1,5.3,0.0,0.1,5.5
0.1,444,30.0,14.3,15.7,15.6,14.3,0.0,19.0,0.0,30.0,14.5,30.0,30.0,14.3,0.0,0.0,27.0,23.4,83.2,5.3,0.1,0.1,5.5
0.1,445,30.0,14.3,15.7,15.6,14.3,0.0,19.0,0.0,30.0,14.5,30.0,30.0,14.3,0.0,0.0,27.0,23.4,83.3,5.3,0.1,0.1,5.5
0.1,446,30.0,14.4,15.6,15.6,14.4,0.0,19.0,0.2,30.0,14.5,30.0,30.0,14.4,0.0,0.1,27.1,23.5,83.3,5.3,0.0,0.0,5.5
0.1,447,30.0,14.4,15.6,15.6,14.4,0.0,19.0,0.3,30.0,14.6,30.0,30.0,14.4,0.0,0.0,27.1,23.5,83.3,5.3,0.0,0.0,5.5
0.1,448,30.0,14.2,15.8,15.6,14.2,0.0,19.0,0.0,30.0,14.6,30.0,30.0,14.2,0.0,0.0,27.1,23.5,83.5,5.3,0.2,0.2,5.5
0.1,449,30.0,14.2,15.8,15.6,14.2,0.0,19.0,0.1,30.0,14.6,30.0,30.0,14.2,0.0,0.1,27.2,23.6,83.6,5.3,0.1,0.1,5.5
0.1,450,30.0,14.1,15.9,15.6,14.1,0.0,19.0,0.3,30.0,14.6,30.0,30.0,14.1,0.0,0.1,27.3,23.7,83.8,5.3,0.2,0.2,5.5
0.1,451,30.0,14.1,15.9,15.6,14.1,0.0,19.0,0.1,30.0,14.6,30.0,30.0,14.1,0.0,0.1,27.4,23.8,84.0,5.3,0.2,0.2,5.5
0.1,452,30.0,14.2,15.8,15.6,14.2,0.0,19.0,0.2,30.0,14.6,30.0,30.0,14.2,0.0,0.1,27.5,23.9,84.1,5.3,0.1,0.1,5.5
0.1,453,30.0,14.3,15.7,15.6,14.3,0.0,19.0,0.1,30.0,14.6,30.0,30.0,14.3,0.0,0.1,27.6,24.0,84.1,5.3,0.0,0.0,5.5
0.1,454,30.0,14.4,15.6,15.6,14.4,0.0,19.0,0.3,30.0,14.6,30.0,30.0,14.4,0.0,0.1,27.7,24.1,84.1,5.3,0.0,0.0,5.5
0.1,455,30.0,14.5,15.5,15.6,14.5,0.0,19.0,0.1,30.0,14.6,30.0,30.0,14.5,0.0,0.1,27.8,24.2,84.1,5.3,0.0,0.0,5.5
0.1,456,30.0,14.5,15.5,15.6,14.5,0.0,19.0,0.1,30.0,14.6,30.0,30.0,14.5,0.0,0.1,27.9,24.3,84.2,5.3,0.1,0.1,5.5
0.1,457,30.0,14.4,15.6,15.6,14.4,0.0,19.0,0.1,30.0,14.6,30.0,30.0,14.4,0.0,0.0,27.9,24.3,84.3,5.3,0.1,0.1,5.5
0.1,458,30.0,14.4,15.6,15.6,14.4,0.0,19.0,0.1,30.0,14.7,30.0,30.0,14.4,0.0,0.0,27.9,24.3,84.4,5.3,0.1,0.1,5.5
0.1,459,30.0,14.5,15.5,15.6,14.5,0.0,19.0,0.1,30.0,14.7,30.0,30.0,14.5,0.0,0.1,28.0,24.4,84.5,5.3,0.1,0.1,5.5
0.1,460,30.0,14.5,15.5,15.6,14.5,0.0,19.0,0.2,30.0,14.7,30.0,30.0,14.5,0.0,0.0,28.0,24.4,84.5,5.3,0.0,0.0,5.5
0.1,461,30.0,14.6,15.4,15.6,14.6,0.0,19.0,0.0,30.0,14.7,30.0,30.0,14.6,0.0,0.1,28.1,24.5,84.5,5.3,0.0,0.0,5.5
0.1,462,30.0,14.4,15.6,15.6,14.4,0.0,19.0,0.0,30.0,14.7,30.0,30.0,14.4,0.0,0.0,28.1,24.5,84.7,5.3,0.2,0.2,5.5
0.1,463,30.0,14.3,15.7,15.6,14.3,0.0,19.0,0.0,30.0,14.8,30.0,30.0,14.3,0.0,0.0,28.1,24.5,84.9,5.3,0.2,0.2,5.5
0.1,464,30.0,14.2,15.8,15.6,14.2,0.0,19.0,0.3,30.0,14.8,30.0,30.0,14.2,0.0,0.1,28.2,24.6,85.1,5.3,0.2,0.2,5.5
0.1,465,29.9,14.2,15.7,15.6,14.2,0.0,19.0,0.0,30.0,14.8,30.0,29.9,14.2,0.0,0.1,28.3,24.7,85.2,5.3,0.2,0.1,5.5
0.1,466,30.0,14.4,15.6,15.6,14.4,0.0,19.0,0.2,30.0,14.8,30.0,30.0,14.4,0.0,0.2,28.5,24.9,85.4,5.3,0.1,0.2,5.5
0.1,467,30.0,14.5,15.5,15.6,14.5,0.0,19.0,0.2,30.0,14.8,30.0,30.0,14.5,0.0,0.1,28.6,25.0,85.4,5.3,0.0,0.0,5.5
0.1,468,30.0,14.5,15.5,15.6,14.5,0.0,19.0,0.1,30.0,14.8,30.0,30.0,14.5,0.0,0.0,28.6,25.0,85.4,5.3,0.0,0.0,5.5
0.1,469,30.0,14.6,15.4,15.6,14.6,0.0,19.0,0.2,30.0,14.8,30.0,30.0,14.6,0.0,0.1,28.7,25.1,85.4,5.3,0.0,0.0,5.5
0.1,470,30.0,14.6,15.4,15.6,14.6,0.0,19.0,0.3,30.0,14.8,30.0,30.0,14.6,0.0,0.0,28.7,25.1,85.4,5.3,0.0,0.0,5.5
0.1,471,30.0,14.6,15.4,15.6,14.6,0.0,19.0,0.0,30.0,14.8,30.0,30.0,14.6,0.0,0.1,28.8,25.2,85.7,5.3,0.3,0.3,5.5
0.1,472,30.0,14.7,15.3,15.6,14.7,0.0,19.0,0.0,30.0,14.8,30.0,30.0,14.7,0.0,0.1,28.9,25.3,85.8,5.3,0.1,0.1,5.5
0.1,473,29.9,14.8,15.1,15.6,14.8,0.0,19.0,0.0,30.0,14.8,30.0,29.9,14.8,0.0,0.1,29.0,25.4,85.8,5.3,0.1,0.0,5.5
0.1,474,30.0,14.8,15.2,15.6,14.8,0.0,19.0,0.2,30.0,14.8,30.0,30.0,14.8,0.0,0.0,29.0,25.4,85.9,5.3,0.0,0.1,5.5
0.1,475,30.0,14.8,15.2,15.6,14.8,0.0,19.0,0.1,30.0,14.8,30.0,30.0,14.8,0.0,0.0,29.0,25.4,85.9,5.3,0.0,0.0,5.5
0.1,476,30.0,14.6,15.4,15.6,14.6,0.0,19.0,0.1,30.0,14.8,30.0,30.0,14.6,0.0,0.0,29.0,25.4,86.1,5.3,0.2,0.2,5.5
0.1,477,30.0,14.5,15.5,15.6,14.5,0.0,19.0,0.0,30.0,14.8,30.0,30.0,14.5,0.0,0.1,29.1,25.5,86.3,5.3,0.2,0.2,5.5
0.1,478,30.0,14.5,15.5,15.6,14.5,0.0,19.0,0.1,30.0,14.8,30.0,30.0,14.5,0.0,0.0,29.1,25.5,86.3,5.3,0.0,0.0,5.5
0.1,479,30.0,14.5,15.5,15.6,14.5,0.0,19.0,0.1,30.0,14.9,30.0,30.0,14.5,0.0,0.0,29.1,25.5,86.4,5.3,0.1,0.1,5.5
0.1,480,30.0,14.6,15.4,15.6,14.6,0.0,19.0,0.0,30.0,14.9,30.0,30.0,14.6,0.0,0.2,29.3,25.7,86.5,5.3,0.1,0.1,5.5
0.1,481,30.0,14.8,15.2,15.6,14.8,0.1,19.0,0.1,30.0,14.9,30.0,30.0,14.8,0.0,0.1,29.5,25.8,86.6,5.3,0.1,0.1,5.5
0.1,482,30.0,14.8,15.2,15.6,14.8,0.1,19.0,0.0,30.0,15.1,30.0,30.0,14.8,0.0,0.0,29.5,25.8,86.6,5.3,0.0,0.0,5.5
0.1,483,30.0,14.9,15.1,15.6,14.9,0.1,19.0,0.1,30.0,15.1,30.0,30.0,14.9,0.0,0.1,29.6,25.9,86.6,5.3,0.0,0.0,5.5
0.1,484,30.0,15.1,14.9,15.6,15.1,0.2,19.0,0.1,30.0,15.2,30.0,30.0,15.1,0.0,0.1,29.8,26.0,86.7,5.3,0.1,0.1,5.5
0.1,485,29.9,15.0,14.9,15.6,15.0,0.4,19.0,0.2,30.0,15.2,30.0,29.9,15.0,0.0,0.0,30.0,26.0,86.9,5.3,0.3,0.2,5.5
0.1,486,29.9,15.2,14.7,15.6,15.2,0.5,19.0,0.0,30.0,15.2,30.0,29.9,15.2,0.0,0.1,30.2,26.1,87.0,5.3,0.1,0.1,5.5
0.1,487,30.0,15.2,14.8,15.6,15.2,0.5,19.0,0.0,30.0,15.2,30.0,30.0,15.2,0.0,0.0,30.2,26.1,87.1,5.3,0.0,0.1,5.5
0.1,488,30.0,15.3,14.7,15.6,15.3,0.4,19.0,0.1,30.0,15.2,30.0,30.0,15.3,0.0,0.2,30.4,26.3,87.2,5.3,0.1,0.1,5.5
0.1,489,30.0,15.3,14.7,15.6,15.3,0.4,19.0,0.2,30.0,15.2,30.0,30.0,15.3,0.0,0.0,30.4,26.3,87.2,5.3,0.0,0.0,5.5
0.1,490,29.8,15.1,14.7,15.6,15.1,0.4,19.0,0.0,30.0,15.2,30.0,29.8,15.1,0.0,0.0,30.4,26.3,87.2,5.3,0.2,0.0,5.5
0.1,491,30.0,15.1,14.9,15.6,15.1,0.4,19.0,0.0,30.0,15.2,30.0,30.0,15.1,0.0,0.1,30.6,26.4,87.6,5.3,0.2,0.4,5.5
0.1,492,30.0,15.0,15.0,15.6,15.0,0.2,19.0,0.1,30.0,15.2,30.0,30.0,15.0,0.0,0.1,30.7,26.5,87.8,5.3,0.2,0.2,5.5
0.1,493,30.0,15.0,15.0,15.6,15.0,0.1,19.0,0.0,30.0,15.2,30.0,30.0,15.0,0.0,0.1,30.8,26.6,87.9,5.3,0.1,0.1,5.5
0.1,494,30.0,15.0,15.0,15.6,15.0,0.1,19.0,0.0,30.0,15.2,30.0,30.0,15.0,0.0,0.1,30.9,26.7,88.1,5.3,0.2,0.2,5.5
0.1,495,30.0,15.0,15.0,15.6,15.0,0.1,19.0,0.2,30.0,15.2,30.0,30.0,15.0,0.0,0.0,30.9,26.7,88.1,5.3,0.0,0.0,5.5
0.1,496,30.0,15.0,15.0,15.6,15.0,0.1,19.0,0.0,30.0,15.2,30.0,30.0,15.0,0.0,0.0,30.9,26.7,88.1,5.4,0.0,0.0,5.5
0.1,497,30.0,15.1,14.9,15.6,15.1,0.1,19.0,0.1,30.0,15.2,30.0,30.0,15.1,0.0,0.1,31.0,26.8,88.1,5.4,0.0,0.0,5.5
0.1,498,30.0,15.1,14.9,15.6,15.1,0.0,19.0,0.1,30.0,15.2,30.0,30.0,15.1,0.0,0.1,31.1,26.9,88.2,5.4,0.1,0.1,5.5
0.1,499,30.0,15.1,14.9,15.6,15.1,0.0,19.0,0.0,30.0,15.3,30.0,30.0,15.1,0.0,0.0,31.1,26.9,88.3,5.6,0.1,0.1,5.5
0.1,500,30.0,15.2,14.8,15.6,15.2,0.0,19.0,0.0,30.0,15.3,30.0,30.0,15.2,0.0,0.1,31.2,27.0,88.3,5.6,0.0,0.0,5.5
0.1,501,30.0,15.2,14.8,15.6,15.2,0.0,19.0,0.1,30.0,15.3,30.0,30.0,15.2,0.0,0.0,31.2,27.0,88.4,5.6,0.1,0.1,5.5
0.1,502,30.0,15.3,14.7,15.7,15.3,0.0,19.0,0.1,30.0,15.3,30.0,30.0,15.3,0.0,0.2,31.4,27.2,88.5,5.6,0.1,0.1,5.5
0.1,503,30.0,15.3,14.7,15.7,15.3,0.0,19.0,0.1,30.0,15.3,30.0,30.0,15.3,0.0,0.0,31.4,27.2,88.5,5.6,0.0,0.0,5.5
0.1,504,30.0,15.3,14.7,15.7,15.3,0.0,19.0,0.0,30.0,15.3,30.0,30.0,15.3,0.0,0.0,31.4,27.2,88.5,5.6,0.0,0.0,5.5
0.1,505,30.0,15.2,14.8,15.7,15.2,0.0,19.0,0.1,30.0,15.3,30.0,30.0,15.2,0.0,0.2,31.6,27.4,88.8,5.6,0.3,0.3,5.5
0.1,506,29.9,15.1,14.8,15.7,15.1,0.0,19.0,0.1,30.0,15.3,30.0,29.9,15.1,0.0,0.0,31.6,27.4,88.8,5.6,0.1,0.0,5.5
0.1,507,30.0,15.0,15.0,15.7,15.0,0.0,19.0,0.1,30.0,15.3,30.0,30.0,15.0,0.0,0.0,31.6,27.4,89.0,5.6,0.1,0.2,5.5
0.1,508,30.0,14.9,15.1,15.7,14.9,0.0,19.0,0.1,30.0,15.3,30.0,30.0,14.9,0.0,0.0,31.6,27.4,89.2,5.6,0.2,0.2,5.5
0.1,509,30.0,15.1,14.9,15.7,15.1,0.0,19.0,0.1,30.0,15.3,30.0,30.0,15.1,0.0,0.2,31.8,27.6,89.3,5.6,0.1,0.1,5.5
0.1,510,30.0,15.2,14.8,15.7,15.2,0.0,19.0,0.1,30.0,15.3,30.0,30.0,15.2,0.0,0.1,31.9,27.7,89.3,5.6,0.0,0.0,5.5
0.1,511,30.0,15.2,14.8,15.7,15.2,0.0,19.0,0.2,30.0,15.3,30.0,30.0,15.2,0.0,0.0,31.9,27.7,89.3,5.6,0.0,0.0,5.5
0.1,512,30.0,15.2,14.8,15.7,15.2,0.0,19.0,0.1,30.0,15.3,30.0,30.0,15.2,0.0,0.1,32.0,27.8,89.5,5.6,0.2,0.2,5.5
0.1,513,30.0,15.1,14.9,15.7,15.1,0.0,19.0,0.1,30.0,15.3,30.0,30.0,15.1,0.0,0.0,32.0,27.8,89.6,5.6,0.1,0.1,5.5
0.1,514,30.0,15.2,14.8,15.7,15.2,0.0,19.0,0.1,30.0,15.3,30.0,30.0,15.2,0.0,0.1,32.1,27.9,89.6,5.6,0.0,0.0,5.5
0.1,515,30.0,15.2,14.8,15.7,15.2,0.0,19.0,0.1,30.0,15.3,30.0,30.0,15.2,0.0,0.0,32.1,27.9,89.8,5.6,0.2,0.2,5.5
0.1,516,30.0,15.3,14.7,15.7,15.3,0.0,19.0,0.0,30.0,15.3,30.0,30.0,15.3,0.0,0.1,32.2,28.0,89.9,5.6,0.1,0.1,5.5
0.1,517,30.0,15.4,14.6,15.7,15.4,0.0,19.0,0.0,30.0,15.3,30.0,30.0,15.4,0.0,0.1,32.3,28.1,89.9,5.6,0.0,0.0,5.5
0.1,518,30.0,15.4,14.6,15.7,15.4,0.0,19.0,0.0,30.0,15.3,30.0,30.0,15.4,0.0,0.0,32.3,28.1,89.9,5.6,0.0,0.0,5.5
0.1,519,30.0,15.2,14.8,15.7,15.2,0.0,19.0,0.0,30.0,15.3,30.0,30.0,15.2,0.0,0.0,32.3,28.1,90.1,5.6,0.2,0.2,5.5
0.1,520,30.0,15.3,14.7,15.7,15.3,0.0,19.0,0.1,30.0,15.3,30.0,30.0,15.3,0.0,0.1,32.4,28.2,90.1,5.6,0.0,0.0,5.5
0.1,521,30.0,15.1,14.9,15.7,15.1,0.0,19.0,0.1,30.0,15.3,30.0,30.0,15.1,0.0,0.0,32.4,28.2,90.3,5.6,0.2,0.2,5.5
0.1,522,30.0,15.2,14.8,15.7,15.2,0.0,19.0,0.3,30.0,15.3,30.0,30.0,15.2,0.0,0.1,32.5,28.3,90.4,5.6,0.1,0.1,5.5
0.1,523,30.0,15.2,14.8,15.7,15.2,0.0,19.0,0.0,30.0,15.3,30.0,30.0,15.2,0.0,0.0,32.5,28.3,90.5,5.6,0.1,0.1,5.5
0.1,524,30.0,15.3,14.7,15.7,15.3,0.0,19.0,0.1,30.0,15.4,30.0,30.0,15.3,0.0,0.1,32.6,28.4,90.5,5.6,0.0,0.0,5.5
0.1,525,30.0,15.5,14.5,15.7,15.5,0.0,19.0,0.4,30.0,15.4,30.0,30.0,15.5,0.0,0.2,32.8,28.6,90.5,5.6,0.0,0.0,5.5
0.1,526,29.9,15.4,14.5,15.7,15.4,0.0,19.0,0.1,30.0,15.4,30.0,29.9,15.4,0.0,0.1,32.9,28.7,90.7,5.6,0.3,0.2,5.5
0.1,527,29.9,15.3,14.6,15.7,15.3,0.0,19.0,0.2,30.0,15.4,30.0,29.9,15.3,0.0,0.0,32.9,28.7,90.8,5.6,0.1,0.1,5.5
0.1,528,30.0,15.3,14.7,15.7,15.3,0.0,19.0,0.2,30.0,15.4,30.0,30.0,15.3,0.0,0.0,32.9,28.7,91.0,5.6,0.1,0.2,5.5
0.1,529,29.9,15.3,14.6,15.7,15.3,0.0,19.0,0.1,30.0,15.4,30.0,29.9,15.3,0.0,0.1,33.0,28.8,91.1,5.6,0.2,0.1,5.5
0.1,530,29.9,15.4,14.5,15.6,15.4,0.0,19.0,0.0,30.0,15.4,30.0,29.9,15.4,0.1,0.1,33.1,28.9,91.2,5.6,0.1,0.1,5.5
0.1,531,30.0,15.5,14.5,15.7,15.5,0.0,19.0,0.0,30.0,15.4,30.0,30.0,15.5,0.0,0.1,33.2,29.0,91.3,5.6,0.0,0.1,5.5
0.1,532,30.0,15.5,14.5,15.7,15.5,0.0,19.0,0.1,30.0,15.4,30.0,30.0,15.5,0.0,0.0,33.2,29.0,91.3,5.6,0.0,0.0,5.5
0.1,533,30.0,15.5,14.5,15.7,15.5,0.0,19.0,0.1,30.0,15.5,30.0,30.0,15.5,0.0,0.1,33.3,29.1,91.4,5.6,0.1,0.1,5.5
0.1,534,30.0,15.6,14.4,15.7,15.6,0.0,19.0,0.0,30.0,15.5,30.0,30.0,15.6,0.0,0.1,33.4,29.2,91.4,5.6,0.0,0.0,5.5
0.1,535,30.0,15.5,14.5,15.7,15.5,0.0,19.0,0.1,30.0,15.5,30.0,30.0,15.5,0.0,0.0,33.4,29.2,91.5,5.6,0.1,0.1,5.5
0.1,536,30.0,15.6,14.4,15.7,15.6,0.0,19.0,0.0,30.0,15.5,30.0,30.0,15.6,0.0,0.1,33.5,29.3,91.5,5.6,0.0,0.0,5.5
0.1,537,30.0,15.6,14.4,15.7,15.6,0.0,19.0,0.3,30.0,15.5,30.0,30.0,15.6,0.0,0.0,33.5,29.3,91.6,5.6,0.1,0.1,5.5
0.1,538,30.0,15.6,14.4,15.7,15.6,0.0,19.0,0.1,30.0,15.5,30.0,30.0,15.6,0.0,0.0,33.5,29.3,91.7,5.6,0.1,0.1,5.5
0.1,539,30.0,15.7,14.3,15.7,15.7,0.0,19.0,0.0,30.0,15.6,30.0,30.0,15.7,0.0,0.1,33.6,29.4,91.7,5.6,0.0,0.0,5.5
0.1,540,29.9,15.5,14.4,15.7,15.5,0.0,19.0,0.1,30.0,15.6,30.0,29.9,15.5,0.0,0.0,33.6,29.4,91.8,5.6,0.2,0.1,5.5
0.1,541,30.0,15.4,14.6,15.7,15.4,0.0,19.0,0.0,30.0,2.2,30.0,30.0,15.4,0.0,0.0,33.6,29.4,92.0,5.6,0.1,0.2,5.5
0.1,542,30.0,15.2,14.8,15.7,15.2,0.0,19.0,0.0,30.0,3.1,30.0,30.0,15.2,0.0,0.0,33.6,29.4,92.3,5.6,0.3,0.3,5.5
0.1,543,30.0,15.2,14.8,15.7,15.2,0.0,19.0,0.0,30.0,3.5,30.0,30.0,15.2,0.0,0.1,33.7,29.5,92.4,5.6,0.1,0.1,5.5
0.1,544,30.0,15.3,14.7,15.7,15.3,0.0,19.0,0.0,30.0,3.8,30.0,30.0,15.3,0.0,0.1,33.8,29.6,92.5,5.6,0.1,0.1,5.5
0.1,545,30.0,15.4,14.6,15.7,15.4,0.0,19.0,0.0,30.0,4.0,30.0,30.0,15.4,0.0,0.1,33.9,29.7,92.5,5.6,0.0,0.0,5.5
0.1,546,30.0,15.4,14.6,15.7,15.4,0.0,19.0,0.0,30.0,4.7,30.0,30.0,15.4,0.0,0.0,33.9,29.7,92.5,5.6,0.0,0.0,5.5
0.1,547,30.0,15.3,14.7,15.7,15.3,0.0,19.0,0.0,30.0,5.5,30.0,30.0,15.3,0.0,0.0,33.9,29.7,92.7,5.6,0.2,0.2,5.5
0.1,548,30.0,15.3,14.7,15.7,15.3,0.0,19.0,0.0,30.0,5.8,30.0,30.0,15.3,0.0,0.0,33.9,29.7,92.8,5.6,0.1,0.1,5.5
0.1,549,30.0,15.3,14.7,15.7,15.3,0.0,19.0,0.2,30.0,5.9,30.0,30.0,15.3,0.0,0.0,33.9,29.7,93.0,5.6,0.2,0.2,5.5
0.1,550,29.9,15.4,14.5,15.7,15.4,0.0,19.0,0.0,30.0,6.4,30.0,29.9,15.4,0.0,0.1,34.0,29.8,93.0,5.6,0.1,0.0,5.5
0.1,551,30.0,15.4,14.6,15.7,15.4,0.0,19.0,0.0,30.0,6.5,30.0,30.0,15.4,0.0,0.0,34.0,29.8,93.2,5.6,0.1,0.2,5.5
0.1,552,30.0,15.3,14.7,15.7,15.3,0.0,19.0,0.0,30.0,6.8,30.0,30.0,15.3,0.0,0.0,34.0,29.8,93.3,5.6,0.1,0.1,5.5
0.1,553,30.0,15.3,14.7,15.7,15.3,0.0,19.0,0.0,30.0,7.1,30.0,30.0,15.3,0.0,0.0,34.0,29.8,93.3,5.6,0.0,0.0,5.5
0.1,554,30.0,15.3,14.7,15.7,15.3,0.0,19.0,0.0,30.0,7.5,30.0,30.0,15.3,0.0,0.0,34.0,29.8,93.5,5.7,0.2,0.2,5.5
0.1,555,30.0,15.2,14.8,15.7,15.2,0.0,19.0,0.0,30.0,7.7,30.0,30.0,15.2,0.0,0.0,34.0,29.8,93.6,5.7,0.1,0.1,5.5
0.1,556,30.0,15.1,14.9,15.7,15.1,0.0,19.0,0.0,30.0,8.3,30.0,30.0,15.1,0.0,0.0,34.0,29.8,93.9,5.7,0.3,0.3,5.5
0.1,557,30.0,15.3,14.7,15.7,15.3,0.0,19.0,0.0,30.0,8.6,30.0,30.0,15.3,0.0,0.2,34.2,30.0,93.9,5.7,0.0,0.0,5.5
0.1,558,30.0,15.3,14.7,15.7,15.3,0.0,19.0,0.1,30.0,8.9,30.0,30.0,15.3,0.0,0.0,34.2,30.0,94.1,5.7,0.2,0.2,5.5
0.1,559,30.0,15.4,14.6,15.6,15.4,0.0,19.0,0.1,30.0,9.2,30.0,30.0,15.4,0.0,0.1,34.3,30.1,94.2,5.7,0.1,0.1,5.5
0.1,560,30.0,15.4,14.6,15.6,15.4,0.0,19.0,0.2,30.0,9.6,30.0,30.0,15.4,0.0,0.0,34.3,30.1,94.2,5.7,0.0,0.0,5.5
0.1,561,30.0,15.5,14.5,15.6,15.5,0.0,19.0,0.0,30.0,9.9,30.0,30.0,15.5,0.0,0.1,34.4,30.2,94.3,5.7,0.1,0.1,5.5
0.1,562,30.0,15.6,14.4,15.6,15.6,0.0,19.0,0.0,30.0,10.4,30.0,30.0,15.6,0.0,0.2,34.6,30.4,94.4,5.7,0.1,0.1,5.5
0.1,563,30.0,15.7,14.3,15.6,15.7,0.0,19.0,0.1,30.0,10.6,30.0,30.0,15.7,0.0,0.1,34.7,30.5,94.5,5.7,0.1,0.1,5.5
0.1,564,30.0,15.8,14.2,15.6,15.8,0.0,19.0,0.0,30.0,11.0,30.0,30.0,15.8,0.0,0.1,34.8,30.6,94.5,5.7,0.0,0.0,5.5
0.1,565,30.0,15.8,14.2,15.6,15.8,0.0,19.0,0.1,30.0,11.2,30.0,30.0,15.8,0.0,0.0,34.8,30.6,94.7,5.7,0.2,0.2,5.5
0.1,566,30.0,15.8,14.2,15.6,15.8,0.0,19.0,0.0,30.0,11.3,30.0,30.0,15.8,0.0,0.0,34.8,30.6,94.8,5.8,0.1,0.1,5.5
0.1,567,30.0,15.9,14.1,15.6,15.9,0.0,19.0,0.2,30.0,11.6,30.0,30.0,15.9,0.0,0.1,34.9,30.7,94.8,5.8,0.0,0.0,5.5
0.1,568,29.9,15.8,14.1,15.6,15.8,0.0,19.0,0.1,30.0,11.7,30.0,29.9,15.8,0.0,0.0,34.9,30.7,94.9,5.8,0.2,0.1,5.5
0.1,569,30.0,15.7,14.3,15.6,15.7,0.0,19.0,0.1,30.0,12.3,30.0,30.0,15.7,0.0,0.0,34.9,30.7,95.1,5.8,0.1,0.2,5.5
0.1,570,30.0,15.5,14.5,15.6,15.5,0.0,19.0,0.1,30.0,12.5,30.0,30.0,15.5,0.0,0.0,34.9,30.7,95.3,5.8,0.2,0.2,5.5
0.16,0,30.0,0.0,30.0,16.0,0.0,0.0,19.0,0.0,30.0,0.0,30.0,0.0,0.0,0.0,0.0,0.0,0.0,30.0,0.0,0.0,0.0,5.5
0.16,1,30.0,0.0,30.0,16.0,0.0,0.0,19.0,0.0,30.0,0.0,30.0,30.0,0.0,0.0,0.0,0.0,0.0,30.0,0.0,0.0,0.0,5.5
0.16,2,30.0,0.0,30.0,16.0,0.0,0.0,19.0,0.0,30.0,0.0,30.0,30.0,0.0,0.0,0.0,0.0,0.0,30.8,0.0,0.8,0.8,5.5
0.16,3,30.0,0.0,30.0,16.0,0.0,0.0,19.0,0.0,30.0,0.0,30.0,30.0,0.0,0.0,0.0,0.0,0.0,30.8,0.0,0.0,0.0,5.5
0.16,4,30.0,0.0,30.0,16.0,0.0,0.0,19.0,0.0,30.0,0.0,30.0,30.0,0.0,0.0,0.0,0.0,0.0,30.8,0.0,0.0,0.0,5.5
0.16,5,30.0,0.0,30.0,16.0,0.0,0.0,19.0,0.0,30.0,0.0,30.0,30.0,0.0,0.0,0.0,0.0,0.0,30.8,0.0,0.0,0.0,5.5
0.16,6,30.0,0.0,30.0,16.0,0.0,0.0,19.0,0.0,30.0,0.0,30.0,30.0,0.0,0.0,0.0,0.0,0.0,30.8,0.0,0.0,0.0,5.5
0.16,7,30.0,0.0,30.0,16.0,0.0,0.0,19.0,0.0,30.0,0.0,30.0,30.0,0.0,0.0,0.0,0.0,0.0,30.8,0.0,0.0,0.0,5.5
0.16,8,30.0,0.0,30.0,16.0,0.0,0.0,19.0,0.0,30.0,0.0,30.0,30.0,0.0,0.0,0.0,0.0,0.0,30.8,0.0,0.0,0.0,5.5
0.16,9,30.0,0.0,30.0,16.0,0.0,0.0,19.0,0.0,30.0,0.0,30.0,30.0,0.0,0.0,0.0,0.0,0.0,31.6,0.0,0.8,0.8,5.5
0.16,10,30.0,0.0,30.0,16.0,0.0,0.0,19.0,0.0,30.0,0.0,30.0,30.0,0.0,0.0,0.0,0.0,0.0,31.6,0.0,0.0,0.0,5.5
0.16,11,30.0,0.0,30.0,16.0,0.0,0.0,19.0,0.0,30.0,0.0,30.0,30.0,0.0,0.0,0.0,0.0,0.0,31.6,0.0,0.0,0.0,5.5
0.16,12,30.0,0.0,30.0,16.0,0.0,0.0,19.0,0.0,30.0,0.0,30.0,30.0,0.0,0.0,0.0,0.0,0.0,31.6,0.0,0.0,0.0,5.5
0.16,13,30.0,0.0,30.0,16.0,0.0,0.0,19.0,0.0,30.0,0.0,30.0,30.0,0.0,0.0,0.0,0.0,0.0,31.6,0.0,0.0,0.0,5.5
0.16,14,30.0,0.0,30.0,16.0,0.0,0.0,19.0,0.0,30.0,0.0,30.0,30.0,0.0,0.0,0.0,0.0,0.0,31.6,0.0,0.0,0.0,5.5
0.16,15,30.0,0.0,30.0,16.0,0.0,0.0,19.0,0.0,30.0,0.0,30.0,30.0,0.0,0.0,0.0,0.0,0.0,31.6,0.0,0.0,0.0,5.5
0.16,16,30.0,0.0,30.0,16.0,0.0,0.0,19.0,0.0,30.0,0.0,30.0,30.0,0.0,0.0,0.0,0.0,0.0,32.4,0.0,0.8,0.8,5.5
0.16,17,30.0,0.0,30.0,16.0,0.0,0.0,19.0,0.0,30.0,0.0,30.0,30.0,0.0,0.0,0.0,0.0,0.0,32.4,0.0,0.0,0.0,5.5
0.16,18,30.0,0.0,30.0,16.0,0.0,0.0,19.0,0.0,30.0,0.0,30.0,30.0,0.0,0.0,0.0,0.0,0.0,32.4,0.0,0.0,0.0,5.5
0.16,19,30.0,0.0,30.0,16.0,0.0,0.0,19.0,0.0,30.0,0.0,30.0,30.0,0.0,0.0,0.0,0.0,0.0,32.4,0.0,0.0,0.0,5.5
0.16,20,30.0,0.0,30.0,16.0,0.0,0.0,19.0,0.0,30.0,0.0,30.0,30.0,0.0,0.0,0.0,0.0,0.0,32.4,0.0,0.0,0.0,5.5
0.16,21,30.0,0.0,30.0,16.0,0.0,0.0,19.0,0.0,30.0,0.0,30.0,30.0,0.0,0.0,0.0,0.0,0.0,32.4,0.0,0.0,0.0,5.5
0.16,22,30.0,0.0,30.0,16.0,0.0,0.0,19.0,0.0,30.0,0.0,30.0,30.0,0.0,0.0,0.0,0.0,0.0,32.4,0.0,0.0,0.0,5.5
0.16,23,30.0,0.0,30.0,16.0,0.0,0.0,19.0,0.0,30.0,0.0,30.0,30.0,0.0,0.0,0.0,0.0,0.0,33.2,0.0,0.8,0.8,5.5
0.16,24,30.0,0.0,30.0,16.0,0.0,0.0,19.0,0.0,30.0,0.0,30.0,30.0,0.0,0.0,0.0,0.0,0.0,33.2,0.0,0.0,0.0,5.5
0.16,25,30.0,0.0,30.0,16.0,0.0,0.0,19.0,0.0,30.0,0.0,30.0,30.0,0.0,0.0,0.0,0.0,0.0,33.2,0.0,0.0,0.0,5.5
0.16,26,30.0,0.0,30.0,16.0,0.0,0.0,19.0,0.0,30.0,0.0,30.0,30.0,0.0,0.0,0.0,0.0,0.0,33.2,0.0,0.0,0.0,5.5
0.16,27,30.0,0.0,30.0,16.0,0.0,0.0,19.0,0.0,30.0,0.0,30.0,30.0,0.0,0.0,0.0,0.0,0.0,33.2,0.0,0.0,0.0,5.5
0.16,28,30.0,0.0,30.0,16.0,0.0,0.0,19.0,0.0,30.0,0.0,30.0,30.0,0.0,0.0,0.0,0.0,0.0,33.2,0.0,0.0,0.0,5.5
0.16,29,30.0,0.0,30.0,16.0,0.0,0.0,19.0,0.0,30.0,0.0,30.0,30.0,0.0,0.0,0.0,0.0,0.0,33.2,0.0,0.0,0.0,5.5
0.16,30,30.0,0.0,30.0,16.0,0.0,0.0,19.0,0.0,30.0,0.0,30.0,30.0,0.0,0.0,0.0,0.0,0.0,34.0,0.0,0.8,0.8,5.5
0.16,31,30.0,0.0,30.0,16.0,0.0,0.0,19.0,0.0,30.0,0.0,30.0,30.0,0.0,0.0,0.0,0.0,0.0,34.0,0.0,0.0,0.0,5.5
0.16,32,30.0,0.0,30.0,16.0,0.0,0.0,19.0,0.0,30.0,0.0,30.0,30.0,0.0,0.0,0.0,0.0,0.0,34.0,0.0,0.0,0.0,5.5
0.16,33,30.0,0.0,30.0,16.0,0.0,0.0,19.0,0.0,30.0,0.0,30.0,30.0,0.0,0.0,0.0,0.0,0.0,34.0,0.0,0.0,0.0,5.5
0.16,34,30.0,0.0,30.0,16.0,0.0,0.0,19.0,0.0,30.0,0.0,30.0,30.0,0.0,0.0,0.0,0.0,0.0,34.0,0.0,0.0,0.0,5.5
0.16,35,30.0,0.0,30.0,16.0,0.0,0.0,19.0,0.0,30.0,0.0,30.0,30.0,0.0,0.0,0.0,0.0,0.0,34.0,0.0,0.0,0.0,5.5
0.16,36,30.0,0.0,30.0,16.0,0.0,0.0,19.0,0.0,30.0,0.0,30.0,30.0,0.0,0.0,0.0,0.0,0.0,34.0,0.0,0.0,0.0,5.5
0.16,37,30.0,0.0,30.0,16.0,0.0,0.0,19.0,0.0,30.0,0.0,30.0,30.0,0.0,0.0,0.0,0.0,0.0,34.8,0.0,0.8,0.8,5.5
0.16,38,30.0,0.0,30.0,16.0,0.0,0.0,19.0,0.0,30.0,0.0,30.0,30.0,0.0,0.0,0.0,0.0,0.0,34.8,0.0,0.0,0.0,5.5
0.16,39,30.0,0.0,30.0,16.0,0.0,0.0,19.0,0.0,30.0,0.0,30.0,30.0,0.0,0.0,0.0,0.0,0.0,34.8,0.0,0.0,0.0,5.5
0.16,40,30.0,0.0,30.0,16.0,0.0,0.0,19.0,0.0,30.0,0.0,30.0,30.0,0.0,0.0,0.0,0.0,0.0,34.8,0.0,0.0,0.0,5.5
0.16,41,30.0,0.0,30.0,16.0,0.0,0.0,19.0,0.0,30.0,0.0,30.0,30.0,0.0,0.0,0.0,0.0,0.0,34.8,0.0,0.0,0.0,5.5
0.16,42,30.0,0.0,30.0,16.0,0.0,0.0,19.0,0.0,30.0,0.0,30.0,30.0,0.0,0.0,0.0,0.0,0.0,34.8,0.0,0.0,0.0,5.5
0.16,43,30.0,0.0,30.0,16.0,0.0,0.0,19.0,0.0,30.0,0.0,30.0,30.0,0.0,0.0,0.0,0.0,0.0,34.8,0.0,0.0,0.0,5.5
0.16,44,29.9,0.0,29.9,16.0,0.0,0.0,19.0,0.0,30.0,0.0,30.0,29.9,0.0,0.0,0.0,0.0,0.0,35.5,0.0,0.8,0.7,5.5
0.16,45,30.0,0.0,30.0,16.0,0.0,0.0,19.0,0.0,30.0,0.0,30.0,30.0,0.0,0.0,0.0,0.0,0.0,35.6,0.0,0.0,0.1,5.5
0.16,46,30.0,0.0,30.0,16.0,0.0,0.0,19.0,0.0,30.0,0.0,30.0,30.0,0.0,0.0,0.0,0.0,0.0,35.6,0.0,0.0,0.0,5.5
0.16,47,30.0,0.0,30.0,16.0,0.0,0.0,19.0,0.0,30.0,0.0,30.0,30.0,0.0,0.0,0.0,0.0,0.0,35.6,0.0,0.0,0.0,5.5
0.16,48,30.0,0.0,30.0,16.0,0.0,0.0,19.0,0.0,30.0,0.0,30.0,30.0,0.0,0.0,0.0,0.0,0.0,35.6,0.0,0.0,0.0,5.5
0.16,49,30.0,0.0,30.0,16.0,0.0,0.0,19.0,0.0,30.0,0.0,30.0,30.0,0.0,0.0,0.0,0.0,0.0,35.6,0.0,0.0,0.0,5.5
0.16,50,30.0,0.0,30.0,16.0,0.0,0.0,19.0,0.0,30.0,0.0,30.0,30.0,0.0,0.0,0.0,0.0,0.0,35.6,0.0,0.0,0.0,5.5
0.16,51,29.9,0.0,29.9,15.9,0.0,0.0,19.0,0.0,30.0,0.0,30.0,29.9,0.0,0.1,0.0,0.0,0.0,36.2,0.0,0.7,0.6,5.5
0.16,52,30.0,0.0,30.0,16.0,0.0,0.0,19.0,0.0,30.0,0.0,30.0,30.0,0.0,0.0,0.0,0.0,0.0,36.4,0.0,0.1,0.2,5.5
0.16,53,30.0,0.0,30.0,16.0,0.0,0.0,19.0,0.0,30.0,0.0,30.0,30.0,0.0,0.0,0.0,0.0,0.0,36.4,0.0,0.0,0.0,5.5
0.16,54,30.0,0.0,30.0,16.0,0.0,0.0,19.0,0.0,30.0,0.0,30.0,30.0,0.0,0.0,0.0,0.0,0.0,36.4,0.0,0.0,0.0,5.5
0.16,55,30.0,0.0,30.0,16.0,0.0,0.0,19.0,0.0,30.0,0.0,30.0,30.0,0.0,0.0,0.0,0.0,0.0,36.4,0.0,0.0,0.0,5.5
0.16,56,30.0,0.0,30.0,16.0,0.0,0.0,19.0,0.0,30.0,0.0,30.0,30.0,0.0,0.0,0.0,0.0,0.0,36.4,0.0,0.0,0.0,5.5
0.16,57,30.0,0.0,30.0,16.0,0.0,0.0,19.0,0.0,30.0,0.0,30.0,30.0,0.0,0.0,0.0,0.0,0.0,36.4,0.0,0.0,0.0,5.5
0.16,58,29.9,0.0,29.9,15.9,0.0,0.0,19.0,0.0,30.0,0.0,30.0,29.9,0.0,0.1,0.0,0.0,0.0,36.9,0.0,0.6,0.5,5.5
0.16,59,30.0,0.0,30.0,16.0,0.0,0.0,19.0,0.0,30.0,0.0,30.0,30.0,0.0,0.0,0.0,0.0,0.0,37.2,0.0,0.2,0.3,5.5
0.16,60,30.0,0.0,30.0,16.0,0.0,0.0,19.0,0.0,30.0,0.0,30.0,30.0,0.0,0.0,0.0,0.0,0.0,37.2,0.0,0.0,0.0,5.5
0.16,61,30.0,0.0,30.0,16.0,0.0,0.0,19.0,0.0,30.0,0.0,30.0,30.0,0.0,0.0,0.0,0.0,0.0,37.2,0.0,0.0,0.0,5.5
0.16,62,30.0,0.0,30.0,16.0,0.0,0.0,19.0,0.0,30.0,0.0,30.0,30.0,0.0,0.0,0.0,0.0,0.0,37.2,0.0,0.0,0.0,5.5
0.16,63,30.0,0.0,30.0,16.0,0.0,0.0,19.0,0.0,30.0,0.0,30.0,30.0,0.0,0.0,0.0,0.0,0.0,37.2,0.0,0.0,0.0,5.5
0.16,64,30.0,0.0,30.0,16.0,0.0,0.0,19.0,0.0,30.0,0.0,30.0,30.0,0.0,0.0,0.0,0.0,0.0,37.2,0.0,0.0,0.0,5.5
0.16,65,29.8,0.3,29.5,15.9,0.3,0.3,19.0,0.0,30.0,0.0,30.0,29.8,0.3,0.1,0.0,0.3,0.0,37.5,0.0,0.5,0.3,5.5
0.16,66,30.0,0.6,29.4,16.0,0.6,0.6,19.0,0.0,30.0,0.0,30.0,30.0,0.6,0.0,0.0,0.6,0.0,38.0,0.0,0.3,0.5,5.5
0.16,67,30.0,0.6,29.4,16.0,0.6,0.6,19.0,0.0,30.0,0.2,30.0,30.0,0.6,0.0,0.0,0.6,0.0,38.0,0.0,0.0,0.0,5.5
0.16,68,30.0,0.7,29.3,16.0,0.7,0.6,19.0,0.1,30.0,0.5,30.0,30.0,0.7,0.0,0.1,0.7,0.1,38.0,0.0,0.0,0.0,5.5
0.16,69,30.0,0.9,29.1,16.0,0.9,0.6,19.0,0.0,30.0,0.5,30.0,30.0,0.9,0.0,0.2,0.9,0.3,38.0,0.0,0.0,0.0,5.5
0.16,70,30.0,1.0,29.0,16.0,1.0,0.6,19.0,0.0,30.0,0.5,30.0,30.0,1.0,0.0,0.1,1.0,0.4,38.0,0.0,0.0,0.0,5.5
0.16,71,30.0,1.1,28.9,16.0,1.1,0.6,19.0,0.0,30.0,0.5,30.0,30.0,1.1,0.0,0.1,1.1,0.5,38.0,0.0,0.0,0.0,5.5
0.16,72,29.8,0.9,28.9,16.0,0.9,0.3,19.0,0.0,30.0,0.6,30.0,29.8,0.9,0.0,0.1,1.2,0.6,38.1,0.0,0.3,0.1,5.5
0.16,73,30.0,0.6,29.4,16.0,0.6,0.0,19.0,0.0,30.0,0.7,30.0,30.0,0.6,0.0,0.0,1.2,0.6,38.8,0.0,0.5,0.7,5.5
0.16,74,30.0,0.8,29.2,16.0,0.8,0.0,19.0,0.0,30.0,0.9,30.0,30.0,0.8,0.0,0.2,1.4,0.8,38.8,0.1,0.0,0.0,5.5
0.16,75,30.0,1.1,28.9,16.0,1.1,0.0,19.0,0.0,30.0,0.9,30.0,30.0,1.1,0.0,0.3,1.7,1.1,38.8,0.1,0.0,0.0,5.5
0.16,76,30.0,1.3,28.7,16.0,1.3,0.0,19.0,0.0,30.0,1.2,30.0,30.0,1.3,0.0,0.2,1.9,1.3,38.8,0.1,0.0,0.0,5.5
0.16,77,30.0,1.4,28.6,16.0,1.4,0.0,19.0,0.0,30.0,1.5,30.0,30.0,1.4,0.0,0.1,2.0,1.4,38.8,0.1,0.0,0.0,5.5
0.16,78,30.0,1.7,28.3,16.0,1.7,0.0,19.0,0.0,30.0,1.7,30.0,30.0,1.7,0.0,0.3,2.3,1.7,38.8,0.2,0.0,0.0,5.5
0.16,79,30.0,1.8,28.2,16.0,1.8,0.0,19.0,0.1,30.0,1.9,30.0,30.0,1.8,0.0,0.1,2.4,1.8,38.9,0.3,0.1,0.1,5.5
0.16,80,30.0,2.3,27.7,16.0,2.3,0.0,19.0,0.1,30.0,2.0,30.0,30.0,2.3,0.0,0.5,2.9,2.3,39.4,0.4,0.5,0.5,5.5
0.16,81,30.0,2.7,27.3,16.0,2.7,0.0,19.0,0.0,30.0,2.0,30.0,30.0,2.7,0.0,0.4,3.3,2.7,39.4,0.4,0.0,0.0,5.5
0.16,82,30.0,2.8,27.2,16.0,2.8,0.0,19.0,0.2,30.0,2.5,30.0,30.0,2.8,0.0,0.1,3.4,2.8,39.4,0.4,0.0,0.0,5.5
0.16,83,30.0,2.9,27.1,16.0,2.9,0.0,19.0,0.1,30.0,3.1,30.0,30.0,2.9,0.0,0.1,3.5,2.9,39.4,0.4,0.0,0.0,5.5
0.16,84,30.0,3.0,27.0,16.0,3.0,0.0,19.0,0.0,30.0,3.3,30.0,30.0,3.0,0.0,0.1,3.6,3.0,39.4,0.4,0.0,0.0,5.5
0.16,85,30.0,3.6,26.4,16.0,3.6,0.0,19.0,0.1,30.0,3.8,30.0,30.0,3.6,0.0,0.6,4.2,3.6,39.4,0.5,0.0,0.0,5.5
0.16,86,30.0,3.8,26.2,16.0,3.8,0.0,19.0,0.0,30.0,4.1,30.0,30.0,3.8,0.0,0.2,4.4,3.8,39.5,0.5,0.1,0.1,5.5
0.16,87,30.0,3.9,26.1,16.0,3.9,0.0,19.0,0.0,30.0,4.5,30.0,30.0,3.9,0.0,0.3,4.7,4.1,40.1,0.6,0.6,0.6,5.5
0.16,88,30.0,4.3,25.7,16.0,4.3,0.0,19.0,0.2,30.0,4.6,30.0,30.0,4.3,0.0,0.4,5.1,4.5,40.1,0.7,0.0,0.0,5.5
0.16,89,30.0,4.7,25.3,16.0,4.7,0.0,19.0,0.1,30.0,4.7,30.0,30.0,4.7,0.0,0.4,5.5,4.9,40.1,1.0,0.0,0.0,5.5
0.16,90,30.0,5.3,24.7,16.0,5.3,0.0,19.0,0.1,30.0,4.9,30.0,30.0,5.3,0.0,0.6,6.1,5.5,40.1,1.2,0.0,0.0,5.5
0.16,91,30.0,5.6,24.4,16.0,5.6,0.0,19.0,0.0,30.0,5.4,30.0,30.0,5.6,0.0,0.3,6.4,5.8,40.1,1.3,0.0,0.0,5.5
0.16,92,30.0,5.7,24.3,16.0,5.7,0.0,19.0,0.1,30.0,5.5,30.0,30.0,5.7,0.0,0.1,6.5,5.9,40.1,1.4,0.0,0.0,5.5
0.16,93,29.9,5.9,24.0,15.9,5.9,0.0,19.0,0.1,30.0,5.8,30.0,29.9,5.9,0.1,0.2,6.7,6.1,40.1,1.5,0.1,0.0,5.5
0.16,94,29.8,6.3,23.5,15.9,6.3,0.0,19.0,0.1,30.0,6.2,30.0,29.8,6.3,0.1,0.5,7.2,6.6,40.4,1.5,0.4,0.3,5.5
0.16,95,30.0,6.6,23.4,16.0,6.6,0.0,19.0,0.0,30.0,6.3,30.0,30.0,6.6,0.0,0.3,7.5,6.9,40.6,1.7,0.0,0.2,5.5
0.16,96,30.0,6.8,23.2,16.0,6.8,0.0,19.0,0.1,30.0,6.5,30.0,30.0,6.8,0.0,0.2,7.7,7.1,40.6,1.8,0.0,0.0,5.5
0.16,97,30.0,6.9,23.1,16.0,6.9,0.0,19.0,0.0,30.0,6.6,30.0,30.0,6.9,0.0,0.1,7.8,7.2,40.6,1.8,0.0,0.0,5.5
0.16,98,30.0,7.2,22.8,16.0,7.2,0.0,19.0,0.1,30.0,6.7,30.0,30.0,7.2,0.0,0.3,8.1,7.5,40.6,1.8,0.0,0.0,5.5
0.16,99,30.0,7.5,22.5,16.0,7.5,0.0,19.0,0.0,30.0,6.8,30.0,30.0,7.5,0.0,0.3,8.4,7.8,40.6,1.9,0.0,0.0,5.5
0.16,100,30.0,7.7,22.3,16.0,7.7,0.0,19.0,0.0,30.0,6.9,30.0,30.0,7.7,0.0,0.2,8.6,8.0,40.6,2.0,0.0,0.0,5.5
0.16,101,30.0,7.5,22.5,16.1,7.5,0.0,19.0,0.2,30.0,7.0,30.0,30.0,7.5,0.0,0.1,8.7,8.1,41.1,2.1,0.5,0.5,5.5
0.16,102,30.0,7.8,22.2,16.1,7.8,0.0,19.0,0.1,30.0,7.3,30.0,30.0,7.8,0.0,0.3,9.0,8.4,41.3,2.1,0.2,0.2,5.5
0.16,103,30.0,8.0,22.0,16.1,8.0,0.0,19.0,0.0,30.0,7.4,30.0,30.0,8.0,0.0,0.2,9.2,8.6,41.3,2.1,0.0,0.0,5.5
0.16,104,30.0,8.2,21.8,16.1,8.2,0.0,19.0,0.0,30.0,7.6,30.0,30.0,8.2,0.0,0.2,9.4,8.8,41.3,2.1,0.0,0.0,5.5
0.16,105,30.0,8.4,21.6,16.1,8.4,0.0,19.0,0.1,30.0,7.7,30.0,30.0,8.4,0.0,0.2,9.6,9.0,41.3,2.1,0.0,0.0,5.5
0.16,106,30.0,8.4,21.6,16.1,8.4,0.0,19.0,0.2,30.0,7.8,30.0,30.0,8.4,0.0,0.0,9.6,9.0,41.3,2.1,0.0,0.0,5.5
0.16,107,30.0,8.6,21.4,16.1,8.6,0.0,19.0,0.0,30.0,8.2,30.0,30.0,8.6,0.0,0.2,9.8,9.2,41.3,2.1,0.0,0.0,5.5
0.16,108,30.0,8.5,21.5,16.0,8.5,0.0,19.0,0.1,30.0,8.4,30.0,30.0,8.5,0.0,0.0,9.8,9.2,41.6,2.1,0.3,0.3,5.5
0.16,109,30.0,8.6,21.4,16.0,8.6,0.0,19.0,0.1,30.0,8.5,30.0,30.0,8.6,0.0,0.1,9.9,9.3,41.8,2.1,0.2,0.2,5.5
0.16,110,30.0,8.8,21.2,16.0,8.8,0.0,19.0,0.0,30.0,8.5,30.0,30.0,8.8,0.0,0.2,10.1,9.5,41.8,2.1,0.0,0.0,5.5
0.16,111,30.0,8.8,21.2,16.0,8.8,0.0,19.0,0.2,30.0,8.7,30.0,30.0,8.8,0.0,0.0,10.1,9.5,41.8,2.1,0.0,0.0,5.5
0.16,112,30.0,8.9,21.1,16.0,8.9,0.0,19.0,0.1,30.0,8.7,30.0,30.0,8.9,0.0,0.1,10.2,9.6,41.8,2.1,0.0,0.0,5.5
0.16,113,30.0,8.9,21.1,16.0,8.9,0.0,19.0,0.1,30.0,8.7,30.0,30.0,8.9,0.0,0.0,10.2,9.6,41.8,2.1,0.0,0.0,5.5
0.16,114,30.0,8.9,21.1,16.0,8.9,0.0,19.0,0.1,30.0,8.8,30.0,30.0,8.9,0.0,0.0,10.2,9.6,41.8,2.1,0.0,0.0,5.5
0.16,115,29.9,8.6,21.3,15.9,8.6,0.0,19.0,0.1,30.0,8.8,30.0,29.9,8.6,0.0,0.0,10.2,9.6,42.2,2.2,0.5,0.4,5.5
0.16,116,30.0,8.6,21.4,15.9,8.6,0.0,19.0,0.0,30.0,8.8,30.0,30.0,8.6,0.0,0.0,10.2,9.6,42.5,2.2,0.2,0.3,5.5
0.16,117,30.0,8.8,21.2,15.9,8.8,0.0,19.0,0.0,30.0,8.8,30.0,30.0,8.8,0.0,0.2,10.4,9.8,42.5,2.2,0.0,0.0,5.5
0.16,118,30.0,8.8,21.2,15.9,8.8,0.0,19.0,0.0,30.0,8.8,30.0,30.0,8.8,0.0,0.0,10.4,9.8,42.5,2.2,0.0,0.0,5.5
0.16,119,30.0,8.8,21.2,15.9,8.8,0.0,19.0,0.0,30.0,8.9,30.0,30.0,8.8,0.0,0.0,10.4,9.8,42.5,2.2,0.0,0.0,5.5
0.16,120,30.0,8.9,21.1,15.9,8.9,0.0,19.0,0.1,30.0,8.9,30.0,30.0,8.9,0.0,0.1,10.5,9.9,42.5,2.2,0.0,0.0,5.5
0.16,121,30.0,9.0,21.0,15.9,9.0,0.0,19.0,0.1,30.0,9.0,30.0,30.0,9.0,0.0,0.1,10.6,10.0,42.5,2.2,0.0,0.0,5.5
0.16,122,29.8,9.0,20.8,15.8,9.0,0.1,19.0,0.2,30.0,9.0,30.0,29.8,9.0,0.1,0.0,10.7,10.0,42.6,2.2,0.3,0.1,5.5
0.16,123,29.9,9.2,20.7,15.9,9.2,0.3,19.0,0.0,30.0,9.0,30.0,29.9,9.2,0.0,0.0,10.9,10.0,42.9,2.2,0.2,0.3,5.5
0.16,124,30.0,9.3,20.7,15.9,9.3,0.4,19.0,0.0,30.0,9.0,30.0,30.0,9.3,0.0,0.0,11.0,10.0,43.0,2.2,0.0,0.1,5.5
0.16,125,30.0,9.3,20.7,15.9,9.3,0.4,19.0,0.1,30.0,9.0,30.0,30.0,9.3,0.0,0.0,11.0,10.0,43.0,2.2,0.0,0.0,5.5
0.16,126,30.0,9.3,20.7,15.9,9.3,0.4,19.0,0.1,30.0,9.0,30.0,30.0,9.3,0.0,0.0,11.0,10.0,43.0,2.2,0.0,0.0,5.5
0.16,127,30.0,9.3,20.7,15.9,9.3,0.4,19.0,0.0,30.0,9.0,30.0,30.0,9.3,0.0,0.0,11.0,10.0,43.0,2.2,0.0,0.0,5.5
0.16,128,30.0,9.3,20.7,15.9,9.3,0.4,19.0,0.3,30.0,9.0,30.0,30.0,9.3,0.0,0.0,11.0,10.0,43.0,2.2,0.0,0.0,5.5
0.16,129,30.0,9.1,20.9,15.9,9.1,0.4,19.0,0.3,30.0,9.0,30.0,30.0,9.1,0.0,0.0,11.1,10.0,43.3,2.2,0.3,0.3,5.5
0.16,130,30.0,9.1,20.9,15.9,9.1,0.3,19.0,0.0,30.0,9.0,30.0,30.0,9.1,0.0,0.2,11.4,10.2,43.7,2.2,0.4,0.4,5.5
0.16,131,30.0,9.0,21.0,15.9,9.0,0.2,19.0,0.1,30.0,9.0,30.0,30.0,9.0,0.0,0.0,11.4,10.2,43.8,2.2,0.1,0.1,5.5
0.16,132,30.0,9.0,21.0,15.9,9.0,0.2,19.0,0.0,30.0,9.0,30.0,30.0,9.0,0.0,0.0,11.4,10.2,43.8,2.2,0.0,0.0,5.5
0.16,133,30.0,9.0,21.0,15.9,9.0,0.2,19.0,0.2,30.0,9.0,30.0,30.0,9.0,0.0,0.0,11.4,10.2,43.8,2.2,0.0,0.0,5.5
0.16,134,30.0,9.0,21.0,15.9,9.0,0.2,19.0,0.1,30.0,9.0,30.0,30.0,9.0,0.0,0.0,11.4,10.2,43.8,2.2,0.0,0.0,5.5
0.16,135,30.0,9.0,21.0,15.9,9.0,0.2,19.0,0.2,30.0,9.0,30.0,30.0,9.0,0.0,0.0,11.4,10.2,43.8,2.2,0.0,0.0,5.5
0.16,136,29.9,8.9,21.0,15.9,8.9,0.1,19.0,0.0,30.0,9.0,30.0,29.9,8.9,0.0,0.0,11.4,10.2,43.9,2.2,0.2,0.1,5.5
0.16,137,30.0,8.9,21.1,15.9,8.9,0.0,19.0,0.0,30.0,9.0,30.0,30.0,8.9,0.0,0.1,11.5,10.3,44.3,2.2,0.3,0.4,5.5
0.16,138,30.0,8.9,21.1,15.9,8.9,0.0,19.0,0.3,30.0,9.0,30.0,30.0,8.9,0.0,0.0,11.5,10.3,44.4,2.2,0.1,0.1,5.5
0.16,139,30.0,9.0,21.0,15.9,9.0,0.0,19.0,0.2,30.0,9.0,30.0,30.0,9.0,0.0,0.1,11.6,10.4,44.4,2.2,0.0,0.0,5.5
0.16,140,30.0,9.0,21.0,15.9,9.0,0.0,19.0,0.1,30.0,9.0,30.0,30.0,9.0,0.0,0.0,11.6,10.4,44.4,2.2,0.0,0.0,5.5
0.16,141,30.0,9.0,21.0,15.9,9.0,0.0,19.0,0.0,30.0,9.0,30.0,30.0,9.0,0.0,0.0,11.6,10.4,44.4,2.2,0.0,0.0,5.5
0.16,142,30.0,9.0,21.0,15.9,9.0,0.0,19.0,0.0,30.0,9.0,30.0,30.0,9.0,0.0,0.0,11.6,10.4,44.4,2.2,0.0,0.0,5.5
0.16,143,30.0,8.9,21.1,15.9,8.9,0.0,19.0,0.1,30.0,9.0,30.0,30.0,8.9,0.0,0.0,11.6,10.4,44.6,2.2,0.2,0.2,5.5
0.16,144,29.9,8.8,21.1,15.8,8.8,0.0,19.0,0.1,30.0,9.0,30.0,29.9,8.8,0.1,0.0,11.6,10.4,44.8,2.2,0.3,0.2,5.5
0.16,145,30.0,9.0,21.0,15.9,9.0,0.0,19.0,0.2,30.0,9.0,30.0,30.0,9.0,0.0,0.2,11.8,10.6,45.0,2.2,0.1,0.2,5.5
0.16,146,30.0,9.0,21.0,15.9,9.0,0.0,19.0,0.2,30.0,9.0,30.0,30.0,9.0,0.0,0.0,11.8,10.6,45.0,2.2,0.0,0.0,5.5
0.16,147,30.0,9.0,21.0,15.9,9.0,0.0,19.0,0.0,30.0,9.0,30.0,30.0,9.0,0.0,0.0,11.8,10.6,45.0,2.2,0.0,0.0,5.5
0.16,148,30.0,9.0,21.0,15.9,9.0,0.0,19.0,0.0,30.0,9.0,30.0,30.0,9.0,0.0,0.0,11.8,10.6,45.0,2.2,0.0,0.0,5.5
0.16,149,30.0,9.0,21.0,15.9,9.0,0.0,19.0,0.1,30.0,9.0,30.0,30.0,9.0,0.0,0.0,11.8,10.6,45.0,2.2,0.0,0.0,5.5
0.16,150,29.9,9.0,20.9,15.8,9.0,0.0,19.0,0.2,30.0,9.0,30.0,29.9,9.0,0.1,0.0,11.8,10.6,45.0,2.2,0.1,0.0,5.5
0.16,151,30.0,8.8,21.2,15.9,8.8,0.0,19.0,0.2,30.0,9.0,30.0,30.0,8.8,0.0,0.0,11.8,10.6,45.4,2.2,0.3,0.4,5.5
0.16,152,30.0,8.8,21.2,15.9,8.8,0.0,19.0,0.1,30.0,9.0,30.0,30.0,8.8,0.0,0.0,11.8,10.6,45.6,2.2,0.2,0.2,5.5
0.16,153,30.0,8.9,21.1,15.9,8.9,0.0,19.0,0.2,30.0,9.0,30.0,30.0,8.9,0.0,0.1,11.9,10.7,45.6,2.2,0.0,0.0,5.5
0.16,154,30.0,9.0,21.0,15.9,9.0,0.0,19.0,0.1,30.0,9.0,30.0,30.0,9.0,0.0,0.1,12.0,10.8,45.6,2.2,0.0,0.0,5.5
0.16,155,30.0,9.0,21.0,15.9,9.0,0.0,19.0,0.1,30.0,9.0,30.0,30.0,9.0,0.0,0.0,12.0,10.8,45.6,2.2,0.0,0.0,5.5
0.16,156,30.0,9.0,21.0,15.9,9.0,0.0,19.0,0.2,30.0,9.0,30.0,30.0,9.0,0.0,0.0,12.0,10.8,45.6,2.2,0.0,0.0,5.5
0.16,157,30.0,8.9,21.1,15.9,8.9,0.0,19.0,0.2,30.0,9.0,30.0,30.0,8.9,0.0,0.0,12.0,10.8,45.7,2.2,0.1,0.1,5.5
0.16,158,30.0,8.8,21.2,15.9,8.8,0.0,19.0,0.0,30.0,9.0,30.0,30.0,8.8,0.0,0.0,12.0,10.8,46.0,2.2,0.3,0.3,5.5
0.16,159,30.0,8.9,21.1,15.9,8.9,0.0,19.0,0.0,30.0,9.0,30.0,30.0,8.9,0.0,0.1,12.1,10.9,46.2,2.2,0.2,0.2,5.5
0.16,160,30.0,8.9,21.1,15.9,8.9,0.0,19.0,0.0,30.0,9.0,30.0,30.0,8.9,0.0,0.0,12.1,10.9,46.2,2.2,0.0,0.0,5.5
0.16,161,30.0,8.9,21.1,15.9,8.9,0.0,19.0,0.1,30.0,9.0,30.0,30.0,8.9,0.0,0.0,12.1,10.9,46.2,2.2,0.0,0.0,5.5
0.16,162,30.0,8.9,21.1,15.9,8.9,0.0,19.0,0.0,30.0,9.0,30.0,30.0,8.9,0.0,0.0,12.1,10.9,46.2,2.2,0.0,0.0,5.5
0.16,163,30.0,8.9,21.1,15.9,8.9,0.0,19.0,0.1,30.0,9.0,30.0,30.0,8.9,0.0,0.0,12.1,10.9,46.2,2.2,0.0,0.0,5.5
0.16,164,30.0,9.0,21.0,15.9,9.0,0.0,19.0,0.1,30.0,9.0,30.0,30.0,9.0,0.0,0.1,12.2,11.0,46.2,2.2,0.0,0.0,5.5
0.16,165,30.0,8.8,21.2,15.9,8.8,0.0,19.0,0.0,30.0,9.0,30.0,30.0,8.8,0.0,0.0,12.2,11.0,46.6,2.2,0.4,0.4,5.5
0.16,166,30.0,9.0,21.0,15.9,9.0,0.0,19.0,0.0,30.0,9.0,30.0,30.0,9.0,0.0,0.2,12.4,11.2,46.8,2.2,0.2,0.2,5.5
0.16,167,30.0,9.0,21.0,15.9,9.0,0.0,19.0,0.0,30.0,9.0,30.0,30.0,9.0,0.0,0.0,12.4,11.2,46.8,2.2,0.0,0.0,5.5
0.16,168,30.0,9.0,21.0,15.9,9.0,0.0,19.0,0.1,30.0,9.0,30.0,30.0,9.0,0.0,0.0,12.4,11.2,46.8,2.2,0.0,0.0,5.5
0.16,169,30.0,9.0,21.0,15.9,9.0,0.0,19.0,0.0,30.0,9.0,30.0,30.0,9.0,0.0,0.0,12.4,11.2,46.8,2.2,0.0,0.0,5.5
0.16,170,30.0,9.0,21.0,15.9,9.0,0.0,19.0,0.2,30.0,9.0,30.0,30.0,9.0,0.0,0.0,12.4,11.2,46.8,2.2,0.0,0.0,5.5
0.16,171,30.0,8.9,21.1,15.9,8.9,0.0,19.0,0.0,30.0,9.0,30.0,30.0,8.9,0.0,0.0,12.4,11.2,46.9,2.2,0.1,0.1,5.5
0.16,172,29.9,8.9,21.0,15.9,8.9,0.0,19.0,0.1,30.0,9.0,30.0,29.9,8.9,0.0,0.1,12.5,11.3,47.1,2.2,0.3,0.2,5.5
0.16,173,30.0,8.9,21.1,15.9,8.9,0.0,19.0,0.0,30.0,9.0,30.0,30.0,8.9,0.0,0.0,12.5,11.3,47.4,2.2,0.2,0.3,5.5
0.16,174,30.0,8.9,21.1,15.9,8.9,0.0,19.0,0.0,30.0,9.0,30.0,30.0,8.9,0.0,0.0,12.5,11.3,47.4,2.2,0.0,0.0,5.5
0.16,175,30.0,8.9,21.1,15.9,8.9,0.0,19.0,0.0,30.0,9.0,30.0,30.0,8.9,0.0,0.0,12.5,11.3,47.4,2.2,0.0,0.0,5.5
0.16,176,30.0,8.9,21.1,15.9,8.9,0.0,19.0,0.0,30.0,9.0,30.0,30.0,8.9,0.0,0.0,12.5,11.3,47.4,2.2,0.0,0.0,5.5
0.16,177,30.0,8.9,21.1,15.9,8.9,0.0,19.0,0.1,30.0,9.0,30.0,30.0,8.9,0.0,0.0,12.5,11.3,47.4,2.2,0.0,0.0,5.5
0.16,178,30.0,9.0,21.0,15.9,9.0,0.0,19.0,0.0,30.0,9.0,30.0,30.0,9.0,0.0,0.1,12.6,11.4,47.4,2.2,0.0,0.0,5.5
0.16,179,29.9,8.8,21.1,15.9,8.8,0.0,19.0,0.2,30.0,9.0,30.0,29.9,8.8,0.0,0.0,12.6,11.4,47.7,2.2,0.4,0.3,5.5
0.16,180,29.9,8.8,21.1,15.9,8.8,0.0,19.0,0.1,30.0,9.0,30.0,29.9,8.8,0.0,0.0,12.6,11.4,47.9,2.2,0.2,0.2,5.5
0.16,181,30.0,8.8,21.2,15.9,8.8,0.0,19.0,0.0,30.0,1.3,30.0,30.0,8.8,0.0,0.0,12.6,11.4,48.0,2.2,0.0,0.1,5.5
0.16,182,30.0,8.8,21.2,15.9,8.8,0.0,19.0,0.1,30.0,1.7,30.0,30.0,8.8,0.0,0.0,12.6,11.4,48.0,2.2,0.0,0.0,5.5
0.16,183,30.0,8.8,21.2,15.9,8.8,0.0,19.0,0.1,30.0,3.1,30.0,30.0,8.8,0.0,0.0,12.6,11.4,48.0,2.2,0.0,0.0,5.5
0.16,184,30.0,8.9,21.1,15.9,8.9,0.0,19.0,0.1,30.0,4.0,30.0,30.0,8.9,0.0,0.1,12.7,11.5,48.0,2.2,0.0,0.0,5.5
0.16,185,30.0,8.8,21.2,15.9,8.8,0.0,19.0,0.0,30.0,4.7,30.0,30.0,8.8,0.0,0.0,12.7,11.5,48.1,2.2,0.1,0.1,5.5
0.16,186,29.9,8.9,21.0,15.8,8.9,0.0,19.0,0.1,30.0,5.2,30.0,29.9,8.9,0.1,0.1,12.8,11.6,48.2,2.2,0.2,0.1,5.5
0.16,187,30.0,8.8,21.2,15.9,8.8,0.0,19.0,0.0,30.0,6.0,30.0,30.0,8.8,0.0,0.0,12.8,11.6,48.6,2.2,0.3,0.4,5.5
0.16,188,30.0,8.8,21.2,15.9,8.8,0.0,19.0,0.1,30.0,6.3,30.0,30.0,8.8,0.0,0.0,12.8,11.6,48.7,2.2,0.1,0.1,5.5
0.16,189,30.0,8.8,21.2,15.9,8.8,0.0,19.0,0.0,30.0,7.0,30.0,30.0,8.8,0.0,0.0,12.8,11.6,48.7,2.2,0.0,0.0,5.5
0.16,190,30.0,8.8,21.2,15.9,8.8,0.0,19.0,0.0,30.0,7.2,30.0,30.0,8.8,0.0,0.0,12.8,11.6,48.7,2.2,0.0,0.0,5.5
0.16,191,30.0,8.9,21.1,15.9,8.9,0.0,19.0,0.0,30.0,7.4,30.0,30.0,8.9,0.0,0.1,12.9,11.7,48.7,2.2,0.0,0.0,5.5
0.16,192,30.0,8.9,21.1,15.9,8.9,0.0,19.0,0.1,30.0,7.6,30.0,30.0,8.9,0.0,0.0,12.9,11.7,48.7,2.2,0.0,0.0,5.5
0.16,193,29.9,8.8,21.1,15.8,8.8,0.0,19.0,0.1,30.0,7.8,30.0,29.9,8.8,0.1,0.0,12.9,11.7,48.8,2.2,0.2,0.1,5.5
0.16,194,30.0,8.9,21.1,15.9,8.9,0.0,19.0,0.3,30.0,8.1,30.0,30.0,8.9,0.0,0.1,13.0,11.8,49.2,2.2,0.3,0.4,5.5
0.16,195,30.0,8.9,21.1,15.9,8.9,0.0,19.0,0.1,30.0,8.3,30.0,30.0,8.9,0.0,0.0,13.0,11.8,49.3,2.2,0.1,0.1,5.5
0.16,196,30.0,8.9,21.1,15.9,8.9,0.0,19.0,0.1,30.0,8.4,30.0,30.0,8.9,0.0,0.0,13.0,11.8,49.3,2.2,0.0,0.0,5.5
0.16,197,30.0,8.9,21.1,15.9,8.9,0.0,19.0,0.0,30.0,8.6,30.0,30.0,8.9,0.0,0.0,13.0,11.8,49.3,2.2,0.0,0.0,5.5
0.16,198,30.0,8.9,21.1,15.9,8.9,0.0,19.0,0.1,30.0,8.7,30.0,30.0,8.9,0.0,0.0,13.0,11.8,49.3,2.2,0.0,0.0,5.5
0.16,199,29.9,8.8,21.1,15.9,8.8,0.0,19.0,0.1,30.0,8.9,30.0,29.9,8.8,0.0,0.0,13.0,11.8,49.3,2.2,0.1,0.0,5.5
0.16,200,30.0,8.9,21.1,15.9,8.9,0.0,19.0,0.1,30.0,8.9,30.0,30.0,8.9,0.0,0.1,13.1,11.9,49.4,2.2,0.0,0.1,5.5
0.16,201,30.0,8.8,21.2,15.9,8.8,0.0,19.0,0.3,30.0,9.0,30.0,30.0,8.8,0.0,0.0,13.1,11.9,49.9,2.2,0.5,0.5,5.5
0.16,202,30.0,8.9,21.1,15.9,8.9,0.0,19.0,0.0,30.0,9.0,30.0,30.0,8.9,0.0,0.1,13.2,12.0,50.0,2.2,0.1,0.1,5.5
0.16,203,30.0,9.0,21.0,15.9,9.0,0.0,19.0,0.2,30.0,9.0,30.0,30.0,9.0,0.0,0.1,13.3,12.1,50.0,2.2,0.0,0.0,5.5
0.16,204,30.0,9.0,21.0,15.9,9.0,0.0,19.0,0.0,30.0,9.0,30.0,30.0,9.0,0.0,0.0,13.3,12.1,50.0,2.2,0.0,0.0,5.5
0.16,205,30.0,9.0,21.0,15.9,9.0,0.0,19.0,0.1,30.0,9.0,30.0,30.0,9.0,0.0,0.0,13.3,12.1,50.0,2.2,0.0,0.0,5.5
0.16,206,30.0,9.0,21.0,15.9,9.0,0.0,19.0,0.0,30.0,9.0,30.0,30.0,9.0,0.0,0.0,13.3,12.1,50.0,2.2,0.0,0.0,5.5
0.16,207,29.9,8.9,21.0,15.9,8.9,0.0,19.0,0.0,30.0,9.0,30.0,29.9,8.9,0.0,0.0,13.3,12.1,50.0,2.2,0.1,0.0,5.5
0.16,208,30.0,8.9,21.1,15.9,8.9,0.0,19.0,0.2,30.0,9.0,30.0,30.0,8.9,0.0,0.0,13.3,12.1,50.4,2.2,0.3,0.4,5.5
0.16,209,30.0,9.0,21.0,15.9,9.0,0.0,19.0,0.0,30.0,9.0,30.0,30.0,9.0,0.0,0.1,13.4,12.2,50.5,2.2,0.1,0.1,5.5
0.16,210,30.0,9.0,21.0,15.9,9.0,0.0,19.0,0.0,30.0,9.0,30.0,30.0,9.0,0.0,0.0,13.4,12.2,50.5,2.2,0.0,0.0,5.5
0.16,211,30.0,9.0,21.0,15.9,9.0,0.0,19.0,0.1,30.0,9.0,30.0,30.0,9.0,0.0,0.0,13.4,12.2,50.5,2.2,0.0,0.0,5.5
0.16,212,30.0,9.0,21.0,15.9,9.0,0.0,19.0,0.0,30.0,9.0,30.0,30.0,9.0,0.0,0.0,13.4,12.2,50.5,2.2,0.0,0.0,5.5
0.16,213,30.0,9.0,21.0,15.9,9.0,0.0,19.0,0.0,30.0,9.0,30.0,30.0,9.0,0.0,0.0,13.4,12.2,50.5,2.2,0.0,0.0,5.5
0.16,214,30.0,8.9,21.1,15.9,8.9,0.0,19.0,0.2,30.0,9.0,30.0,30.0,8.9,0.0,0.0,13.4,12.2,50.6,2.2,0.1,0.1,5.5
0.16,215,29.9,8.8,21.1,15.8,8.8,0.0,19.0,0.0,30.0,9.0,30.0,29.9,8.8,0.1,0.1,13.5,12.3,51.0,2.2,0.5,0.4,5.5
0.16,216,30.0,8.9,21.1,15.9,8.9,0.0,19.0,0.1,30.0,9.0,30.0,30.0,8.9,0.0,0.1,13.6,12.4,51.2,2.2,0.1,0.2,5.5
0.16,217,30.0,8.9,21.1,15.9,8.9,0.0,19.0,0.2,30.0,9.0,30.0,30.0,8.9,0.0,0.0,13.6,12.4,51.2,2.2,0.0,0.0,5.5
0.16,218,30.0,8.9,21.1,15.9,8.9,0.0,19.0,0.1,30.0,9.0,30.0,30.0,8.9,0.0,0.0,13.6,12.4,51.2,2.2,0.0,0.0,5.5
0.16,219,30.0,9.0,21.0,15.9,9.0,0.0,19.0,0.0,30.0,9.0,30.0,30.0,9.0,0.0,0.1,13.7,12.5,51.2,2.2,0.0,0.0,5.5
0.16,220,30.0,9.0,21.0,15.9,9.0,0.0,19.0,0.0,30.0,9.0,30.0,30.0,9.0,0.0,0.0,13.7,12.5,51.2,2.2,0.0,0.0,5.5
0.16,221,30.0,9.0,21.0,15.9,9.0,0.0,19.0,0.0,30.0,9.0,30.0,30.0,9.0,0.0,0.0,13.7,12.5,51.2,2.2,0.0,0.0,5.5
0.16,222,29.8,8.9,20.9,15.7,8.9,0.0,19.0,0.2,30.0,9.0,30.0,29.8,8.9,0.2,0.0,13.7,12.5,51.3,2.2,0.3,0.1,5.5
0.16,223,30.0,8.9,21.1,15.9,8.9,0.0,19.0,0.1,30.0,9.0,30.0,30.0,8.9,0.0,0.0,13.7,12.5,51.7,2.2,0.2,0.4,5.5
0.16,224,30.0,8.9,21.1,15.9,8.9,0.0,19.0,0.1,30.0,9.0,30.0,30.0,8.9,0.0,0.0,13.7,12.5,51.7,2.2,0.0,0.0,5.5
0.16,225,30.0,8.9,21.1,15.9,8.9,0.0,19.0,0.0,30.0,9.0,30.0,30.0,8.9,0.0,0.0,13.7,12.5,51.7,2.2,0.0,0.0,5.5
0.16,226,30.0,8.9,21.1,15.9,8.9,0.0,19.0,0.0,30.0,9.0,30.0,30.0,8.9,0.0,0.0,13.7,12.5,51.7,2.2,0.0,0.0,5.5
0.16,227,30.0,8.9,21.1,15.9,8.9,0.0,19.0,0.0,30.0,9.0,30.0,30.0,8.9,0.0,0.0,13.7,12.5,51.7,2.2,0.0,0.0,5.5
0.16,228,30.0,9.0,21.0,15.9,9.0,0.0,19.0,0.3,30.0,9.0,30.0,30.0,9.0,0.0,0.2,13.9,12.7,51.8,2.2,0.1,0.1,5.5
0.16,229,30.0,8.8,21.2,15.9,8.8,0.0,19.0,0.0,30.0,9.0,30.0,30.0,8.8,0.0,0.0,13.9,12.7,52.0,2.2,0.2,0.2,5.5
0.16,230,30.0,8.8,21.2,15.9,8.8,0.0,19.0,0.0,30.0,9.0,30.0,30.0,8.8,0.0,0.0,13.9,12.7,52.4,2.2,0.4,0.4,5.5
0.16,231,30.0,8.8,21.2,15.9,8.8,0.0,19.0,0.2,30.0,9.0,30.0,30.0,8.8,0.0,0.0,13.9,12.7,52.4,2.2,0.0,0.0,5.5
0.16,232,30.0,8.9,21.1,15.9,8.9,0.0,19.0,0.1,30.0,9.0,30.0,30.0,8.9,0.0,0.1,14.0,12.8,52.4,2.2,0.0,0.0,5.5
0.16,233,30.0,9.0,21.0,15.9,9.0,0.0,19.0,0.2,30.0,9.0,30.0,30.0,9.0,0.0,0.1,14.1,12.9,52.4,2.2,0.0,0.0,5.5
0.16,234,30.0,9.0,21.0,15.9,9.0,0.0,19.0,0.2,30.0,9.0,30.0,30.0,9.0,0.0,0.0,14.1,12.9,52.4,2.2,0.0,0.0,5.5
0.16,235,30.0,9.0,21.0,15.9,9.0,0.0,19.0,0.1,30.0,9.0,30.0,30.0,9.0,0.0,0.0,14.1,12.9,52.4,2.2,0.0,0.0,5.5
0.16,236,30.0,8.9,21.1,15.9,8.9,0.0,19.0,0.2,30.0,9.0,30.0,30.0,8.9,0.0,0.0,14.1,12.9,52.5,2.2,0.1,0.1,5.5
0.16,237,30.0,8.9,21.1,15.9,8.9,0.0,19.0,0.1,30.0,9.0,30.0,30.0,8.9,0.0,0.0,14.1,12.9,52.9,2.2,0.4,0.4,5.5
0.16,238,30.0,9.0,21.0,15.9,9.0,0.0,19.0,0.0,30.0,9.0,30.0,30.0,9.0,0.0,0.1,14.2,13.0,52.9,2.2,0.0,0.0,5.5
0.16,239,30.0,9.0,21.0,15.9,9.0,0.0,19.0,0.2,30.0,9.0,30.0,30.0,9.0,0.0,0.0,14.2,13.0,52.9,2.2,0.0,0.0,5.5
0.16,240,30.0,9.0,21.0,15.9,9.0,0.0,19.0,0.0,30.0,9.0,30.0,30.0,9.0,0.0,0.0,14.2,13.0,52.9,2.2,0.0,0.0,5.5
0.16,241,30.0,9.0,21.0,15.9,9.0,0.0,19.0,0.0,30.0,9.0,30.0,30.0,9.0,0.0,0.0,14.2,13.0,52.9,2.2,0.0,0.0,5.5
0.16,242,30.0,9.0,21.0,15.9,9.0,0.1,19.0,0.2,30.0,9.0,30.0,30.0,9.0,0.0,0.0,14.3,13.0,53.0,2.2,0.1,0.1,5.5
0.16,243,30.0,9.0,21.0,15.9,9.0,0.3,19.0,0.0,30.0,9.0,30.0,30.0,9.0,0.0,0.0,14.5,13.0,53.2,2.2,0.2,0.2,5.5
0.16,244,30.0,9.4,20.6,15.9,9.4,0.7,19.0,0.0,30.0,9.1,30.0,30.0,9.4,0.0,0.0,14.9,13.0,53.6,2.2,0.4,0.4,5.5
0.16,245,30.0,9.4,20.6,15.9,9.4,0.7,19.0,0.0,30.0,9.1,30.0,30.0,9.4,0.0,0.0,14.9,13.0,53.6,2.2,0.0,0.0,5.5
0.16,246,30.0,9.4,20.6,15.9,9.4,0.7,19.0,0.0,30.0,9.2,30.0,30.0,9.4,0.0,0.0,14.9,13.0,53.6,2.2,0.0,0.0,5.5
0.16,247,30.0,9.4,20.6,15.9,9.4,0.7,19.0,0.2,30.0,9.2,30.0,30.0,9.4,0.0,0.0,14.9,13.0,53.6,2.2,0.0,0.0,5.5
0.16,248,30.0,9.5,20.5,15.9,9.5,0.7,19.0,0.1,30.0,9.3,30.0,30.0,9.5,0.0,0.1,15.0,13.1,53.6,2.2,0.0,0.0,5.5
0.16,249,30.0,9.4,20.6,15.9,9.4,0.6,19.0,0.0,30.0,9.3,30.0,30.0,9.4,0.0,0.0,15.0,13.1,53.7,2.2,0.1,0.1,5.5
0.16,250,30.0,9.3,20.7,15.9,9.3,0.6,19.0,0.2,30.0,9.5,30.0,30.0,9.3,0.0,0.0,15.2,13.1,54.0,2.2,0.3,0.3,5.5
0.16,251,29.9,9.4,20.5,15.9,9.4,0.3,19.0,0.1,30.0,9.5,30.0,29.9,9.4,0.0,0.4,15.7,13.5,54.3,2.2,0.4,0.3,5.5
0.16,252,30.0,9.6,20.4,15.9,9.6,0.4,19.0,0.0,30.0,9.5,30.0,30.0,9.6,0.0,0.1,15.9,13.6,54.4,2.3,0.0,0.1,5.5
0.16,253,30.0,9.6,20.4,15.9,9.6,0.4,19.0,0.0,30.0,9.5,30.0,30.0,9.6,0.0,0.0,15.9,13.6,54.4,2.3,0.0,0.0,5.5
0.16,254,30.0,9.6,20.4,15.9,9.6,0.4,19.0,0.0,30.0,9.5,30.0,30.0,9.6,0.0,0.0,15.9,13.6,54.4,2.3,0.0,0.0,5.5
0.16,255,30.0,9.6,20.4,15.9,9.6,0.4,19.0,0.0,30.0,9.5,30.0,30.0,9.6,0.0,0.0,15.9,13.6,54.4,2.3,0.0,0.0,5.5
0.16,256,30.0,9.7,20.3,15.9,9.7,0.4,19.0,0.1,30.0,9.5,30.0,30.0,9.7,0.0,0.1,16.0,13.7,54.4,2.3,0.0,0.0,5.5
0.16,257,30.0,9.6,20.4,15.9,9.6,0.3,19.0,0.1,30.0,9.5,30.0,30.0,9.6,0.0,0.0,16.1,13.7,54.6,2.3,0.2,0.2,5.5
0.16,258,30.0,9.6,20.4,15.9,9.6,0.2,19.0,0.0,30.0,9.6,30.0,30.0,9.6,0.0,0.1,16.2,13.8,54.9,2.3,0.3,0.3,5.5
0.16,259,30.0,9.5,20.5,15.9,9.5,0.1,19.0,0.1,30.0,9.6,30.0,30.0,9.5,0.0,0.0,16.2,13.8,55.0,2.3,0.1,0.1,5.5
0.16,260,30.0,9.6,20.4,15.9,9.6,0.1,19.0,0.1,30.0,9.6,30.0,30.0,9.6,0.0,0.1,16.3,13.9,55.0,2.3,0.0,0.0,5.5
0.16,261,30.0,9.8,20.2,15.9,9.8,0.1,19.0,0.3,30.0,9.6,30.0,30.0,9.8,0.0,0.2,16.5,14.1,55.0,2.3,0.0,0.0,5.5
0.16,262,30.0,9.8,20.2,15.9,9.8,0.1,19.0,0.1,30.0,9.6,30.0,30.0,9.8,0.0,0.0,16.5,14.1,55.0,2.3,0.0,0.0,5.5
0.16,263,30.0,9.7,20.3,15.9,9.7,0.1,19.0,0.0,30.0,9.7,30.0,30.0,9.7,0.0,0.0,16.5,14.1,55.1,2.3,0.1,0.1,5.5
0.16,264,30.0,9.8,20.2,15.9,9.8,0.0,19.0,0.1,30.0,9.7,30.0,30.0,9.8,0.0,0.3,16.8,14.4,55.3,2.3,0.2,0.2,5.5
0.16,265,30.0,9.9,20.1,15.9,9.9,0.0,19.0,0.2,30.0,9.9,30.0,30.0,9.9,0.0,0.1,16.9,14.5,55.5,2.3,0.2,0.2,5.5
0.16,266,30.0,9.9,20.1,15.9,9.9,0.0,19.0,0.0,30.0,9.9,30.0,30.0,9.9,0.0,0.0,16.9,14.5,55.6,2.3,0.1,0.1,5.5
0.16,267,30.0,10.1,19.9,15.9,10.1,0.0,19.0,0.1,30.0,10.0,30.0,30.0,10.1,0.0,0.2,17.1,14.7,55.6,2.4,0.0,0.0,5.5
0.16,268,30.0,10.3,19.7,15.9,10.3,0.0,19.0,0.0,30.0,10.2,30.0,30.0,10.3,0.0,0.2,17.3,14.9,55.6,2.4,0.0,0.0,5.5
0.16,269,30.0,10.4,19.6,15.9,10.4,0.0,19.0,0.2,30.0,10.2,30.0,30.0,10.4,0.0,0.1,17.4,15.0,55.6,2.4,0.0,0.0,5.5
0.16,270,30.0,10.5,19.5,15.9,10.5,0.0,19.0,0.2,30.0,10.2,30.0,30.0,10.5,0.0,0.1,17.5,15.1,55.6,2.4,0.0,0.0,5.5
0.16,271,30.0,10.4,19.6,15.9,10.4,0.0,19.0,0.0,30.0,10.3,30.0,30.0,10.4,0.0,0.0,17.5,15.1,55.7,2.4,0.1,0.1,5.5
0.16,272,30.0,10.4,19.6,15.9,10.4,0.0,19.0,0.0,30.0,10.3,30.0,30.0,10.4,0.0,0.1,17.6,15.2,56.0,2.5,0.3,0.3,5.5
0.16,273,30.0,10.7,19.3,15.9,10.7,0.0,19.0,0.1,30.0,10.4,30.0,30.0,10.7,0.0,0.3,17.9,15.5,56.1,2.5,0.1,0.1,5.5
0.16,274,30.0,10.7,19.3,15.9,10.7,0.0,19.0,0.1,30.0,10.4,30.0,30.0,10.7,0.0,0.0,17.9,15.5,56.1,2.6,0.0,0.0,5.5
0.16,275,30.0,10.7,19.3,15.9,10.7,0.0,19.0,0.1,30.0,10.4,30.0,30.0,10.7,0.0,0.0,17.9,15.5,56.1,2.7,0.0,0.0,5.5
0.16,276,30.0,10.8,19.2,15.9,10.8,0.0,19.0,0.1,30.0,10.5,30.0,30.0,10.8,0.0,0.1,18.0,15.6,56.1,2.8,0.0,0.0,5.5
0.16,277,30.0,10.7,19.3,15.9,10.7,0.0,19.0,0.3,30.0,10.6,30.0,30.0,10.7,0.0,0.0,18.0,15.6,56.2,2.8,0.1,0.1,5.5
0.16,278,30.0,10.8,19.2,15.9,10.8,0.0,19.0,0.1,30.0,10.8,30.0,30.0,10.8,0.0,0.3,18.3,15.9,56.4,2.8,0.2,0.2,5.5
0.16,279,29.9,11.1,18.8,15.8,11.1,0.0,19.0,0.0,30.0,10.8,30.0,29.9,11.1,0.1,0.3,18.6,16.2,56.5,3.0,0.2,0.1,5.5
0.16,280,30.0,11.4,18.6,15.9,11.4,0.0,19.0,0.0,30.0,10.9,30.0,30.0,11.4,0.0,0.3,18.9,16.5,56.7,3.0,0.1,0.2,5.5
0.16,281,30.0,11.6,18.4,15.9,11.6,0.0,19.0,0.2,30.0,10.9,30.0,30.0,11.6,0.0,0.2,19.1,16.7,56.7,3.0,0.0,0.0,5.5
0.16,282,30.0,11.7,18.3,15.9,11.7,0.0,19.0,0.1,30.0,10.9,30.0,30.0,11.7,0.0,0.1,19.2,16.8,56.7,3.1,0.0,0.0,5.5
0.16,283,30.0,11.8,18.2,15.9,11.8,0.0,19.0,0.2,30.0,11.3,30.0,30.0,11.8,0.0,0.1,19.3,16.9,56.7,3.1,0.0,0.0,5.5
0.16,284,30.0,11.8,18.2,15.9,11.8,0.0,19.0,0.0,30.0,11.3,30.0,30.0,11.8,0.0,0.0,19.3,16.9,56.7,3.1,0.0,0.0,5.5
0.16,285,29.9,11.8,18.1,15.9,11.8,0.0,19.0,0.2,30.0,11.4,30.0,29.9,11.8,0.0,0.1,19.4,17.0,56.7,3.1,0.1,0.0,5.5
0.16,286,29.9,11.8,18.1,15.8,11.8,0.0,19.0,0.1,30.0,11.6,30.0,29.9,11.8,0.0,0.1,19.5,17.1,56.9,3.2,0.2,0.2,5.5
0.16,287,30.0,11.9,18.1,15.8,11.9,0.0,19.0,0.0,30.0,11.6,30.0,30.0,11.9,0.0,0.1,19.6,17.2,57.2,3.2,0.2,0.3,5.5
0.16,288,30.0,11.9,18.1,15.8,11.9,0.0,19.0,0.1,30.0,11.6,30.0,30.0,11.9,0.0,0.0,19.6,17.2,57.2,3.2,0.0,0.0,5.5
0.16,289,30.0,11.9,18.1,15.8,11.9,0.0,19.0,0.1,30.0,11.7,30.0,30.0,11.9,0.0,0.0,19.6,17.2,57.2,3.2,0.0,0.0,5.5
0.16,290,30.0,11.9,18.1,15.8,11.9,0.0,19.0,0.1,30.0,11.8,30.0,30.0,11.9,0.0,0.0,19.6,17.2,57.2,3.2,0.0,0.0,5.5
0.16,291,30.0,11.8,18.2,15.8,11.8,0.0,19.0,0.2,30.0,11.9,30.0,30.0,11.8,0.0,0.0,19.6,17.2,57.3,3.2,0.1,0.1,5.5
0.16,292,30.0,11.6,18.4,15.8,11.6,0.0,19.0,0.0,30.0,11.9,30.0,30.0,11.6,0.0,0.0,19.6,17.2,57.5,3.2,0.2,0.2,5.5
0.16,293,30.0,11.7,18.3,15.8,11.7,0.0,19.0,0.2,30.0,12.0,30.0,30.0,11.7,0.0,0.1,19.7,17.3,57.6,3.2,0.1,0.1,5.5
0.16,294,30.0,11.9,18.1,15.8,11.9,0.0,19.0,0.2,30.0,12.0,30.0,30.0,11.9,0.0,0.2,19.9,17.5,57.8,3.2,0.2,0.2,5.5
0.16,295,30.0,12.0,18.0,15.8,12.0,0.0,19.0,0.0,30.0,12.0,30.0,30.0,12.0,0.0,0.1,20.0,17.6,57.8,3.2,0.0,0.0,5.5
0.16,296,30.0,12.0,18.0,15.8,12.0,0.0,19.0,0.1,30.0,12.0,30.0,30.0,12.0,0.0,0.0,20.0,17.6,57.8,3.2,0.0,0.0,5.5
0.16,297,30.0,12.0,18.0,15.8,12.0,0.0,19.0,0.0,30.0,12.0,30.0,30.0,12.0,0.0,0.0,20.0,17.6,57.8,3.2,0.0,0.0,5.5
0.16,298,30.0,12.0,18.0,15.8,12.0,0.0,19.0,0.1,30.0,12.0,30.0,30.0,12.0,0.0,0.0,20.0,17.6,57.8,3.2,0.0,0.0,5.5
0.16,299,30.0,12.0,18.0,15.8,12.0,0.0,19.0,0.2,30.0,12.0,30.0,30.0,12.0,0.0,0.0,20.0,17.6,57.8,3.2,0.0,0.0,5.5
0.16,300,30.0,12.0,18.0,15.8,12.0,0.0,19.0,0.0,30.0,12.0,30.0,30.0,12.0,0.0,0.1,20.1,17.7,58.0,3.2,0.2,0.2,5.5
0.16,301,30.0,12.2,17.8,15.8,12.2,0.3,19.0,0.3,30.0,12.0,30.0,30.0,12.2,0.0,0.0,20.4,17.7,58.3,3.2,0.3,0.3,5.5
0.16,302,30.0,12.2,17.8,15.8,12.2,0.3,19.0,0.3,30.0,12.0,30.0,30.0,12.2,0.0,0.0,20.4,17.7,58.3,3.2,0.0,0.0,5.5
0.16,303,30.0,12.2,17.8,15.8,12.2,0.3,19.0,0.2,30.0,12.0,30.0,30.0,12.2,0.0,0.0,20.4,17.7,58.3,3.2,0.0,0.0,5.5
0.16,304,30.0,12.2,17.8,15.8,12.2,0.3,19.0,0.1,30.0,12.0,30.0,30.0,12.2,0.0,0.0,20.4,17.7,58.3,3.2,0.0,0.0,5.5
0.16,305,30.0,12.2,17.8,15.8,12.2,0.4,19.0,0.0,30.0,12.0,30.0,30.0,12.2,0.0,0.0,20.5,17.7,58.4,3.2,0.1,0.1,5.5
0.16,306,29.9,12.1,17.8,15.8,12.1,0.5,19.0,0.0,30.0,12.0,30.0,29.9,12.1,0.0,0.0,20.6,17.7,58.5,3.2,0.2,0.1,5.5
0.16,307,29.9,12.2,17.7,15.7,12.2,0.6,19.0,0.0,30.0,12.0,30.0,29.9,12.2,0.1,0.0,20.7,17.7,58.6,3.2,0.1,0.1,5.5
0.16,308,29.8,12.1,17.7,15.7,12.1,0.5,19.0,0.2,30.0,12.0,30.0,29.8,12.1,0.1,0.0,20.9,17.7,58.8,3.2,0.3,0.2,5.5
0.16,309,30.0,12.2,17.8,15.8,12.2,0.6,19.0,0.1,30.0,12.0,30.0,30.0,12.2,0.0,0.0,21.0,17.7,59.0,3.2,0.0,0.2,5.5
0.16,310,30.0,12.2,17.8,15.8,12.2,0.6,19.0,0.0,30.0,12.0,30.0,30.0,12.2,0.0,0.0,21.0,17.7,59.0,3.2,0.0,0.0,5.5
0.16,311,30.0,12.2,17.8,15.8,12.2,0.6,19.0,0.0,30.0,12.1,30.0,30.0,12.2,0.0,0.0,21.0,17.7,59.0,3.2,0.0,0.0,5.5
0.16,312,29.9,12.1,17.8,15.8,12.1,0.5,19.0,0.4,30.0,12.1,30.0,29.9,12.1,0.0,0.0,21.0,17.7,59.0,3.2,0.1,0.0,5.5
0.16,313,30.0,12.1,17.9,15.8,12.1,0.4,19.0,0.1,30.0,12.1,30.0,30.0,12.1,0.0,0.1,21.1,17.8,59.2,3.2,0.1,0.2,5.5
0.16,314,30.0,12.1,17.9,15.8,12.1,0.5,19.0,0.3,30.0,12.1,30.0,30.0,12.1,0.0,0.0,21.3,17.8,59.4,3.2,0.2,0.2,5.5
0.16,315,29.9,12.0,17.9,15.8,12.0,0.3,19.0,0.1,30.0,12.1,30.0,29.9,12.0,0.0,0.1,21.4,17.9,59.5,3.2,0.2,0.1,5.5
0.16,316,30.0,11.9,18.1,15.8,11.9,0.2,19.0,0.2,30.0,12.1,30.0,30.0,11.9,0.0,0.0,21.4,17.9,59.8,3.2,0.2,0.3,5.5
0.16,317,30.0,12.1,17.9,15.8,12.1,0.2,19.0,0.2,30.0,12.1,30.0,30.0,12.1,0.0,0.2,21.6,18.1,59.8,3.2,0.0,0.0,5.5
0.16,318,30.0,12.1,17.9,15.8,12.1,0.2,19.0,0.1,30.0,12.1,30.0,30.0,12.1,0.0,0.0,21.6,18.1,59.8,3.2,0.0,0.0,5.5
0.16,319,30.0,12.1,17.9,15.8,12.1,0.2,19.0,0.2,30.0,12.1,30.0,30.0,12.1,0.0,0.0,21.6,18.1,59.8,3.2,0.0,0.0,5.5
0.16,320,30.0,12.1,17.9,15.8,12.1,0.2,19.0,0.1,30.0,12.1,30.0,30.0,12.1,0.0,0.0,21.6,18.1,59.8,3.2,0.0,0.0,5.5
0.16,321,30.0,12.0,18.0,15.8,12.0,0.1,19.0,0.1,30.0,12.2,30.0,30.0,12.0,0.0,0.0,21.7,18.1,60.0,3.2,0.2,0.2,5.5
0.16,322,30.0,12.0,18.0,15.8,12.0,0.1,19.0,0.1,30.0,12.2,30.0,30.0,12.0,0.0,0.0,21.7,18.1,60.1,3.2,0.1,0.1,5.5
0.16,323,30.0,12.2,17.8,15.8,12.1,0.1,19.0,0.1,30.0,12.2,30.0,30.0,12.1,0.0,0.2,21.9,18.3,60.2,3.2,0.1,0.1,5.5
0.16,324,30.0,12.2,17.8,15.8,12.2,0.1,19.0,0.0,30.0,12.2,30.0,30.0,12.2,0.0,0.0,21.9,18.3,60.2,3.3,0.0,0.0,5.5
0.16,325,30.0,12.2,17.8,15.8,12.2,0.1,19.0,0.2,30.0,12.2,30.0,30.0,12.2,0.0,0.0,21.9,18.3,60.2,3.3,0.0,0.0,5.5
0.16,326,30.0,12.3,17.7,15.8,12.3,0.1,19.0,0.1,30.0,12.3,30.0,30.0,12.3,0.0,0.1,22.0,18.4,60.2,3.3,0.0,0.0,5.5
0.16,327,29.9,12.3,17.6,15.8,12.3,0.1,19.0,0.1,30.0,12.3,30.0,29.9,12.3,0.0,0.2,22.2,18.6,60.3,3.3,0.2,0.1,5.5
0.16,328,30.0,12.3,17.7,15.8,12.3,0.0,19.0,0.1,30.0,12.3,30.0,30.0,12.3,0.0,0.1,22.3,18.7,60.5,3.3,0.1,0.2,5.5
0.16,329,30.0,12.4,17.6,15.8,12.4,0.0,19.0,0.0,30.0,12.4,30.0,30.0,12.4,0.0,0.1,22.4,18.8,60.6,3.4,0.1,0.1,5.5
0.16,330,30.0,12.3,17.7,15.9,12.3,0.0,19.0,0.1,30.0,12.4,30.0,30.0,12.3,0.0,0.1,22.5,18.9,60.9,3.4,0.3,0.3,5.5
0.16,331,30.0,12.5,17.5,15.9,12.5,0.0,19.0,0.1,30.0,12.5,30.0,30.0,12.5,0.0,0.2,22.7,19.1,60.9,3.4,0.0,0.0,5.5
0.16,332,30.0,12.7,17.3,15.9,12.7,0.0,19.0,0.1,30.0,12.5,30.0,30.0,12.7,0.0,0.2,22.9,19.3,60.9,3.4,0.0,0.0,5.5
0.16,333,30.0,13.0,17.0,15.9,13.0,0.0,19.0,0.1,30.0,12.5,30.0,30.0,13.0,0.0,0.3,23.2,19.6,60.9,3.4,0.0,0.0,5.5
0.16,334,30.0,13.0,17.0,15.9,13.0,0.0,19.0,0.1,30.0,12.5,30.0,30.0,13.0,0.0,0.0,23.2,19.6,60.9,3.4,0.0,0.0,5.5
0.16,335,30.0,12.9,17.1,15.9,12.9,0.0,19.0,0.1,30.0,12.5,30.0,30.0,12.9,0.0,0.0,23.2,19.6,61.0,3.4,0.1,0.1,5.5
0.16,336,30.0,13.0,17.0,15.9,13.0,0.0,19.0,0.0,30.0,12.5,30.0,30.0,13.0,0.0,0.1,23.3,19.7,61.1,3.4,0.1,0.1,5.5
0.16,337,30.0,13.0,17.0,15.9,13.0,0.0,19.0,0.0,30.0,12.5,30.0,30.0,13.0,0.0,0.0,23.3,19.7,61.3,3.4,0.2,0.2,5.5
0.16,338,30.0,13.1,16.9,15.9,13.1,0.0,19.0,0.1,30.0,12.6,30.0,30.0,13.1,0.0,0.1,23.4,19.8,61.3,3.4,0.0,0.0,5.5
0.16,339,30.0,13.2,16.8,15.9,13.2,0.0,19.0,0.2,30.0,12.9,30.0,30.0,13.2,0.0,0.1,23.5,19.9,61.3,3.4,0.0,0.0,5.5
0.16,340,30.0,13.3,16.7,15.9,13.3,0.0,19.0,0.2,30.0,13.0,30.0,30.0,13.3,0.0,0.1,23.6,20.0,61.3,3.5,0.0,0.0,5.5
0.16,341,30.0,13.4,16.6,15.9,13.4,0.0,19.0,0.2,30.0,13.1,30.0,30.0,13.4,0.0,0.2,23.8,20.2,61.4,3.5,0.1,0.1,5.5
0.16,342,30.0,13.4,16.6,15.9,13.4,0.0,19.0,0.0,30.0,13.3,30.0,30.0,13.4,0.0,0.2,24.0,20.4,61.6,3.6,0.2,0.2,5.5
0.16,343,30.0,13.6,16.4,15.9,13.6,0.0,19.0,0.2,30.0,13.3,30.0,30.0,13.6,0.0,0.2,24.2,20.6,61.7,3.6,0.1,0.1,5.5
0.16,344,30.0,13.5,16.5,15.9,13.5,0.0,19.0,0.1,30.0,13.3,30.0,30.0,13.5,0.0,0.0,24.2,20.6,61.9,3.6,0.2,0.2,5.5
0.16,345,30.0,13.6,16.4,15.9,13.6,0.0,19.0,0.5,30.0,13.4,30.0,30.0,13.6,0.0,0.1,24.3,20.7,61.9,3.6,0.0,0.0,5.5
0.16,346,30.0,13.7,16.3,15.9,13.7,0.0,19.0,0.1,30.0,13.5,30.0,30.0,13.7,0.0,0.1,24.4,20.8,61.9,3.6,0.0,0.0,5.5
0.16,347,30.0,13.8,16.2,15.9,13.8,0.0,19.0,0.2,30.0,13.5,30.0,30.0,13.8,0.0,0.1,24.5,20.9,61.9,3.7,0.0,0.0,5.5
0.16,348,30.0,13.9,16.1,15.9,13.9,0.0,19.0,0.1,30.0,13.9,30.0,30.0,13.9,0.0,0.1,24.6,21.0,61.9,3.8,0.0,0.0,5.5
0.16,349,30.0,14.1,15.9,15.9,14.1,0.0,19.0,0.1,30.0,14.0,30.0,30.0,14.1,0.0,0.3,24.9,21.3,62.0,3.9,0.1,0.1,5.5
0.16,350,30.0,14.2,15.8,15.9,14.2,0.0,19.0,0.0,30.0,14.2,30.0,30.0,14.2,0.0,0.1,25.0,21.4,62.1,3.9,0.1,0.1,5.5
0.16,351,30.0,14.1,15.9,15.8,14.1,0.0,19.0,0.2,30.0,14.4,30.0,30.0,14.1,0.0,0.0,25.0,21.4,62.3,3.9,0.2,0.2,5.5
0.16,352,30.0,14.2,15.8,15.8,14.2,0.0,19.0,0.1,30.0,14.4,30.0,30.0,14.2,0.0,0.1,25.1,21.5,62.3,4.0,0.0,0.0,5.5
0.16,353,30.0,14.5,15.5,15.8,14.5,0.0,19.0,0.2,30.0,14.4,30.0,30.0,14.5,0.0,0.3,25.4,21.8,62.3,4.0,0.0,0.0,5.5
0.16,354,30.0,14.5,15.5,15.8,14.5,0.0,19.0,0.4,30.0,14.6,30.0,30.0,14.5,0.0,0.0,25.4,21.8,62.3,4.0,0.0,0.0,5.5
0.16,355,30.0,14.6,15.4,15.8,14.6,0.0,19.0,0.3,30.0,14.8,30.0,30.0,14.6,0.0,0.2,25.6,22.0,62.4,4.0,0.1,0.1,5.5
0.16,356,30.0,14.5,15.5,15.8,14.5,0.0,19.0,0.1,30.0,14.8,30.0,30.0,14.5,0.0,0.1,25.7,22.1,62.6,4.1,0.2,0.2,5.5
0.16,357,30.0,14.5,15.5,15.8,14.5,0.0,19.0,0.2,30.0,14.8,30.0,30.0,14.5,0.0,0.0,25.7,22.1,62.7,4.1,0.1,0.1,5.5
0.16,358,30.0,14.6,15.4,15.8,14.6,0.0,19.0,0.2,30.0,14.9,30.0,30.0,14.6,0.0,0.2,25.9,22.3,62.9,4.1,0.2,0.2,5.5
0.16,359,30.0,14.9,15.1,15.8,14.9,0.0,19.0,0.0,30.0,14.9,30.0,30.0,14.9,0.0,0.3,26.2,22.6,62.9,4.1,0.0,0.0,5.5
0.16,360,30.0,15.0,15.0,15.8,15.0,0.0,19.0,0.2,30.0,15.0,30.0,30.0,15.0,0.0,0.1,26.3,22.7,62.9,4.1,0.0,0.0,5.5
0.16,361,30.0,15.0,15.0,15.8,15.0,0.0,19.0,0.0,30.0,3.7,30.0,30.0,15.0,0.0,0.0,26.3,22.7,62.9,4.1,0.0,0.0,5.5
0.16,362,30.0,15.0,15.0,15.8,15.0,0.0,19.0,0.2,30.0,4.5,30.0,30.0,15.0,0.0,0.0,26.3,22.7,62.9,4.1,0.0,0.0,5.5
0.16,363,30.0,14.9,15.1,15.8,14.9,0.0,19.0,0.0,30.0,5.9,30.0,30.0,14.9,0.0,0.0,26.3,22.7,63.0,4.1,0.1,0.1,5.5
0.16,364,30.0,14.9,15.1,15.8,14.9,0.0,19.0,0.2,30.0,7.0,30.0,30.0,14.9,0.0,0.0,26.3,22.7,63.1,4.1,0.1,0.1,5.5
0.16,365,29.9,14.8,15.1,15.8,14.8,0.0,19.0,0.0,30.0,7.9,30.0,29.9,14.8,0.0,0.0,26.3,22.7,63.2,4.1,0.2,0.1,5.5
0.16,366,30.0,15.0,15.0,15.8,15.0,0.0,19.0,0.0,30.0,8.6,30.0,30.0,15.0,0.0,0.2,26.5,22.9,63.3,4.1,0.0,0.1,5.5
0.16,367,30.0,15.0,15.0,15.8,15.0,0.0,19.0,0.1,30.0,9.9,30.0,30.0,15.0,0.0,0.0,26.5,22.9,63.3,4.1,0.0,0.0,5.5
0.16,368,30.0,15.0,15.0,15.8,15.0,0.0,19.0,0.1,30.0,10.5,30.0,30.0,15.0,0.0,0.0,26.5,22.9,63.3,4.1,0.0,0.0,5.5
0.16,369,30.0,14.9,15.1,15.8,14.9,0.0,19.0,0.1,30.0,10.9,30.0,30.0,14.9,0.0,0.0,26.5,22.9,63.4,4.1,0.1,0.1,5.5
0.16,370,29.9,14.8,15.1,15.8,14.8,0.0,19.0,0.1,30.0,11.6,30.0,29.9,14.8,0.0,0.1,26.6,23.0,63.5,4.1,0.2,0.1,5.5
0.16,371,30.0,14.8,15.2,15.8,14.8,0.0,19.0,0.2,30.0,12.1,30.0,30.0,14.8,0.0,0.0,26.6,23.0,63.7,4.1,0.1,0.2,5.5
0.16,372,30.0,14.8,15.2,15.8,14.8,0.0,19.0,0.3,30.0,12.2,30.0,30.0,14.8,0.0,0.1,26.7,23.1,63.9,4.1,0.2,0.2,5.5
0.16,373,30.0,14.9,15.1,15.8,14.9,0.0,19.0,0.2,30.0,12.7,30.0,30.0,14.9,0.0,0.1,26.8,23.2,63.9,4.1,0.0,0.0,5.5
0.16,374,30.0,15.0,15.0,15.8,15.0,0.0,19.0,0.0,30.0,13.1,30.0,30.0,15.0,0.0,0.1,26.9,23.3,63.9,4.1,0.0,0.0,5.5
0.16,375,30.0,15.0,15.0,15.8,15.0,0.0,19.0,0.1,30.0,13.2,30.0,30.0,15.0,0.0,0.0,26.9,23.3,63.9,4.1,0.0,0.0,5.5
0.16,376,30.0,15.0,15.0,15.8,15.0,0.0,19.0,0.0,30.0,13.2,30.0,30.0,15.0,0.0,0.0,26.9,23.3,63.9,4.1,0.0,0.0,5.5
0.16,377,30.0,14.9,15.1,15.8,14.9,0.0,19.0,0.2,30.0,13.3,30.0,30.0,14.9,0.0,0.0,26.9,23.3,64.0,4.1,0.1,0.1,5.5
0.16,378,29.9,15.0,14.9,15.7,15.0,0.0,19.0,0.1,30.0,13.6,30.0,29.9,15.0,0.1,0.1,27.0,23.4,64.0,4.1,0.1,0.0,5.5
0.16,379,30.0,15.0,15.0,15.8,15.0,0.0,19.0,0.3,30.0,13.7,30.0,30.0,15.0,0.0,0.0,27.0,23.4,64.2,4.1,0.1,0.2,5.5
0.16,380,30.0,14.9,15.1,15.8,14.9,0.0,19.0,0.2,30.0,13.8,30.0,30.0,14.9,0.0,0.0,27.0,23.4,64.3,4.1,0.1,0.1,5.5
0.16,381,30.0,15.0,15.0,15.8,15.0,0.0,19.0,0.1,30.0,14.1,30.0,30.0,15.0,0.0,0.1,27.1,23.5,64.3,4.1,0.0,0.0,5.5
0.16,382,30.0,15.0,15.0,15.8,15.0,0.0,19.0,0.1,30.0,14.1,30.0,30.0,15.0,0.0,0.0,27.1,23.5,64.3,4.1,0.0,0.0,5.5
0.16,383,30.0,14.9,15.1,15.8,14.9,0.0,19.0,0.3,30.0,14.2,30.0,30.0,14.9,0.0,0.0,27.1,23.5,64.4,4.1,0.1,0.1,5.5
0.16,384,30.0,14.8,15.2,15.8,14.8,0.0,19.0,0.2,30.0,14.2,30.0,30.0,14.8,0.0,0.0,27.1,23.5,64.5,4.1,0.1,0.1,5.5
0.16,385,30.0,14.8,15.2,15.8,14.8,0.0,19.0,0.1,30.0,14.3,30.0,30.0,14.8,0.0,0.1,27.2,23.6,64.6,4.1,0.1,0.1,5.5
0.16,386,29.9,15.0,14.9,15.7,15.0,0.0,19.0,0.1,30.0,14.3,30.0,29.9,15.0,0.1,0.3,27.5,23.9,64.8,4.1,0.3,0.2,5.5
0.16,387,30.0,15.0,15.0,15.8,15.0,0.0,19.0,0.0,30.0,14.4,30.0,30.0,15.0,0.0,0.0,27.5,23.9,64.9,4.1,0.0,0.1,5.5
0.16,388,30.0,15.0,15.0,15.8,15.0,0.0,19.0,0.2,30.0,14.6,30.0,30.0,15.0,0.0,0.0,27.5,23.9,64.9,4.1,0.0,0.0,5.5
0.16,389,30.0,15.0,15.0,15.8,15.0,0.0,19.0,0.2,30.0,14.7,30.0,30.0,15.0,0.0,0.0,27.5,23.9,64.9,4.1,0.0,0.0,5.5
0.16,390,30.0,15.0,15.0,15.8,15.0,0.0,19.0,0.1,30.0,14.7,30.0,30.0,15.0,0.0,0.0,27.5,23.9,64.9,4.1,0.0,0.0,5.5
0.16,391,30.0,14.9,15.1,15.8,14.9,0.0,19.0,0.1,30.0,14.7,30.0,30.0,14.9,0.0,0.0,27.5,23.9,65.0,4.1,0.1,0.1,5.5
0.16,392,30.0,14.9,15.1,15.8,14.9,0.0,19.0,0.3,30.0,14.8,30.0,30.0,14.9,0.0,0.0,27.5,23.9,65.0,4.1,0.0,0.0,5.5
0.16,393,30.0,14.9,15.1,15.8,14.9,0.0,19.0,0.2,30.0,14.8,30.0,30.0,14.9,0.0,0.0,27.5,23.9,65.1,4.1,0.1,0.1,5.5
0.16,394,30.0,14.8,15.2,15.8,14.8,0.0,19.0,0.2,30.0,14.8,30.0,30.0,14.8,0.0,0.0,27.5,23.9,65.3,4.1,0.2,0.2,5.5
0.16,395,30.0,14.9,15.1,15.8,14.9,0.0,19.0,0.0,30.0,14.8,30.0,30.0,14.9,0.0,0.1,27.6,24.0,65.3,4.1,0.0,0.0,5.5
0.16,396,30.0,15.0,15.0,15.8,15.0,0.0,19.0,0.1,30.0,14.8,30.0,30.0,15.0,0.0,0.1,27.7,24.1,65.3,4.1,0.0,0.0,5.5
0.16,397,29.9,14.9,15.0,15.8,14.9,0.0,19.0,0.1,30.0,14.9,30.0,29.9,14.9,0.0,0.0,27.7,24.1,65.3,4.1,0.1,0.0,5.5
0.16,398,30.0,14.8,15.2,15.8,14.8,0.0,19.0,0.0,30.0,14.9,30.0,30.0,14.8,0.0,0.0,27.7,24.1,65.5,4.1,0.1,0.2,5.5
0.16,399,30.0,14.9,15.1,15.8,14.9,0.0,19.0,0.3,30.0,14.9,30.0,30.0,14.9,0.0,0.2,27.9,24.3,65.6,4.1,0.1,0.1,5.5
0.16,400,30.0,14.9,15.1,15.8,14.9,0.0,19.0,0.0,30.0,14.9,30.0,30.0,14.9,0.0,0.1,28.0,24.4,65.8,4.1,0.2,0.2,5.5
0.16,401,30.0,15.0,15.0,15.8,15.0,0.0,19.0,0.1,30.0,15.0,30.0,30.0,15.0,0.0,0.1,28.1,24.5,65.9,4.1,0.1,0.1,5.5
0.16,402,30.0,15.0,15.0,15.8,15.0,0.0,19.0,0.2,30.0,15.0,30.0,30.0,15.0,0.0,0.0,28.1,24.5,65.9,4.1,0.0,0.0,5.5
0.16,403,30.0,15.0,15.0,15.8,15.0,0.0,19.0,0.1,30.0,15.0,30.0,30.0,15.0,0.0,0.0,28.1,24.5,65.9,4.1,0.0,0.0,5.5
0.16,404,30.0,15.0,15.0,15.8,15.0,0.0,19.0,0.0,30.0,15.0,30.0,30.0,15.0,0.0,0.0,28.1,24.5,65.9,4.1,0.0,0.0,5.5
0.16,405,29.9,14.9,15.0,15.8,14.9,0.0,19.0,0.0,30.0,15.0,30.0,29.9,14.9,0.0,0.0,28.1,24.5,65.9,4.1,0.1,0.0,5.5
0.16,406,30.0,15.0,15.0,15.8,15.0,0.0,19.0,0.2,30.0,15.0,30.0,30.0,15.0,0.0,0.1,28.2,24.6,66.0,4.1,0.0,0.1,5.5
0.16,407,30.0,15.0,15.0,15.8,15.0,0.0,19.0,0.0,30.0,15.0,30.0,30.0,15.0,0.0,0.0,28.2,24.6,66.1,4.1,0.1,0.1,5.5
0.16,408,30.0,14.9,15.1,15.8,14.9,0.0,19.0,0.1,30.0,15.0,30.0,30.0,14.9,0.0,0.0,28.2,24.6,66.3,4.1,0.2,0.2,5.5
0.16,409,30.0,15.0,15.0,15.8,15.0,0.0,19.0,0.0,30.0,15.0,30.0,30.0,15.0,0.0,0.1,28.3,24.7,66.3,4.1,0.0,0.0,5.5
0.16,410,30.0,15.0,15.0,15.8,15.0,0.0,19.0,0.1,30.0,15.0,30.0,30.0,15.0,0.0,0.0,28.3,24.7,66.3,4.1,0.0,0.0,5.5
0.16,411,30.0,15.0,15.0,15.8,15.0,0.0,19.0,0.2,30.0,15.0,30.0,30.0,15.0,0.0,0.0,28.3,24.7,66.3,4.1,0.0,0.0,5.5
0.16,412,30.0,14.8,15.2,15.8,14.8,0.0,19.0,0.2,30.0,15.0,30.0,30.0,14.8,0.0,0.0,28.3,24.7,66.5,4.1,0.2,0.2,5.5
0.16,413,30.0,14.8,15.2,15.8,14.8,0.0,19.0,0.0,30.0,15.0,30.0,30.0,14.8,0.0,0.1,28.4,24.8,66.6,4.1,0.1,0.1,5.5
0.16,414,30.0,14.7,15.3,15.8,14.7,0.0,19.0,0.0,30.0,15.0,30.0,30.0,14.7,0.0,0.0,28.4,24.8,66.8,4.1,0.2,0.2,5.5
0.16,415,30.0,14.8,15.2,15.8,14.8,0.0,19.0,0.1,30.0,15.0,30.0,30.0,14.8,0.0,0.1,28.5,24.9,66.9,4.1,0.1,0.1,5.5
0.16,416,30.0,14.8,15.2,15.8,14.8,0.0,19.0,0.0,30.0,15.0,30.0,30.0,14.8,0.0,0.0,28.5,24.9,66.9,4.1,0.0,0.0,5.5
0.16,417,30.0,14.8,15.2,15.8,14.8,0.0,19.0,0.0,30.0,15.0,30.0,30.0,14.8,0.0,0.0,28.5,24.9,66.9,4.1,0.0,0.0,5.5
0.16,418,30.0,14.9,15.1,15.8,14.9,0.0,19.0,0.3,30.0,15.0,30.0,30.0,14.9,0.0,0.1,28.6,25.0,66.9,4.1,0.0,0.0,5.5
0.16,419,30.0,14.9,15.1,15.8,14.9,0.0,19.0,0.4,30.0,15.0,30.0,30.0,14.9,0.0,0.0,28.6,25.0,66.9,4.1,0.0,0.0,5.5
0.16,420,30.0,14.9,15.1,15.8,14.9,0.0,19.0,0.3,30.0,15.0,30.0,30.0,14.9,0.0,0.1,28.7,25.1,67.0,4.1,0.1,0.1,5.5
0.16,421,30.0,15.0,15.0,15.8,15.0,0.0,19.0,0.1,30.0,15.0,30.0,30.0,15.0,0.0,0.1,28.8,25.2,67.1,4.1,0.1,0.1,5.5
0.16,422,29.9,14.9,15.0,15.8,14.9,0.0,19.0,0.2,30.0,15.0,30.0,29.9,14.9,0.0,0.0,28.8,25.2,67.2,4.1,0.2,0.1,5.5
0.16,423,30.0,14.9,15.1,15.8,14.9,0.0,19.0,0.0,30.0,15.0,30.0,30.0,14.9,0.0,0.0,28.8,25.2,67.3,4.1,0.0,0.1,5.5
0.16,424,30.0,14.9,15.1,15.8,14.9,0.0,19.0,0.2,30.0,15.0,30.0,30.0,14.9,0.0,0.0,28.8,25.2,67.3,4.1,0.0,0.0,5.5
0.16,425,30.0,14.9,15.1,15.8,14.9,0.0,19.0,0.1,30.0,15.0,30.0,30.0,14.9,0.0,0.0,28.8,25.2,67.3,4.1,0.0,0.0,5.5
0.16,426,30.0,14.9,15.1,15.8,14.9,0.0,19.0,0.0,30.0,15.0,30.0,30.0,14.9,0.0,0.2,29.0,25.4,67.5,4.1,0.2,0.2,5.5
0.16,427,30.0,14.9,15.1,15.8,14.9,0.0,19.0,0.4,30.0,15.0,30.0,30.0,14.9,0.0,0.1,29.1,25.5,67.6,4.1,0.1,0.1,5.5
0.16,428,30.0,14.8,15.2,15.8,14.8,0.0,19.0,0.1,30.0,15.0,30.0,30.0,14.8,0.0,0.0,29.1,25.5,67.8,4.1,0.2,0.2,5.5
0.16,429,30.0,14.8,15.2,15.8,14.8,0.0,19.0,0.1,30.0,15.0,30.0,30.0,14.8,0.0,0.0,29.1,25.5,67.9,4.1,0.1,0.1,5.5
0.16,430,30.0,14.9,15.1,15.8,14.9,0.0,19.0,0.1,30.0,15.0,30.0,30.0,14.9,0.0,0.1,29.2,25.6,67.9,4.1,0.0,0.0,5.5
0.16,431,30.0,15.0,15.0,15.8,15.0,0.0,19.0,0.1,30.0,15.0,30.0,30.0,15.0,0.0,0.1,29.3,25.7,67.9,4.1,0.0,0.0,5.5
0.16,432,30.0,15.0,15.0,15.8,15.0,0.0,19.0,0.0,30.0,15.0,30.0,30.0,15.0,0.0,0.0,29.3,25.7,67.9,4.1,0.0,0.0,5.5
0.16,433,30.0,15.0,15.0,15.8,15.0,0.0,19.0,0.2,30.0,15.0,30.0,30.0,15.0,0.0,0.0,29.3,25.7,67.9,4.1,0.0,0.0,5.5
0.16,434,30.0,14.9,15.1,15.8,14.9,0.0,19.0,0.2,30.0,15.0,30.0,30.0,14.9,0.0,0.0,29.3,25.7,68.0,4.1,0.1,0.1,5.5
0.16,435,30.0,15.0,15.0,15.8,15.0,0.0,19.0,0.0,30.0,15.0,30.0,30.0,15.0,0.0,0.1,29.4,25.8,68.1,4.1,0.1,0.1,5.5
0.16,436,29.9,15.0,14.9,15.7,15.0,0.0,19.0,0.1,30.0,15.0,30.0,29.9,15.0,0.1,0.0,29.4,25.8,68.1,4.1,0.1,0.0,5.5
0.16,437,30.0,15.0,15.0,15.8,15.0,0.0,19.0,0.3,30.0,15.0,30.0,30.0,15.0,0.0,0.1,29.5,25.9,68.3,4.1,0.1,0.2,5.5
0.16,438,30.0,15.0,15.0,15.8,15.0,0.0,19.0,0.2,30.0,15.0,30.0,30.0,15.0,0.0,0.0,29.5,25.9,68.3,4.1,0.0,0.0,5.5
0.16,439,30.0,15.0,15.0,15.8,15.0,0.0,19.0,0.1,30.0,15.0,30.0,30.0,15.0,0.0,0.0,29.5,25.9,68.3,4.1,0.0,0.0,5.5
0.16,440,29.9,14.9,15.0,15.8,14.9,0.0,19.0,0.1,30.0,15.0,30.0,29.9,14.9,0.0,0.1,29.6,26.0,68.4,4.1,0.2,0.1,5.5
0.16,441,30.0,15.0,15.0,15.8,15.0,0.0,19.0,0.1,30.0,15.0,30.0,30.0,15.0,0.0,0.2,29.8,26.2,68.6,4.1,0.1,0.2,5.5
0.16,442,29.9,14.9,15.0,15.8,14.9,0.0,19.0,0.1,30.0,15.0,30.0,29.9,14.9,0.0,0.0,29.8,26.2,68.7,4.1,0.2,0.1,5.5
0.16,443,30.0,14.9,15.1,15.8,14.9,0.0,19.0,0.1,30.0,15.0,30.0,30.0,14.9,0.0,0.0,29.8,26.2,68.8,4.1,0.0,0.1,5.5
0.16,444,30.0,15.0,15.0,15.8,15.0,0.0,19.0,0.3,30.0,15.0,30.0,30.0,15.0,0.0,0.1,29.9,26.3,68.9,4.1,0.1,0.1,5.5
0.16,445,30.0,15.0,15.0,15.8,15.0,0.0,19.0,0.0,30.0,15.0,30.0,30.0,15.0,0.0,0.0,29.9,26.3,68.9,4.1,0.0,0.0,5.5
0.16,446,30.0,15.0,15.0,15.8,15.0,0.0,19.0,0.2,30.0,15.0,30.0,30.0,15.0,0.0,0.0,29.9,26.3,68.9,4.1,0.0,0.0,5.5
0.16,447,30.0,15.0,15.0,15.8,15.0,0.0,19.0,0.0,30.0,15.0,30.0,30.0,15.0,0.0,0.0,29.9,26.3,68.9,4.1,0.0,0.0,5.5
0.16,448,30.0,14.9,15.1,15.8,14.9,0.0,19.0,0.1,30.0,15.0,30.0,30.0,14.9,0.0,0.0,29.9,26.3,69.0,4.1,0.1,0.1,5.5
0.16,449,30.0,14.9,15.1,15.8,14.9,0.0,19.0,0.1,30.0,15.0,30.0,30.0,14.9,0.0,0.0,29.9,26.3,69.1,4.1,0.1,0.1,5.5
0.16,450,30.0,14.9,15.1,15.8,14.9,0.0,19.0,0.0,30.0,15.0,30.0,30.0,14.9,0.0,0.0,29.9,26.3,69.1,4.1,0.0,0.0,5.5
0.16,451,30.0,14.9,15.1,15.8,14.9,0.0,19.0,0.1,30.0,15.0,30.0,30.0,14.9,0.0,0.1,30.0,26.4,69.3,4.1,0.2,0.2,5.5
0.16,452,30.0,15.0,15.0,15.8,15.0,0.0,19.0,0.0,30.0,15.0,30.0,30.0,15.0,0.0,0.1,30.1,26.5,69.3,4.1,0.0,0.0,5.5
0.16,453,30.0,15.0,15.0,15.8,15.0,0.0,19.0,0.2,30.0,15.0,30.0,30.0,15.0,0.0,0.0,30.1,26.5,69.3,4.1,0.0,0.0,5.5
0.16,454,30.0,14.9,15.1,15.8,14.9,0.0,19.0,0.3,30.0,15.0,30.0,30.0,14.9,0.0,0.0,30.1,26.5,69.4,4.1,0.1,0.1,5.5
0.16,455,30.0,14.8,15.2,15.8,14.8,0.0,19.0,0.1,30.0,15.0,30.0,30.0,14.8,0.0,0.1,30.2,26.6,69.6,4.1,0.2,0.2,5.5
0.16,456,29.9,15.0,14.9,15.7,15.0,0.0,19.0,0.0,30.0,15.0,30.0,29.9,15.0,0.1,0.2,30.4,26.8,69.6,4.1,0.1,0.0,5.5
0.16,457,30.0,15.0,15.0,15.8,15.0,0.0,19.0,0.1,30.0,15.0,30.0,30.0,15.0,0.0,0.1,30.5,26.9,69.8,4.1,0.1,0.2,5.5
0.16,458,30.0,15.0,15.0,15.8,15.0,0.0,19.0,0.0,30.0,15.0,30.0,30.0,15.0,0.0,0.0,30.5,26.9,69.9,4.1,0.1,0.1,5.5
0.16,459,30.0,15.0,15.0,15.8,15.0,0.0,19.0,0.2,30.0,15.0,30.0,30.0,15.0,0.0,0.0,30.5,26.9,69.9,4.1,0.0,0.0,5.5
0.16,460,30.0,15.0,15.0,15.8,15.0,0.0,19.0,0.0,30.0,15.0,30.0,30.0,15.0,0.0,0.0,30.5,26.9,69.9,4.1,0.0,0.0,5.5
0.16,461,30.0,15.0,15.0,15.8,15.0,0.0,19.0,0.1,30.0,15.0,30.0,30.0,15.0,0.0,0.0,30.5,26.9,69.9,4.1,0.0,0.0,5.5
0.16,462,30.0,14.9,15.1,15.8,14.9,0.0,19.0,0.3,30.0,15.0,30.0,30.0,14.9,0.0,0.0,30.5,26.9,70.0,4.1,0.1,0.1,5.5
0.16,463,30.0,14.9,15.1,15.8,14.9,0.0,19.0,0.0,30.0,15.0,30.0,30.0,14.9,0.0,0.0,30.5,26.9,70.0,4.1,0.0,0.0,5.5
0.16,464,30.0,14.9,15.1,15.8,14.9,0.0,19.0,0.0,30.0,15.0,30.0,30.0,14.9,0.0,0.0,30.5,26.9,70.1,4.1,0.1,0.1,5.5
0.16,465,30.0,14.8,15.2,15.8,14.8,0.0,19.0,0.4,30.0,15.0,30.0,30.0,14.8,0.0,0.0,30.5,26.9,70.3,4.1,0.2,0.2,5.5
0.16,466,30.0,15.0,15.0,15.8,15.0,0.0,19.0,0.1,30.0,15.0,30.0,30.0,15.0,0.0,0.2,30.7,27.1,70.3,4.1,0.0,0.0,5.5
0.16,467,30.0,15.0,15.0,15.8,15.0,0.0,19.0,0.3,30.0,15.0,30.0,30.0,15.0,0.0,0.0,30.7,27.1,70.3,4.1,0.0,0.0,5.5
0.16,468,30.0,14.9,15.1,15.8,14.9,0.0,19.0,0.2,30.0,15.0,30.0,30.0,14.9,0.0,0.0,30.7,27.1,70.4,4.1,0.1,0.1,5.5
0.16,469,30.0,14.8,15.2,15.8,14.8,0.0,19.0,0.0,30.0,15.0,30.0,30.0,14.8,0.0,0.1,30.8,27.2,70.6,4.1,0.2,0.2,5.5
0.16,470,30.0,15.0,15.0,15.8,15.0,0.0,19.0,0.1,30.0,15.0,30.0,30.0,15.0,0.0,0.2,31.0,27.4,70.6,4.1,0.0,0.0,5.5
0.16,471,30.0,14.9,15.1,15.8,14.9,0.0,19.0,0.1,30.0,15.0,30.0,30.0,14.9,0.0,0.0,31.0,27.4,70.8,4.1,0.2,0.2,5.5
0.16,472,30.0,14.9,15.1,15.8,14.9,0.0,19.0,0.1,30.0,15.0,30.0,30.0,14.9,0.0,0.0,31.0,27.4,70.9,4.1,0.1,0.1,5.5
0.16,473,30.0,14.9,15.1,15.8,14.9,0.0,19.0,0.2,30.0,15.0,30.0,30.0,14.9,0.0,0.0,31.0,27.4,70.9,4.1,0.0,0.0,5.5
0.16,474,30.0,15.0,15.0,15.8,15.0,0.0,19.0,0.3,30.0,15.0,30.0,30.0,15.0,0.0,0.1,31.1,27.5,70.9,4.1,0.0,0.0,5.5
0.16,475,30.0,15.0,15.0,15.8,15.0,0.0,19.0,0.1,30.0,15.0,30.0,30.0,15.0,0.0,0.0,31.1,27.5,70.9,4.1,0.0,0.0,5.5
0.16,476,30.0,14.9,15.1,15.8,14.9,0.0,19.0,0.2,30.0,15.0,30.0,30.0,14.9,0.0,0.0,31.1,27.5,71.0,4.1,0.1,0.1,5.5
0.16,477,30.0,14.9,15.1,15.8,14.9,0.0,19.0,0.1,30.0,15.0,30.0,30.0,14.9,0.0,0.0,31.1,27.5,71.0,4.1,0.0,0.0,5.5
0.16,478,30.0,15.0,15.0,15.8,15.0,0.0,19.0,0.2,30.0,15.0,30.0,30.0,15.0,0.0,0.1,31.2,27.6,71.1,4.1,0.1,0.1,5.5
0.16,479,30.0,14.9,15.1,15.8,14.9,0.0,19.0,0.1,30.0,15.0,30.0,30.0,14.9,0.0,0.0,31.2,27.6,71.3,4.1,0.2,0.2,5.5
0.16,480,30.0,14.9,15.1,15.8,14.9,0.0,19.0,0.3,30.0,15.0,30.0,30.0,14.9,0.0,0.0,31.2,27.6,71.3,4.1,0.0,0.0,5.5
0.16,481,30.0,15.0,15.0,15.8,15.0,0.0,19.0,0.2,30.0,15.0,30.0,30.0,15.0,0.0,0.1,31.3,27.7,71.3,4.1,0.0,0.0,5.5
0.16,482,30.0,15.0,15.0,15.8,15.0,0.1,19.0,0.2,30.0,15.0,30.0,30.0,15.0,0.0,0.0,31.4,27.7,71.4,4.1,0.1,0.1,5.5
0.16,483,30.0,15.0,15.0,15.8,15.0,0.2,19.0,0.2,30.0,15.0,30.0,30.0,15.0,0.0,0.1,31.6,27.8,71.6,4.1,0.2,0.2,5.5
0.16,484,30.0,15.0,15.0,15.8,15.0,0.2,19.0,0.3,30.0,15.0,30.0,30.0,15.0,0.0,0.0,31.6,27.8,71.6,4.1,0.0,0.0,5.5
0.16,485,30.0,15.1,14.9,15.8,15.1,0.4,19.0,0.1,30.0,15.0,30.0,30.0,15.1,0.0,0.0,31.8,27.8,71.8,4.1,0.2,0.2,5.5
0.16,486,30.0,15.1,14.9,15.8,15.1,0.4,19.0,0.1,30.0,15.0,30.0,30.0,15.1,0.0,0.0,31.8,27.8,71.9,4.1,0.1,0.1,5.5
0.16,487,30.0,15.1,14.9,15.8,15.1,0.4,19.0,0.2,30.0,15.0,30.0,30.0,15.1,0.0,0.0,31.8,27.8,71.9,4.1,0.0,0.0,5.5
0.16,488,30.0,15.1,14.9,15.8,15.1,0.4,19.0,0.3,30.0,15.0,30.0,30.0,15.1,0.0,0.0,31.8,27.8,71.9,4.1,0.0,0.0,5.5
0.16,489,30.0,15.0,15.0,15.8,15.0,0.3,19.0,0.1,30.0,15.0,30.0,30.0,15.0,0.0,0.0,31.8,27.8,72.0,4.1,0.1,0.1,5.5
0.16,490,29.9,14.9,15.0,15.8,14.9,0.2,19.0,0.1,30.0,15.0,30.0,29.9,14.9,0.0,0.1,31.9,27.9,72.1,4.1,0.2,0.1,5.5
0.16,491,30.0,15.1,14.9,15.8,15.1,0.3,19.0,0.2,30.0,15.0,30.0,30.0,15.1,0.0,0.1,32.1,28.0,72.2,4.1,0.0,0.1,5.5
0.16,492,29.9,14.9,15.0,15.8,14.9,0.1,19.0,0.3,30.0,15.0,30.0,29.9,14.9,0.0,0.0,32.1,28.0,72.3,4.1,0.2,0.1,5.5
0.16,493,30.0,15.0,15.0,15.8,15.0,0.2,19.0,0.1,30.0,15.0,30.0,30.0,15.0,0.0,0.1,32.3,28.1,72.6,4.1,0.2,0.3,5.5
0.16,494,30.0,15.0,15.0,15.8,15.0,0.2,19.0,0.1,30.0,15.0,30.0,30.0,15.0,0.0,0.0,32.3,28.1,72.6,4.1,0.0,0.0,5.5
0.16,495,30.0,15.0,15.0,15.8,15.0,0.2,19.0,0.0,30.0,15.0,30.0,30.0,15.0,0.0,0.0,32.3,28.1,72.6,4.1,0.0,0.0,5.5
0.16,496,30.0,15.0,15.0,15.8,15.0,0.2,19.0,0.1,30.0,15.0,30.0,30.0,15.0,0.0,0.0,32.3,28.1,72.6,4.1,0.0,0.0,5.5
0.16,497,30.0,15.0,15.0,15.8,15.0,0.2,19.0,0.4,30.0,15.0,30.0,30.0,15.0,0.0,0.1,32.4,28.2,72.7,4.1,0.1,0.1,5.5
0.16,498,30.0,15.0,15.0,15.8,15.0,0.1,19.0,0.1,30.0,15.0,30.0,30.0,15.0,0.0,0.1,32.5,28.3,72.8,4.1,0.1,0.1,5.5
0.16,499,30.0,15.0,15.0,15.8,15.0,0.1,19.0,0.3,30.0,15.0,30.0,30.0,15.0,0.0,0.0,32.5,28.3,72.9,4.1,0.1,0.1,5.5
0.16,500,29.9,14.9,15.0,15.8,14.9,0.0,19.0,0.3,30.0,15.0,30.0,29.9,14.9,0.0,0.0,32.5,28.3,73.0,4.1,0.2,0.1,5.5
0.16,501,30.0,15.0,15.0,15.8,15.0,0.0,19.0,0.1,30.0,15.0,30.0,30.0,15.0,0.0,0.1,32.6,28.4,73.1,4.1,0.0,0.1,5.5
0.16,502,30.0,15.0,15.0,15.8,15.0,0.0,19.0,0.1,30.0,15.0,30.0,30.0,15.0,0.0,0.0,32.6,28.4,73.1,4.1,0.0,0.0,5.5
0.16,503,30.0,14.9,15.1,15.8,14.9,0.0,19.0,0.4,30.0,15.0,30.0,30.0,14.9,0.0,0.0,32.6,28.4,73.2,4.1,0.1,0.1,5.5
0.16,504,30.0,14.9,15.1,15.8,14.8,0.0,19.0,0.2,30.0,15.0,30.0,30.0,14.8,0.0,0.1,32.7,28.5,73.3,4.1,0.1,0.1,5.5
0.16,505,30.0,14.9,15.1,15.8,14.9,0.0,19.0,0.0,30.0,15.0,30.0,30.0,14.9,0.0,0.0,32.7,28.5,73.3,4.1,0.0,0.0,5.5
0.16,506,30.0,14.9,15.1,15.8,14.9,0.0,19.0,0.3,30.0,15.0,30.0,30.0,14.9,0.0,0.0,32.7,28.5,73.4,4.1,0.1,0.1,5.5
0.16,507,29.9,14.8,15.1,15.7,14.8,0.0,19.0,0.3,30.0,15.0,30.0,29.9,14.8,0.1,0.0,32.7,28.5,73.5,4.1,0.2,0.1,5.5
0.16,508,30.0,14.9,15.1,15.8,14.9,0.0,19.0,0.2,30.0,15.0,30.0,30.0,14.9,0.0,0.1,32.8,28.6,73.6,4.1,0.0,0.1,5.5
0.16,509,30.0,15.0,15.0,15.8,15.0,0.0,19.0,0.2,30.0,15.0,30.0,30.0,15.0,0.0,0.1,32.9,28.7,73.6,4.1,0.0,0.0,5.5
0.16,510,30.0,15.0,15.0,15.8,15.0,0.0,19.0,0.4,30.0,15.0,30.0,30.0,15.0,0.0,0.0,32.9,28.7,73.6,4.1,0.0,0.0,5.5
0.16,511,30.0,15.0,15.0,15.8,15.0,0.0,19.0,0.1,30.0,15.0,30.0,30.0,15.0,0.0,0.1,33.0,28.8,73.7,4.1,0.1,0.1,5.5
0.16,512,30.0,15.0,15.0,15.8,15.0,0.0,19.0,0.0,30.0,15.0,30.0,30.0,15.0,0.0,0.1,33.1,28.9,73.8,4.1,0.1,0.1,5.5
0.16,513,30.0,15.0,15.0,15.8,15.0,0.0,19.0,0.1,30.0,15.0,30.0,30.0,15.0,0.0,0.0,33.1,28.9,73.9,4.1,0.1,0.1,5.5
0.16,514,30.0,15.0,15.0,15.8,15.0,0.0,19.0,0.2,30.0,15.0,30.0,30.0,15.0,0.0,0.0,33.1,28.9,73.9,4.1,0.0,0.0,5.5
0.16,515,30.0,15.0,15.0,15.8,15.0,0.0,19.0,0.2,30.0,15.0,30.0,30.0,15.0,0.0,0.1,33.2,29.0,74.1,4.1,0.2,0.2,5.5
0.16,516,30.0,15.0,15.0,15.8,15.0,0.0,19.0,0.4,30.0,15.0,30.0,30.0,15.0,0.0,0.0,33.2,29.0,74.1,4.1,0.0,0.0,5.5
0.16,517,30.0,14.9,15.1,15.8,14.9,0.0,19.0,0.1,30.0,15.0,30.0,30.0,14.9,0.0,0.0,33.2,29.0,74.2,4.1,0.1,0.1,5.5
0.16,518,29.9,14.9,15.0,15.8,14.9,0.0,19.0,0.1,30.0,15.0,30.0,29.9,14.9,0.0,0.1,33.3,29.1,74.2,4.1,0.1,0.0,5.5
0.16,519,30.0,15.0,15.0,15.8,15.0,0.0,19.0,0.2,30.0,15.0,30.0,30.0,15.0,0.0,0.1,33.4,29.2,74.3,4.1,0.0,0.1,5.5
0.16,520,30.0,15.0,15.0,15.8,15.0,0.0,19.0,0.2,30.0,15.0,30.0,30.0,15.0,0.0,0.0,33.4,29.2,74.4,4.1,0.1,0.1,5.5
0.16,521,30.0,14.9,15.1,15.8,14.9,0.0,19.0,0.0,30.0,15.0,30.0,30.0,14.9,0.0,0.0,33.4,29.2,74.5,4.1,0.1,0.1,5.5
0.16,522,30.0,14.9,15.1,15.8,14.9,0.0,19.0,0.2,30.0,15.0,30.0,30.0,14.9,0.0,0.0,33.4,29.2,74.6,4.1,0.1,0.1,5.5
0.16,523,30.0,14.9,15.1,15.8,14.9,0.0,19.0,0.1,30.0,15.0,30.0,30.0,14.9,0.0,0.0,33.4,29.2,74.6,4.1,0.0,0.0,5.5
0.16,524,30.0,14.9,15.1,15.8,14.9,0.0,19.0,0.1,30.0,15.0,30.0,30.0,14.9,0.0,0.0,33.4,29.2,74.6,4.1,0.0,0.0,5.5
0.16,525,30.0,14.8,15.2,15.8,14.8,0.0,19.0,0.2,30.0,15.0,30.0,30.0,14.8,0.0,0.0,33.4,29.2,74.7,4.1,0.1,0.1,5.5
0.16,526,30.0,14.8,15.2,15.8,14.8,0.0,19.0,0.1,30.0,15.0,30.0,30.0,14.8,0.0,0.1,33.5,29.3,74.8,4.1,0.1,0.1,5.5
0.16,527,30.0,14.9,15.1,15.8,14.9,0.0,19.0,0.2,30.0,15.0,30.0,30.0,14.9,0.0,0.1,33.6,29.4,74.9,4.1,0.1,0.1,5.5
0.16,528,30.0,14.9,15.1,15.8,14.9,0.0,19.0,0.2,30.0,15.0,30.0,30.0,14.9,0.0,0.0,33.6,29.4,75.0,4.1,0.1,0.1,5.5
0.16,529,30.0,14.9,15.1,15.8,14.9,0.0,19.0,0.1,30.0,15.0,30.0,30.0,14.9,0.0,0.1,33.7,29.5,75.2,4.1,0.2,0.2,5.5
0.16,530,30.0,14.9,15.1,15.8,14.9,0.0,19.0,0.2,30.0,15.0,30.0,30.0,14.9,0.0,0.0,33.7,29.5,75.2,4.1,0.0,0.0,5.5
0.16,531,30.0,14.9,15.1,15.8,14.9,0.0,19.0,0.1,30.0,15.0,30.0,30.0,14.9,0.0,0.1,33.8,29.6,75.3,4.1,0.1,0.1,5.5
0.16,532,30.0,15.0,15.0,15.8,15.0,0.0,19.0,0.0,30.0,15.0,30.0,30.0,15.0,0.0,0.1,33.9,29.7,75.3,4.1,0.0,0.0,5.5
0.16,533,30.0,14.9,15.1,15.8,14.9,0.0,19.0,0.1,30.0,15.0,30.0,30.0,14.9,0.0,0.0,33.9,29.7,75.4,4.1,0.1,0.1,5.5
0.16,534,29.9,14.9,15.0,15.7,14.9,0.0,19.0,0.1,30.0,15.0,30.0,29.9,14.9,0.1,0.0,33.9,29.7,75.4,4.1,0.1,0.0,5.5
0.16,535,30.0,14.9,15.1,15.8,14.9,0.0,19.0,0.0,30.0,15.0,30.0,30.0,14.9,0.0,0.0,33.9,29.7,75.5,4.1,0.0,0.1,5.5
0.16,536,30.0,15.0,15.0,15.8,15.0,0.0,19.0,0.2,30.0,15.0,30.0,30.0,15.0,0.0,0.1,34.0,29.8,75.6,4.1,0.1,0.1,5.5
0.16,537,30.0,15.0,15.0,15.8,15.0,0.0,19.0,0.2,30.0,15.0,30.0,30.0,15.0,0.0,0.0,34.0,29.8,75.6,4.1,0.0,0.0,5.5
0.16,538,30.0,15.0,15.0,15.8,15.0,0.0,19.0,0.2,30.0,15.0,30.0,30.0,15.0,0.0,0.0,34.0,29.8,75.6,4.1,0.0,0.0,5.5
0.16,539,30.0,14.9,15.1,15.8,14.9,0.0,19.0,0.1,30.0,15.0,30.0,30.0,14.9,0.0,0.0,34.0,29.8,75.7,4.1,0.1,0.1,5.5
0.16,540,30.0,14.8,15.2,15.8,14.8,0.0,19.0,0.2,30.0,15.0,30.0,30.0,14.8,0.0,0.0,34.0,29.8,75.8,4.1,0.1,0.1,5.5
0.16,541,30.0,14.8,15.2,15.8,14.8,0.0,19.0,0.0,30.0,3.8,30.0,30.0,14.8,0.0,0.0,34.0,29.8,75.8,4.1,0.0,0.0,5.5
0.16,542,30.0,14.7,15.3,15.8,14.7,0.0,19.0,0.2,30.0,4.7,30.0,30.0,14.7,0.0,0.0,34.0,29.8,76.0,4.1,0.2,0.2,5.5
0.16,543,30.0,14.6,15.4,15.8,14.6,0.0,19.0,0.0,30.0,5.2,30.0,30.0,14.6,0.0,0.0,34.0,29.8,76.2,4.1,0.2,0.2,5.5
0.16,544,30.0,14.7,15.3,15.8,14.7,0.0,19.0,0.0,30.0,6.5,30.0,30.0,14.7,0.0,0.1,34.1,29.9,76.2,4.1,0.0,0.0,5.5
0.16,545,29.9,14.6,15.3,15.8,14.6,0.0,19.0,0.0,30.0,7.9,30.0,29.9,14.6,0.0,0.0,34.1,29.9,76.2,4.1,0.1,0.0,5.5
0.16,546,30.0,14.6,15.4,15.8,14.6,0.0,19.0,0.0,30.0,9.1,30.0,30.0,14.6,0.0,0.0,34.1,29.9,76.4,4.1,0.1,0.2,5.5
0.16,547,30.0,14.6,15.4,15.8,14.6,0.0,19.0,0.1,30.0,9.8,30.0,30.0,14.6,0.0,0.1,34.2,30.0,76.6,4.1,0.2,0.2,5.5
0.16,548,30.0,14.6,15.4,15.8,14.6,0.0,19.0,0.1,30.0,10.7,30.0,30.0,14.6,0.0,0.0,34.2,30.0,76.6,4.1,0.0,0.0,5.5
0.16,549,30.0,14.6,15.4,15.8,14.6,0.0,19.0,0.1,30.0,11.0,30.0,30.0,14.6,0.0,0.0,34.2,30.0,76.8,4.1,0.2,0.2,5.5
0.16,550,30.0,14.6,15.4,15.8,14.6,0.0,19.0,0.0,30.0,11.7,30.0,30.0,14.6,0.0,0.0,34.2,30.0,76.9,4.1,0.1,0.1,5.5
0.16,551,30.0,14.6,15.4,15.8,14.6,0.0,19.0,0.2,30.0,12.2,30.0,30.0,14.6,0.0,0.0,34.2,30.0,76.9,4.1,0.0,0.0,5.5
0.16,552,30.0,14.6,15.4,15.8,14.6,0.0,19.0,0.4,30.0,12.4,30.0,30.0,14.6,0.0,0.0,34.2,30.0,76.9,4.1,0.0,0.0,5.5
0.16,553,30.0,14.8,15.2,15.8,14.8,0.0,19.0,0.2,30.0,12.6,30.0,30.0,14.8,0.0,0.2,34.4,30.2,76.9,4.1,0.0,0.0,5.5
0.16,554,30.0,14.8,15.2,15.8,14.8,0.0,19.0,0.0,30.0,12.9,30.0,30.0,14.8,0.0,0.0,34.4,30.2,77.0,4.1,0.1,0.1,5.5
0.16,555,30.0,14.8,15.2,15.8,14.8,0.0,19.0,0.1,30.0,13.4,30.0,30.0,14.8,0.0,0.0,34.4,30.2,77.0,4.1,0.0,0.0,5.5
0.16,556,30.0,15.0,15.0,15.8,15.0,0.0,19.0,0.2,30.0,13.7,30.0,30.0,15.0,0.0,0.2,34.6,30.4,77.1,4.1,0.1,0.1,5.5
0.16,557,29.9,14.9,15.0,15.7,14.9,0.0,19.0,0.0,30.0,13.8,30.0,29.9,14.9,0.1,0.0,34.6,30.4,77.2,4.1,0.2,0.1,5.5
0.16,558,30.0,14.9,15.1,15.8,14.9,0.0,19.0,0.4,30.0,14.1,30.0,30.0,14.9,0.0,0.0,34.6,30.4,77.3,4.1,0.0,0.1,5.5
0.16,559,30.0,15.0,15.0,15.8,15.0,0.0,19.0,0.3,30.0,14.2,30.0,30.0,15.0,0.0,0.1,34.7,30.5,77.3,4.1,0.0,0.0,5.5
0.16,560,30.0,14.8,15.2,15.8,14.8,0.0,19.0,0.3,30.0,14.3,30.0,30.0,14.8,0.0,0.0,34.7,30.5,77.5,4.1,0.2,0.2,5.5
0.16,561,30.0,14.7,15.3,15.8,14.7,0.0,19.0,0.2,30.0,14.3,30.0,30.0,14.7,0.0,0.0,34.7,30.5,77.6,4.1,0.1,0.1,5.5
0.16,562,30.0,14.9,15.1,15.8,14.9,0.0,19.0,0.0,30.0,14.3,30.0,30.0,14.9,0.0,0.2,34.9,30.7,77.6,4.1,0.0,0.0,5.5
0.16,563,30.0,14.9,15.1,15.8,14.9,0.0,19.0,0.2,30.0,14.3,30.0,30.0,14.9,0.0,0.1,35.0,30.8,77.8,4.1,0.2,0.2,5.5
0.16,564,30.0,15.0,15.0,15.8,15.0,0.0,19.0,0.4,30.0,14.4,30.0,30.0,15.0,0.0,0.1,35.1,30.9,77.8,4.1,0.0,0.0,5.5
0.16,565,30.0,15.0,15.0,15.8,15.0,0.0,19.0,0.1,30.0,14.4,30.0,30.0,15.0,0.0,0.0,35.1,30.9,77.9,4.1,0.1,0.1,5.5
0.16,566,30.0,15.0,15.0,15.8,15.0,0.0,19.0,0.3,30.0,14.4,30.0,30.0,15.0,0.0,0.0,35.1,30.9,77.9,4.1,0.0,0.0,5.5
0.16,567,30.0,15.0,15.0,15.8,15.0,0.0,19.0,0.2,30.0,14.6,30.0,30.0,15.0,0.0,0.0,35.1,30.9,77.9,4.1,0.0,0.0,5.5
0.16,568,30.0,14.9,15.1,15.8,14.9,0.0,19.0,0.2,30.0,14.6,30.0,30.0,14.9,0.0,0.0,35.1,30.9,78.0,4.1,0.1,0.1,5.5
0.16,569,30.0,14.9,15.1,15.8,14.9,0.0,19.0,0.4,30.0,14.6,30.0,30.0,14.9,0.0,0.0,35.1,30.9,78.0,4.1,0.0,0.0,5.5
0.16,570,29.9,14.9,15.0,15.7,14.9,0.0,19.0,0.1,30.0,14.6,30.0,29.9,14.9,0.1,0.0,35.1,30.9,78.0,4.1,0.1,0.0,5.5
0.7,0,30.0,0.0,30.0,16.0,0.0,0.0,19.0,0.0,30.0,0.0,30.0,0.0,0.0,0.0,0.0,0.0,0.0,30.0,0.0,0.0,0.0,5.5
0.7,1,30.0,0.0,30.0,16.0,0.0,0.0,19.0,0.0,30.0,0.0,30.0,30.0,0.0,0.0,0.0,0.0,0.0,30.0,0.0,0.0,0.0,5.5
0.7,2,30.0,0.0,30.0,16.0,0.0,0.0,19.0,0.0,30.0,0.0,30.0,30.0,0.0,0.0,0.0,0.0,0.0,30.9,0.0,0.9,0.9,5.5
0.7,3,30.0,0.0,30.0,16.0,0.0,0.0,19.0,0.0,30.0,0.0,30.0,30.0,0.0,0.0,0.0,0.0,0.0,30.9,0.0,0.0,0.0,5.5
0.7,4,30.0,0.0,30.0,16.0,0.0,0.0,19.0,0.0,30.0,0.0,30.0,30.0,0.0,0.0,0.0,0.0,0.0,30.9,0.0,0.0,0.0,5.5
0.7,5,30.0,0.0,30.0,16.0,0.0,0.0,19.0,0.0,30.0,0.0,30.0,30.0,0.0,0.0,0.0,0.0,0.0,30.9,0.0,0.0,0.0,5.5
0.7,6,30.0,0.0,30.0,16.0,0.0,0.0,19.0,0.0,30.0,0.0,30.0,30.0,0.0,0.0,0.0,0.0,0.0,30.9,0.0,0.0,0.0,5.5
0.7,7,30.0,0.0,30.0,16.0,0.0,0.0,19.0,0.0,30.0,0.0,30.0,30.0,0.0,0.0,0.0,0.0,0.0,30.9,0.0,0.0,0.0,5.5
0.7,8,30.0,0.0,30.0,16.0,0.0,0.0,19.0,0.0,30.0,0.0,30.0,30.0,0.0,0.0,0.0,0.0,0.0,30.9,0.0,0.0,0.0,5.5
0.7,9,30.0,0.0,30.0,16.0,0.0,0.0,19.0,0.0,30.0,0.0,30.0,30.0,0.0,0.0,0.0,0.0,0.0,31.8,0.0,0.9,0.9,5.5
0.7,10,30.0,0.0,30.0,16.0,0.0,0.0,19.0,0.0,30.0,0.0,30.0,30.0,0.0,0.0,0.0,0.0,0.0,31.8,0.0,0.0,0.0,5.5
0.7,11,30.0,0.0,30.0,16.0,0.0,0.0,19.0,0.0,30.0,0.0,30.0,30.0,0.0,0.0,0.0,0.0,0.0,31.8,0.0,0.0,0.0,5.5
0.7,12,30.0,0.0,30.0,16.0,0.0,0.0,19.0,0.0,30.0,0.0,30.0,30.0,0.0,0.0,0.0,0.0,0.0,31.8,0.0,0.0,0.0,5.5
0.7,13,30.0,0.0,30.0,16.0,0.0,0.0,19.0,0.0,30.0,0.0,30.0,30.0,0.0,0.0,0.0,0.0,0.0,31.8,0.0,0.0,0.0,5.5
0.7,14,30.0,0.0,30.0,16.0,0.0,0.0,19.0,0.0,30.0,0.0,30.0,30.0,0.0,0.0,0.0,0.0,0.0,31.8,0.0,0.0,0.0,5.5
0.7,15,30.0,0.0,30.0,16.0,0.0,0.0,19.0,0.0,30.0,0.0,30.0,30.0,0.0,0.0,0.0,0.0,0.0,31.8,0.0,0.0,0.0,5.5
0.7,16,30.0,0.0,30.0,16.0,0.0,0.0,19.0,0.0,30.0,0.0,30.0,30.0,0.0,0.0,0.0,0.0,0.0,32.7,0.0,0.9,0.9,5.5
0.7,17,30.0,0.0,30.0,16.0,0.0,0.0,19.0,0.0,30.0,0.0,30.0,30.0,0.0,0.0,0.0,0.0,0.0,32.7,0.0,0.0,0.0,5.5
0.7,18,30.0,0.0,30.0,16.0,0.0,0.0,19.0,0.0,30.0,0.0,30.0,30.0,0.0,0.0,0.0,0.0,0.0,32.7,0.0,0.0,0.0,5.5
0.7,19,30.0,0.0,30.0,16.0,0.0,0.0,19.0,0.0,30.0,0.0,30.0,30.0,0.0,0.0,0.0,0.0,0.0,32.7,0.0,0.0,0.0,5.5
0.7,20,30.0,0.0,30.0,16.0,0.0,0.0,19.0,0.0,30.0,0.0,30.0,30.0,0.0,0.0,0.0,0.0,0.0,32.7,0.0,0.0,0.0,5.5
0.7,21,30.0,0.0,30.0,16.0,0.0,0.0,19.0,0.0,30.0,0.0,30.0,30.0,0.0,0.0,0.0,0.0,0.0,32.7,0.0,0.0,0.0,5.5
0.7,22,30.0,0.0,30.0,16.0,0.0,0.0,19.0,0.0,30.0,0.0,30.0,30.0,0.0,0.0,0.0,0.0,0.0,32.7,0.0,0.0,0.0,5.5
0.7,23,30.0,0.0,30.0,16.0,0.0,0.0,19.0,0.0,30.0,0.0,30.0,30.0,0.0,0.0,0.0,0.0,0.0,33.6,0.0,0.9,0.9,5.5
0.7,24,30.0,0.0,30.0,16.0,0.0,0.0,19.0,0.0,30.0,0.0,30.0,30.0,0.0,0.0,0.0,0.0,0.0,33.6,0.0,0.0,0.0,5.5
0.7,25,30.0,0.0,30.0,16.0,0.0,0.0,19.0,0.0,30.0,0.0,30.0,30.0,0.0,0.0,0.0,0.0,0.0,33.6,0.0,0.0,0.0,5.5
0.7,26,30.0,0.0,30.0,16.0,0.0,0.0,19.0,0.0,30.0,0.0,30.0,30.0,0.0,0.0,0.0,0.0,0.0,33.6,0.0,0.0,0.0,5.5
0.7,27,30.0,0.0,30.0,16.0,0.0,0.0,19.0,0.0,30.0,0.0,30.0,30.0,0.0,0.0,0.0,0.0,0.0,33.6,0.0,0.0,0.0,5.5
0.7,28,30.0,0.0,30.0,16.0,0.0,0.0,19.0,0.0,30.0,0.0,30.0,30.0,0.0,0.0,0.0,0.0,0.0,33.6,0.0,0.0,0.0,5.5
0.7,29,30.0,0.0,30.0,16.0,0.0,0.0,19.0,0.0,30.0,0.0,30.0,30.0,0.0,0.0,0.0,0.0,0.0,33.6,0.0,0.0,0.0,5.5
0.7,30,29.9,0.0,29.9,15.9,0.0,0.0,19.0,0.0,30.0,0.0,30.0,29.9,0.0,0.1,0.0,0.0,0.0,34.4,0.0,0.9,0.8,5.5
0.7,31,30.0,0.0,30.0,16.0,0.0,0.0,19.0,0.0,30.0,0.0,30.0,30.0,0.0,0.0,0.0,0.0,0.0,34.5,0.0,0.0,0.1,5.5
0.7,32,30.0,0.0,30.0,16.0,0.0,0.0,19.0,0.0,30.0,0.0,30.0,30.0,0.0,0.0,0.0,0.0,0.0,34.5,0.0,0.0,0.0,5.5
0.7,33,30.0,0.0,30.0,16.0,0.0,0.0,19.0,0.0,30.0,0.0,30.0,30.0,0.0,0.0,0.0,0.0,0.0,34.5,0.0,0.0,0.0,5.5
0.7,34,30.0,0.0,30.0,16.0,0.0,0.0,19.0,0.0,30.0,0.0,30.0,30.0,0.0,0.0,0.0,0.0,0.0,34.5,0.0,0.0,0.0,5.5
0.7,35,30.0,0.0,30.0,16.0,0.0,0.0,19.0,0.0,30.0,0.0,30.0,30.0,0.0,0.0,0.0,0.0,0.0,34.5,0.0,0.0,0.0,5.5
0.7,36,30.0,0.0,30.0,16.0,0.0,0.0,19.0,0.0,30.0,0.0,30.0,30.0,0.0,0.0,0.0,0.0,0.0,34.5,0.0,0.0,0.0,5.5
0.7,37,30.0,0.0,30.0,16.0,0.0,0.0,19.0,0.0,30.0,0.0,30.0,30.0,0.0,0.0,0.0,0.0,0.0,35.3,0.0,0.8,0.8,5.5
0.7,38,30.0,0.0,30.0,16.0,0.0,0.0,19.0,0.0,30.0,0.0,30.0,30.0,0.0,0.0,0.0,0.0,0.0,35.4,0.0,0.1,0.1,5.5
0.7,39,30.0,0.0,30.0,16.0,0.0,0.0,19.0,0.0,30.0,0.0,30.0,30.0,0.0,0.0,0.0,0.0,0.0,35.4,0.0,0.0,0.0,5.5
0.7,40,30.0,0.0,30.0,16.0,0.0,0.0,19.0,0.0,30.0,0.0,30.0,30.0,0.0,0.0,0.0,0.0,0.0,35.4,0.0,0.0,0.0,5.5
0.7,41,30.0,0.0,30.0,16.0,0.0,0.0,19.0,0.0,30.0,0.0,30.0,30.0,0.0,0.0,0.0,0.0,0.0,35.4,0.0,0.0,0.0,5.5
0.7,42,30.0,0.0,30.0,16.0,0.0,0.0,19.0,0.0,30.0,0.0,30.0,30.0,0.0,0.0,0.0,0.0,0.0,35.4,0.0,0.0,0.0,5.5
0.7,43,30.0,0.0,30.0,16.0,0.0,0.0,19.0,0.0,30.0,0.0,30.0,30.0,0.0,0.0,0.0,0.0,0.0,35.4,0.0,0.0,0.0,5.5
0.7,44,30.0,0.0,30.0,16.0,0.0,0.0,19.0,0.0,30.0,0.0,30.0,30.0,0.0,0.0,0.0,0.0,0.0,36.2,0.0,0.8,0.8,5.5
0.7,45,30.0,0.0,30.0,16.0,0.0,0.0,19.0,0.0,30.0,0.0,30.0,30.0,0.0,0.0,0.0,0.0,0.0,36.3,0.0,0.1,0.1,5.5
0.7,46,30.0,0.0,30.0,16.0,0.0,0.0,19.0,0.0,30.0,0.0,30.0,30.0,0.0,0.0,0.0,0.0,0.0,36.3,0.0,0.0,0.0,5.5
0.7,47,30.0,0.0,30.0,16.0,0.0,0.0,19.0,0.0,30.0,0.0,30.0,30.0,0.0,0.0,0.0,0.0,0.0,36.3,0.0,0.0,0.0,5.5
0.7,48,30.0,0.0,30.0,16.0,0.0,0.0,19.0,0.0,30.0,0.0,30.0,30.0,0.0,0.0,0.0,0.0,0.0,36.3,0.0,0.0,0.0,5.5
0.7,49,30.0,0.0,30.0,16.0,0.0,0.0,19.0,0.0,30.0,0.0,30.0,30.0,0.0,0.0,0.0,0.0,0.0,36.3,0.0,0.0,0.0,5.5
0.7,50,30.0,0.0,30.0,16.0,0.0,0.0,19.0,0.0,30.0,0.0,30.0,30.0,0.0,0.0,0.0,0.0,0.0,36.3,0.0,0.0,0.0,5.5
0.7,51,29.7,0.0,29.7,16.0,0.0,0.0,19.0,0.0,30.0,0.0,30.0,29.7,0.0,0.0,0.0,0.0,0.0,36.8,0.0,0.8,0.5,5.5
0.7,52,30.0,0.0,30.0,16.0,0.0,0.0,19.0,0.0,30.0,0.0,30.0,30.0,0.0,0.0,0.0,0.0,0.0,37.2,0.0,0.1,0.4,5.5
0.7,53,30.0,0.0,30.0,16.0,0.0,0.0,19.0,0.0,30.0,0.0,30.0,30.0,0.0,0.0,0.0,0.0,0.0,37.2,0.0,0.0,0.0,5.5
0.7,54,30.0,0.0,30.0,16.0,0.0,0.0,19.0,0.0,30.0,0.0,30.0,30.0,0.0,0.0,0.0,0.0,0.0,37.2,0.0,0.0,0.0,5.5
0.7,55,30.0,0.0,30.0,16.0,0.0,0.0,19.0,0.0,30.0,0.0,30.0,30.0,0.0,0.0,0.0,0.0,0.0,37.2,0.0,0.0,0.0,5.5
0.7,56,30.0,0.0,30.0,16.0,0.0,0.0,19.0,0.0,30.0,0.0,30.0,30.0,0.0,0.0,0.0,0.0,0.0,37.2,0.0,0.0,0.0,5.5
0.7,57,30.0,0.0,30.0,16.0,0.0,0.0,19.0,0.0,30.0,0.0,30.0,30.0,0.0,0.0,0.0,0.0,0.0,37.2,0.0,0.0,0.0,5.5
0.7,58,29.8,0.0,29.8,16.0,0.0,0.0,19.0,0.0,30.0,0.0,30.0,29.8,0.0,0.0,0.0,0.0,0.0,37.5,0.0,0.5,0.3,5.5
0.7,59,30.0,0.0,30.0,16.0,0.0,0.0,19.0,0.0,30.0,0.0,30.0,30.0,0.0,0.0,0.0,0.0,0.0,38.1,0.0,0.4,0.6,5.5
0.7,60,30.0,0.0,30.0,16.0,0.0,0.0,19.0,0.0,30.0,0.0,30.0,30.0,0.0,0.0,0.0,0.0,0.0,38.1,0.0,0.0,0.0,5.5
0.7,61,30.0,0.0,30.0,16.0,0.0,0.0,19.0,0.0,30.0,0.0,30.0,30.0,0.0,0.0,0.0,0.0,0.0,38.1,0.0,0.0,0.0,5.5
0.7,62,30.0,0.0,30.0,16.0,0.0,0.0,19.0,0.0,30.0,0.0,30.0,30.0,0.0,0.0,0.0,0.0,0.0,38.1,0.0,0.0,0.0,5.5
0.7,63,30.0,0.0,30.0,16.0,0.0,0.0,19.0,0.0,30.0,0.0,30.0,30.0,0.0,0.0,0.0,0.0,0.0,38.1,0.0,0.0,0.0,5.5
0.7,64,30.0,0.0,30.0,16.0,0.0,0.0,19.0,0.0,30.0,0.0,30.0,30.0,0.0,0.0,0.0,0.0,0.0,38.1,0.0,0.0,0.0,5.5
0.7,65,29.9,0.2,29.7,16.0,0.2,0.2,19.0,0.0,30.0,0.0,30.0,29.9,0.2,0.0,0.0,0.2,0.0,38.3,0.0,0.3,0.2,5.5
0.7,66,30.0,1.0,29.0,16.0,1.0,0.5,19.0,0.0,30.0,0.9,30.0,30.0,1.0,0.0,0.5,1.0,0.5,39.0,0.0,0.6,0.7,5.5
0.7,67,30.0,3.7,26.3,16.0,3.6,0.5,19.0,0.2,30.0,3.8,30.0,30.0,3.6,0.0,2.7,3.7,3.2,39.0,0.0,0.0,0.0,5.5
0.7,68,30.0,6.8,23.2,16.0,6.8,0.5,19.0,0.2,30.0,7.4,30.0,30.0,6.8,0.0,3.1,6.8,6.3,39.0,0.0,0.0,0.0,5.5
0.7,69,30.0,10.0,20.0,16.0,10.0,0.5,19.0,0.4,30.0,10.2,30.0,30.0,10.0,0.0,3.2,10.0,9.5,39.0,0.1,0.0,0.0,5.5
0.7,70,30.0,11.1,18.9,16.0,11.1,0.5,19.0,0.3,30.0,11.4,30.0,30.0,11.1,0.0,1.1,11.1,10.6,39.0,0.1,0.0,0.0,5.5
0.7,71,30.0,13.1,16.9,16.0,13.1,0.5,19.0,0.5,30.0,13.6,30.0,30.0,13.1,0.0,2.0,13.1,12.6,39.0,0.2,0.0,0.0,5.5
0.7,72,29.9,14.7,15.2,15.9,14.7,0.3,19.0,0.5,30.0,15.0,30.0,29.9,14.7,0.0,1.8,14.9,14.4,39.1,0.3,0.2,0.1,5.5
0.7,73,30.0,15.0,15.0,15.9,15.0,0.0,19.0,0.7,30.0,15.0,30.0,30.0,15.0,0.0,0.6,15.5,15.0,39.5,0.4,0.3,0.4,5.5
0.7,74,30.0,15.0,15.0,15.9,15.0,0.0,19.0,0.8,30.0,15.0,30.0,30.0,15.0,0.0,0.0,15.5,15.0,39.5,0.4,0.0,0.0,5.5
0.7,75,30.0,15.0,15.0,15.9,15.0,0.0,19.0,0.8,30.0,15.0,30.0,30.0,15.0,0.0,0.0,15.5,15.0,39.5,0.4,0.0,0.0,5.5
0.7,76,30.0,15.0,15.0,15.9,15.0,0.0,19.0,0.6,30.0,15.0,30.0,30.0,15.0,0.0,0.0,15.5,15.0,39.5,0.4,0.0,0.0,5.5
0.7,77,30.0,15.0,15.0,15.9,15.0,0.0,19.0,0.6,30.0,15.0,30.0,30.0,15.0,0.0,0.0,15.5,15.0,39.5,0.4,0.0,0.0,5.5
0.7,78,30.0,15.0,15.0,15.9,15.0,0.0,19.0,0.3,30.0,15.0,30.0,30.0,15.0,0.0,0.0,15.5,15.0,39.5,0.4,0.0,0.0,5.5
0.7,79,30.0,15.0,15.0,15.9,15.0,0.0,19.0,0.8,30.0,15.0,30.0,30.0,15.0,0.0,0.0,15.5,15.0,39.5,0.4,0.0,0.0,5.5
0.7,80,29.9,14.7,15.2,15.8,14.7,0.0,19.0,0.7,30.0,15.0,30.0,29.9,14.7,0.0,0.1,15.6,15.1,39.8,0.6,0.4,0.3,5.5
0.7,81,30.0,15.0,15.0,15.8,15.0,0.0,19.0,0.5,30.0,15.0,30.0,30.0,15.0,0.0,0.3,15.9,15.4,39.9,0.6,0.0,0.1,5.5
0.7,82,30.0,15.0,15.0,15.8,15.0,0.0,19.0,0.7,30.0,15.0,30.0,30.0,15.0,0.0,0.0,15.9,15.4,39.9,0.6,0.0,0.0,5.5
0.7,83,30.0,15.0,15.0,15.8,15.0,0.0,19.0,0.7,30.0,15.0,30.0,30.0,15.0,0.0,0.0,15.9,15.4,39.9,0.6,0.0,0.0,5.5
0.7,84,30.0,15.0,15.0,15.8,15.0,0.0,19.0,0.8,30.0,15.0,30.0,30.0,15.0,0.0,0.0,15.9,15.4,39.9,0.6,0.0,0.0,5.5
0.7,85,30.0,15.0,15.0,15.8,15.0,0.0,19.0,0.8,30.0,15.0,30.0,30.0,15.0,0.0,0.0,15.9,15.4,39.9,0.6,0.0,0.0,5.5
0.7,86,29.9,14.9,15.0,15.8,14.9,0.0,19.0,0.5,30.0,15.0,30.0,29.9,14.9,0.0,0.0,15.9,15.4,39.9,0.6,0.1,0.0,5.5
0.7,87,30.0,14.9,15.1,15.8,14.9,0.0,19.0,0.7,30.0,15.0,30.0,30.0,14.9,0.0,0.4,16.3,15.8,40.4,0.6,0.4,0.5,5.5
0.7,88,30.0,15.0,15.0,15.8,15.0,0.0,19.0,0.6,30.0,15.0,30.0,30.0,15.0,0.0,0.1,16.4,15.9,40.4,0.6,0.0,0.0,5.5
0.7,89,30.0,15.0,15.0,15.8,15.0,0.0,19.0,0.8,30.0,15.0,30.0,30.0,15.0,0.0,0.0,16.4,15.9,40.4,0.6,0.0,0.0,5.5
0.7,90,30.0,15.0,15.0,15.8,15.0,0.0,19.0,0.6,30.0,15.0,30.0,30.0,15.0,0.0,0.0,16.4,15.9,40.4,0.6,0.0,0.0,5.5
0.7,91,30.0,15.0,15.0,15.8,15.0,0.0,19.0,0.4,30.0,15.0,30.0,30.0,15.0,0.0,0.0,16.4,15.9,40.4,0.6,0.0,0.0,5.5
0.7,92,30.0,15.0,15.0,15.8,15.0,0.0,19.0,0.5,30.0,15.0,30.0,30.0,15.0,0.0,0.0,16.4,15.9,40.4,0.6,0.0,0.0,5.5
0.7,93,30.0,15.0,15.0,15.8,15.0,0.0,19.0,0.7,30.0,15.0,30.0,30.0,15.0,0.0,0.0,16.4,15.9,40.4,0.6,0.0,0.0,5.5
0.7,94,30.0,14.9,15.1,15.8,14.9,0.0,19.0,0.5,30.0,15.0,30.0,30.0,14.9,0.0,0.2,16.6,16.1,40.7,0.6,0.3,0.3,5.5
0.7,95,30.0,15.0,15.0,15.8,15.0,0.0,19.0,0.6,30.0,15.0,30.0,30.0,15.0,0.0,0.2,16.8,16.3,40.8,0.6,0.1,0.1,5.5
0.7,96,30.0,15.0,15.0,15.8,15.0,0.0,19.0,0.7,30.0,15.0,30.0,30.0,15.0,0.0,0.0,16.8,16.3,40.8,0.6,0.0,0.0,5.5
0.7,97,30.0,15.0,15.0,15.8,15.0,0.0,19.0,0.7,30.0,15.0,30.0,30.0,15.0,0.0,0.0,16.8,16.3,40.8,0.6,0.0,0.0,5.5
0.7,98,30.0,15.0,15.0,15.8,15.0,0.0,19.0,0.8,30.0,15.0,30.0,30.0,15.0,0.0,0.0,16.8,16.3,40.8,0.6,0.0,0.0,5.5
0.7,99,30.0,15.0,15.0,15.8,15.0,0.0,19.0,0.9,30.0,15.0,30.0,30.0,15.0,0.0,0.0,16.8,16.3,40.8,0.6,0.0,0.0,5.5
0.7,100,30.0,15.0,15.0,15.8,15.0,0.0,19.0,1.0,30.0,15.0,30.0,30.0,15.0,0.0,0.0,16.8,16.3,40.8,0.6,0.0,0.0,5.5
0.7,101,30.0,14.9,15.1,15.8,14.9,0.0,19.0,0.8,30.0,15.0,30.0,30.0,14.9,0.0,0.4,17.2,16.7,41.3,0.6,0.5,0.5,5.5
0.7,102,30.0,15.0,15.0,15.8,15.0,0.0,19.0,0.9,30.0,15.0,30.0,30.0,15.0,0.0,0.1,17.3,16.8,41.3,0.6,0.0,0.0,5.5
0.7,103,30.0,15.0,15.0,15.8,15.0,0.0,19.0,0.7,30.0,15.0,30.0,30.0,15.0,0.0,0.0,17.3,16.8,41.3,0.6,0.0,0.0,5.5
0.7,104,30.0,15.0,15.0,15.8,15.0,0.0,19.0,0.5,30.0,15.0,30.0,30.0,15.0,0.0,0.0,17.3,16.8,41.3,0.6,0.0,0.0,5.5
0.7,105,30.0,15.0,15.0,15.8,15.0,0.0,19.0,0.9,30.0,15.0,30.0,30.0,15.0,0.0,0.0,17.3,16.8,41.3,0.6,0.0,0.0,5.5
0.7,106,30.0,15.0,15.0,15.8,15.0,0.0,19.0,0.5,30.0,15.0,30.0,30.0,15.0,0.0,0.0,17.3,16.8,41.3,0.6,0.0,0.0,5.5
0.7,107,30.0,15.0,15.0,15.8,15.0,0.0,19.0,0.4,30.0,15.0,30.0,30.0,15.0,0.0,0.0,17.3,16.8,41.3,0.6,0.0,0.0,5.5
0.7,108,29.9,14.8,15.1,15.8,14.8,0.0,19.0,0.5,30.0,15.0,30.0,29.9,14.8,0.0,0.1,17.4,16.9,41.5,0.6,0.3,0.2,5.5
0.7,109,30.0,15.0,15.0,15.8,15.0,0.0,19.0,0.6,30.0,15.0,30.0,30.0,15.0,0.0,0.3,17.7,17.2,41.7,0.6,0.1,0.2,5.5
0.7,110,30.0,15.0,15.0,15.8,15.0,0.0,19.0,0.5,30.0,15.0,30.0,30.0,15.0,0.0,0.0,17.7,17.2,41.7,0.6,0.0,0.0,5.5
0.7,111,30.0,15.0,15.0,15.8,15.0,0.0,19.0,0.9,30.0,15.0,30.0,30.0,15.0,0.0,0.0,17.7,17.2,41.7,0.6,0.0,0.0,5.5
0.7,112,30.0,15.0,15.0,15.8,15.0,0.0,19.0,0.7,30.0,15.0,30.0,30.0,15.0,0.0,0.0,17.7,17.2,41.7,0.6,0.0,0.0,5.5
0.7,113,30.0,15.0,15.0,15.8,15.0,0.0,19.0,0.6,30.0,15.0,30.0,30.0,15.0,0.0,0.0,17.7,17.2,41.7,0.6,0.0,0.0,5.5
0.7,114,30.0,15.0,15.0,15.8,15.0,0.0,19.0,0.4,30.0,15.0,30.0,30.0,15.0,0.0,0.0,17.7,17.2,41.7,0.6,0.0,0.0,5.5
0.7,115,30.0,14.8,15.2,15.8,14.8,0.0,19.0,0.6,30.0,15.0,30.0,30.0,14.8,0.0,0.3,18.0,17.5,42.2,0.6,0.5,0.5,5.5
0.7,116,30.0,15.0,15.0,15.8,15.0,0.0,19.0,0.8,30.0,15.0,30.0,30.0,15.0,0.0,0.2,18.2,17.7,42.2,0.6,0.0,0.0,5.5
0.7,117,30.0,15.0,15.0,15.8,15.0,0.0,19.0,0.8,30.0,15.0,30.0,30.0,15.0,0.0,0.0,18.2,17.7,42.2,0.6,0.0,0.0,5.5
0.7,118,30.0,15.0,15.0,15.8,15.0,0.0,19.0,0.6,30.0,15.0,30.0,30.0,15.0,0.0,0.0,18.2,17.7,42.2,0.6,0.0,0.0,5.5
0.7,119,30.0,15.0,15.0,15.8,15.0,0.0,19.0,0.6,30.0,15.0,30.0,30.0,15.0,0.0,0.0,18.2,17.7,42.2,0.6,0.0,0.0,5.5
0.7,120,30.0,15.0,15.0,15.8,15.0,0.0,19.0,0.2,30.0,15.0,30.0,30.0,15.0,0.0,0.0,18.2,17.7,42.2,0.6,0.0,0.0,5.5
0.7,121,30.0,15.0,15.0,15.8,15.0,0.0,19.0,0.5,30.0,15.0,30.0,30.0,15.0,0.0,0.0,18.2,17.7,42.2,0.6,0.0,0.0,5.5
0.7,122,30.0,15.0,15.0,15.8,15.0,0.1,19.0,0.6,30.0,15.0,30.0,30.0,15.0,0.0,0.1,18.4,17.8,42.4,0.6,0.2,0.2,5.5
0.7,123,30.0,15.0,15.0,15.8,15.0,0.3,19.0,1.0,30.0,15.0,30.0,30.0,15.0,0.0,0.0,18.6,17.8,42.6,0.6,0.2,0.2,5.5
0.7,124,30.0,15.0,15.0,15.8,15.0,0.3,19.0,0.4,30.0,15.0,30.0,30.0,15.0,0.0,0.0,18.6,17.8,42.6,0.6,0.0,0.0,5.5
0.7,125,30.0,15.0,15.0,15.8,15.0,0.3,19.0,0.3,30.0,15.0,30.0,30.0,15.0,0.0,0.0,18.6,17.8,42.6,0.6,0.0,0.0,5.5
0.7,126,30.0,15.0,15.0,15.8,15.0,0.3,19.0,0.5,30.0,15.0,30.0,30.0,15.0,0.0,0.0,18.6,17.8,42.6,0.6,0.0,0.0,5.5
0.7,127,30.0,15.0,15.0,15.8,15.0,0.3,19.0,0.6,30.0,15.0,30.0,30.0,15.0,0.0,0.0,18.6,17.8,42.6,0.6,0.0,0.0,5.5
0.7,128,30.0,15.0,15.0,15.8,15.0,0.3,19.0,0.6,30.0,15.0,30.0,30.0,15.0,0.0,0.0,18.6,17.8,42.6,0.6,0.0,0.0,5.5
0.7,129,30.0,14.8,15.2,15.8,14.8,0.4,19.0,0.8,30.0,15.0,30.0,30.0,14.8,0.0,0.2,19.0,18.0,43.2,0.6,0.6,0.6,5.5
0.7,130,30.0,14.8,15.2,15.8,14.8,0.2,19.0,0.8,30.0,15.0,30.0,30.0,14.8,0.0,0.2,19.2,18.2,43.4,0.6,0.2,0.2,5.5
0.7,131,30.0,15.0,15.0,15.8,15.0,0.2,19.0,0.6,30.0,15.0,30.0,30.0,15.0,0.0,0.2,19.4,18.4,43.4,0.6,0.0,0.0,5.5
0.7,132,30.0,15.0,15.0,15.8,15.0,0.2,19.0,0.6,30.0,15.0,30.0,30.0,15.0,0.0,0.0,19.4,18.4,43.4,0.6,0.0,0.0,5.5
0.7,133,30.0,15.0,15.0,15.8,15.0,0.2,19.0,0.5,30.0,15.0,30.0,30.0,15.0,0.0,0.0,19.4,18.4,43.4,0.6,0.0,0.0,5.5
0.7,134,30.0,15.0,15.0,15.8,15.0,0.2,19.0,0.8,30.0,15.0,30.0,30.0,15.0,0.0,0.0,19.4,18.4,43.4,0.6,0.0,0.0,5.5
0.7,135,30.0,15.0,15.0,15.8,15.0,0.2,19.0,0.9,30.0,15.0,30.0,30.0,15.0,0.0,0.0,19.4,18.4,43.4,0.6,0.0,0.0,5.5
0.7,136,29.8,14.7,15.1,15.8,14.7,0.0,19.0,0.7,30.0,15.0,30.0,29.8,14.7,0.0,0.0,19.4,18.4,43.5,0.6,0.3,0.1,5.5
0.7,137,30.0,15.0,15.0,15.8,15.0,0.0,19.0,1.0,30.0,15.0,30.0,30.0,15.0,0.0,0.3,19.7,18.7,43.7,0.6,0.0,0.2,5.5
0.7,138,30.0,15.0,15.0,15.8,15.0,0.0,19.0,0.3,30.0,15.0,30.0,30.0,15.0,0.0,0.0,19.7,18.7,43.7,0.6,0.0,0.0,5.5
0.7,139,30.0,15.0,15.0,15.8,15.0,0.0,19.0,0.5,30.0,15.0,30.0,30.0,15.0,0.0,0.0,19.7,18.7,43.7,0.6,0.0,0.0,5.5
0.7,140,30.0,15.0,15.0,15.8,15.0,0.0,19.0,1.1,30.0,15.0,30.0,30.0,15.0,0.0,0.0,19.7,18.7,43.7,0.6,0.0,0.0,5.5
0.7,141,30.0,15.0,15.0,15.8,15.0,0.0,19.0,0.5,30.0,15.0,30.0,30.0,15.0,0.0,0.0,19.7,18.7,43.7,0.6,0.0,0.0,5.5
0.7,142,30.0,15.0,15.0,15.8,15.0,0.0,19.0,0.7,30.0,15.0,30.0,30.0,15.0,0.0,0.0,19.7,18.7,43.7,0.6,0.0,0.0,5.5
0.7,143,29.9,14.8,15.1,15.8,14.8,0.0,19.0,0.3,30.0,15.0,30.0,29.9,14.8,0.0,0.2,19.9,18.9,44.0,0.6,0.4,0.3,5.5
0.7,144,30.0,15.0,15.0,15.8,14.9,0.0,19.0,0.8,30.0,15.0,30.0,30.0,14.9,0.0,0.4,20.3,19.3,44.3,0.6,0.2,0.3,5.5
0.7,145,30.0,15.0,15.0,15.8,15.0,0.0,19.0,0.9,30.0,15.0,30.0,30.0,15.0,0.0,0.0,20.3,19.3,44.3,0.6,0.0,0.0,5.5
0.7,146,30.0,15.0,15.0,15.8,15.0,0.0,19.0,0.7,30.0,15.0,30.0,30.0,15.0,0.0,0.0,20.3,19.3,44.3,0.6,0.0,0.0,5.5
0.7,147,30.0,15.0,15.0,15.8,15.0,0.0,19.0,0.5,30.0,15.0,30.0,30.0,15.0,0.0,0.0,20.3,19.3,44.3,0.6,0.0,0.0,5.5
0.7,148,30.0,15.0,15.0,15.8,15.0,0.0,19.0,0.5,30.0,15.0,30.0,30.0,15.0,0.0,0.0,20.3,19.3,44.3,0.6,0.0,0.0,5.5
0.7,149,30.0,15.0,15.0,15.8,15.0,0.0,19.0,0.7,30.0,15.0,30.0,30.0,15.0,0.0,0.0,20.3,19.3,44.3,0.6,0.0,0.0,5.5
0.7,150,30.0,14.9,15.1,15.8,14.9,0.0,19.0,0.9,30.0,15.0,30.0,30.0,14.9,0.0,0.0,20.3,19.3,44.4,0.6,0.1,0.1,5.5
0.7,151,30.0,14.9,15.1,15.8,14.9,0.0,19.0,0.7,30.0,15.0,30.0,30.0,14.9,0.0,0.2,20.5,19.5,44.6,0.6,0.2,0.2,5.5
0.7,152,30.0,15.0,15.0,15.8,15.0,0.0,19.0,0.6,30.0,15.0,30.0,30.0,15.0,0.0,0.1,20.6,19.6,44.6,0.6,0.0,0.0,5.5
0.7,153,30.0,15.0,15.0,15.8,15.0,0.0,19.0,0.4,30.0,15.0,30.0,30.0,15.0,0.0,0.0,20.6,19.6,44.6,0.6,0.0,0.0,5.5
0.7,154,30.0,15.0,15.0,15.8,15.0,0.0,19.0,0.6,30.0,15.0,30.0,30.0,15.0,0.0,0.0,20.6,19.6,44.6,0.6,0.0,0.0,5.5
0.7,155,30.0,15.0,15.0,15.8,15.0,0.0,19.0,0.2,30.0,15.0,30.0,30.0,15.0,0.0,0.0,20.6,19.6,44.6,0.6,0.0,0.0,5.5
0.7,156,30.0,15.0,15.0,15.8,15.0,0.0,19.0,0.5,30.0,15.0,30.0,30.0,15.0,0.0,0.0,20.6,19.6,44.6,0.6,0.0,0.0,5.5
0.7,157,29.9,14.9,15.0,15.8,14.9,0.0,19.0,0.4,30.0,15.0,30.0,29.9,14.9,0.0,0.2,20.8,19.8,44.8,0.6,0.3,0.2,5.5
0.7,158,29.8,14.8,15.0,15.8,14.8,0.0,19.0,0.8,30.0,15.0,30.0,29.8,14.8,0.0,0.2,21.0,20.0,45.0,0.6,0.3,0.2,5.5
0.7,159,30.0,15.0,15.0,15.8,15.0,0.0,19.0,0.7,30.0,15.0,30.0,30.0,15.0,0.0,0.2,21.2,20.2,45.2,0.6,0.0,0.2,5.5
0.7,160,30.0,15.0,15.0,15.8,15.0,0.0,19.0,0.5,30.0,15.0,30.0,30.0,15.0,0.0,0.0,21.2,20.2,45.2,0.6,0.0,0.0,5.5
0.7,161,30.0,15.0,15.0,15.8,15.0,0.0,19.0,0.5,30.0,15.0,30.0,30.0,15.0,0.0,0.0,21.2,20.2,45.2,0.6,0.0,0.0,5.5
0.7,162,30.0,15.0,15.0,15.8,15.0,0.0,19.0,0.8,30.0,15.0,30.0,30.0,15.0,0.0,0.0,21.2,20.2,45.2,0.6,0.0,0.0,5.5
0.7,163,30.0,15.0,15.0,15.8,15.0,0.0,19.0,1.0,30.0,15.0,30.0,30.0,15.0,0.0,0.0,21.2,20.2,45.2,0.6,0.0,0.0,5.5
0.7,164,29.9,14.9,15.0,15.8,14.9,0.0,19.0,0.9,30.0,15.0,30.0,29.9,14.9,0.0,0.0,21.2,20.2,45.2,0.6,0.1,0.0,5.5
0.7,165,30.0,15.0,15.0,15.8,14.9,0.0,19.0,0.6,30.0,15.0,30.0,30.0,14.9,0.0,0.3,21.5,20.5,45.5,0.6,0.2,0.3,5.5
0.7,166,30.0,15.0,15.0,15.8,15.0,0.0,19.0,0.8,30.0,15.0,30.0,30.0,15.0,0.0,0.0,21.5,20.5,45.5,0.6,0.0,0.0,5.5
0.7,167,30.0,15.0,15.0,15.8,15.0,0.0,19.0,0.5,30.0,15.0,30.0,30.0,15.0,0.0,0.0,21.5,20.5,45.5,0.6,0.0,0.0,5.5
0.7,168,30.0,15.0,15.0,15.8,15.0,0.0,19.0,0.5,30.0,15.0,30.0,30.0,15.0,0.0,0.0,21.5,20.5,45.5,0.6,0.0,0.0,5.5
0.7,169,30.0,15.0,15.0,15.8,15.0,0.0,19.0,0.6,30.0,15.0,30.0,30.0,15.0,0.0,0.0,21.5,20.5,45.5,0.6,0.0,0.0,5.5
0.7,170,30.0,15.0,15.0,15.8,15.0,0.0,19.0,0.6,30.0,15.0,30.0,30.0,15.0,0.0,0.0,21.5,20.5,45.5,0.6,0.0,0.0,5.5
0.7,171,30.0,14.9,15.1,15.8,14.9,0.0,19.0,0.7,30.0,15.0,30.0,30.0,14.9,0.0,0.1,21.6,20.6,45.7,0.6,0.2,0.2,5.5
0.7,172,30.0,15.0,15.0,15.8,15.0,0.0,19.0,0.6,30.0,15.0,30.0,30.0,15.0,0.0,0.3,21.9,20.9,45.9,0.6,0.2,0.2,5.5
0.7,173,30.0,15.0,15.0,15.8,15.0,0.0,19.0,0.7,30.0,15.0,30.0,30.0,15.0,0.0,0.2,22.1,21.1,46.1,0.6,0.2,0.2,5.5
0.7,174,30.0,15.0,15.0,15.8,15.0,0.0,19.0,0.9,30.0,15.0,30.0,30.0,15.0,0.0,0.0,22.1,21.1,46.1,0.6,0.0,0.0,5.5
0.7,175,30.0,15.0,15.0,15.8,15.0,0.0,19.0,0.5,30.0,15.0,30.0,30.0,15.0,0.0,0.0,22.1,21.1,46.1,0.6,0.0,0.0,5.5
0.7,176,30.0,15.0,15.0,15.8,15.0,0.0,19.0,0.3,30.0,15.0,30.0,30.0,15.0,0.0,0.0,22.1,21.1,46.1,0.6,0.0,0.0,5.5
0.7,177,30.0,15.0,15.0,15.8,15.0,0.0,19.0,0.6,30.0,15.0,30.0,30.0,15.0,0.0,0.0,22.1,21.1,46.1,0.6,0.0,0.0,5.5
0.7,178,30.0,15.0,15.0,15.8,15.0,0.0,19.0,0.6,30.0,15.0,30.0,30.0,15.0,0.0,0.0,22.1,21.1,46.1,0.6,0.0,0.0,5.5
0.7,179,30.0,14.9,15.1,15.8,14.9,0.0,19.0,0.9,30.0,15.0,30.0,30.0,14.9,0.0,0.2,22.3,21.3,46.4,0.6,0.3,0.3,5.5
0.7,180,30.0,15.0,15.0,15.8,15.0,0.0,19.0,0.5,30.0,15.0,30.0,30.0,15.0,0.0,0.1,22.4,21.4,46.4,0.6,0.0,0.0,5.5
0.7,181,30.0,15.0,15.0,15.8,15.0,0.0,19.0,0.7,30.0,13.7,30.0,30.0,15.0,0.0,0.0,22.4,21.4,46.4,0.6,0.0,0.0,5.5
0.7,182,30.0,15.0,15.0,15.8,15.0,0.0,19.0,0.6,30.0,15.0,30.0,30.0,15.0,0.0,0.0,22.4,21.4,46.4,0.6,0.0,0.0,5.5
0.7,183,30.0,15.0,15.0,15.8,15.0,0.0,19.0,1.3,30.0,15.0,30.0,30.0,15.0,0.0,0.0,22.4,21.4,46.4,0.6,0.0,0.0,5.5
0.7,184,30.0,15.0,15.0,15.8,15.0,0.0,19.0,0.7,30.0,15.0,30.0,30.0,15.0,0.0,0.0,22.4,21.4,46.4,0.6,0.0,0.0,5.5
0.7,185,29.9,14.8,15.1,15.8,14.8,0.0,19.0,0.6,30.0,15.0,30.0,29.9,14.8,0.0,0.0,22.4,21.4,46.5,0.6,0.2,0.1,5.5
0.7,186,30.0,15.0,15.0,15.8,15.0,0.0,19.0,0.5,30.0,15.0,30.0,30.0,15.0,0.0,0.4,22.8,21.8,46.8,0.6,0.2,0.3,5.5
0.7,187,30.0,15.0,15.0,15.8,15.0,0.0,19.0,0.8,30.0,15.0,30.0,30.0,15.0,0.0,0.2,23.0,22.0,47.0,0.6,0.2,0.2,5.5
0.7,188,30.0,15.0,15.0,15.8,15.0,0.0,19.0,0.6,30.0,15.0,30.0,30.0,15.0,0.0,0.0,23.0,22.0,47.0,0.6,0.0,0.0,5.5
0.7,189,30.0,15.0,15.0,15.8,15.0,0.0,19.0,0.8,30.0,15.0,30.0,30.0,15.0,0.0,0.0,23.0,22.0,47.0,0.6,0.0,0.0,5.5
0.7,190,30.0,15.0,15.0,15.8,15.0,0.0,19.0,0.6,30.0,15.0,30.0,30.0,15.0,0.0,0.0,23.0,22.0,47.0,0.6,0.0,0.0,5.5
0.7,191,30.0,15.0,15.0,15.8,15.0,0.0,19.0,1.0,30.0,15.0,30.0,30.0,15.0,0.0,0.0,23.0,22.0,47.0,0.6,0.0,0.0,5.5
0.7,192,30.0,15.0,15.0,15.8,15.0,0.0,19.0,0.7,30.0,15.0,30.0,30.0,15.0,0.0,0.0,23.0,22.0,47.0,0.6,0.0,0.0,5.5
0.7,193,29.9,14.8,15.1,15.8,14.8,0.0,19.0,0.7,30.0,15.0,30.0,29.9,14.8,0.0,0.1,23.1,22.1,47.2,0.6,0.3,0.2,5.5
0.7,194,30.0,15.0,15.0,15.8,15.0,0.0,19.0,0.5,30.0,15.0,30.0,30.0,15.0,0.0,0.2,23.3,22.3,47.3,0.6,0.0,0.1,5.5
0.7,195,30.0,15.0,15.0,15.8,15.0,0.0,19.0,0.4,30.0,15.0,30.0,30.0,15.0,0.0,0.0,23.3,22.3,47.3,0.6,0.0,0.0,5.5
0.7,196,30.0,15.0,15.0,15.8,15.0,0.0,19.0,0.3,30.0,15.0,30.0,30.0,15.0,0.0,0.0,23.3,22.3,47.3,0.6,0.0,0.0,5.5
0.7,197,30.0,15.0,15.0,15.8,15.0,0.0,19.0,0.5,30.0,15.0,30.0,30.0,15.0,0.0,0.0,23.3,22.3,47.3,0.6,0.0,0.0,5.5
0.7,198,30.0,15.0,15.0,15.8,15.0,0.0,19.0,0.3,30.0,15.0,30.0,30.0,15.0,0.0,0.0,23.3,22.3,47.3,0.6,0.0,0.0,5.5
0.7,199,30.0,14.9,15.1,15.8,14.9,0.0,19.0,1.0,30.0,15.0,30.0,30.0,14.9,0.0,0.0,23.3,22.3,47.4,0.6,0.1,0.1,5.5
0.7,200,29.9,14.9,15.0,15.8,14.9,0.0,19.0,0.7,30.0,15.0,30.0,29.9,14.9,0.0,0.3,23.6,22.6,47.6,0.6,0.3,0.2,5.5
0.7,201,30.0,15.0,15.0,15.8,15.0,0.0,19.0,0.5,30.0,15.0,30.0,30.0,15.0,0.0,0.3,23.9,22.9,47.9,0.6,0.2,0.3,5.5
0.7,202,30.0,15.0,15.0,15.8,15.0,0.0,19.0,0.4,30.0,15.0,30.0,30.0,15.0,0.0,0.0,23.9,22.9,47.9,0.6,0.0,0.0,5.5
0.7,203,30.0,15.0,15.0,15.8,15.0,0.0,19.0,0.4,30.0,15.0,30.0,30.0,15.0,0.0,0.0,23.9,22.9,47.9,0.6,0.0,0.0,5.5
0.7,204,30.0,15.0,15.0,15.8,15.0,0.0,19.0,0.8,30.0,15.0,30.0,30.0,15.0,0.0,0.0,23.9,22.9,47.9,0.6,0.0,0.0,5.5
0.7,205,30.0,15.0,15.0,15.8,15.0,0.0,19.0,0.3,30.0,15.0,30.0,30.0,15.0,0.0,0.0,23.9,22.9,47.9,0.6,0.0,0.0,5.5
0.7,206,30.0,15.0,15.0,15.8,15.0,0.0,19.0,0.5,30.0,15.0,30.0,30.0,15.0,0.0,0.0,23.9,22.9,47.9,0.6,0.0,0.0,5.5
0.7,207,30.0,14.9,15.1,15.8,14.9,0.0,19.0,0.7,30.0,15.0,30.0,30.0,14.9,0.0,0.1,24.0,23.0,48.1,0.6,0.2,0.2,5.5
0.7,208,30.0,15.0,15.0,15.8,15.0,0.0,19.0,0.3,30.0,15.0,30.0,30.0,15.0,0.0,0.2,24.2,23.2,48.2,0.6,0.1,0.1,5.5
0.7,209,30.0,15.0,15.0,15.8,15.0,0.0,19.0,0.5,30.0,15.0,30.0,30.0,15.0,0.0,0.0,24.2,23.2,48.2,0.6,0.0,0.0,5.5
0.7,210,30.0,15.0,15.0,15.8,15.0,0.0,19.0,0.8,30.0,15.0,30.0,30.0,15.0,0.0,0.0,24.2,23.2,48.2,0.6,0.0,0.0,5.5
0.7,211,30.0,15.0,15.0,15.8,15.0,0.0,19.0,0.8,30.0,15.0,30.0,30.0,15.0,0.0,0.0,24.2,23.2,48.2,0.6,0.0,0.0,5.5
0.7,212,30.0,15.0,15.0,15.8,15.0,0.0,19.0,1.1,30.0,15.0,30.0,30.0,15.0,0.0,0.0,24.2,23.2,48.2,0.6,0.0,0.0,5.5
0.7,213,29.9,14.9,15.0,15.8,14.9,0.0,19.0,0.6,30.0,15.0,30.0,29.9,14.9,0.0,0.0,24.2,23.2,48.2,0.6,0.1,0.0,5.5
0.7,214,30.0,15.0,15.0,15.8,15.0,0.0,19.0,0.8,30.0,15.0,30.0,30.0,15.0,0.0,0.3,24.5,23.5,48.5,0.6,0.2,0.3,5.5
0.7,215,30.0,15.0,15.0,15.8,15.0,0.0,19.0,0.5,30.0,15.0,30.0,30.0,15.0,0.0,0.3,24.8,23.8,48.8,0.6,0.3,0.3,5.5
0.7,216,30.0,15.0,15.0,15.8,15.0,0.0,19.0,0.6,30.0,15.0,30.0,30.0,15.0,0.0,0.0,24.8,23.8,48.8,0.6,0.0,0.0,5.5
0.7,217,30.0,15.0,15.0,15.8,15.0,0.0,19.0,0.9,30.0,15.0,30.0,30.0,15.0,0.0,0.0,24.8,23.8,48.8,0.6,0.0,0.0,5.5
0.7,218,30.0,15.0,15.0,15.8,15.0,0.0,19.0,0.5,30.0,15.0,30.0,30.0,15.0,0.0,0.0,24.8,23.8,48.8,0.6,0.0,0.0,5.5
0.7,219,30.0,15.0,15.0,15.8,15.0,0.0,19.0,0.4,30.0,15.0,30.0,30.0,15.0,0.0,0.0,24.8,23.8,48.8,0.6,0.0,0.0,5.5
0.7,220,30.0,15.0,15.0,15.8,15.0,0.0,19.0,0.6,30.0,15.0,30.0,30.0,15.0,0.0,0.0,24.8,23.8,48.8,0.6,0.0,0.0,5.5
0.7,221,30.0,15.0,15.0,15.8,14.9,0.0,19.0,0.7,30.0,15.0,30.0,30.0,14.9,0.0,0.2,25.0,24.0,49.0,0.6,0.2,0.2,5.5
0.7,222,30.0,15.0,15.0,15.8,15.0,0.0,19.0,0.6,30.0,15.0,30.0,30.0,15.0,0.0,0.1,25.1,24.1,49.1,0.6,0.1,0.1,5.5
0.7,223,30.0,15.0,15.0,15.8,15.0,0.0,19.0,0.5,30.0,15.0,30.0,30.0,15.0,0.0,0.0,25.1,24.1,49.1,0.6,0.0,0.0,5.5
0.7,224,30.0,15.0,15.0,15.8,15.0,0.0,19.0,0.9,30.0,15.0,30.0,30.0,15.0,0.0,0.0,25.1,24.1,49.1,0.6,0.0,0.0,5.5
0.7,225,30.0,15.0,15.0,15.8,15.0,0.0,19.0,0.5,30.0,15.0,30.0,30.0,15.0,0.0,0.0,25.1,24.1,49.1,0.6,0.0,0.0,5.5
0.7,226,30.0,15.0,15.0,15.8,15.0,0.0,19.0,1.0,30.0,15.0,30.0,30.0,15.0,0.0,0.0,25.1,24.1,49.1,0.6,0.0,0.0,5.5
0.7,227,30.0,15.0,15.0,15.8,15.0,0.0,19.0,0.7,30.0,15.0,30.0,30.0,15.0,0.0,0.0,25.1,24.1,49.1,0.6,0.0,0.0,5.5
0.7,228,30.0,14.8,15.2,15.8,14.8,0.0,19.0,0.7,30.0,15.0,30.0,30.0,14.8,0.0,0.1,25.2,24.2,49.4,0.6,0.3,0.3,5.5
0.7,229,30.0,15.0,15.0,15.8,15.0,0.0,19.0,0.8,30.0,15.0,30.0,30.0,15.0,0.0,0.5,25.7,24.7,49.7,0.6,0.3,0.3,5.5
0.7,230,30.0,15.0,15.0,15.8,15.0,0.0,19.0,0.5,30.0,15.0,30.0,30.0,15.0,0.0,0.0,25.7,24.7,49.7,0.6,0.0,0.0,5.5
0.7,231,30.0,15.0,15.0,15.8,15.0,0.0,19.0,0.5,30.0,15.0,30.0,30.0,15.0,0.0,0.0,25.7,24.7,49.7,0.6,0.0,0.0,5.5
0.7,232,30.0,15.0,15.0,15.8,15.0,0.0,19.0,0.1,30.0,15.0,30.0,30.0,15.0,0.0,0.0,25.7,24.7,49.7,0.6,0.0,0.0,5.5
0.7,233,30.0,15.0,15.0,15.8,15.0,0.0,19.0,0.9,30.0,15.0,30.0,30.0,15.0,0.0,0.0,25.7,24.7,49.7,0.6,0.0,0.0,5.5
0.7,234,30.0,15.0,15.0,15.8,15.0,0.0,19.0,0.7,30.0,15.0,30.0,30.0,15.0,0.0,0.0,25.7,24.7,49.7,0.6,0.0,0.0,5.5
0.7,235,29.9,14.9,15.0,15.8,14.9,0.0,19.0,0.5,30.0,15.0,30.0,29.9,14.9,0.0,0.1,25.8,24.8,49.8,0.6,0.2,0.1,5.5
0.7,236,30.0,15.0,15.0,15.8,15.0,0.0,19.0,0.8,30.0,15.0,30.0,30.0,15.0,0.0,0.2,26.0,25.0,50.0,0.6,0.1,0.2,5.5
0.7,237,30.0,15.0,15.0,15.8,15.0,0.0,19.0,0.8,30.0,15.0,30.0,30.0,15.0,0.0,0.0,26.0,25.0,50.0,0.6,0.0,0.0,5.5
0.7,238,30.0,15.0,15.0,15.8,15.0,0.0,19.0,0.4,30.0,15.0,30.0,30.0,15.0,0.0,0.0,26.0,25.0,50.0,0.6,0.0,0.0,5.5
0.7,239,30.0,15.0,15.0,15.8,15.0,0.0,19.0,0.5,30.0,15.0,30.0,30.0,15.0,0.0,0.0,26.0,25.0,50.0,0.6,0.0,0.0,5.5
0.7,240,30.0,15.0,15.0,15.8,15.0,0.0,19.0,0.3,30.0,15.0,30.0,30.0,15.0,0.0,0.0,26.0,25.0,50.0,0.6,0.0,0.0,5.5
0.7,241,30.0,15.0,15.0,15.8,15.0,0.0,19.0,0.8,30.0,15.0,30.0,30.0,15.0,0.0,0.0,26.0,25.0,50.0,0.6,0.0,0.0,5.5
0.7,242,30.0,15.0,15.0,15.8,15.0,0.3,19.0,0.4,30.0,15.0,30.0,30.0,15.0,0.0,0.0,26.3,25.0,50.3,0.6,0.3,0.3,5.5
0.7,243,30.0,15.0,15.0,15.8,15.0,0.6,19.0,0.6,30.0,15.0,30.0,30.0,15.0,0.0,0.0,26.6,25.0,50.6,0.6,0.3,0.3,5.5
0.7,244,30.0,15.0,15.0,15.8,15.0,0.6,19.0,1.1,30.0,15.0,30.0,30.0,15.0,0.0,0.0,26.6,25.0,50.6,0.6,0.0,0.0,5.5
0.7,245,30.0,15.0,15.0,15.8,15.0,0.6,19.0,0.6,30.0,15.0,30.0,30.0,15.0,0.0,0.0,26.6,25.0,50.6,0.6,0.0,0.0,5.5
0.7,246,30.0,15.0,15.0,15.8,15.0,0.6,19.0,1.2,30.0,15.0,30.0,30.0,15.0,0.0,0.0,26.6,25.0,50.6,0.6,0.0,0.0,5.5
0.7,247,30.0,15.0,15.0,15.8,15.0,0.6,19.0,0.6,30.0,15.0,30.0,30.0,15.0,0.0,0.0,26.6,25.0,50.6,0.6,0.0,0.0,5.5
0.7,248,30.0,15.0,15.0,15.8,15.0,0.6,19.0,0.7,30.0,15.0,30.0,30.0,15.0,0.0,0.0,26.6,25.0,50.6,0.6,0.0,0.0,5.5
0.7,249,29.9,14.9,15.0,15.8,14.9,0.3,19.0,0.7,30.0,15.0,30.0,29.9,14.9,0.0,0.3,26.9,25.3,50.9,0.6,0.4,0.3,5.5
0.7,250,29.9,14.9,15.0,15.8,14.9,0.2,19.0,0.9,30.0,15.0,30.0,29.9,14.9,0.0,0.3,27.4,25.6,51.4,0.6,0.5,0.5,5.5
0.7,251,30.0,15.0,15.0,15.8,15.0,0.2,19.0,0.4,30.0,15.0,30.0,30.0,15.0,0.0,0.1,27.5,25.7,51.5,0.6,0.0,0.1,5.5
0.7,252,30.0,15.0,15.0,15.8,15.0,0.2,19.0,0.9,30.0,15.0,30.0,30.0,15.0,0.0,0.0,27.5,25.7,51.5,0.6,0.0,0.0,5.5
0.7,253,30.0,15.0,15.0,15.8,15.0,0.2,19.0,1.0,30.0,15.0,30.0,30.0,15.0,0.0,0.0,27.5,25.7,51.5,0.6,0.0,0.0,5.5
0.7,254,30.0,15.0,15.0,15.8,15.0,0.2,19.0,0.9,30.0,15.0,30.0,30.0,15.0,0.0,0.0,27.5,25.7,51.5,0.6,0.0,0.0,5.5
0.7,255,30.0,15.0,15.0,15.8,15.0,0.2,19.0,0.8,30.0,15.0,30.0,30.0,15.0,0.0,0.0,27.5,25.7,51.5,0.6,0.0,0.0,5.5
0.7,256,30.0,15.0,15.0,15.8,15.0,0.2,19.0,0.7,30.0,15.0,30.0,30.0,15.0,0.0,0.0,27.5,25.7,51.5,0.6,0.0,0.0,5.5
0.7,257,30.0,15.0,15.0,15.8,15.0,0.2,19.0,0.4,30.0,15.0,30.0,30.0,15.0,0.0,0.0,27.7,25.7,51.7,0.6,0.2,0.2,5.5
0.7,258,30.0,15.0,15.0,15.8,15.0,0.2,19.0,0.7,30.0,15.0,30.0,30.0,15.0,0.0,0.0,27.7,25.7,51.7,0.6,0.0,0.0,5.5
0.7,259,30.0,15.0,15.0,15.8,15.0,0.2,19.0,0.6,30.0,15.0,30.0,30.0,15.0,0.0,0.0,27.7,25.7,51.7,0.6,0.0,0.0,5.5
0.7,260,30.0,15.0,15.0,15.8,15.0,0.2,19.0,0.6,30.0,15.0,30.0,30.0,15.0,0.0,0.0,27.7,25.7,51.7,0.6,0.0,0.0,5.5
0.7,261,30.0,15.0,15.0,15.8,15.0,0.2,19.0,0.6,30.0,15.0,30.0,30.0,15.0,0.0,0.0,27.7,25.7,51.7,0.6,0.0,0.0,5.5
0.7,262,30.0,15.0,15.0,15.8,15.0,0.2,19.0,0.7,30.0,15.0,30.0,30.0,15.0,0.0,0.0,27.7,25.7,51.7,0.6,0.0,0.0,5.5
0.7,263,29.9,14.8,15.1,15.8,14.8,0.2,19.0,0.6,30.0,15.0,30.0,29.9,14.8,0.0,0.1,27.8,25.8,51.9,0.6,0.3,0.2,5.5
0.7,264,30.0,14.7,15.3,15.8,14.7,0.0,19.0,0.9,30.0,15.0,30.0,30.0,14.7,0.0,0.4,28.2,26.2,52.5,0.6,0.5,0.6,5.5
0.7,265,30.0,15.0,15.0,15.8,15.0,0.0,19.0,0.4,30.0,15.0,30.0,30.0,15.0,0.0,0.4,28.6,26.6,52.6,0.6,0.1,0.1,5.5
0.7,266,30.0,15.0,15.0,15.8,15.0,0.0,19.0,0.7,30.0,15.0,30.0,30.0,15.0,0.0,0.0,28.6,26.6,52.6,0.6,0.0,0.0,5.5
0.7,267,30.0,15.0,15.0,15.8,15.0,0.0,19.0,0.8,30.0,15.0,30.0,30.0,15.0,0.0,0.0,28.6,26.6,52.6,0.6,0.0,0.0,5.5
0.7,268,30.0,15.0,15.0,15.8,15.0,0.0,19.0,0.4,30.0,15.0,30.0,30.0,15.0,0.0,0.0,28.6,26.6,52.6,0.6,0.0,0.0,5.5
0.7,269,30.0,15.0,15.0,15.8,15.0,0.0,19.0,0.9,30.0,15.0,30.0,30.0,15.0,0.0,0.0,28.6,26.6,52.6,0.6,0.0,0.0,5.5
0.7,270,30.0,15.0,15.0,15.8,15.0,0.0,19.0,0.4,30.0,15.0,30.0,30.0,15.0,0.0,0.0,28.6,26.6,52.6,0.6,0.0,0.0,5.5
0.7,271,30.0,15.0,15.0,15.8,15.0,0.0,19.0,0.5,30.0,15.0,30.0,30.0,15.0,0.0,0.0,28.6,26.6,52.6,0.6,0.0,0.0,5.5
0.7,272,30.0,15.0,15.0,15.8,15.0,0.0,19.0,0.5,30.0,15.0,30.0,30.0,15.0,0.0,0.0,28.6,26.6,52.6,0.6,0.0,0.0,5.5
0.7,273,30.0,15.0,15.0,15.8,15.0,0.0,19.0,0.9,30.0,15.0,30.0,30.0,15.0,0.0,0.0,28.6,26.6,52.6,0.6,0.0,0.0,5.5
0.7,274,30.0,15.0,15.0,15.8,15.0,0.0,19.0,0.6,30.0,15.0,30.0,30.0,15.0,0.0,0.0,28.6,26.6,52.6,0.6,0.0,0.0,5.5
0.7,275,30.0,15.0,15.0,15.8,15.0,0.0,19.0,1.0,30.0,15.0,30.0,30.0,15.0,0.0,0.0,28.6,26.6,52.6,0.6,0.0,0.0,5.5
0.7,276,30.0,15.0,15.0,15.8,15.0,0.0,19.0,0.5,30.0,15.0,30.0,30.0,15.0,0.0,0.0,28.6,26.6,52.6,0.6,0.0,0.0,5.5
0.7,277,30.0,14.9,15.1,15.8,14.9,0.0,19.0,0.4,30.0,15.0,30.0,30.0,14.9,0.0,0.1,28.7,26.7,52.8,0.6,0.2,0.2,5.5
0.7,278,29.9,14.8,15.1,15.8,14.8,0.0,19.0,0.7,30.0,15.0,30.0,29.9,14.8,0.0,0.5,29.2,27.2,53.3,0.6,0.6,0.5,5.5
0.7,279,30.0,15.0,15.0,15.8,15.0,0.0,19.0,0.5,30.0,15.0,30.0,30.0,15.0,0.0,0.3,29.5,27.5,53.5,0.6,0.1,0.2,5.5
0.7,280,30.0,15.0,15.0,15.8,15.0,0.0,19.0,0.3,30.0,15.0,30.0,30.0,15.0,0.0,0.0,29.5,27.5,53.5,0.6,0.0,0.0,5.5
0.7,281,30.0,15.0,15.0,15.8,15.0,0.0,19.0,0.6,30.0,15.0,30.0,30.0,15.0,0.0,0.0,29.5,27.5,53.5,0.6,0.0,0.0,5.5
0.7,282,30.0,15.0,15.0,15.8,15.0,0.0,19.0,0.3,30.0,15.0,30.0,30.0,15.0,0.0,0.0,29.5,27.5,53.5,0.6,0.0,0.0,5.5
0.7,283,30.0,15.0,15.0,15.8,15.0,0.0,19.0,1.1,30.0,15.0,30.0,30.0,15.0,0.0,0.0,29.5,27.5,53.5,0.6,0.0,0.0,5.5
0.7,284,30.0,15.0,15.0,15.8,15.0,0.0,19.0,0.6,30.0,15.0,30.0,30.0,15.0,0.0,0.0,29.5,27.5,53.5,0.6,0.0,0.0,5.5
0.7,285,30.0,15.0,15.0,15.8,15.0,0.0,19.0,0.8,30.0,15.0,30.0,30.0,15.0,0.0,0.0,29.5,27.5,53.5,0.6,0.0,0.0,5.5
0.7,286,30.0,15.0,15.0,15.8,15.0,0.0,19.0,0.6,30.0,15.0,30.0,30.0,15.0,0.0,0.0,29.5,27.5,53.5,0.6,0.0,0.0,5.5
0.7,287,30.0,15.0,15.0,15.8,15.0,0.0,19.0,0.7,30.0,15.0,30.0,30.0,15.0,0.0,0.0,29.5,27.5,53.5,0.6,0.0,0.0,5.5
0.7,288,30.0,15.0,15.0,15.8,15.0,0.0,19.0,0.7,30.0,15.0,30.0,30.0,15.0,0.0,0.0,29.5,27.5,53.5,0.6,0.0,0.0,5.5
0.7,289,30.0,15.0,15.0,15.8,15.0,0.0,19.0,0.5,30.0,15.0,30.0,30.0,15.0,0.0,0.0,29.5,27.5,53.5,0.6,0.0,0.0,5.5
0.7,290,30.0,15.0,15.0,15.8,15.0,0.0,19.0,0.6,30.0,15.0,30.0,30.0,15.0,0.0,0.0,29.5,27.5,53.5,0.6,0.0,0.0,5.5
0.7,291,29.8,14.8,15.0,15.8,14.8,0.0,19.0,0.7,30.0,15.0,30.0,29.8,14.8,0.0,0.0,29.5,27.5,53.5,0.6,0.2,0.0,5.5
0.7,292,29.9,14.8,15.1,15.8,14.8,0.0,19.0,0.7,30.0,15.0,30.0,29.9,14.8,0.0,0.5,30.0,28.0,54.1,0.6,0.5,0.6,5.5
0.7,293,30.0,15.0,15.0,15.8,15.0,0.0,19.0,1.0,30.0,15.0,30.0,30.0,15.0,0.0,0.4,30.4,28.4,54.4,0.6,0.2,0.3,5.5
0.7,294,30.0,15.0,15.0,15.8,15.0,0.0,19.0,0.7,30.0,15.0,30.0,30.0,15.0,0.0,0.0,30.4,28.4,54.4,0.6,0.0,0.0,5.5
0.7,295,30.0,15.0,15.0,15.8,15.0,0.0,19.0,1.1,30.0,15.0,30.0,30.0,15.0,0.0,0.0,30.4,28.4,54.4,0.6,0.0,0.0,5.5
0.7,296,30.0,15.0,15.0,15.8,15.0,0.0,19.0,0.7,30.0,15.0,30.0,30.0,15.0,0.0,0.0,30.4,28.4,54.4,0.6,0.0,0.0,5.5
0.7,297,30.0,15.0,15.0,15.8,15.0,0.0,19.0,0.8,30.0,15.0,30.0,30.0,15.0,0.0,0.0,30.4,28.4,54.4,0.6,0.0,0.0,5.5
0.7,298,30.0,15.0,15.0,15.8,15.0,0.0,19.0,0.5,30.0,15.0,30.0,30.0,15.0,0.0,0.0,30.4,28.4,54.4,0.6,0.0,0.0,5.5
0.7,299,30.0,15.0,15.0,15.8,15.0,0.0,19.0,0.4,30.0,15.0,30.0,30.0,15.0,0.0,0.0,30.4,28.4,54.4,0.6,0.0,0.0,5.5
0.7,300,30.0,15.0,15.0,15.8,15.0,0.0,19.0,0.9,30.0,15.0,30.0,30.0,15.0,0.0,0.0,30.4,28.4,54.4,0.6,0.0,0.0,5.5
0.7,301,30.0,15.0,15.0,15.8,15.0,0.0,19.0,0.9,30.0,15.0,30.0,30.0,15.0,0.0,0.0,30.4,28.4,54.4,0.6,0.0,0.0,5.5
0.7,302,30.0,15.0,15.0,15.8,15.0,0.0,19.0,0.7,30.0,15.0,30.0,30.0,15.0,0.0,0.0,30.4,28.4,54.4,0.6,0.0,0.0,5.5
0.7,303,30.0,15.0,15.0,15.8,15.0,0.0,19.0,1.0,30.0,15.0,30.0,30.0,15.0,0.0,0.0,30.4,28.4,54.4,0.6,0.0,0.0,5.5
0.7,304,30.0,15.0,15.0,15.8,15.0,0.0,19.0,0.7,30.0,15.0,30.0,30.0,15.0,0.0,0.0,30.4,28.4,54.4,0.6,0.0,0.0,5.5
0.7,305,30.0,15.0,15.0,15.8,15.0,0.0,19.0,0.6,30.0,15.0,30.0,30.0,15.0,0.0,0.0,30.4,28.4,54.4,0.6,0.0,0.0,5.5
0.7,306,30.0,15.0,15.0,15.8,14.9,0.5,19.0,0.9,30.0,15.0,30.0,30.0,14.9,0.0,0.1,31.0,28.5,55.0,0.6,0.6,0.6,5.5
0.7,307,30.0,15.0,15.0,15.8,15.0,0.8,19.0,0.3,30.0,15.0,30.0,30.0,15.0,0.0,0.0,31.3,28.5,55.3,0.6,0.3,0.3,5.5
0.7,308,30.0,15.0,15.0,15.8,15.0,0.8,19.0,0.4,30.0,15.0,30.0,30.0,15.0,0.0,0.0,31.3,28.5,55.3,0.6,0.0,0.0,5.5
0.7,309,30.0,15.0,15.0,15.8,15.0,0.8,19.0,0.4,30.0,15.0,30.0,30.0,15.0,0.0,0.0,31.3,28.5,55.3,0.6,0.0,0.0,5.5
0.7,310,30.0,15.0,15.0,15.8,15.0,0.8,19.0,0.6,30.0,15.0,30.0,30.0,15.0,0.0,0.0,31.3,28.5,55.3,0.6,0.0,0.0,5.5
0.7,311,30.0,15.0,15.0,15.8,15.0,0.8,19.0,0.7,30.0,15.0,30.0,30.0,15.0,0.0,0.0,31.3,28.5,55.3,0.6,0.0,0.0,5.5
0.7,312,30.0,15.0,15.0,15.8,15.0,0.8,19.0,0.9,30.0,15.0,30.0,30.0,15.0,0.0,0.0,31.3,28.5,55.3,0.6,0.0,0.0,5.5
0.7,313,29.9,14.9,15.0,15.8,14.9,0.4,19.0,0.6,30.0,15.0,30.0,29.9,14.9,0.0,0.3,31.7,28.8,55.7,0.6,0.5,0.4,5.5
0.7,314,30.0,15.0,15.0,15.8,15.0,0.2,19.0,0.8,30.0,15.0,30.0,30.0,15.0,0.0,0.3,32.1,29.1,56.1,0.6,0.3,0.4,5.5
0.7,315,30.0,15.0,15.0,15.8,15.0,0.2,19.0,0.5,30.0,15.0,30.0,30.0,15.0,0.0,0.0,32.1,29.1,56.1,0.6,0.0,0.0,5.5
0.7,316,30.0,15.0,15.0,15.8,15.0,0.2,19.0,0.4,30.0,15.0,30.0,30.0,15.0,0.0,0.0,32.1,29.1,56.1,0.6,0.0,0.0,5.5
0.7,317,30.0,15.0,15.0,15.8,15.0,0.2,19.0,0.7,30.0,15.0,30.0,30.0,15.0,0.0,0.0,32.1,29.1,56.1,0.6,0.0,0.0,5.5
0.7,318,30.0,15.0,15.0,15.8,15.0,0.2,19.0,0.6,30.0,15.0,30.0,30.0,15.0,0.0,0.0,32.1,29.1,56.1,0.6,0.0,0.0,5.5
0.7,319,30.0,15.0,15.0,15.8,15.0,0.2,19.0,0.8,30.0,15.0,30.0,30.0,15.0,0.0,0.0,32.1,29.1,56.1,0.6,0.0,0.0,5.5
0.7,320,29.9,14.9,15.0,15.8,14.9,0.1,19.0,0.6,30.0,15.0,30.0,29.9,14.9,0.0,0.1,32.2,29.2,56.2,0.6,0.2,0.1,5.5
0.7,321,30.0,15.0,15.0,15.8,15.0,0.0,19.0,0.7,30.0,15.0,30.0,30.0,15.0,0.0,0.2,32.4,29.4,56.4,0.6,0.1,0.2,5.5
0.7,322,30.0,15.0,15.0,15.8,15.0,0.0,19.0,0.2,30.0,15.0,30.0,30.0,15.0,0.0,0.0,32.4,29.4,56.4,0.6,0.0,0.0,5.5
0.7,323,30.0,15.0,15.0,15.8,15.0,0.0,19.0,1.1,30.0,15.0,30.0,30.0,15.0,0.0,0.0,32.4,29.4,56.4,0.6,0.0,0.0,5.5
0.7,324,30.0,15.0,15.0,15.8,15.0,0.0,19.0,0.9,30.0,15.0,30.0,30.0,15.0,0.0,0.0,32.4,29.4,56.4,0.6,0.0,0.0,5.5
0.7,325,30.0,15.0,15.0,15.8,15.0,0.0,19.0,0.7,30.0,15.0,30.0,30.0,15.0,0.0,0.0,32.4,29.4,56.4,0.6,0.0,0.0,5.5
0.7,326,30.0,15.0,15.0,15.8,15.0,0.0,19.0,0.5,30.0,15.0,30.0,30.0,15.0,0.0,0.0,32.4,29.4,56.4,0.6,0.0,0.0,5.5
0.7,327,30.0,14.7,15.3,15.8,14.7,0.0,19.0,0.3,30.0,15.0,30.0,30.0,14.7,0.0,0.0,32.4,29.4,56.7,0.6,0.3,0.3,5.5
0.7,328,29.9,14.8,15.1,15.8,14.8,0.0,19.0,0.4,30.0,15.0,30.0,29.9,14.8,0.0,0.4,32.8,29.8,56.9,0.6,0.3,0.2,5.5
0.7,329,30.0,15.0,15.0,15.8,15.0,0.0,19.0,0.4,30.0,15.0,30.0,30.0,15.0,0.0,0.2,33.0,30.0,57.0,0.6,0.0,0.1,5.5
0.7,330,30.0,15.0,15.0,15.8,15.0,0.0,19.0,0.2,30.0,15.0,30.0,30.0,15.0,0.0,0.0,33.0,30.0,57.0,0.6,0.0,0.0,5.5
0.7,331,30.0,15.0,15.0,15.8,15.0,0.0,19.0,0.8,30.0,15.0,30.0,30.0,15.0,0.0,0.0,33.0,30.0,57.0,0.6,0.0,0.0,5.5
0.7,332,30.0,15.0,15.0,15.8,15.0,0.0,19.0,0.8,30.0,15.0,30.0,30.0,15.0,0.0,0.0,33.0,30.0,57.0,0.6,0.0,0.0,5.5
0.7,333,30.0,15.0,15.0,15.8,15.0,0.0,19.0,0.7,30.0,15.0,30.0,30.0,15.0,0.0,0.0,33.0,30.0,57.0,0.6,0.0,0.0,5.5
0.7,334,30.0,15.0,15.0,15.8,15.0,0.0,19.0,0.5,30.0,15.0,30.0,30.0,15.0,0.0,0.1,33.1,30.1,57.1,0.6,0.1,0.1,5.5
0.7,335,30.0,15.0,15.0,15.8,15.0,0.0,19.0,0.7,30.0,15.0,30.0,30.0,15.0,0.0,0.2,33.3,30.3,57.3,0.6,0.2,0.2,5.5
0.7,336,30.0,15.0,15.0,15.8,15.0,0.0,19.0,0.6,30.0,15.0,30.0,30.0,15.0,0.0,0.0,33.3,30.3,57.3,0.6,0.0,0.0,5.5
0.7,337,30.0,15.0,15.0,15.8,15.0,0.0,19.0,0.4,30.0,15.0,30.0,30.0,15.0,0.0,0.0,33.3,30.3,57.3,0.6,0.0,0.0,5.5
0.7,338,30.0,15.0,15.0,15.8,15.0,0.0,19.0,0.4,30.0,15.0,30.0,30.0,15.0,0.0,0.0,33.3,30.3,57.3,0.6,0.0,0.0,5.5
0.7,339,30.0,15.0,15.0,15.8,15.0,0.0,19.0,0.4,30.0,15.0,30.0,30.0,15.0,0.0,0.0,33.3,30.3,57.3,0.6,0.0,0.0,5.5
0.7,340,30.0,15.0,15.0,15.8,15.0,0.0,19.0,0.8,30.0,15.0,30.0,30.0,15.0,0.0,0.0,33.3,30.3,57.3,0.6,0.0,0.0,5.5
0.7,341,30.0,14.9,15.1,15.8,14.9,0.0,19.0,0.6,30.0,15.0,30.0,30.0,14.9,0.0,0.2,33.5,30.5,57.6,0.6,0.3,0.3,5.5
0.7,342,30.0,14.8,15.2,15.8,14.8,0.0,19.0,0.4,30.0,15.0,30.0,30.0,14.8,0.0,0.1,33.6,30.6,57.8,0.6,0.2,0.2,5.5
0.7,343,30.0,15.0,15.0,15.8,15.0,0.0,19.0,1.0,30.0,15.0,30.0,30.0,15.0,0.0,0.3,33.9,30.9,57.9,0.6,0.1,0.1,5.5
0.7,344,30.0,15.0,15.0,15.8,15.0,0.0,19.0,0.4,30.0,15.0,30.0,30.0,15.0,0.0,0.0,33.9,30.9,57.9,0.6,0.0,0.0,5.5
0.7,345,30.0,15.0,15.0,15.8,15.0,0.0,19.0,0.7,30.0,15.0,30.0,30.0,15.0,0.0,0.0,33.9,30.9,57.9,0.6,0.0,0.0,5.5
0.7,346,30.0,15.0,15.0,15.8,15.0,0.0,19.0,0.2,30.0,15.0,30.0,30.0,15.0,0.0,0.0,33.9,30.9,57.9,0.6,0.0,0.0,5.5
0.7,347,30.0,15.0,15.0,15.8,15.0,0.0,19.0,0.7,30.0,15.0,30.0,30.0,15.0,0.0,0.0,33.9,30.9,57.9,0.6,0.0,0.0,5.5
0.7,348,30.0,15.0,15.0,15.8,15.0,0.0,19.0,0.7,30.0,15.0,30.0,30.0,15.0,0.0,0.1,34.0,31.0,58.0,0.6,0.1,0.1,5.5
0.7,349,29.9,14.8,15.1,15.8,14.8,0.0,19.0,0.7,30.0,15.0,30.0,29.9,14.8,0.0,0.0,34.0,31.0,58.1,0.6,0.2,0.1,5.5
0.7,350,30.0,15.0,15.0,15.8,15.0,0.0,19.0,0.5,30.0,15.0,30.0,30.0,15.0,0.0,0.2,34.2,31.2,58.2,0.6,0.0,0.1,5.5
0.7,351,30.0,15.0,15.0,15.8,15.0,0.0,19.0,0.8,30.0,15.0,30.0,30.0,15.0,0.0,0.0,34.2,31.2,58.2,0.6,0.0,0.0,5.5
0.7,352,30.0,15.0,15.0,15.8,15.0,0.0,19.0,0.6,30.0,15.0,30.0,30.0,15.0,0.0,0.0,34.2,31.2,58.2,0.6,0.0,0.0,5.5
0.7,353,30.0,15.0,15.0,15.8,15.0,0.0,19.0,1.0,30.0,15.0,30.0,30.0,15.0,0.0,0.0,34.2,31.2,58.2,0.6,0.0,0.0,5.5
0.7,354,30.0,15.0,15.0,15.8,15.0,0.0,19.0,0.8,30.0,15.0,30.0,30.0,15.0,0.0,0.0,34.2,31.2,58.2,0.6,0.0,0.0,5.5
0.7,355,29.9,14.9,15.0,15.8,14.9,0.0,19.0,0.3,30.0,15.0,30.0,29.9,14.9,0.0,0.2,34.4,31.4,58.4,0.6,0.3,0.2,5.5
0.7,356,29.9,14.8,15.1,15.8,14.8,0.0,19.0,0.8,30.0,15.0,30.0,29.9,14.8,0.0,0.1,34.5,31.5,58.6,0.6,0.2,0.2,5.5
0.7,357,30.0,15.0,15.0,15.8,15.0,0.0,19.0,0.5,30.0,15.0,30.0,30.0,15.0,0.0,0.3,34.8,31.8,58.8,0.6,0.1,0.2,5.5
0.7,358,30.0,15.0,15.0,15.8,15.0,0.0,19.0,0.7,30.0,15.0,30.0,30.0,15.0,0.0,0.0,34.8,31.8,58.8,0.6,0.0,0.0,5.5
0.7,359,30.0,15.0,15.0,15.8,15.0,0.0,19.0,0.4,30.0,15.0,30.0,30.0,15.0,0.0,0.0,34.8,31.8,58.8,0.6,0.0,0.0,5.5
0.7,360,30.0,15.0,15.0,15.8,15.0,0.0,19.0,0.9,30.0,15.0,30.0,30.0,15.0,0.0,0.0,34.8,31.8,58.8,0.6,0.0,0.0,5.5
0.7,361,30.0,15.0,15.0,15.8,15.0,0.0,19.0,1.1,30.0,14.4,30.0,30.0,15.0,0.0,0.0,34.8,31.8,58.8,0.6,0.0,0.0,5.5
0.7,362,30.0,14.9,15.1,15.8,14.9,0.0,19.0,0.7,30.0,15.0,30.0,30.0,14.9,0.0,0.0,34.8,31.8,58.9,0.6,0.1,0.1,5.5
0.7,363,30.0,14.9,15.1,15.8,14.9,0.0,19.0,0.4,30.0,15.0,30.0,30.0,14.9,0.0,0.1,34.9,31.9,59.0,0.6,0.1,0.1,5.5
0.7,364,30.0,15.0,15.0,15.8,15.0,0.0,19.0,0.4,30.0,15.0,30.0,30.0,15.0,0.0,0.2,35.1,32.1,59.1,0.6,0.1,0.1,5.5
0.7,365,30.0,15.0,15.0,15.8,15.0,0.0,19.0,0.6,30.0,15.0,30.0,30.0,15.0,0.0,0.0,35.1,32.1,59.1,0.6,0.0,0.0,5.5
0.7,366,30.0,15.0,15.0,15.8,15.0,0.0,19.0,0.4,30.0,15.0,30.0,30.0,15.0,0.0,0.0,35.1,32.1,59.1,0.6,0.0,0.0,5.5
0.7,367,30.0,15.0,15.0,15.8,15.0,0.0,19.0,0.5,30.0,15.0,30.0,30.0,15.0,0.0,0.0,35.1,32.1,59.1,0.6,0.0,0.0,5.5
0.7,368,30.0,15.0,15.0,15.8,15.0,0.0,19.0,0.3,30.0,15.0,30.0,30.0,15.0,0.0,0.0,35.1,32.1,59.1,0.6,0.0,0.0,5.5
0.7,369,30.0,14.9,15.1,15.8,14.9,0.0,19.0,0.6,30.0,15.0,30.0,30.0,14.9,0.0,0.1,35.2,32.2,59.3,0.6,0.2,0.2,5.5
0.7,370,30.0,14.9,15.1,15.8,14.9,0.0,19.0,0.6,30.0,15.0,30.0,30.0,14.9,0.0,0.2,35.4,32.4,59.5,0.6,0.2,0.2,5.5
0.7,371,30.0,14.9,15.1,15.8,14.9,0.0,19.0,0.3,30.0,15.0,30.0,30.0,14.9,0.0,0.2,35.6,32.6,59.7,0.6,0.2,0.2,5.5
0.7,372,30.0,15.0,15.0,15.8,15.0,0.0,19.0,0.4,30.0,15.0,30.0,30.0,15.0,0.0,0.1,35.7,32.7,59.7,0.6,0.0,0.0,5.5
0.7,373,30.0,15.0,15.0,15.8,15.0,0.0,19.0,0.6,30.0,15.0,30.0,30.0,15.0,0.0,0.0,35.7,32.7,59.7,0.6,0.0,0.0,5.5
0.7,374,30.0,15.0,15.0,15.8,15.0,0.0,19.0,0.7,30.0,15.0,30.0,30.0,15.0,0.0,0.0,35.7,32.7,59.7,0.6,0.0,0.0,5.5
0.7,375,30.0,15.0,15.0,15.8,15.0,0.0,19.0,0.4,30.0,15.0,30.0,30.0,15.0,0.0,0.0,35.7,32.7,59.7,0.6,0.0,0.0,5.5
0.7,376,30.0,14.9,15.1,15.8,14.9,0.0,19.0,0.4,30.0,15.0,30.0,30.0,14.9,0.0,0.0,35.7,32.7,59.8,0.6,0.1,0.1,5.5
0.7,377,30.0,14.9,15.1,15.8,14.9,0.0,19.0,0.9,30.0,15.0,30.0,30.0,14.9,0.0,0.1,35.8,32.8,59.9,0.6,0.1,0.1,5.5
0.7,378,30.0,15.0,15.0,15.8,15.0,0.0,19.0,0.9,30.0,15.0,30.0,30.0,15.0,0.0,0.2,36.0,33.0,60.0,0.6,0.1,0.1,5.5
0.7,379,30.0,15.0,15.0,15.8,15.0,0.0,19.0,0.3,30.0,15.0,30.0,30.0,15.0,0.0,0.0,36.0,33.0,60.0,0.6,0.0,0.0,5.5
0.7,380,30.0,15.0,15.0,15.8,15.0,0.0,19.0,0.5,30.0,15.0,30.0,30.0,15.0,0.0,0.0,36.0,33.0,60.0,0.6,0.0,0.0,5.5
0.7,381,30.0,15.0,15.0,15.8,15.0,0.0,19.0,0.7,30.0,15.0,30.0,30.0,15.0,0.0,0.0,36.0,33.0,60.0,0.6,0.0,0.0,5.5
0.7,382,30.0,15.0,15.0,15.8,15.0,0.0,19.0,0.6,30.0,15.0,30.0,30.0,15.0,0.0,0.0,36.0,33.0,60.0,0.6,0.0,0.0,5.5
0.7,383,29.9,14.9,15.0,15.8,14.9,0.0,19.0,0.5,30.0,15.0,30.0,29.9,14.9,0.0,0.1,36.1,33.1,60.1,0.6,0.2,0.1,5.5
0.7,384,30.0,14.9,15.1,15.8,14.9,0.0,19.0,0.9,30.0,15.0,30.0,30.0,14.9,0.0,0.2,36.3,33.3,60.4,0.6,0.2,0.3,5.5
0.7,385,30.0,15.0,15.0,15.8,14.9,0.0,19.0,0.8,30.0,15.0,30.0,30.0,14.9,0.0,0.3,36.6,33.6,60.6,0.6,0.2,0.2,5.5
0.7,386,30.0,15.0,15.0,15.8,15.0,0.0,19.0,1.1,30.0,15.0,30.0,30.0,15.0,0.0,0.0,36.6,33.6,60.6,0.6,0.0,0.0,5.5
0.7,387,30.0,15.0,15.0,15.8,15.0,0.0,19.0,0.6,30.0,15.0,30.0,30.0,15.0,0.0,0.0,36.6,33.6,60.6,0.6,0.0,0.0,5.5
0.7,388,30.0,15.0,15.0,15.8,15.0,0.0,19.0,0.7,30.0,15.0,30.0,30.0,15.0,0.0,0.0,36.6,33.6,60.6,0.6,0.0,0.0,5.5
0.7,389,30.0,15.0,15.0,15.8,15.0,0.0,19.0,0.4,30.0,15.0,30.0,30.0,15.0,0.0,0.0,36.6,33.6,60.6,0.6,0.0,0.0,5.5
0.7,390,29.9,14.9,15.0,15.8,14.9,0.0,19.0,0.5,30.0,15.0,30.0,29.9,14.9,0.0,0.0,36.6,33.6,60.6,0.6,0.1,0.0,5.5
0.7,391,30.0,14.9,15.1,15.8,14.9,0.0,19.0,0.8,30.0,15.0,30.0,30.0,14.9,0.0,0.1,36.7,33.7,60.8,0.6,0.1,0.2,5.5
0.7,392,30.0,15.0,15.0,15.8,15.0,0.0,19.0,0.8,30.0,15.0,30.0,30.0,15.0,0.0,0.2,36.9,33.9,60.9,0.6,0.1,0.1,5.5
0.7,393,30.0,15.0,15.0,15.8,15.0,0.0,19.0,0.7,30.0,15.0,30.0,30.0,15.0,0.0,0.0,36.9,33.9,60.9,0.6,0.0,0.0,5.5
0.7,394,30.0,15.0,15.0,15.8,15.0,0.0,19.0,0.6,30.0,15.0,30.0,30.0,15.0,0.0,0.0,36.9,33.9,60.9,0.6,0.0,0.0,5.5
0.7,395,30.0,15.0,15.0,15.8,15.0,0.0,19.0,0.5,30.0,15.0,30.0,30.0,15.0,0.0,0.0,36.9,33.9,60.9,0.6,0.0,0.0,5.5
0.7,396,30.0,15.0,15.0,15.8,15.0,0.0,19.0,0.2,30.0,15.0,30.0,30.0,15.0,0.0,0.0,36.9,33.9,60.9,0.6,0.0,0.0,5.5
0.7,397,30.0,14.9,15.1,15.8,14.9,0.0,19.0,0.6,30.0,15.0,30.0,30.0,14.9,0.0,0.0,36.9,33.9,61.0,0.6,0.1,0.1,5.5
0.7,398,29.9,14.9,15.0,15.8,14.9,0.0,19.0,1.2,30.0,15.0,30.0,29.9,14.9,0.0,0.3,37.2,34.2,61.2,0.6,0.3,0.2,5.5
0.7,399,30.0,14.9,15.1,15.8,14.9,0.0,19.0,0.5,30.0,15.0,30.0,30.0,14.9,0.0,0.2,37.4,34.4,61.5,0.6,0.2,0.3,5.5
0.7,400,30.0,15.0,15.0,15.8,15.0,0.0,19.0,0.6,30.0,15.0,30.0,30.0,15.0,0.0,0.1,37.5,34.5,61.5,0.6,0.0,0.0,5.5
0.7,401,30.0,15.0,15.0,15.8,15.0,0.0,19.0,0.5,30.0,15.0,30.0,30.0,15.0,0.0,0.0,37.5,34.5,61.5,0.6,0.0,0.0,5.5
0.7,402,30.0,15.0,15.0,15.8,15.0,0.0,19.0,0.4,30.0,15.0,30.0,30.0,15.0,0.0,0.0,37.5,34.5,61.5,0.6,0.0,0.0,5.5
0.7,403,30.0,15.0,15.0,15.8,15.0,0.0,19.0,0.2,30.0,15.0,30.0,30.0,15.0,0.0,0.0,37.5,34.5,61.5,0.6,0.0,0.0,5.5
0.7,404,30.0,15.0,15.0,15.8,15.0,0.0,19.0,1.0,30.0,15.0,30.0,30.0,15.0,0.0,0.0,37.5,34.5,61.5,0.6,0.0,0.0,5.5
0.7,405,29.9,14.9,15.0,15.8,14.9,0.0,19.0,0.7,30.0,15.0,30.0,29.9,14.9,0.0,0.1,37.6,34.6,61.6,0.6,0.2,0.1,5.5
0.7,406,29.9,14.9,15.0,15.8,14.9,0.0,19.0,0.8,30.0,15.0,30.0,29.9,14.9,0.0,0.1,37.7,34.7,61.7,0.6,0.1,0.1,5.5
0.7,407,30.0,15.0,15.0,15.8,15.0,0.0,19.0,1.0,30.0,15.0,30.0,30.0,15.0,0.0,0.1,37.8,34.8,61.8,0.6,0.0,0.1,5.5
0.7,408,30.0,15.0,15.0,15.8,15.0,0.0,19.0,0.8,30.0,15.0,30.0,30.0,15.0,0.0,0.0,37.8,34.8,61.8,0.6,0.0,0.0,5.5
0.7,409,30.0,15.0,15.0,15.8,15.0,0.0,19.0,0.5,30.0,15.0,30.0,30.0,15.0,0.0,0.0,37.8,34.8,61.8,0.6,0.0,0.0,5.5
0.7,410,30.0,15.0,15.0,15.8,15.0,0.0,19.0,0.4,30.0,15.0,30.0,30.0,15.0,0.0,0.0,37.8,34.8,61.8,0.6,0.0,0.0,5.5
0.7,411,30.0,15.0,15.0,15.8,15.0,0.0,19.0,0.7,30.0,15.0,30.0,30.0,15.0,0.0,0.1,37.9,34.9,61.9,0.6,0.1,0.1,5.5
0.7,412,30.0,14.9,15.1,15.8,14.9,0.0,19.0,0.7,30.0,15.0,30.0,30.0,14.9,0.0,0.1,38.0,35.0,62.1,0.6,0.2,0.2,5.5
0.7,413,29.9,14.9,15.0,15.8,14.9,0.0,19.0,0.7,30.0,15.0,30.0,29.9,14.9,0.0,0.3,38.3,35.3,62.3,0.6,0.3,0.2,5.5
0.7,414,30.0,15.0,15.0,15.8,15.0,0.0,19.0,0.5,30.0,15.0,30.0,30.0,15.0,0.0,0.1,38.4,35.4,62.4,0.6,0.0,0.1,5.5
0.7,415,30.0,15.0,15.0,15.8,15.0,0.0,19.0,0.6,30.0,15.0,30.0,30.0,15.0,0.0,0.0,38.4,35.4,62.4,0.6,0.0,0.0,5.5
0.7,416,30.0,15.0,15.0,15.8,15.0,0.0,19.0,0.4,30.0,15.0,30.0,30.0,15.0,0.0,0.0,38.4,35.4,62.4,0.6,0.0,0.0,5.5
0.7,417,30.0,15.0,15.0,15.8,15.0,0.0,19.0,0.4,30.0,15.0,30.0,30.0,15.0,0.0,0.0,38.4,35.4,62.4,0.6,0.0,0.0,5.5
0.7,418,30.0,15.0,15.0,15.8,15.0,0.0,19.0,0.7,30.0,15.0,30.0,30.0,15.0,0.0,0.0,38.4,35.4,62.4,0.6,0.0,0.0,5.5
0.7,419,30.0,15.0,15.0,15.8,15.0,0.0,19.0,0.8,30.0,15.0,30.0,30.0,15.0,0.0,0.1,38.5,35.5,62.5,0.6,0.1,0.1,5.5
0.7,420,30.0,15.0,15.0,15.8,15.0,0.0,19.0,0.8,30.0,15.0,30.0,30.0,15.0,0.0,0.1,38.6,35.6,62.6,0.6,0.1,0.1,5.5
0.7,421,30.0,15.0,15.0,15.8,15.0,0.0,19.0,0.5,30.0,15.0,30.0,30.0,15.0,0.0,0.1,38.7,35.7,62.7,0.6,0.1,0.1,5.5
0.7,422,30.0,15.0,15.0,15.8,15.0,0.0,19.0,0.5,30.0,15.0,30.0,30.0,15.0,0.0,0.0,38.7,35.7,62.7,0.6,0.0,0.0,5.5
0.7,423,30.0,15.0,15.0,15.8,15.0,0.0,19.0,0.3,30.0,15.0,30.0,30.0,15.0,0.0,0.0,38.7,35.7,62.7,0.6,0.0,0.0,5.5
0.7,424,30.0,15.0,15.0,15.8,15.0,0.0,19.0,0.2,30.0,15.0,30.0,30.0,15.0,0.0,0.0,38.7,35.7,62.7,0.6,0.0,0.0,5.5
0.7,425,30.0,15.0,15.0,15.8,15.0,0.0,19.0,1.0,30.0,15.0,30.0,30.0,15.0,0.0,0.1,38.8,35.8,62.8,0.6,0.1,0.1,5.5
0.7,426,30.0,14.9,15.1,15.8,14.9,0.0,19.0,0.8,30.0,15.0,30.0,30.0,14.9,0.0,0.1,38.9,35.9,63.0,0.6,0.2,0.2,5.5
0.7,427,30.0,15.0,15.0,15.8,15.0,0.0,19.0,0.6,30.0,15.0,30.0,30.0,15.0,0.0,0.3,39.2,36.2,63.2,0.6,0.2,0.2,5.5
0.7,428,30.0,15.0,15.0,15.8,15.0,0.0,19.0,0.8,30.0,15.0,30.0,30.0,15.0,0.0,0.1,39.3,36.3,63.3,0.6,0.1,0.1,5.5
0.7,429,30.0,15.0,15.0,15.8,15.0,0.0,19.0,0.8,30.0,15.0,30.0,30.0,15.0,0.0,0.0,39.3,36.3,63.3,0.6,0.0,0.0,5.5
0.7,430,30.0,15.0,15.0,15.8,15.0,0.0,19.0,0.4,30.0,15.0,30.0,30.0,15.0,0.0,0.0,39.3,36.3,63.3,0.6,0.0,0.0,5.5
0.7,431,30.0,15.0,15.0,15.8,15.0,0.0,19.0,0.3,30.0,15.0,30.0,30.0,15.0,0.0,0.0,39.3,36.3,63.3,0.6,0.0,0.0,5.5
0.7,432,30.0,15.0,15.0,15.8,15.0,0.0,19.0,0.7,30.0,15.0,30.0,30.0,15.0,0.0,0.0,39.3,36.3,63.3,0.6,0.0,0.0,5.5
0.7,433,30.0,14.9,15.1,15.8,14.9,0.0,19.0,0.7,30.0,15.0,30.0,30.0,14.9,0.0,0.0,39.3,36.3,63.4,0.6,0.1,0.1,5.5
0.7,434,30.0,15.0,15.0,15.8,15.0,0.0,19.0,0.5,30.0,15.0,30.0,30.0,15.0,0.0,0.2,39.5,36.5,63.5,0.6,0.1,0.1,5.5
0.7,435,30.0,15.0,15.0,15.8,15.0,0.0,19.0,0.3,30.0,15.0,30.0,30.0,15.0,0.0,0.1,39.6,36.6,63.6,0.6,0.1,0.1,5.5
0.7,436,30.0,15.0,15.0,15.8,15.0,0.0,19.0,0.3,30.0,15.0,30.0,30.0,15.0,0.0,0.0,39.6,36.6,63.6,0.6,0.0,0.0,5.5
0.7,437,30.0,15.0,15.0,15.8,15.0,0.0,19.0,0.4,30.0,15.0,30.0,30.0,15.0,0.0,0.0,39.6,36.6,63.6,0.6,0.0,0.0,5.5
0.7,438,30.0,15.0,15.0,15.8,15.0,0.0,19.0,0.4,30.0,15.0,30.0,30.0,15.0,0.0,0.0,39.6,36.6,63.6,0.6,0.0,0.0,5.5
0.7,439,30.0,15.0,15.0,15.8,15.0,0.0,19.0,0.8,30.0,15.0,30.0,30.0,15.0,0.0,0.1,39.7,36.7,63.7,0.6,0.1,0.1,5.5
0.7,440,29.9,14.9,15.0,15.8,14.9,0.0,19.0,0.3,30.0,15.0,30.0,29.9,14.9,0.0,0.1,39.8,36.8,63.8,0.6,0.2,0.1,5.5
0.7,441,30.0,15.0,15.0,15.8,15.0,0.0,19.0,0.9,30.0,15.0,30.0,30.0,15.0,0.0,0.3,40.1,37.1,64.1,0.6,0.2,0.3,5.5
0.7,442,30.0,14.9,15.1,15.8,14.9,0.0,19.0,0.4,30.0,15.0,30.0,30.0,14.9,0.0,0.0,40.1,37.1,64.2,0.6,0.1,0.1,5.5
0.7,443,30.0,15.0,15.0,15.8,15.0,0.0,19.0,0.5,30.0,15.0,30.0,30.0,15.0,0.0,0.1,40.2,37.2,64.2,0.6,0.0,0.0,5.5
0.7,444,30.0,15.0,15.0,15.8,15.0,0.0,19.0,0.8,30.0,15.0,30.0,30.0,15.0,0.0,0.0,40.2,37.2,64.2,0.6,0.0,0.0,5.5
0.7,445,30.0,15.0,15.0,15.8,15.0,0.0,19.0,0.8,30.0,15.0,30.0,30.0,15.0,0.0,0.0,40.2,37.2,64.2,0.6,0.0,0.0,5.5
0.7,446,30.0,15.0,15.0,15.8,15.0,0.0,19.0,0.7,30.0,15.0,30.0,30.0,15.0,0.0,0.0,40.2,37.2,64.2,0.6,0.0,0.0,5.5
0.7,447,30.0,15.0,15.0,15.8,15.0,0.0,19.0,0.6,30.0,15.0,30.0,30.0,15.0,0.0,0.1,40.3,37.3,64.3,0.6,0.1,0.1,5.5
0.7,448,30.0,15.0,15.0,15.8,15.0,0.0,19.0,0.9,30.0,15.0,30.0,30.0,15.0,0.0,0.1,40.4,37.4,64.4,0.6,0.1,0.1,5.5
0.7,449,30.0,15.0,15.0,15.8,15.0,0.0,19.0,0.7,30.0,15.0,30.0,30.0,15.0,0.0,0.1,40.5,37.5,64.5,0.6,0.1,0.1,5.5
0.7,450,30.0,15.0,15.0,15.8,15.0,0.0,19.0,0.3,30.0,15.0,30.0,30.0,15.0,0.0,0.0,40.5,37.5,64.5,0.6,0.0,0.0,5.5
0.7,451,30.0,15.0,15.0,15.8,15.0,0.0,19.0,0.6,30.0,15.0,30.0,30.0,15.0,0.0,0.0,40.5,37.5,64.5,0.6,0.0,0.0,5.5
0.7,452,30.0,15.0,15.0,15.8,15.0,0.0,19.0,0.6,30.0,15.0,30.0,30.0,15.0,0.0,0.0,40.5,37.5,64.5,0.6,0.0,0.0,5.5
0.7,453,30.0,14.9,15.1,15.8,14.9,0.0,19.0,0.3,30.0,15.0,30.0,30.0,14.9,0.0,0.0,40.5,37.5,64.6,0.6,0.1,0.1,5.5
0.7,454,30.0,15.0,15.0,15.8,15.0,0.0,19.0,0.7,30.0,15.0,30.0,30.0,15.0,0.0,0.2,40.7,37.7,64.7,0.6,0.1,0.1,5.5
0.7,455,30.0,14.9,15.1,15.8,14.9,0.0,19.0,0.9,30.0,15.0,30.0,30.0,14.9,0.0,0.2,40.9,37.9,65.0,0.6,0.3,0.3,5.5
0.7,456,30.0,14.9,15.1,15.8,14.9,0.0,19.0,1.0,30.0,15.0,30.0,30.0,14.9,0.0,0.1,41.0,38.0,65.1,0.6,0.1,0.1,5.5
0.7,457,30.0,15.0,15.0,15.8,15.0,0.0,19.0,0.6,30.0,15.0,30.0,30.0,15.0,0.0,0.1,41.1,38.1,65.1,0.6,0.0,0.0,5.5
0.7,458,30.0,15.0,15.0,15.8,15.0,0.0,19.0,0.7,30.0,15.0,30.0,30.0,15.0,0.0,0.0,41.1,38.1,65.1,0.6,0.0,0.0,5.5
0.7,459,30.0,15.0,15.0,15.8,15.0,0.0,19.0,0.4,30.0,15.0,30.0,30.0,15.0,0.0,0.0,41.1,38.1,65.1,0.6,0.0,0.0,5.5
0.7,460,30.0,15.0,15.0,15.8,15.0,0.0,19.0,0.9,30.0,15.0,30.0,30.0,15.0,0.0,0.0,41.1,38.1,65.1,0.6,0.0,0.0,5.5
0.7,461,30.0,14.9,15.1,15.8,14.9,0.0,19.0,0.4,30.0,15.0,30.0,30.0,14.9,0.0,0.0,41.1,38.1,65.2,0.6,0.1,0.1,5.5
0.7,462,30.0,15.0,15.0,15.8,15.0,0.0,19.0,0.2,30.0,15.0,30.0,30.0,15.0,0.0,0.2,41.3,38.3,65.3,0.6,0.1,0.1,5.5
0.7,463,30.0,14.9,15.1,15.8,14.9,0.0,19.0,0.8,30.0,15.0,30.0,30.0,14.9,0.0,0.0,41.3,38.3,65.4,0.6,0.1,0.1,5.5
0.7,464,30.0,15.0,15.0,15.8,15.0,0.0,19.0,0.6,30.0,15.0,30.0,30.0,15.0,0.0,0.1,41.4,38.4,65.4,0.6,0.0,0.0,5.5
0.7,465,30.0,15.0,15.0,15.8,15.0,0.0,19.0,0.6,30.0,15.0,30.0,30.0,15.0,0.0,0.0,41.4,38.4,65.4,0.6,0.0,0.0,5.5
0.7,466,30.0,15.0,15.0,15.8,15.0,0.0,19.0,1.0,30.0,15.0,30.0,30.0,15.0,0.0,0.0,41.4,38.4,65.4,0.6,0.0,0.0,5.5
0.7,467,30.0,14.9,15.1,15.8,14.9,0.0,19.0,0.8,30.0,15.0,30.0,30.0,14.9,0.0,0.0,41.4,38.4,65.5,0.6,0.1,0.1,5.5
0.7,468,30.0,14.9,15.1,15.8,14.9,0.0,19.0,1.0,30.0,15.0,30.0,30.0,14.9,0.0,0.1,41.5,38.5,65.6,0.6,0.1,0.1,5.5
0.7,469,29.9,14.9,15.0,15.8,14.9,0.0,19.0,0.7,30.0,15.0,30.0,29.9,14.9,0.0,0.3,41.8,38.8,65.8,0.6,0.3,0.2,5.5
0.7,470,29.9,14.9,15.0,15.8,14.9,0.0,19.0,0.8,30.0,15.0,30.0,29.9,14.9,0.0,0.1,41.9,38.9,65.9,0.6,0.1,0.1,5.5
0.7,471,30.0,15.0,15.0,15.8,15.0,0.0,19.0,0.4,30.0,15.0,30.0,30.0,15.0,0.0,0.1,42.0,39.0,66.0,0.6,0.0,0.1,5.5
0.7,472,30.0,15.0,15.0,15.8,15.0,0.0,19.0,0.5,30.0,15.0,30.0,30.0,15.0,0.0,0.0,42.0,39.0,66.0,0.6,0.0,0.0,5.5
0.7,473,30.0,15.0,15.0,15.8,15.0,0.0,19.0,0.7,30.0,15.0,30.0,30.0,15.0,0.0,0.0,42.0,39.0,66.0,0.6,0.0,0.0,5.5
0.7,474,30.0,15.0,15.0,15.8,15.0,0.0,19.0,0.6,30.0,15.0,30.0,30.0,15.0,0.0,0.0,42.0,39.0,66.0,0.6,0.0,0.0,5.5
0.7,475,30.0,15.0,15.0,15.8,15.0,0.0,19.0,0.4,30.0,15.0,30.0,30.0,15.0,0.0,0.1,42.1,39.1,66.1,0.6,0.1,0.1,5.5
0.7,476,30.0,15.0,15.0,15.8,15.0,0.0,19.0,0.4,30.0,15.0,30.0,30.0,15.0,0.0,0.1,42.2,39.2,66.2,0.6,0.1,0.1,5.5
0.7,477,30.0,14.9,15.1,15.8,14.9,0.0,19.0,0.8,30.0,15.0,30.0,30.0,14.9,0.0,0.0,42.2,39.2,66.3,0.6,0.1,0.1,5.5
0.7,478,30.0,15.0,15.0,15.8,15.0,0.0,19.0,1.2,30.0,15.0,30.0,30.0,15.0,0.0,0.1,42.3,39.3,66.3,0.6,0.0,0.0,5.5
0.7,479,30.0,15.0,15.0,15.8,15.0,0.0,19.0,1.3,30.0,15.0,30.0,30.0,15.0,0.0,0.0,42.3,39.3,66.3,0.6,0.0,0.0,5.5
0.7,480,30.0,15.0,15.0,15.8,15.0,0.0,19.0,0.6,30.0,15.0,30.0,30.0,15.0,0.0,0.0,42.3,39.3,66.3,0.6,0.0,0.0,5.5
0.7,481,30.0,15.0,15.0,15.8,15.0,0.1,19.0,0.8,30.0,15.0,30.0,30.0,15.0,0.0,0.0,42.4,39.3,66.4,0.6,0.1,0.1,5.5
0.7,482,30.0,15.0,15.0,15.8,15.0,0.2,19.0,0.4,30.0,15.0,30.0,30.0,15.0,0.0,0.0,42.5,39.3,66.5,0.6,0.1,0.1,5.5
0.7,483,30.0,15.0,15.0,15.8,15.0,0.3,19.0,0.4,30.0,15.0,30.0,30.0,15.0,0.0,0.1,42.7,39.4,66.7,0.6,0.2,0.2,5.5
0.7,484,30.0,15.0,15.0,15.8,15.0,0.3,19.0,0.6,30.0,15.0,30.0,30.0,15.0,0.0,0.1,42.8,39.5,66.8,0.6,0.1,0.1,5.5
0.7,485,30.0,15.0,15.0,15.8,15.0,0.3,19.0,0.4,30.0,15.0,30.0,30.0,15.0,0.0,0.1,42.9,39.6,66.9,0.6,0.1,0.1,5.5
0.7,486,30.0,15.0,15.0,15.8,15.0,0.3,19.0,0.3,30.0,15.0,30.0,30.0,15.0,0.0,0.0,42.9,39.6,66.9,0.6,0.0,0.0,5.5
0.7,487,30.0,15.0,15.0,15.8,15.0,0.3,19.0,0.7,30.0,15.0,30.0,30.0,15.0,0.0,0.0,42.9,39.6,66.9,0.6,0.0,0.0,5.5
0.7,488,30.0,14.9,15.1,15.8,14.9,0.2,19.0,0.3,30.0,15.0,30.0,30.0,14.9,0.0,0.0,42.9,39.6,67.0,0.6,0.1,0.1,5.5
0.7,489,29.9,14.9,15.0,15.8,14.9,0.2,19.0,0.8,30.0,15.0,30.0,29.9,14.9,0.0,0.1,43.1,39.7,67.1,0.6,0.2,0.1,5.5
0.7,490,30.0,14.9,15.1,15.8,14.9,0.1,19.0,0.2,30.0,15.0,30.0,30.0,14.9,0.0,0.2,43.3,39.9,67.4,0.6,0.2,0.3,5.5
0.7,491,30.0,15.0,15.0,15.8,15.0,0.2,19.0,0.6,30.0,15.0,30.0,30.0,15.0,0.0,0.1,43.5,40.0,67.5,0.6,0.1,0.1,5.5
0.7,492,30.0,15.0,15.0,15.8,15.0,0.2,19.0,1.0,30.0,15.0,30.0,30.0,15.0,0.0,0.0,43.5,40.0,67.5,0.6,0.0,0.0,5.5
0.7,493,30.0,15.0,15.0,15.8,15.0,0.2,19.0,0.8,30.0,15.0,30.0,30.0,15.0,0.0,0.0,43.5,40.0,67.5,0.6,0.0,0.0,5.5
0.7,494,30.0,15.0,15.0,15.8,15.0,0.2,19.0,1.0,30.0,15.0,30.0,30.0,15.0,0.0,0.0,43.5,40.0,67.5,0.6,0.0,0.0,5.5
0.7,495,30.0,15.0,15.0,15.8,15.0,0.2,19.0,0.2,30.0,15.0,30.0,30.0,15.0,0.0,0.0,43.5,40.0,67.5,0.6,0.0,0.0,5.5
0.7,496,29.9,14.9,15.0,15.8,14.9,0.1,19.0,0.9,30.0,15.0,30.0,29.9,14.9,0.0,0.0,43.5,40.0,67.5,0.6,0.1,0.0,5.5
0.7,497,30.0,15.0,15.0,15.8,15.0,0.1,19.0,0.7,30.0,15.0,30.0,30.0,15.0,0.0,0.2,43.7,40.2,67.7,0.6,0.1,0.2,5.5
0.7,498,29.9,14.9,15.0,15.8,14.9,0.0,19.0,0.5,30.0,15.0,30.0,29.9,14.9,0.0,0.1,43.8,40.3,67.8,0.6,0.2,0.1,5.5
0.7,499,30.0,15.0,15.0,15.8,15.0,0.0,19.0,0.4,30.0,15.0,30.0,30.0,15.0,0.0,0.2,44.0,40.5,68.0,0.6,0.1,0.2,5.5
0.7,500,30.0,15.0,15.0,15.8,15.0,0.0,19.0,0.3,30.0,15.0,30.0,30.0,15.0,0.0,0.0,44.0,40.5,68.0,0.6,0.0,0.0,5.5
0.7,501,30.0,15.0,15.0,15.8,15.0,0.0,19.0,0.4,30.0,15.0,30.0,30.0,15.0,0.0,0.0,44.0,40.5,68.0,0.6,0.0,0.0,5.5
0.7,502,29.9,14.9,15.0,15.8,14.9,0.0,19.0,0.3,30.0,15.0,30.0,29.9,14.9,0.0,0.0,44.0,40.5,68.0,0.6,0.1,0.0,5.5
0.7,503,30.0,15.0,15.0,15.8,15.0,0.0,19.0,0.6,30.0,15.0,30.0,30.0,15.0,0.0,0.1,44.1,40.6,68.1,0.6,0.0,0.1,5.5
0.7,504,29.9,14.8,15.1,15.8,14.8,0.0,19.0,0.8,30.0,15.0,30.0,29.9,14.8,0.0,0.1,44.2,40.7,68.3,0.6,0.3,0.2,5.5
0.7,505,30.0,15.0,15.0,15.8,15.0,0.0,19.0,0.6,30.0,15.0,30.0,30.0,15.0,0.0,0.2,44.4,40.9,68.4,0.6,0.0,0.1,5.5
0.7,506,30.0,15.0,15.0,15.8,15.0,0.0,19.0,0.3,30.0,15.0,30.0,30.0,15.0,0.0,0.0,44.4,40.9,68.4,0.6,0.0,0.0,5.5
0.7,507,30.0,15.0,15.0,15.8,15.0,0.0,19.0,0.7,30.0,15.0,30.0,30.0,15.0,0.0,0.0,44.4,40.9,68.4,0.6,0.0,0.0,5.5
0.7,508,30.0,15.0,15.0,15.8,15.0,0.0,19.0,0.4,30.0,15.0,30.0,30.0,15.0,0.0,0.0,44.4,40.9,68.4,0.6,0.0,0.0,5.5
0.7,509,30.0,15.0,15.0,15.8,15.0,0.0,19.0,0.2,30.0,15.0,30.0,30.0,15.0,0.0,0.0,44.4,40.9,68.4,0.6,0.0,0.0,5.5
0.7,510,30.0,15.0,15.0,15.8,15.0,0.0,19.0,0.8,30.0,15.0,30.0,30.0,15.0,0.0,0.0,44.4,40.9,68.4,0.6,0.0,0.0,5.5
0.7,511,30.0,14.8,15.2,15.8,14.8,0.0,19.0,0.6,30.0,15.0,30.0,30.0,14.8,0.0,0.0,44.4,40.9,68.6,0.6,0.2,0.2,5.5
0.7,512,30.0,15.0,15.0,15.8,15.0,0.0,19.0,1.1,30.0,15.0,30.0,30.0,15.0,0.0,0.3,44.7,41.2,68.7,0.6,0.1,0.1,5.5
0.7,513,30.0,15.0,15.0,15.8,15.0,0.0,19.0,0.3,30.0,15.0,30.0,30.0,15.0,0.0,0.2,44.9,41.4,68.9,0.6,0.2,0.2,5.5
0.7,514,30.0,15.0,15.0,15.8,15.0,0.0,19.0,0.9,30.0,15.0,30.0,30.0,15.0,0.0,0.0,44.9,41.4,68.9,0.6,0.0,0.0,5.5
0.7,515,30.0,15.0,15.0,15.8,15.0,0.0,19.0,0.5,30.0,15.0,30.0,30.0,15.0,0.0,0.0,44.9,41.4,68.9,0.6,0.0,0.0,5.5
0.7,516,30.0,15.0,15.0,15.8,15.0,0.0,19.0,0.9,30.0,15.0,30.0,30.0,15.0,0.0,0.0,44.9,41.4,68.9,0.6,0.0,0.0,5.5
0.7,517,29.9,14.9,15.0,15.8,14.9,0.0,19.0,0.6,30.0,15.0,30.0,29.9,14.9,0.0,0.0,44.9,41.4,68.9,0.6,0.1,0.0,5.5
0.7,518,30.0,15.0,15.0,15.8,15.0,0.0,19.0,0.9,30.0,15.0,30.0,30.0,15.0,0.0,0.3,45.2,41.7,69.2,0.6,0.2,0.3,5.5
0.7,519,30.0,15.0,15.0,15.8,15.0,0.0,19.0,0.3,30.0,15.0,30.0,30.0,15.0,0.0,0.1,45.3,41.8,69.3,0.6,0.1,0.1,5.5
0.7,520,30.0,15.0,15.0,15.8,15.0,0.0,19.0,0.4,30.0,15.0,30.0,30.0,15.0,0.0,0.0,45.3,41.8,69.3,0.6,0.0,0.0,5.5
0.7,521,30.0,15.0,15.0,15.8,15.0,0.0,19.0,0.8,30.0,15.0,30.0,30.0,15.0,0.0,0.0,45.3,41.8,69.3,0.6,0.0,0.0,5.5
0.7,522,30.0,15.0,15.0,15.8,15.0,0.0,19.0,0.6,30.0,15.0,30.0,30.0,15.0,0.0,0.0,45.3,41.8,69.3,0.6,0.0,0.0,5.5
0.7,523,30.0,15.0,15.0,15.8,15.0,0.0,19.0,0.7,30.0,15.0,30.0,30.0,15.0,0.0,0.0,45.3,41.8,69.3,0.6,0.0,0.0,5.5
0.7,524,30.0,15.0,15.0,15.8,15.0,0.0,19.0,0.9,30.0,15.0,30.0,30.0,15.0,0.0,0.0,45.3,41.8,69.3,0.6,0.0,0.0,5.5
0.7,525,30.0,14.9,15.1,15.8,14.9,0.0,19.0,0.9,30.0,15.0,30.0,30.0,14.9,0.0,0.1,45.4,41.9,69.5,0.6,0.2,0.2,5.5
0.7,526,29.9,14.9,15.0,15.8,14.9,0.0,19.0,0.5,30.0,15.0,30.0,29.9,14.9,0.0,0.1,45.5,42.0,69.5,0.6,0.1,0.0,5.5
0.7,527,30.0,14.9,15.1,15.8,14.9,0.0,19.0,0.5,30.0,15.0,30.0,30.0,14.9,0.0,0.2,45.7,42.2,69.8,0.6,0.2,0.3,5.5
0.7,528,30.0,15.0,15.0,15.8,15.0,0.0,19.0,0.5,30.0,15.0,30.0,30.0,15.0,0.0,0.1,45.8,42.3,69.8,0.6,0.0,0.0,5.5
0.7,529,30.0,15.0,15.0,15.8,15.0,0.0,19.0,0.9,30.0,15.0,30.0,30.0,15.0,0.0,0.0,45.8,42.3,69.8,0.6,0.0,0.0,5.5
0.7,530,30.0,15.0,15.0,15.8,15.0,0.0,19.0,1.0,30.0,15.0,30.0,30.0,15.0,0.0,0.0,45.8,42.3,69.8,0.6,0.0,0.0,5.5
0.7,531,30.0,15.0,15.0,15.8,15.0,0.0,19.0,0.4,30.0,15.0,30.0,30.0,15.0,0.0,0.0,45.8,42.3,69.8,0.6,0.0,0.0,5.5
0.7,532,30.0,14.9,15.1,15.8,14.9,0.0,19.0,0.8,30.0,15.0,30.0,30.0,14.9,0.0,0.2,46.0,42.5,70.1,0.6,0.3,0.3,5.5
0.7,533,30.0,15.0,15.0,15.8,15.0,0.0,19.0,0.3,30.0,15.0,30.0,30.0,15.0,0.0,0.2,46.2,42.7,70.2,0.6,0.1,0.1,5.5
0.7,534,30.0,15.0,15.0,15.8,15.0,0.0,19.0,0.9,30.0,15.0,30.0,30.0,15.0,0.0,0.0,46.2,42.7,70.2,0.6,0.0,0.0,5.5
0.7,535,30.0,15.0,15.0,15.8,15.0,0.0,19.0,0.6,30.0,15.0,30.0,30.0,15.0,0.0,0.0,46.2,42.7,70.2,0.6,0.0,0.0,5.5
0.7,536,30.0,15.0,15.0,15.8,15.0,0.0,19.0,0.6,30.0,15.0,30.0,30.0,15.0,0.0,0.0,46.2,42.7,70.2,0.6,0.0,0.0,5.5
0.7,537,30.0,15.0,15.0,15.8,15.0,0.0,19.0,0.9,30.0,15.0,30.0,30.0,15.0,0.0,0.0,46.2,42.7,70.2,0.6,0.0,0.0,5.5
0.7,538,30.0,15.0,15.0,15.8,15.0,0.0,19.0,0.8,30.0,15.0,30.0,30.0,15.0,0.0,0.0,46.2,42.7,70.2,0.6,0.0,0.0,5.5
0.7,539,29.9,14.9,15.0,15.8,14.8,0.0,19.0,0.6,30.0,15.0,30.0,29.9,14.8,0.0,0.1,46.3,42.8,70.3,0.6,0.2,0.1,5.5
0.7,540,30.0,15.0,15.0,15.8,15.0,0.0,19.0,0.6,30.0,15.0,30.0,30.0,15.0,0.0,0.1,46.4,42.9,70.4,0.6,0.0,0.1,5.5
0.7,541,30.0,14.9,15.1,15.8,14.9,0.0,19.0,0.3,30.0,14.1,30.0,30.0,14.9,0.0,0.2,46.6,43.1,70.7,0.6,0.3,0.3,5.5
0.7,542,30.0,15.0,15.0,15.8,15.0,0.0,19.0,0.8,30.0,14.7,30.0,30.0,15.0,0.0,0.1,46.7,43.2,70.7,0.6,0.0,0.0,5.5
0.7,543,30.0,15.0,15.0,15.8,15.0,0.0,19.0,0.8,30.0,15.0,30.0,30.0,15.0,0.0,0.0,46.7,43.2,70.7,0.6,0.0,0.0,5.5
0.7,544,30.0,15.0,15.0,15.8,15.0,0.0,19.0,0.3,30.0,15.0,30.0,30.0,15.0,0.0,0.0,46.7,43.2,70.7,0.6,0.0,0.0,5.5
0.7,545,30.0,15.0,15.0,15.8,15.0,0.0,19.0,0.6,30.0,15.0,30.0,30.0,15.0,0.0,0.0,46.7,43.2,70.7,0.6,0.0,0.0,5.5
0.7,546,30.0,14.9,15.1,15.8,14.9,0.0,19.0,0.5,30.0,15.0,30.0,30.0,14.9,0.0,0.2,46.9,43.4,71.0,0.6,0.3,0.3,5.5
0.7,547,30.0,15.0,15.0,15.8,15.0,0.0,19.0,0.8,30.0,15.0,30.0,30.0,15.0,0.0,0.2,47.1,43.6,71.1,0.6,0.1,0.1,5.5
0.7,548,30.0,15.0,15.0,15.8,15.0,0.0,19.0,0.8,30.0,15.0,30.0,30.0,15.0,0.0,0.0,47.1,43.6,71.1,0.6,0.0,0.0,5.5
0.7,549,30.0,15.0,15.0,15.8,15.0,0.0,19.0,0.8,30.0,15.0,30.0,30.0,15.0,0.0,0.0,47.1,43.6,71.1,0.6,0.0,0.0,5.5
0.7,550,30.0,15.0,15.0,15.8,15.0,0.0,19.0,0.7,30.0,15.0,30.0,30.0,15.0,0.0,0.0,47.1,43.6,71.1,0.6,0.0,0.0,5.5
0.7,551,30.0,15.0,15.0,15.8,15.0,0.0,19.0,0.8,30.0,15.0,30.0,30.0,15.0,0.0,0.0,47.1,43.6,71.1,0.6,0.0,0.0,5.5
0.7,552,30.0,15.0,15.0,15.8,15.0,0.0,19.0,0.6,30.0,15.0,30.0,30.0,15.0,0.0,0.0,47.1,43.6,71.1,0.6,0.0,0.0,5.5
0.7,553,30.0,14.9,15.1,15.8,14.9,0.0,19.0,0.7,30.0,15.0,30.0,30.0,14.9,0.0,0.0,47.1,43.6,71.2,0.6,0.1,0.1,5.5
0.7,554,30.0,15.0,15.0,15.8,15.0,0.0,19.0,0.7,30.0,15.0,30.0,30.0,15.0,0.0,0.2,47.3,43.8,71.3,0.6,0.1,0.1,5.5
0.7,555,30.0,15.0,15.0,15.8,15.0,0.0,19.0,0.5,30.0,15.0,30.0,30.0,15.0,0.0,0.3,47.6,44.1,71.6,0.6,0.3,0.3,5.5
0.7,556,30.0,15.0,15.0,15.8,15.0,0.0,19.0,0.7,30.0,15.0,30.0,30.0,15.0,0.0,0.0,47.6,44.1,71.6,0.6,0.0,0.0,5.5
0.7,557,30.0,15.0,15.0,15.8,15.0,0.0,19.0,0.4,30.0,15.0,30.0,30.0,15.0,0.0,0.0,47.6,44.1,71.6,0.6,0.0,0.0,5.5
0.7,558,30.0,15.0,15.0,15.8,15.0,0.0,19.0,0.7,30.0,15.0,30.0,30.0,15.0,0.0,0.0,47.6,44.1,71.6,0.6,0.0,0.0,5.5
0.7,559,30.0,15.0,15.0,15.8,15.0,0.0,19.0,0.6,30.0,15.0,30.0,30.0,15.0,0.0,0.0,47.6,44.1,71.6,0.6,0.0,0.0,5.5
0.7,560,30.0,14.8,15.2,15.8,14.8,0.0,19.0,1.0,30.0,15.0,30.0,30.0,14.8,0.0,0.1,47.7,44.2,71.9,0.6,0.3,0.3,5.5
0.7,561,30.0,14.9,15.1,15.8,14.9,0.0,19.0,1.1,30.0,15.0,30.0,30.0,14.9,0.0,0.2,47.9,44.4,72.0,0.6,0.1,0.1,5.5
0.7,562,30.0,15.0,15.0,15.8,15.0,0.0,19.0,0.7,30.0,15.0,30.0,30.0,15.0,0.0,0.1,48.0,44.5,72.0,0.6,0.0,0.0,5.5
0.7,563,30.0,15.0,15.0,15.8,15.0,0.0,19.0,0.7,30.0,15.0,30.0,30.0,15.0,0.0,0.0,48.0,44.5,72.0,0.6,0.0,0.0,5.5
0.7,564,30.0,15.0,15.0,15.8,15.0,0.0,19.0,1.0,30.0,15.0,30.0,30.0,15.0,0.0,0.0,48.0,44.5,72.0,0.6,0.0,0.0,5.5
0.7,565,30.0,15.0,15.0,15.8,15.0,0.0,19.0,0.7,30.0,15.0,30.0,30.0,15.0,0.0,0.0,48.0,44.5,72.0,0.6,0.0,0.0,5.5
0.7,566,30.0,15.0,15.0,15.8,15.0,0.0,19.0,1.1,30.0,15.0,30.0,30.0,15.0,0.0,0.0,48.0,44.5,72.0,0.6,0.0,0.0,5.5
0.7,567,30.0,15.0,15.0,15.8,15.0,0.0,19.0,0.7,30.0,15.0,30.0,30.0,15.0,0.0,0.1,48.1,44.6,72.1,0.6,0.1,0.1,5.5
0.7,568,30.0,15.0,15.0,15.8,15.0,0.0,19.0,0.7,30.0,15.0,30.0,30.0,15.0,0.0,0.1,48.2,44.7,72.2,0.6,0.1,0.1,5.5
0.7,569,30.0,15.0,15.0,15.8,15.0,0.0,19.0,0.3,30.0,15.0,30.0,30.0,15.0,0.0,0.3,48.5,45.0,72.5,0.6,0.3,0.3,5.5
0.7,570,30.0,15.0,15.0,15.8,15.0,0.0,19.0,0.2,30.0,15.0,30.0,30.0,15.0,0.0,0.0,48.5,45.0,72.5,0.6,0.0,0.0,5.5
