day,patients,patient_C,patient_S,patient_isolated,patient_positive,patient_preinfection,hcws,hcw_C,goo,goo_C,beds,filled_beds,filled_sick_beds,empty_isolated_beds,daily_hcw_infections,cumulative_sick_patients,cumulative_sick_patients_by_HCW,cumulative_patients,move2isol,daily_discharges,daily_admissions,prob_transmission,iteration
0,30,0,30,16,0,0,19,0,30,10,30,0,0,0,0,0,0,30,0,0,0,0.1,1
1,30,0,30,16,0,0,19,0,30,10,30,30,0,0,0,0,0,30,0,0,0,0.1,1
2,30,0,30,16,0,0,19,1,30,10,30,30,0,0,0,0,0,30,0,0,0,0.1,1
3,30,1,29,16,1,0,19,0,30,10,30,30,1,0,1,1,1,30,0,0,0,0.1,1
4,30,3,27,16,3,0,19,0,30,10,30,30,3,0,2,3,3,30,0,0,0,0.1,1
5,30,7,23,16,7,0,19,1,30,12,30,30,7,0,4,7,7,30,0,0,0,0.1,1
6,30,8,22,16,8,0,19,0,30,12,30,30,8,0,1,8,8,30,0,0,0,0.1,1
7,30,9,21,16,9,0,19,0,30,13,30,30,9,0,1,9,9,30,1,0,0,0.1,1
8,30,2,28,17,2,0,19,0,30,13,30,30,2,0,2,11,11,39,1,9,9,0.1,1
9,30,3,27,17,3,0,19,0,30,13,30,30,3,0,1,12,12,39,1,0,0,0.1,1
10,30,7,23,17,7,0,19,0,30,14,30,30,7,0,4,16,16,39,1,0,0,0.1,1
11,30,7,23,17,7,0,19,0,30,14,30,30,7,0,0,16,16,39,1,0,0,0.1,1
12,30,8,22,17,8,0,19,0,30,14,30,30,8,0,1,17,17,39,1,0,0,0.1,1
13,30,8,22,17,8,0,19,0,30,14,30,30,8,0,0,17,17,39,1,0,0,0.1,1
14,30,9,21,17,9,0,19,0,30,14,30,30,9,0,1,18,18,39,3,0,0,0.1,1
15,30,10,20,16,10,0,19,0,30,14,30,30,10,0,1,19,19,42,3,3,3,0.1,1
16,30,10,20,16,10,0,19,0,30,14,30,30,10,0,0,19,19,42,3,0,0,0.1,1
17,30,10,20,16,10,0,19,0,30,14,30,30,10,0,0,19,19,42,3,0,0,0.1,1
18,30,11,19,16,11,0,19,0,30,14,30,30,11,0,1,20,20,42,3,0,0,0.1,1
19,30,11,19,16,11,0,19,0,30,14,30,30,11,0,0,20,20,42,3,0,0,0.1,1
20,30,13,17,16,13,0,19,0,30,14,30,30,13,0,2,22,22,42,3,0,0,0.1,1
21,30,13,17,16,13,0,19,0,30,14,30,30,13,0,0,22,22,42,3,0,0,0.1,1
22,30,8,22,18,8,0,19,0,30,14,30,30,8,0,1,23,23,48,3,6,6,0.1,1
23,30,8,22,18,8,0,19,0,30,14,30,30,8,0,0,23,23,48,3,0,0,0.1,1
24,30,8,22,18,8,0,19,0,30,15,30,30,8,0,0,23,23,48,3,0,0,0.1,1
25,30,10,20,18,10,0,19,0,30,15,30,30,10,0,2,25,25,48,3,0,0,0.1,1
26,30,11,19,18,11,0,19,0,30,15,30,30,11,0,1,26,26,48,5,0,0,0.1,1
27,30,13,17,18,13,0,19,0,30,16,30,30,13,0,2,28,28,48,5,0,0,0.1,1
28,30,14,16,18,14,0,19,0,30,17,30,30,14,0,1,29,29,48,5,0,0,0.1,1
29,30,12,18,18,12,0,19,0,30,17,30,30,12,0,1,30,30,53,6,5,5,0.1,1
30,30,13,17,18,13,0,19,0,30,17,30,30,13,0,1,31,31,53,7,0,0,0.1,1
31,30,13,17,18,13,0,19,0,30,17,30,30,13,0,0,31,31,53,7,0,0,0.1,1
32,30,13,17,18,13,0,19,0,30,17,30,30,13,0,0,31,31,53,7,0,0,0.1,1
33,30,14,16,18,14,0,19,1,30,17,30,30,14,0,1,32,32,53,7,0,0,0.1,1
34,30,14,16,18,14,0,19,0,30,17,30,30,14,0,0,32,32,53,7,0,0,0.1,1
35,30,14,16,18,14,0,19,0,30,18,30,30,14,0,0,32,32,53,7,0,0,0.1,1
36,30,10,20,19,10,0,19,0,30,18,30,30,10,0,0,32,32,60,7,7,7,0.1,1
37,30,11,19,19,11,0,19,0,30,18,30,30,11,0,1,33,33,60,7,0,0,0.1,1
38,30,12,18,19,12,0,19,0,30,18,30,30,12,0,1,34,34,60,7,0,0,0.1,1
39,30,16,14,19,16,0,19,0,30,18,30,30,16,0,4,38,38,60,7,0,0,0.1,1
40,30,16,14,19,16,0,19,0,30,0,30,30,16,0,0,38,38,60,7,0,0,0.1,1
41,30,16,14,19,16,0,19,0,30,0,30,30,16,0,0,38,38,60,7,0,0,0.1,1
42,30,16,14,19,16,0,19,0,30,2,30,30,16,0,0,38,38,60,7,0,0,0.1,1
43,30,14,16,17,14,0,19,0,30,3,30,30,14,0,0,38,38,64,7,4,4,0.1,1
44,30,14,16,17,14,0,19,0,30,3,30,30,14,0,0,38,38,64,7,0,0,0.1,1
45,30,14,16,17,14,0,19,0,30,4,30,30,14,0,0,38,38,64,7,0,0,0.1,1
46,30,15,15,17,15,0,19,0,30,4,30,30,15,0,1,39,39,64,7,0,0,0.1,1
47,30,15,15,17,15,0,19,0,30,5,30,30,15,0,0,39,39,64,8,0,0,0.1,1
48,30,15,15,17,15,0,19,0,30,7,30,30,15,0,0,39,39,64,8,0,0,0.1,1
49,30,15,15,17,15,0,19,0,30,7,30,30,15,0,0,39,39,64,8,0,0,0.1,1
50,28,11,17,16,11,0,19,0,30,7,30,28,11,2,1,40,40,70,9,8,6,0.1,1
51,30,11,19,18,11,0,19,0,30,7,30,30,11,0,0,40,40,72,10,0,2,0.1,1
52,30,11,19,18,11,0,19,0,30,7,30,30,11,0,0,40,40,72,10,0,0,0.1,1
53,30,13,17,18,13,0,19,0,30,8,30,30,13,0,2,42,42,72,10,0,0,0.1,1
54,30,13,17,18,13,0,19,0,30,9,30,30,13,0,0,42,42,72,10,0,0,0.1,1
55,30,13,17,18,13,0,19,0,30,9,30,30,13,0,0,42,42,72,10,0,0,0.1,1
56,30,13,17,18,13,0,19,0,30,10,30,30,13,0,0,42,42,72,10,0,0,0.1,1
57,28,12,16,18,12,0,19,0,30,10,30,28,12,1,0,42,42,76,10,6,4,0.1,1
58,30,12,18,19,12,0,19,1,30,10,30,30,12,0,0,42,42,79,10,1,3,0.1,1
59,30,12,18,19,12,0,19,0,30,10,30,30,12,0,0,42,42,79,10,0,0,0.1,1
60,30,13,17,19,13,0,19,0,30,10,30,30,13,0,1,43,43,79,10,0,0,0.1,1
61,30,13,17,19,13,0,19,0,30,10,30,30,13,0,0,43,43,79,10,0,0,0.1,1
62,30,13,17,19,13,0,19,0,30,11,30,30,13,0,0,43,43,79,10,0,0,0.1,1
63,30,13,17,19,13,0,19,0,30,11,30,30,13,0,0,43,43,79,10,0,0,0.1,1
64,30,13,17,19,13,1,19,1,30,11,30,30,13,0,0,44,43,83,10,4,4,0.1,1
65,30,12,18,18,12,1,19,0,30,11,30,30,12,0,0,44,43,87,10,4,4,0.1,1
66,30,13,17,18,13,1,19,0,30,11,30,30,13,0,1,45,44,87,10,0,0,0.1,1
67,30,14,16,18,14,1,19,0,30,11,30,30,14,0,1,46,45,87,10,0,0,0.1,1
68,30,14,16,18,14,1,19,0,30,11,30,30,14,0,0,46,45,87,11,0,0,0.1,1
69,30,15,15,18,15,1,19,0,30,11,30,30,15,0,1,47,46,87,11,0,0,0.1,1
70,30,16,14,18,16,1,19,0,30,12,30,30,16,0,1,48,47,87,11,0,0,0.1,1
71,30,15,15,18,15,0,19,0,30,13,30,30,15,0,1,49,48,91,11,4,4,0.1,1
72,30,16,14,17,16,0,19,0,30,13,30,30,16,0,1,50,49,94,11,3,3,0.1,1
73,30,17,13,17,17,0,19,0,30,13,30,30,17,0,1,51,50,94,12,0,0,0.1,1
74,30,17,13,17,17,0,19,0,30,14,30,30,17,0,0,51,50,94,12,0,0,0.1,1
75,30,18,12,17,18,0,19,0,30,14,30,30,18,0,1,52,51,94,12,0,0,0.1,1
76,30,18,12,17,18,0,19,0,30,14,30,30,18,0,0,52,51,94,12,0,0,0.1,1
77,30,19,11,17,19,0,19,0,30,15,30,30,19,0,1,53,52,94,12,0,0,0.1,1
78,29,18,11,17,18,0,19,1,30,15,30,29,18,0,0,53,52,96,13,3,2,0.1,1
79,30,17,13,17,17,0,19,0,30,16,30,30,17,0,0,53,52,99,13,2,3,0.1,1
80,30,18,12,17,18,0,19,0,30,17,30,30,18,0,1,54,53,99,13,0,0,0.1,1
81,30,18,12,17,18,0,19,1,30,18,30,30,18,0,0,54,53,99,13,0,0,0.1,1
82,30,19,11,17,19,0,19,0,30,18,30,30,19,0,1,55,54,99,13,0,0,0.1,1
83,30,19,11,17,19,0,19,1,30,20,30,30,19,0,0,55,54,99,13,0,0,0.1,1
84,30,19,11,17,19,0,19,0,30,20,30,30,19,0,0,55,54,99,14,0,0,0.1,1
85,28,18,10,15,18,0,19,0,30,20,30,28,18,0,1,56,55,101,16,4,2,0.1,1
86,30,17,13,17,17,0,19,0,30,21,30,30,17,0,1,57,56,107,16,4,6,0.1,1
87,30,19,11,17,19,0,19,0,30,22,30,30,19,0,2,59,58,107,16,0,0,0.1,1
88,30,22,8,17,22,0,19,0,30,22,30,30,22,0,3,62,61,107,16,0,0,0.1,1
89,30,22,8,17,22,0,19,0,30,22,30,30,22,0,0,62,61,107,16,0,0,0.1,1
90,30,22,8,17,22,0,19,0,30,24,30,30,22,0,0,62,61,107,16,0,0,0.1,1
91,30,22,8,17,22,0,19,0,30,24,30,30,22,0,0,62,61,107,16,0,0,0.1,1
92,30,23,7,17,23,0,19,0,30,24,30,30,23,0,1,63,62,108,16,1,1,0.1,1
93,30,23,7,16,23,0,19,0,30,24,30,30,23,0,1,64,63,112,17,4,4,0.1,1
94,30,23,7,16,23,0,19,0,30,26,30,30,23,0,0,64,63,112,18,0,0,0.1,1
95,30,24,6,16,24,0,19,0,30,27,30,30,24,0,1,65,64,112,18,0,0,0.1,1
96,30,24,6,16,24,0,19,0,30,27,30,30,24,0,0,65,64,112,19,0,0,0.1,1
97,30,25,5,16,25,0,19,0,30,27,30,30,25,0,1,66,65,112,19,0,0,0.1,1
98,30,25,5,16,25,0,19,0,30,27,30,30,25,0,0,66,65,112,19,0,0,0.1,1
99,30,24,6,15,24,0,19,0,30,27,30,30,24,0,0,66,65,113,20,1,1,0.1,1
100,30,21,9,15,21,0,19,0,30,27,30,30,21,0,0,66,65,119,21,6,6,0.1,1
101,30,21,9,15,21,0,19,0,30,27,30,30,21,0,0,66,65,119,21,0,0,0.1,1
102,30,22,8,15,22,0,19,0,30,27,30,30,22,0,1,67,66,119,21,0,0,0.1,1
103,30,23,7,15,23,0,19,0,30,29,30,30,23,0,1,68,67,119,21,0,0,0.1,1
104,30,24,6,15,24,0,19,0,30,29,30,30,24,0,1,69,68,119,22,0,0,0.1,1
105,30,24,6,15,24,0,19,0,30,29,30,30,24,0,0,69,68,119,22,0,0,0.1,1
106,29,24,5,15,24,0,19,0,30,29,30,29,24,0,1,70,69,119,23,1,0,0.1,1
107,30,25,5,16,25,0,19,0,30,29,30,30,25,0,2,72,71,123,23,3,4,0.1,1
108,30,25,5,16,25,0,19,0,30,29,30,30,25,0,0,72,71,123,23,0,0,0.1,1
109,30,25,5,16,25,0,19,0,30,30,30,30,25,0,0,72,71,123,23,0,0,0.1,1
110,30,25,5,16,25,0,19,0,30,30,30,30,25,0,0,72,71,123,24,0,0,0.1,1
111,30,25,5,16,25,0,19,0,30,30,30,30,25,0,0,72,71,123,24,0,0,0.1,1
112,30,25,5,16,25,0,19,0,30,30,30,30,25,0,0,72,71,123,24,0,0,0.1,1
113,29,26,3,16,26,0,19,0,30,30,30,29,26,0,2,74,73,123,24,1,0,0.1,1
114,29,22,7,14,22,0,19,1,30,30,30,29,22,0,0,74,73,129,27,6,6,0.1,1
115,30,24,6,14,24,0,19,0,30,30,30,30,24,0,2,76,75,130,27,0,1,0.1,1
116,30,25,5,14,25,0,19,1,30,30,30,30,25,0,1,77,76,130,27,0,0,0.1,1
117,30,27,3,14,27,0,19,0,30,30,30,30,27,0,2,79,78,130,27,0,0,0.1,1
118,30,28,2,14,28,0,19,0,30,30,30,30,28,0,1,80,79,130,27,0,0,0.1,1
119,30,30,0,14,30,0,19,0,30,30,30,30,30,0,2,82,81,130,27,0,0,0.1,1
120,30,30,0,14,30,0,19,0,30,30,30,30,30,0,0,82,81,130,27,0,0,0.1,1
121,30,29,1,14,29,1,19,0,30,30,30,30,29,0,0,83,81,132,27,2,2,0.1,1
122,30,30,0,14,30,1,19,0,30,30,30,30,30,0,1,84,82,132,27,0,0,0.1,1
123,30,30,0,14,30,1,19,0,30,30,30,30,30,0,0,84,82,132,27,0,0,0.1,1
124,30,30,0,14,30,1,19,0,30,30,30,30,30,0,0,84,82,132,27,0,0,0.1,1
125,30,30,0,14,30,1,19,0,30,30,30,30,30,0,0,84,82,132,27,0,0,0.1,1
126,30,30,0,14,30,1,19,0,30,30,30,30,30,0,0,84,82,132,27,0,0,0.1,1
127,30,30,0,14,30,1,19,0,30,30,30,30,30,0,0,84,82,132,27,0,0,0.1,1
128,29,23,6,13,23,0,19,0,30,30,30,29,23,0,0,84,82,138,30,7,6,0.1,1
129,30,24,6,13,24,0,19,0,30,30,30,30,24,0,2,86,84,140,31,1,2,0.1,1
130,30,24,6,13,24,0,19,1,30,30,30,30,24,0,0,86,84,140,31,0,0,0.1,1
131,30,25,5,13,25,0,19,0,30,30,30,30,25,0,1,87,85,140,31,0,0,0.1,1
132,30,25,5,13,25,0,19,0,30,30,30,30,25,0,0,87,85,140,31,0,0,0.1,1
133,30,26,4,13,26,0,19,0,30,30,30,30,26,0,1,88,86,140,31,0,0,0.1,1
134,30,26,4,13,26,0,19,0,30,30,30,30,26,0,0,88,86,140,31,0,0,0.1,1
135,29,26,3,13,26,0,19,0,30,30,30,29,26,0,1,89,87,143,31,4,3,0.1,1
136,30,26,4,13,26,0,19,0,30,30,30,30,26,0,0,89,87,144,31,0,1,0.1,1
137,30,26,4,13,26,0,19,0,30,30,30,30,26,0,0,89,87,144,31,0,0,0.1,1
138,30,27,3,13,27,0,19,0,30,30,30,30,27,0,1,90,88,144,31,0,0,0.1,1
139,30,28,2,13,28,0,19,0,30,30,30,30,28,0,1,91,89,144,31,0,0,0.1,1
140,30,28,2,13,28,0,19,1,30,30,30,30,28,0,0,91,89,144,31,0,0,0.1,1
141,30,28,2,13,28,0,19,1,30,30,30,30,28,0,0,91,89,144,31,0,0,0.1,1
142,27,25,2,13,25,0,19,0,30,30,30,27,25,0,0,91,89,146,31,5,2,0.1,1
143,30,24,6,13,24,0,19,1,30,30,30,30,24,0,1,92,90,151,31,2,5,0.1,1
144,30,25,5,13,25,0,19,0,30,30,30,30,25,0,1,93,91,151,31,0,0,0.1,1
145,30,25,5,13,25,0,19,0,30,30,30,30,25,0,0,93,91,151,31,0,0,0.1,1
146,30,26,4,13,26,0,19,0,30,30,30,30,26,0,1,94,92,151,31,0,0,0.1,1
147,30,27,3,13,27,0,19,0,30,30,30,30,27,0,1,95,93,151,31,0,0,0.1,1
148,30,28,2,13,28,0,19,0,30,30,30,30,28,0,1,96,94,151,31,0,0,0.1,1
149,30,27,3,13,27,0,19,0,30,30,30,30,27,0,0,96,94,153,31,2,2,0.1,1
150,30,26,4,13,26,0,19,0,30,30,30,30,26,0,0,96,94,155,31,2,2,0.1,1
151,30,26,4,13,26,0,19,0,30,30,30,30,26,0,0,96,94,155,31,0,0,0.1,1
152,30,26,4,13,26,0,19,1,30,30,30,30,26,0,0,96,94,155,31,0,0,0.1,1
153,30,28,2,13,28,0,19,0,30,30,30,30,28,0,2,98,96,155,31,0,0,0.1,1
154,30,29,1,13,29,0,19,0,30,30,30,30,29,0,1,99,97,155,31,0,0,0.1,1
155,30,30,0,13,30,0,19,0,30,30,30,30,30,0,1,100,98,155,31,0,0,0.1,1
156,29,29,0,13,29,0,19,0,30,30,30,29,29,0,0,100,98,155,31,1,0,0.1,1
157,30,27,3,13,27,0,19,0,30,30,30,30,27,0,2,102,100,160,31,4,5,0.1,1
158,30,28,2,13,28,0,19,0,30,30,30,30,28,0,1,103,101,160,31,0,0,0.1,1
159,30,28,2,13,28,0,19,0,30,30,30,30,28,0,0,103,101,160,31,0,0,0.1,1
160,30,29,1,13,29,0,19,0,30,30,30,30,29,0,1,104,102,160,31,0,0,0.1,1
161,30,29,1,13,29,0,19,2,30,30,30,30,29,0,0,104,102,160,31,0,0,0.1,1
162,30,29,1,13,29,0,19,0,30,30,30,30,29,0,0,104,102,160,31,0,0,0.1,1
163,29,27,2,13,27,0,19,1,30,30,30,29,27,0,0,104,102,161,31,2,1,0.1,1
164,30,26,4,13,26,0,19,0,30,30,30,30,26,0,1,105,103,165,31,3,4,0.1,1
165,30,27,3,13,27,0,19,1,30,30,30,30,27,0,1,106,104,165,31,0,0,0.1,1
166,30,27,3,13,27,0,19,0,30,30,30,30,27,0,0,106,104,165,31,0,0,0.1,1
167,30,27,3,13,27,0,19,0,30,30,30,30,27,0,0,106,104,165,31,0,0,0.1,1
168,30,28,2,13,28,0,19,0,30,30,30,30,28,0,1,107,105,165,31,0,0,0.1,1
169,30,29,1,13,29,0,19,0,30,30,30,30,29,0,1,108,106,165,31,0,0,0.1,1
170,30,29,1,13,29,0,19,0,30,30,30,30,29,0,0,108,106,165,31,0,0,0.1,1
171,30,25,5,13,25,0,19,0,30,30,30,30,25,0,0,108,106,170,31,5,5,0.1,1
172,30,26,4,13,26,0,19,0,30,30,30,30,26,0,1,109,107,170,31,0,0,0.1,1
173,30,27,3,13,27,0,19,0,30,30,30,30,27,0,1,110,108,170,31,0,0,0.1,1
174,30,27,3,13,27,0,19,0,30,30,30,30,27,0,0,110,108,170,31,0,0,0.1,1
175,30,29,1,13,29,0,19,0,30,30,30,30,29,0,2,112,110,170,31,0,0,0.1,1
176,30,29,1,13,29,0,19,0,30,30,30,30,29,0,0,112,110,170,31,0,0,0.1,1
177,30,28,2,13,28,0,19,0,30,30,30,30,28,0,0,112,110,171,31,1,1,0.1,1
178,29,25,4,13,25,0,19,0,30,30,30,29,25,0,0,112,110,174,31,4,3,0.1,1
179,30,27,3,13,27,0,19,1,30,30,30,30,27,0,2,114,112,175,31,0,1,0.1,1
180,30,27,3,13,27,0,19,1,30,30,30,30,27,0,0,114,112,175,31,0,0,0.1,1
181,30,27,3,13,27,0,19,0,30,30,30,30,27,0,0,114,112,175,31,0,0,0.1,1
182,30,28,2,13,28,0,19,0,30,30,30,30,28,0,1,115,113,175,31,0,0,0.1,1
183,30,28,2,13,28,0,19,0,30,30,30,30,28,0,0,115,113,175,31,0,0,0.1,1
184,30,28,2,13,28,0,19,0,30,30,30,30,28,0,0,115,113,176,31,1,1,0.1,1
185,30,25,5,13,25,0,19,0,30,30,30,30,25,0,1,116,114,180,31,4,4,0.1,1
186,30,25,5,13,25,0,19,0,30,30,30,30,25,0,0,116,114,181,31,1,1,0.1,1
187,30,25,5,13,25,0,19,0,30,30,30,30,25,0,0,116,114,181,31,0,0,0.1,1
188,30,26,4,13,26,0,19,0,30,30,30,30,26,0,1,117,115,181,31,0,0,0.1,1
189,30,27,3,13,27,0,19,0,30,30,30,30,27,0,1,118,116,181,31,0,0,0.1,1
190,30,27,3,13,27,0,19,0,30,30,30,30,27,0,0,118,116,181,31,0,0,0.1,1
191,30,29,1,13,29,0,19,1,30,30,30,30,29,0,2,120,118,181,31,0,0,0.1,1
192,30,26,4,13,26,0,19,0,30,30,30,30,26,0,0,120,118,185,31,4,4,0.1,1
193,30,26,4,13,26,0,19,1,30,30,30,30,26,0,0,120,118,185,31,0,0,0.1,1
194,30,26,4,13,26,0,19,0,30,30,30,30,26,0,0,120,118,185,31,0,0,0.1,1
195,30,27,3,13,27,0,19,1,30,30,30,30,27,0,1,121,119,185,31,0,0,0.1,1
196,30,27,3,13,27,0,19,0,30,30,30,30,27,0,0,121,119,185,31,0,0,0.1,1
197,30,27,3,13,27,0,19,1,30,30,30,30,27,0,0,121,119,185,31,0,0,0.1,1
198,30,27,3,13,27,0,19,0,30,30,30,30,27,0,1,122,120,186,31,1,1,0.1,1
199,30,24,6,13,24,0,19,0,30,30,30,30,24,0,0,122,120,191,31,5,5,0.1,1
200,30,24,6,13,24,0,19,0,30,30,30,30,24,0,1,123,121,192,31,1,1,0.1,1
201,30,26,4,13,26,0,19,0,30,30,30,30,26,0,2,125,123,192,31,0,0,0.1,1
202,30,26,4,13,26,0,19,0,30,30,30,30,26,0,0,125,123,192,31,0,0,0.1,1
203,30,27,3,13,27,0,19,0,30,30,30,30,27,0,1,126,124,192,31,0,0,0.1,1
204,30,28,2,13,28,0,19,0,30,30,30,30,28,0,1,127,125,192,31,0,0,0.1,1
205,30,28,2,13,28,0,19,1,30,30,30,30,28,0,0,127,125,192,31,0,0,0.1,1
206,30,27,3,13,27,0,19,0,30,30,30,30,27,0,1,128,126,195,31,3,3,0.1,1
207,30,28,2,13,28,0,19,0,30,30,30,30,28,0,1,129,127,195,31,0,0,0.1,1
208,30,29,1,13,29,0,19,0,30,30,30,30,29,0,1,130,128,195,31,0,0,0.1,1
209,30,29,1,13,29,0,19,1,30,30,30,30,29,0,0,130,128,195,31,0,0,0.1,1
210,30,30,0,13,30,0,19,0,30,30,30,30,30,0,1,131,129,195,31,0,0,0.1,1
211,30,30,0,13,30,0,19,0,30,30,30,30,30,0,0,131,129,195,31,0,0,0.1,1
212,30,29,1,13,29,0,19,0,30,30,30,30,29,0,0,131,129,196,31,1,1,0.1,1
213,28,25,3,13,25,0,19,0,30,30,30,28,25,0,0,131,129,198,31,4,2,0.1,1
214,30,27,3,13,27,0,19,0,30,30,30,30,27,0,3,134,132,201,31,1,3,0.1,1
215,30,27,3,13,27,0,19,0,30,30,30,30,27,0,0,134,132,201,31,0,0,0.1,1
216,30,27,3,13,27,0,19,0,30,30,30,30,27,0,0,134,132,201,31,0,0,0.1,1
217,30,28,2,13,28,0,19,0,30,30,30,30,28,0,1,135,133,201,31,0,0,0.1,1
218,30,29,1,13,29,0,19,0,30,30,30,30,29,0,1,136,134,201,31,0,0,0.1,1
219,30,29,1,13,29,0,19,0,30,30,30,30,29,0,0,136,134,201,31,0,0,0.1,1
220,28,26,2,13,26,0,19,0,30,3,30,28,26,0,0,136,134,203,31,4,2,0.1,1
221,30,26,4,13,26,0,19,0,30,4,30,30,26,0,0,136,134,205,31,0,2,0.1,1
222,30,26,4,13,26,0,19,0,30,5,30,30,26,0,0,136,134,205,31,0,0,0.1,1
223,30,26,4,13,26,0,19,0,30,5,30,30,26,0,0,136,134,205,31,0,0,0.1,1
224,30,26,4,13,26,0,19,0,30,6,30,30,26,0,0,136,134,205,31,0,0,0.1,1
225,30,26,4,13,26,0,19,0,30,6,30,30,26,0,0,136,134,205,31,0,0,0.1,1
226,29,25,4,13,25,0,19,0,30,6,30,29,25,0,0,136,134,205,31,1,0,0.1,1
227,29,24,5,13,24,0,19,0,30,8,30,29,24,0,0,136,134,208,31,3,3,0.1,1
228,30,22,8,13,22,0,19,0,30,9,30,30,22,0,1,137,135,214,31,5,6,0.1,1
229,30,22,8,13,22,0,19,0,30,10,30,30,22,0,0,137,135,214,31,0,0,0.1,1
230,30,22,8,13,22,0,19,0,30,10,30,30,22,0,0,137,135,214,31,0,0,0.1,1
231,30,22,8,13,22,0,19,0,30,12,30,30,22,0,0,137,135,214,31,0,0,0.1,1
232,30,22,8,13,22,0,19,0,30,13,30,30,22,0,0,137,135,214,31,0,0,0.1,1
233,30,22,8,13,22,0,19,0,30,14,30,30,22,0,0,137,135,214,31,0,0,0.1,1
234,30,24,6,13,24,0,19,0,30,16,30,30,24,0,2,139,137,216,31,2,2,0.1,1
235,30,24,6,13,24,0,19,0,30,17,30,30,24,0,0,139,137,220,31,4,4,0.1,1
236,30,24,6,13,24,0,19,0,30,19,30,30,24,0,0,139,137,220,31,0,0,0.1,1
237,30,24,6,13,24,0,19,0,30,19,30,30,24,0,0,139,137,220,31,0,0,0.1,1
238,30,24,6,13,24,0,19,0,30,19,30,30,24,0,0,139,137,220,31,0,0,0.1,1
239,30,24,6,13,24,0,19,1,30,19,30,30,24,0,0,139,137,220,31,0,0,0.1,1
240,30,24,6,13,24,0,19,0,30,20,30,30,24,0,0,139,137,220,31,0,0,0.1,1
241,28,24,4,13,24,1,19,0,30,22,30,28,24,0,0,140,137,221,31,3,1,0.1,1
242,30,24,6,13,24,2,19,1,30,22,30,30,24,0,1,142,138,228,31,5,7,0.1,1
243,30,26,4,13,26,2,19,0,30,22,30,30,26,0,2,144,140,228,31,0,0,0.1,1
244,30,26,4,13,26,2,19,0,30,23,30,30,26,0,0,144,140,228,31,0,0,0.1,1
245,30,27,3,13,27,2,19,0,30,24,30,30,27,0,1,145,141,228,31,0,0,0.1,1
246,30,27,3,13,27,2,19,1,30,25,30,30,27,0,0,145,141,228,31,0,0,0.1,1
247,30,27,3,13,27,2,19,0,30,26,30,30,27,0,0,145,141,228,31,0,0,0.1,1
248,30,26,4,13,26,1,19,0,30,27,30,30,26,0,0,145,141,229,31,1,1,0.1,1
249,30,25,5,13,25,0,19,0,30,27,30,30,25,0,1,146,142,234,31,5,5,0.1,1
250,30,26,4,13,26,0,19,0,30,27,30,30,26,0,1,147,143,234,31,0,0,0.1,1
251,30,26,4,13,26,0,19,0,30,27,30,30,26,0,0,147,143,234,31,0,0,0.1,1
252,30,26,4,13,26,0,19,0,30,27,30,30,26,0,0,147,143,234,31,0,0,0.1,1
253,30,26,4,13,26,0,19,0,30,27,30,30,26,0,0,147,143,234,31,0,0,0.1,1
254,30,26,4,13,26,0,19,0,30,28,30,30,26,0,0,147,143,234,31,0,0,0.1,1
255,30,27,3,13,27,0,19,0,30,28,30,30,27,0,1,148,144,234,31,0,0,0.1,1
256,30,24,6,13,24,0,19,0,30,28,30,30,24,0,0,148,144,240,31,6,6,0.1,1
257,30,24,6,13,24,0,19,0,30,28,30,30,24,0,0,148,144,240,31,0,0,0.1,1
258,30,26,4,13,26,0,19,0,30,28,30,30,26,0,2,150,146,240,31,0,0,0.1,1
259,30,26,4,13,26,0,19,0,30,29,30,30,26,0,0,150,146,240,31,0,0,0.1,1
260,30,26,4,13,26,0,19,0,30,29,30,30,26,0,0,150,146,240,31,0,0,0.1,1
261,30,26,4,13,26,0,19,0,30,29,30,30,26,0,0,150,146,240,31,0,0,0.1,1
262,30,25,5,13,25,0,19,1,30,29,30,30,25,0,0,150,146,241,31,1,1,0.1,1
263,30,23,7,13,23,0,19,0,30,29,30,30,23,0,0,150,146,247,31,6,6,0.1,1
264,30,26,4,13,26,0,19,0,30,29,30,30,26,0,3,153,149,247,31,0,0,0.1,1
265,30,27,3,13,27,0,19,0,30,29,30,30,27,0,1,154,150,247,31,0,0,0.1,1
266,30,27,3,13,27,0,19,0,30,29,30,30,27,0,0,154,150,247,31,0,0,0.1,1
267,30,27,3,13,27,0,19,0,30,29,30,30,27,0,0,154,150,247,31,0,0,0.1,1
268,30,28,2,13,28,0,19,0,30,29,30,30,28,0,1,155,151,247,31,0,0,0.1,1
269,30,28,2,13,28,0,19,0,30,29,30,30,28,0,0,155,151,247,31,0,0,0.1,1
270,30,28,2,13,28,0,19,0,30,29,30,30,28,0,2,157,153,250,31,3,3,0.1,1
271,30,28,2,13,28,0,19,0,30,29,30,30,28,0,0,157,153,250,31,0,0,0.1,1
272,30,29,1,13,29,0,19,0,30,29,30,30,29,0,1,158,154,250,31,0,0,0.1,1
273,30,30,0,13,30,0,19,0,30,29,30,30,30,0,1,159,155,250,31,0,0,0.1,1
274,30,30,0,13,30,0,19,0,30,29,30,30,30,0,0,159,155,250,31,0,0,0.1,1
275,30,30,0,13,30,0,19,0,30,29,30,30,30,0,0,159,155,250,31,0,0,0.1,1
276,30,29,1,13,29,0,19,0,30,29,30,30,29,0,0,159,155,251,31,1,1,0.1,1
277,30,24,6,13,24,0,19,0,30,29,30,30,24,0,0,159,155,256,31,5,5,0.1,1
278,30,25,5,13,25,0,19,0,30,29,30,30,25,0,1,160,156,256,31,0,0,0.1,1
279,30,26,4,13,26,0,19,1,30,29,30,30,26,0,1,161,157,256,31,0,0,0.1,1
280,30,27,3,13,27,0,19,1,30,29,30,30,27,0,1,162,158,256,31,0,0,0.1,1
281,30,27,3,13,27,0,19,1,30,29,30,30,27,0,0,162,158,256,31,0,0,0.1,1
282,30,28,2,13,28,0,19,0,30,29,30,30,28,0,1,163,159,256,31,0,0,0.1,1
283,30,28,2,13,28,0,19,2,30,30,30,30,28,0,0,163,159,257,31,1,1,0.1,1
284,29,25,4,13,25,0,19,0,30,30,30,29,25,0,0,163,159,260,31,4,3,0.1,1
285,30,25,5,13,25,0,19,1,30,30,30,30,25,0,0,163,159,261,31,0,1,0.1,1
286,30,27,3,13,27,0,19,0,30,30,30,30,27,0,2,165,161,261,31,0,0,0.1,1
287,30,28,2,13,28,0,19,0,30,30,30,30,28,0,1,166,162,261,31,0,0,0.1,1
288,30,29,1,13,29,0,19,0,30,30,30,30,29,0,1,167,163,261,31,0,0,0.1,1
289,30,29,1,13,29,0,19,0,30,30,30,30,29,0,0,167,163,261,31,0,0,0.1,1
290,30,29,1,13,29,0,19,0,30,30,30,30,29,0,0,167,163,261,31,0,0,0.1,1
291,28,25,3,13,25,0,19,1,30,30,30,28,25,0,0,167,163,264,31,5,3,0.1,1
292,30,25,5,13,25,0,19,0,30,30,30,30,25,0,0,167,163,266,31,0,2,0.1,1
293,30,25,5,13,25,0,19,1,30,30,30,30,25,0,0,167,163,266,31,0,0,0.1,1
294,30,27,3,13,27,0,19,0,30,30,30,30,27,0,2,169,165,266,31,0,0,0.1,1
295,30,28,2,13,28,0,19,0,30,30,30,30,28,0,1,170,166,266,31,0,0,0.1,1
296,30,28,2,13,28,0,19,0,30,30,30,30,28,0,0,170,166,266,31,0,0,0.1,1
297,29,27,2,13,27,0,19,0,30,30,30,29,27,0,0,170,166,266,31,1,0,0.1,1
298,30,25,5,13,25,0,19,0,30,30,30,30,25,0,0,170,166,271,31,4,5,0.1,1
299,30,25,5,13,25,0,19,0,30,30,30,30,25,0,1,171,167,272,31,1,1,0.1,1
300,30,25,5,13,25,0,19,1,30,30,30,30,25,0,0,171,167,272,31,0,0,0.1,1
301,30,27,3,13,27,0,19,0,30,30,30,30,27,0,2,173,169,272,31,0,0,0.1,1
302,30,29,1,13,29,0,19,0,30,30,30,30,29,0,2,175,171,272,31,0,0,0.1,1
303,30,29,1,13,29,0,19,0,30,30,30,30,29,0,0,175,171,272,31,0,0,0.1,1
304,30,29,1,13,29,0,19,0,30,30,30,30,29,0,0,175,171,272,31,0,0,0.1,1
305,30,30,0,13,30,2,19,0,30,30,30,30,30,0,0,177,171,274,31,2,2,0.1,1
306,30,28,2,13,28,2,19,0,30,30,30,30,28,0,0,177,171,276,31,2,2,0.1,1
307,30,29,1,13,29,2,19,0,30,30,30,30,29,0,1,178,172,276,31,0,0,0.1,1
308,30,29,1,13,29,2,19,1,30,30,30,30,29,0,0,178,172,276,31,0,0,0.1,1
309,30,29,1,13,29,2,19,0,30,30,30,30,29,0,0,178,172,276,31,0,0,0.1,1
310,30,30,0,13,30,2,19,0,30,30,30,30,30,0,1,179,173,276,31,0,0,0.1,1
311,30,30,0,13,30,2,19,0,30,30,30,30,30,0,0,179,173,276,31,0,0,0.1,1
312,28,25,3,13,25,0,19,0,30,30,30,28,25,0,1,180,174,280,31,6,4,0.1,1
313,30,24,6,13,24,0,19,1,30,30,30,30,24,0,0,180,174,283,31,1,3,0.1,1
314,30,24,6,13,24,0,19,0,30,30,30,30,24,0,0,180,174,283,31,0,0,0.1,1
315,30,25,5,13,25,0,19,0,30,30,30,30,25,0,1,181,175,283,31,0,0,0.1,1
316,30,25,5,13,25,0,19,0,30,30,30,30,25,0,0,181,175,283,31,0,0,0.1,1
317,30,26,4,13,26,0,19,0,30,30,30,30,26,0,1,182,176,283,31,0,0,0.1,1
318,30,27,3,13,27,0,19,0,30,30,30,30,27,0,1,183,177,283,31,0,0,0.1,1
319,30,27,3,13,27,0,19,0,30,30,30,30,27,0,0,183,177,285,31,2,2,0.1,1
320,30,27,3,13,27,0,19,0,30,30,30,30,27,0,2,185,179,288,31,3,3,0.1,1
321,30,27,3,13,27,0,19,0,30,30,30,30,27,0,0,185,179,288,31,0,0,0.1,1
322,30,27,3,13,27,0,19,0,30,30,30,30,27,0,0,185,179,288,31,0,0,0.1,1
323,30,28,2,13,28,0,19,0,30,30,30,30,28,0,1,186,180,288,31,0,0,0.1,1
324,30,28,2,13,28,0,19,0,30,30,30,30,28,0,0,186,180,288,31,0,0,0.1,1
325,30,29,1,13,29,0,19,0,30,30,30,30,29,0,1,187,181,288,31,0,0,0.1,1
326,30,27,3,13,27,0,19,0,30,30,30,30,27,0,0,187,181,291,31,3,3,0.1,1
327,30,25,5,13,25,0,19,0,30,30,30,30,25,0,0,187,181,293,31,2,2,0.1,1
328,30,26,4,13,26,0,19,0,30,30,30,30,26,0,1,188,182,293,31,0,0,0.1,1
329,30,27,3,13,27,0,19,0,30,30,30,30,27,0,1,189,183,293,31,0,0,0.1,1
330,30,28,2,13,28,0,19,0,30,30,30,30,28,0,1,190,184,293,31,0,0,0.1,1
331,30,28,2,13,28,0,19,0,30,30,30,30,28,0,0,190,184,293,31,0,0,0.1,1
332,30,28,2,13,28,0,19,0,30,30,30,30,28,0,0,190,184,293,31,0,0,0.1,1
333,29,27,2,13,27,0,19,0,30,30,30,29,27,0,0,190,184,295,31,3,2,0.1,1
334,30,24,6,13,24,0,19,0,30,30,30,30,24,0,0,190,184,299,31,3,4,0.1,1
335,30,24,6,13,24,0,19,0,30,30,30,30,24,0,0,190,184,299,31,0,0,0.1,1
336,30,27,3,13,27,0,19,0,30,30,30,30,27,0,3,193,187,299,31,0,0,0.1,1
337,30,27,3,13,27,0,19,0,30,30,30,30,27,0,0,193,187,299,31,0,0,0.1,1
338,30,29,1,13,29,0,19,0,30,30,30,30,29,0,2,195,189,299,31,0,0,0.1,1
339,30,29,1,13,29,0,19,0,30,30,30,30,29,0,0,195,189,299,31,0,0,0.1,1
340,30,28,2,13,28,0,19,0,30,30,30,30,28,0,0,195,189,301,31,2,2,0.1,1
341,30,27,3,13,27,0,19,1,30,30,30,30,27,0,1,196,190,303,31,2,2,0.1,1
342,30,27,3,13,27,0,19,1,30,30,30,30,27,0,0,196,190,303,31,0,0,0.1,1
343,30,27,3,13,27,0,19,0,30,30,30,30,27,0,0,196,190,303,31,0,0,0.1,1
344,30,27,3,13,27,0,19,0,30,30,30,30,27,0,0,196,190,303,31,0,0,0.1,1
345,30,28,2,13,28,0,19,0,30,30,30,30,28,0,1,197,191,303,31,0,0,0.1,1
346,30,28,2,13,28,0,19,0,30,30,30,30,28,0,0,197,191,303,31,0,0,0.1,1
347,30,27,3,13,27,0,19,0,30,30,30,30,27,0,0,197,191,305,31,2,2,0.1,1
348,28,23,5,13,23,0,19,0,30,30,30,28,23,0,0,197,191,308,31,5,3,0.1,1
349,30,26,4,13,26,0,19,0,30,30,30,30,26,0,3,200,194,310,31,0,2,0.1,1
350,30,28,2,13,28,0,19,0,30,30,30,30,28,0,2,202,196,310,31,0,0,0.1,1
351,30,30,0,13,30,0,19,1,30,30,30,30,30,0,2,204,198,310,31,0,0,0.1,1
352,30,30,0,13,30,0,19,0,30,30,30,30,30,0,0,204,198,310,31,0,0,0.1,1
353,30,30,0,13,30,0,19,1,30,30,30,30,30,0,0,204,198,310,31,0,0,0.1,1
354,30,29,1,13,29,0,19,0,30,30,30,30,29,0,0,204,198,311,31,1,1,0.1,1
355,30,28,2,13,28,0,19,0,30,30,30,30,28,0,0,204,198,312,31,1,1,0.1,1
356,30,29,1,13,29,0,19,1,30,30,30,30,29,0,1,205,199,312,31,0,0,0.1,1
357,30,29,1,13,29,0,19,1,30,30,30,30,29,0,0,205,199,312,31,0,0,0.1,1
358,30,29,1,13,29,0,19,1,30,30,30,30,29,0,0,205,199,312,31,0,0,0.1,1
359,30,30,0,13,30,0,19,0,30,30,30,30,30,0,1,206,200,312,31,0,0,0.1,1
360,30,30,0,13,30,0,19,0,30,30,30,30,30,0,0,206,200,312,31,0,0,0.1,1
361,30,28,2,13,28,0,19,0,30,30,30,30,28,0,0,206,200,314,31,2,2,0.1,1
362,30,26,4,13,26,0,19,0,30,30,30,30,26,0,1,207,201,317,31,3,3,0.1,1
363,30,26,4,13,26,0,19,0,30,30,30,30,26,0,2,209,203,319,31,2,2,0.1,1
364,30,27,3,13,27,0,19,0,30,30,30,30,27,0,1,210,204,319,31,0,0,0.1,1
365,30,27,3,13,27,0,19,0,30,30,30,30,27,0,0,210,204,319,31,0,0,0.1,1
366,30,27,3,13,27,0,19,0,30,30,30,30,27,0,0,210,204,319,31,0,0,0.1,1
367,30,27,3,13,27,0,19,0,30,30,30,30,27,0,0,210,204,319,31,0,0,0.1,1
368,30,27,3,13,27,0,19,0,30,30,30,30,27,0,1,211,205,321,31,2,2,0.1,1
369,30,27,3,13,27,0,19,1,30,30,30,30,27,0,1,212,206,322,31,1,1,0.1,1
370,30,27,3,13,27,0,19,0,30,30,30,30,27,0,0,212,206,322,31,0,0,0.1,1
371,30,28,2,13,28,0,19,0,30,30,30,30,28,0,1,213,207,322,31,0,0,0.1,1
372,30,28,2,13,28,0,19,0,30,30,30,30,28,0,0,213,207,322,31,0,0,0.1,1
373,30,28,2,13,28,0,19,1,30,30,30,30,28,0,0,213,207,322,31,0,0,0.1,1
374,30,28,2,13,28,0,19,0,30,30,30,30,28,0,0,213,207,322,31,0,0,0.1,1
375,30,28,2,13,28,0,19,0,30,30,30,30,28,0,1,214,208,323,31,1,1,0.1,1
376,30,26,4,13,26,0,19,0,30,30,30,30,26,0,1,215,209,327,31,4,4,0.1,1
377,30,25,5,13,25,0,19,1,30,30,30,30,25,0,1,216,210,329,31,2,2,0.1,1
378,30,26,4,13,26,0,19,0,30,30,30,30,26,0,1,217,211,329,31,0,0,0.1,1
379,30,26,4,13,26,0,19,0,30,30,30,30,26,0,0,217,211,329,31,0,0,0.1,1
380,30,27,3,13,27,0,19,0,30,30,30,30,27,0,1,218,212,329,31,0,0,0.1,1
381,30,28,2,13,28,0,19,0,30,30,30,30,28,0,1,219,213,329,31,0,0,0.1,1
382,29,26,3,13,26,0,19,0,30,30,30,29,26,0,0,219,213,330,31,2,1,0.1,1
383,30,26,4,13,26,0,19,0,30,30,30,30,26,0,0,219,213,332,31,1,2,0.1,1
384,30,27,3,13,27,0,19,0,30,30,30,30,27,0,1,220,214,333,31,1,1,0.1,1
385,30,28,2,13,28,0,19,0,30,30,30,30,28,0,1,221,215,333,31,0,0,0.1,1
386,30,28,2,13,28,0,19,0,30,30,30,30,28,0,0,221,215,333,31,0,0,0.1,1
387,30,28,2,13,28,0,19,0,30,30,30,30,28,0,0,221,215,333,31,0,0,0.1,1
388,30,28,2,13,28,0,19,0,30,30,30,30,28,0,0,221,215,333,31,0,0,0.1,1
389,30,27,3,13,27,0,19,0,30,30,30,30,27,0,0,221,215,335,31,2,2,0.1,1
390,29,25,4,13,25,0,19,0,30,30,30,29,25,0,1,222,216,337,31,3,2,0.1,1
391,30,24,6,13,24,0,19,0,30,30,30,30,24,0,0,222,216,340,31,2,3,0.1,1
392,30,27,3,13,27,0,19,0,30,30,30,30,27,0,3,225,219,340,31,0,0,0.1,1
393,30,28,2,13,28,0,19,0,30,30,30,30,28,0,1,226,220,340,31,0,0,0.1,1
394,30,28,2,13,28,0,19,0,30,30,30,30,28,0,0,226,220,340,31,0,0,0.1,1
395,30,28,2,13,28,0,19,0,30,30,30,30,28,0,0,226,220,340,31,0,0,0.1,1
396,30,28,2,13,28,0,19,2,30,30,30,30,28,0,0,226,220,340,31,0,0,0.1,1
397,29,26,3,13,26,0,19,0,30,30,30,29,26,0,0,226,220,342,31,3,2,0.1,1
398,30,27,3,13,27,0,19,0,30,30,30,30,27,0,1,227,221,344,31,1,2,0.1,1
399,30,28,2,13,28,0,19,0,30,30,30,30,28,0,1,228,222,344,31,0,0,0.1,1
400,30,28,2,13,28,0,19,0,30,1,30,30,28,0,0,228,222,344,31,0,0,0.1,1
401,30,28,2,13,28,0,19,0,30,1,30,30,28,0,0,228,222,344,31,0,0,0.1,1
402,30,28,2,13,28,0,19,0,30,1,30,30,28,0,0,228,222,344,31,0,0,0.1,1
403,29,26,3,13,26,0,19,0,30,1,30,29,26,0,0,228,222,345,31,2,1,0.1,1
404,30,25,5,13,25,0,19,0,30,1,30,30,25,0,0,228,222,348,31,2,3,0.1,1
405,30,23,7,13,23,0,19,0,30,1,30,30,23,0,0,228,222,351,31,3,3,0.1,1
406,30,24,6,13,24,0,19,0,30,1,30,30,24,0,1,229,223,351,31,0,0,0.1,1
407,30,24,6,13,24,0,19,0,30,1,30,30,24,0,0,229,223,351,31,0,0,0.1,1
408,30,24,6,13,24,0,19,0,30,2,30,30,24,0,0,229,223,351,31,0,0,0.1,1
409,30,24,6,13,24,0,19,1,30,2,30,30,24,0,0,229,223,351,31,0,0,0.1,1
410,30,24,6,13,24,0,19,0,30,2,30,30,24,0,0,229,223,351,31,0,0,0.1,1
411,30,23,7,13,23,0,19,0,30,3,30,30,23,0,0,229,223,355,31,4,4,0.1,1
412,30,22,8,13,22,0,19,0,30,3,30,30,22,0,0,229,223,359,31,4,4,0.1,1
413,30,22,8,13,22,0,19,0,30,3,30,30,22,0,0,229,223,359,31,0,0,0.1,1
414,30,22,8,13,22,0,19,0,30,4,30,30,22,0,0,229,223,359,31,0,0,0.1,1
415,30,22,8,13,22,0,19,0,30,4,30,30,22,0,0,229,223,359,31,0,0,0.1,1
416,30,22,8,13,22,0,19,0,30,4,30,30,22,0,0,229,223,359,31,0,0,0.1,1
417,30,21,9,13,21,0,19,0,30,6,30,30,21,0,0,229,223,360,31,1,1,0.1,1
418,30,21,9,13,21,0,19,0,30,7,30,30,21,0,0,229,223,364,31,4,4,0.1,1
419,30,21,9,13,21,0,19,0,30,7,30,30,21,0,0,229,223,368,31,4,4,0.1,1
420,30,21,9,13,21,0,19,0,30,7,30,30,21,0,0,229,223,368,31,0,0,0.1,1
421,30,21,9,13,21,0,19,1,30,7,30,30,21,0,0,229,223,368,31,0,0,0.1,1
422,30,22,8,13,22,0,19,0,30,7,30,30,22,0,1,230,224,368,31,0,0,0.1,1
423,30,22,8,13,22,0,19,0,30,7,30,30,22,0,0,230,224,368,31,0,0,0.1,1
424,30,23,7,13,23,0,19,0,30,7,30,30,23,0,1,231,225,368,31,0,0,0.1,1
425,29,23,6,13,23,0,19,0,30,8,30,29,23,0,0,231,225,371,31,4,3,0.1,1
426,29,23,6,13,23,0,19,1,30,8,30,29,23,0,0,231,225,374,31,3,3,0.1,1
427,30,23,7,13,23,0,19,0,30,10,30,30,23,0,0,231,225,375,31,0,1,0.1,1
428,30,23,7,13,23,0,19,0,30,10,30,30,23,0,0,231,225,375,31,0,0,0.1,1
429,30,23,7,13,23,0,19,0,30,12,30,30,23,0,0,231,225,375,31,0,0,0.1,1
430,30,23,7,13,23,0,19,0,30,12,30,30,23,0,0,231,225,375,31,0,0,0.1,1
431,29,22,7,13,22,0,19,0,30,12,30,29,22,0,0,231,225,375,31,1,0,0.1,1
432,30,22,8,13,22,0,19,0,30,13,30,30,22,0,0,231,225,379,31,3,4,0.1,1
433,30,22,8,13,22,0,19,0,30,14,30,30,22,0,1,232,226,383,31,4,4,0.1,1
434,30,22,8,13,22,0,19,0,30,14,30,30,22,0,0,232,226,384,31,1,1,0.1,1
435,30,22,8,13,22,0,19,0,30,14,30,30,22,0,0,232,226,384,31,0,0,0.1,1
436,30,22,8,13,22,0,19,1,30,14,30,30,22,0,0,232,226,384,31,0,0,0.1,1
437,30,22,8,13,22,0,19,0,30,14,30,30,22,0,0,232,226,384,31,0,0,0.1,1
438,30,22,8,13,22,0,19,1,30,15,30,30,22,0,0,232,226,384,31,0,0,0.1,1
439,30,23,7,13,23,0,19,0,30,15,30,30,23,0,1,233,227,387,31,3,3,0.1,1
440,30,23,7,13,23,0,19,0,30,15,30,30,23,0,0,233,227,390,31,3,3,0.1,1
441,30,23,7,13,23,0,19,0,30,15,30,30,23,0,0,233,227,391,31,1,1,0.1,1
442,30,23,7,13,23,0,19,0,30,16,30,30,23,0,0,233,227,391,31,0,0,0.1,1
443,30,23,7,13,23,0,19,0,30,16,30,30,23,0,0,233,227,391,31,0,0,0.1,1
444,30,23,7,13,23,0,19,1,30,16,30,30,23,0,0,233,227,391,31,0,0,0.1,1
445,30,23,7,13,23,0,19,0,30,16,30,30,23,0,0,233,227,391,31,0,0,0.1,1
446,30,22,8,13,22,0,19,0,30,19,30,30,22,0,0,233,227,395,31,4,4,0.1,1
447,30,21,9,13,21,0,19,0,30,19,30,30,21,0,0,233,227,399,31,4,4,0.1,1
448,30,21,9,13,21,0,19,2,30,19,30,30,21,0,0,233,227,400,31,1,1,0.1,1
449,30,24,6,13,24,0,19,0,30,19,30,30,24,0,3,236,230,400,31,0,0,0.1,1
450,30,24,6,13,24,0,19,0,30,20,30,30,24,0,0,236,230,400,31,0,0,0.1,1
451,30,24,6,13,24,0,19,0,30,21,30,30,24,0,0,236,230,400,31,0,0,0.1,1
452,30,24,6,13,24,0,19,0,30,21,30,30,24,0,0,236,230,400,31,0,0,0.1,1
453,30,25,5,13,25,0,19,0,30,22,30,30,25,0,1,237,231,403,31,3,3,0.1,1
454,30,25,5,13,25,0,19,0,30,22,30,30,25,0,0,237,231,405,31,2,2,0.1,1
455,30,25,5,13,25,0,19,0,30,22,30,30,25,0,0,237,231,405,31,0,0,0.1,1
456,30,25,5,13,25,0,19,0,30,22,30,30,25,0,0,237,231,405,31,0,0,0.1,1
457,30,25,5,13,25,0,19,0,30,22,30,30,25,0,0,237,231,405,31,0,0,0.1,1
458,30,25,5,13,25,0,19,0,30,22,30,30,25,0,0,237,231,405,31,0,0,0.1,1
459,30,25,5,13,25,0,19,0,30,23,30,30,25,0,0,237,231,405,31,0,0,0.1,1
460,30,24,6,13,24,0,19,1,30,23,30,30,24,0,0,237,231,409,31,4,4,0.1,1
461,29,22,7,13,22,0,19,0,30,23,30,29,22,0,0,237,231,412,31,4,3,0.1,1
462,30,22,8,13,22,0,19,0,30,23,30,30,22,0,1,238,232,414,31,1,2,0.1,1
463,30,22,8,13,22,0,19,0,30,23,30,30,22,0,0,238,232,414,31,0,0,0.1,1
464,30,24,6,13,24,0,19,0,30,23,30,30,24,0,2,240,234,414,31,0,0,0.1,1
465,30,24,6,13,24,0,19,0,30,23,30,30,24,0,0,240,234,414,31,0,0,0.1,1
466,30,24,6,13,24,0,19,1,30,23,30,30,24,0,0,240,234,414,31,0,0,0.1,1
467,28,25,3,13,25,0,19,0,30,23,30,28,25,0,1,241,235,415,31,3,1,0.1,1
468,30,26,4,13,26,0,19,0,30,23,30,30,26,0,1,242,236,418,31,1,3,0.1,1
469,30,26,4,13,26,0,19,0,30,24,30,30,26,0,0,242,236,418,31,0,0,0.1,1
470,30,26,4,13,26,0,19,0,30,24,30,30,26,0,0,242,236,418,31,0,0,0.1,1
471,30,27,3,13,27,0,19,1,30,25,30,30,27,0,1,243,237,418,31,0,0,0.1,1
472,30,28,2,13,28,0,19,0,30,25,30,30,28,0,1,244,238,418,31,0,0,0.1,1
473,30,28,2,13,28,0,19,0,30,25,30,30,28,0,0,244,238,418,31,0,0,0.1,1
474,28,27,1,13,27,0,19,0,30,26,30,28,27,0,0,244,238,418,31,2,0,0.1,1
475,30,25,5,13,25,0,19,0,30,27,30,30,25,0,0,244,238,423,31,3,5,0.1,1
476,30,23,7,13,23,0,19,0,30,27,30,30,23,0,0,244,238,425,31,2,2,0.1,1
477,30,25,5,13,25,0,19,0,30,27,30,30,25,0,2,246,240,425,31,0,0,0.1,1
478,30,26,4,13,26,0,19,1,30,27,30,30,26,0,1,247,241,425,31,0,0,0.1,1
479,30,27,3,13,27,0,19,0,30,27,30,30,27,0,1,248,242,425,31,0,0,0.1,1
480,30,27,3,13,27,0,19,0,30,27,30,30,27,0,0,248,242,425,31,0,0,0.1,1
481,30,27,3,13,27,0,19,0,30,27,30,30,27,0,0,248,242,425,31,0,0,0.1,1
482,30,26,4,13,26,1,19,0,30,27,30,30,26,0,0,249,242,430,31,5,5,0.1,1
483,30,26,4,13,26,1,19,0,30,27,30,30,26,0,0,249,242,430,31,0,0,0.1,1
484,30,28,2,13,28,1,19,0,30,28,30,30,28,0,2,251,244,430,31,0,0,0.1,1
485,30,28,2,13,28,1,19,0,30,28,30,30,28,0,0,251,244,430,31,0,0,0.1,1
486,30,29,1,13,29,1,19,0,30,28,30,30,29,0,1,252,245,430,31,0,0,0.1,1
487,30,30,0,13,30,1,19,0,30,28,30,30,30,0,1,253,246,430,31,0,0,0.1,1
488,30,30,0,13,30,1,19,0,30,28,30,30,30,0,0,253,246,430,31,0,0,0.1,1
489,30,28,2,13,28,0,19,0,30,28,30,30,28,0,1,254,247,433,31,3,3,0.1,1
490,29,27,2,13,27,0,19,1,30,29,30,29,27,0,1,255,248,434,31,2,1,0.1,1
491,30,27,3,13,27,0,19,0,30,29,30,30,27,0,0,255,248,435,31,0,1,0.1,1
492,30,27,3,13,27,0,19,0,30,29,30,30,27,0,0,255,248,435,31,0,0,0.1,1
493,30,28,2,13,28,0,19,0,30,29,30,30,28,0,1,256,249,435,31,0,0,0.1,1
494,30,29,1,13,29,0,19,0,30,29,30,30,29,0,1,257,250,435,31,0,0,0.1,1
495,30,29,1,13,29,0,19,0,30,29,30,30,29,0,0,257,250,435,31,0,0,0.1,1
496,29,25,4,13,25,0,19,0,30,29,30,29,25,0,0,257,250,439,31,5,4,0.1,1
497,30,25,5,13,25,0,19,2,30,29,30,30,25,0,0,257,250,440,31,0,1,0.1,1
498,30,25,5,13,25,0,19,0,30,29,30,30,25,0,0,257,250,440,31,0,0,0.1,1
499,30,26,4,13,26,0,19,0,30,29,30,30,26,0,1,258,251,440,31,0,0,0.1,1
500,30,27,3,13,27,0,19,0,30,29,30,30,27,0,1,259,252,440,31,0,0,0.1,1
501,30,27,3,13,27,0,19,0,30,29,30,30,27,0,0,259,252,440,31,0,0,0.1,1
502,30,27,3,13,27,0,19,0,30,29,30,30,27,0,0,259,252,440,31,0,0,0.1,1
503,30,25,5,13,25,0,19,0,30,29,30,30,25,0,0,259,252,444,31,4,4,0.1,1
504,30,24,6,13,24,0,19,0,30,29,30,30,24,0,0,259,252,446,31,2,2,0.1,1
505,30,25,5,13,25,0,19,1,30,29,30,30,25,0,2,261,254,447,31,1,1,0.1,1
506,30,26,4,13,26,0,19,0,30,30,30,30,26,0,1,262,255,447,31,0,0,0.1,1
507,30,28,2,13,28,0,19,0,30,30,30,30,28,0,2,264,257,447,31,0,0,0.1,1
508,30,29,1,13,29,0,19,0,30,30,30,30,29,0,1,265,258,447,31,0,0,0.1,1
509,30,29,1,13,29,0,19,0,30,30,30,30,29,0,0,265,258,447,31,0,0,0.1,1
510,30,28,2,13,28,0,19,0,30,30,30,30,28,0,1,266,259,449,31,2,2,0.1,1
511,30,28,2,13,28,0,19,0,30,30,30,30,28,0,0,266,259,449,31,0,0,0.1,1
512,30,28,2,13,28,0,19,0,30,30,30,30,28,0,0,266,259,449,31,0,0,0.1,1
513,30,28,2,13,28,0,19,0,30,30,30,30,28,0,0,266,259,449,31,0,0,0.1,1
514,30,29,1,13,29,0,19,1,30,30,30,30,29,0,1,267,260,449,31,0,0,0.1,1
515,30,29,1,13,29,0,19,0,30,30,30,30,29,0,0,267,260,449,31,0,0,0.1,1
516,30,29,1,13,29,0,19,0,30,30,30,30,29,0,0,267,260,449,31,0,0,0.1,1
517,30,25,5,13,25,0,19,0,30,30,30,30,25,0,0,267,260,454,31,5,5,0.1,1
518,30,25,5,13,25,0,19,0,30,30,30,30,25,0,2,269,262,456,31,2,2,0.1,1
519,30,25,5,13,25,0,19,0,30,30,30,30,25,0,1,270,263,457,31,1,1,0.1,1
520,30,27,3,13,27,0,19,0,30,30,30,30,27,0,2,272,265,457,31,0,0,0.1,1
521,30,27,3,13,27,0,19,0,30,30,30,30,27,0,0,272,265,457,31,0,0,0.1,1
522,30,27,3,13,27,0,19,1,30,30,30,30,27,0,0,272,265,457,31,0,0,0.1,1
523,30,27,3,13,27,0,19,1,30,30,30,30,27,0,0,272,265,457,31,0,0,0.1,1
524,29,27,2,13,27,0,19,1,30,30,30,29,27,0,1,273,266,457,31,1,0,0.1,1
525,29,27,2,13,27,0,19,0,30,30,30,29,27,0,0,273,266,458,31,1,1,0.1,1
526,30,27,3,13,27,0,19,1,30,30,30,30,27,0,0,273,266,460,31,1,2,0.1,1
527,30,28,2,13,28,0,19,0,30,30,30,30,28,0,1,274,267,460,31,0,0,0.1,1
528,30,29,1,13,29,0,19,0,30,30,30,30,29,0,1,275,268,460,31,0,0,0.1,1
529,30,29,1,13,29,0,19,0,30,30,30,30,29,0,0,275,268,460,31,0,0,0.1,1
530,30,29,1,13,29,0,19,0,30,30,30,30,29,0,0,275,268,460,31,0,0,0.1,1
531,27,24,3,13,24,0,19,0,30,30,30,27,24,0,0,275,268,462,31,5,2,0.1,1
532,30,25,5,13,25,0,19,0,30,30,30,30,25,0,2,277,270,466,31,1,4,0.1,1
533,30,27,3,13,27,0,19,0,30,30,30,30,27,0,2,279,272,467,31,1,1,0.1,1
534,30,27,3,13,27,0,19,0,30,30,30,30,27,0,0,279,272,467,31,0,0,0.1,1
535,30,27,3,13,27,0,19,0,30,30,30,30,27,0,0,279,272,467,31,0,0,0.1,1
536,30,27,3,13,27,0,19,0,30,30,30,30,27,0,0,279,272,467,31,0,0,0.1,1
537,30,27,3,13,27,0,19,0,30,30,30,30,27,0,0,279,272,467,31,0,0,0.1,1
538,29,28,1,13,28,0,19,0,30,30,30,29,28,0,1,280,273,467,31,1,0,0.1,1
539,30,27,3,13,27,0,19,0,30,30,30,30,27,0,0,280,273,469,31,1,2,0.1,1
540,30,26,4,13,26,0,19,0,30,30,30,30,26,0,0,280,273,471,31,2,2,0.1,1
541,30,26,4,13,26,0,19,0,30,30,30,30,26,0,0,280,273,471,31,0,0,0.1,1
542,30,26,4,13,26,0,19,0,30,30,30,30,26,0,0,280,273,471,31,0,0,0.1,1
543,30,28,2,13,28,0,19,0,30,30,30,30,28,0,2,282,275,471,31,0,0,0.1,1
544,30,29,1,13,29,0,19,0,30,30,30,30,29,0,1,283,276,471,31,0,0,0.1,1
545,30,28,2,13,28,0,19,1,30,30,30,30,28,0,0,283,276,472,31,1,1,0.1,1
546,30,24,6,13,24,0,19,1,30,30,30,30,24,0,0,283,276,477,31,5,5,0.1,1
547,30,25,5,13,25,0,19,0,30,30,30,30,25,0,1,284,277,477,31,0,0,0.1,1
548,30,27,3,13,27,0,19,0,30,30,30,30,27,0,2,286,279,477,31,0,0,0.1,1
549,30,27,3,13,27,0,19,0,30,30,30,30,27,0,0,286,279,477,31,0,0,0.1,1
550,30,28,2,13,28,0,19,0,30,30,30,30,28,0,1,287,280,477,31,0,0,0.1,1
551,30,28,2,13,28,0,19,0,30,30,30,30,28,0,0,287,280,477,31,0,0,0.1,1
552,29,28,1,13,28,0,19,0,30,30,30,29,28,0,0,287,280,477,31,1,0,0.1,1
553,30,27,3,13,27,0,19,0,30,30,30,30,27,0,0,287,280,480,31,2,3,0.1,1
554,30,25,5,13,25,0,19,0,30,30,30,30,25,0,0,287,280,482,31,2,2,0.1,1
555,30,28,2,13,27,0,19,0,30,30,30,30,27,0,3,290,283,482,31,0,0,0.1,1
556,30,29,1,13,29,0,19,0,30,30,30,30,29,0,1,291,284,482,31,0,0,0.1,1
557,30,29,1,13,29,0,19,0,30,30,30,30,29,0,0,291,284,482,31,0,0,0.1,1
558,30,29,1,13,29,0,19,0,30,30,30,30,29,0,0,291,284,482,31,0,0,0.1,1
559,30,29,1,13,29,0,19,2,30,30,30,30,29,0,0,291,284,482,31,0,0,0.1,1
560,30,25,5,13,25,0,19,0,30,30,30,30,25,0,0,291,284,487,31,5,5,0.1,1
561,30,25,5,13,25,0,19,0,30,30,30,30,25,0,0,291,284,487,31,0,0,0.1,1
562,30,25,5,13,25,0,19,0,30,30,30,30,25,0,0,291,284,487,31,0,0,0.1,1
563,30,27,3,13,27,0,19,0,30,30,30,30,27,0,2,293,286,487,31,0,0,0.1,1
564,30,28,2,13,28,0,19,0,30,30,30,30,28,0,1,294,287,487,31,0,0,0.1,1
565,30,28,2,13,28,0,19,0,30,30,30,30,28,0,0,294,287,487,31,0,0,0.1,1
566,30,28,2,13,28,0,19,0,30,30,30,30,28,0,0,294,287,487,31,0,0,0.1,1
567,30,28,2,13,28,0,19,0,30,30,30,30,28,0,2,296,289,489,31,2,2,0.1,1
568,30,26,4,13,26,0,19,0,30,30,30,30,26,0,0,296,289,491,31,2,2,0.1,1
569,30,28,2,13,28,0,19,0,30,30,30,30,28,0,2,298,291,491,31,0,0,0.1,1
570,30,28,2,13,28,0,19,0,30,30,30,30,28,0,0,298,291,491,31,0,0,0.1,1
0,30,0,30,16,0,0,19,0,30,10,30,0,0,0,0,0,0,30,0,0,0,0.1,2
1,30,2,28,16,2,0,19,0,30,10,30,30,2,0,2,2,2,30,0,0,0,0.1,2
2,30,3,27,16,3,0,19,0,30,10,30,30,3,0,1,3,3,32,0,2,2,0.1,2
3,30,5,25,16,5,0,19,0,30,10,30,30,5,0,2,5,5,32,0,0,0,0.1,2
4,30,7,23,16,7,0,19,0,30,10,30,30,7,0,2,7,7,32,0,0,0,0.1,2
5,30,8,22,16,8,0,19,0,30,10,30,30,8,0,1,8,8,32,1,0,0,0.1,2
6,30,9,21,16,9,0,19,0,30,10,30,30,9,0,1,9,9,32,2,0,0,0.1,2
7,30,10,20,16,10,0,19,0,30,10,30,30,10,0,1,10,10,32,2,0,0,0.1,2
8,30,2,28,16,2,0,19,0,30,10,30,30,2,0,1,11,11,41,2,9,9,0.1,2
9,30,4,26,16,4,0,19,0,30,10,30,30,4,0,2,13,13,42,2,1,1,0.1,2
10,30,6,24,16,6,0,19,0,30,10,30,30,6,0,2,15,15,42,2,0,0,0.1,2
11,30,9,21,16,9,0,19,0,30,10,30,30,9,0,3,18,18,42,2,0,0,0.1,2
12,30,9,21,16,9,0,19,0,30,10,30,30,9,0,0,18,18,42,2,0,0,0.1,2
13,30,9,21,16,9,0,19,0,30,10,30,30,9,0,0,18,18,42,2,0,0,0.1,2
14,30,9,21,16,9,0,19,0,30,10,30,30,9,0,0,18,18,42,2,0,0,0.1,2
15,30,9,21,16,9,0,19,1,30,10,30,30,9,0,0,18,18,45,2,3,3,0.1,2
16,30,8,22,17,8,0,19,0,30,11,30,30,8,0,0,18,18,47,2,2,2,0.1,2
17,30,8,22,17,8,0,19,0,30,11,30,30,8,0,0,18,18,47,4,0,0,0.1,2
18,30,8,22,17,8,0,19,0,30,11,30,30,8,0,0,18,18,47,4,0,0,0.1,2
19,30,8,22,17,8,0,19,0,30,11,30,30,8,0,0,18,18,47,4,0,0,0.1,2
20,30,8,22,17,8,0,19,0,30,11,30,30,8,0,0,18,18,47,5,0,0,0.1,2
21,30,9,21,17,9,0,19,0,30,11,30,30,9,0,1,19,19,47,5,0,0,0.1,2
22,29,3,26,18,3,0,19,0,30,11,30,29,3,0,0,19,19,55,5,9,8,0.1,2
23,30,5,25,18,5,0,19,0,30,11,30,30,5,0,2,21,21,57,5,1,2,0.1,2
24,30,6,24,18,6,0,19,0,30,11,30,30,6,0,1,22,22,57,6,0,0,0.1,2
25,30,6,24,18,6,0,19,0,30,12,30,30,6,0,0,22,22,57,7,0,0,0.1,2
26,30,6,24,18,6,0,19,0,30,12,30,30,6,0,0,22,22,57,7,0,0,0.1,2
27,30,8,22,18,8,0,19,0,30,12,30,30,8,0,2,24,24,57,7,0,0,0.1,2
28,30,8,22,18,8,0,19,0,30,12,30,30,8,0,0,24,24,57,7,0,0,0.1,2
29,30,8,22,16,8,0,19,0,30,12,30,30,8,0,0,24,24,61,7,4,4,0.1,2
30,30,8,22,15,8,0,19,0,30,12,30,30,8,0,1,25,25,64,7,3,3,0.1,2
31,30,8,22,15,8,0,19,0,30,12,30,30,8,0,0,25,25,64,8,0,0,0.1,2
32,30,9,21,15,9,0,19,0,30,12,30,30,9,0,1,26,26,64,8,0,0,0.1,2
33,30,13,17,15,13,0,19,0,30,12,30,30,13,0,4,30,30,64,8,0,0,0.1,2
34,30,14,16,15,14,0,19,0,30,12,30,30,14,0,1,31,31,64,9,0,0,0.1,2
35,30,14,16,15,14,0,19,0,30,12,30,30,14,0,0,31,31,64,9,0,0,0.1,2
36,29,11,18,16,11,0,19,0,30,12,30,29,11,1,1,32,32,67,9,4,3,0.1,2
37,30,12,18,17,12,0,19,0,30,12,30,30,12,0,1,33,33,70,10,2,3,0.1,2
38,30,12,18,17,12,0,19,0,30,12,30,30,12,0,0,33,33,70,10,0,0,0.1,2
39,30,12,18,17,12,0,19,0,30,12,30,30,12,0,0,33,33,70,10,0,0,0.1,2
40,30,12,18,17,12,0,19,0,30,0,30,30,12,0,0,33,33,70,11,0,0,0.1,2
41,30,12,18,17,12,0,19,0,30,0,30,30,12,0,0,33,33,70,12,0,0,0.1,2
42,30,12,18,17,12,0,19,0,30,2,30,30,12,0,0,33,33,70,12,0,0,0.1,2
43,30,8,22,18,8,0,19,0,30,2,30,30,8,0,0,33,33,75,12,5,5,0.1,2
44,30,7,23,18,7,0,19,0,30,2,30,30,7,0,0,33,33,79,12,4,4,0.1,2
45,30,7,23,18,7,0,19,0,30,3,30,30,7,0,0,33,33,79,12,0,0,0.1,2
46,30,7,23,18,7,0,19,0,30,3,30,30,7,0,0,33,33,79,12,0,0,0.1,2
47,30,8,22,18,8,0,19,0,30,3,30,30,8,0,1,34,34,79,12,0,0,0.1,2
48,30,8,22,18,8,0,19,0,30,3,30,30,8,0,0,34,34,79,12,0,0,0.1,2
49,30,8,22,18,8,0,19,0,30,3,30,30,8,0,0,34,34,79,12,0,0,0.1,2
50,30,7,23,17,7,0,19,0,30,3,30,30,7,0,1,35,35,86,12,7,7,0.1,2
51,30,7,23,17,7,0,19,0,30,3,30,30,7,0,0,35,35,89,12,3,3,0.1,2
52,30,7,23,17,7,0,19,0,30,3,30,30,7,0,0,35,35,89,12,0,0,0.1,2
53,30,8,22,17,8,0,19,0,30,3,30,30,8,0,1,36,36,89,12,0,0,0.1,2
54,30,8,22,17,8,0,19,0,30,3,30,30,8,0,0,36,36,89,13,0,0,0.1,2
55,30,8,22,17,8,0,19,0,30,4,30,30,8,0,0,36,36,89,13,0,0,0.1,2
56,30,8,22,17,8,0,19,0,30,5,30,30,8,0,0,36,36,89,13,0,0,0.1,2
57,29,8,21,15,8,0,19,0,30,5,30,29,8,1,0,36,36,93,13,5,4,0.1,2
58,30,7,23,17,7,0,19,0,30,5,30,30,7,0,0,36,36,98,13,4,5,0.1,2
59,30,7,23,17,7,0,19,0,30,5,30,30,7,0,0,36,36,98,13,0,0,0.1,2
60,30,7,23,17,7,0,19,0,30,5,30,30,7,0,0,36,36,98,13,0,0,0.1,2
61,30,8,22,17,8,0,19,0,30,7,30,30,8,0,1,37,37,98,13,0,0,0.1,2
62,30,8,22,17,8,0,19,0,30,7,30,30,8,0,0,37,37,98,13,0,0,0.1,2
63,30,8,22,17,8,0,19,0,30,7,30,30,8,0,0,37,37,98,14,0,0,0.1,2
64,30,7,23,17,7,1,19,0,30,7,30,30,7,0,0,38,37,103,14,5,5,0.1,2
65,30,8,22,17,8,1,19,0,30,7,30,30,8,0,1,39,38,107,14,4,4,0.1,2
66,30,8,22,17,8,1,19,0,30,7,30,30,8,0,0,39,38,107,14,0,0,0.1,2
67,30,8,22,17,8,1,19,0,30,7,30,30,8,0,0,39,38,107,14,0,0,0.1,2
68,30,8,22,17,8,1,19,0,30,7,30,30,8,0,0,39,38,107,14,0,0,0.1,2
69,30,8,22,17,8,1,19,0,30,7,30,30,8,0,0,39,38,107,14,0,0,0.1,2
70,30,8,22,17,8,1,19,0,30,7,30,30,8,0,0,39,38,107,14,0,0,0.1,2
71,29,6,23,17,6,0,19,0,30,7,30,29,6,1,0,39,38,112,14,6,5,0.1,2
72,29,5,24,17,5,0,19,0,30,7,30,29,5,0,0,39,38,117,14,5,5,0.1,2
73,30,5,25,17,5,0,19,0,30,7,30,30,5,0,0,39,38,118,14,0,1,0.1,2
74,30,6,24,17,6,0,19,0,30,7,30,30,6,0,1,40,39,118,14,0,0,0.1,2
75,30,6,24,17,6,0,19,0,30,7,30,30,6,0,0,40,39,118,14,0,0,0.1,2
76,30,6,24,17,6,0,19,0,30,7,30,30,6,0,0,40,39,118,14,0,0,0.1,2
77,30,6,24,17,6,0,19,1,30,7,30,30,6,0,0,40,39,118,14,0,0,0.1,2
78,29,6,23,17,6,0,19,0,30,7,30,29,6,0,0,40,39,122,14,5,4,0.1,2
79,30,7,23,17,7,0,19,0,30,7,30,30,7,0,1,41,40,127,14,4,5,0.1,2
80,30,7,23,17,7,0,19,0,30,7,30,30,7,0,0,41,40,128,14,1,1,0.1,2
81,30,7,23,17,7,0,19,0,30,7,30,30,7,0,0,41,40,128,14,0,0,0.1,2
82,30,7,23,17,7,0,19,0,30,7,30,30,7,0,0,41,40,128,14,0,0,0.1,2
83,30,7,23,17,7,0,19,0,30,7,30,30,7,0,0,41,40,128,14,0,0,0.1,2
84,30,7,23,17,7,0,19,0,30,7,30,30,7,0,0,41,40,128,15,0,0,0.1,2
85,29,7,22,15,7,0,19,0,30,8,30,29,7,1,0,41,40,131,15,4,3,0.1,2
86,28,7,21,16,7,0,19,0,30,8,30,28,7,1,1,42,41,135,15,5,4,0.1,2
87,30,8,22,17,8,0,19,0,30,8,30,30,8,0,1,43,42,138,15,1,3,0.1,2
88,30,8,22,17,8,0,19,0,30,8,30,30,8,0,0,43,42,138,15,0,0,0.1,2
89,30,9,21,17,9,0,19,0,30,8,30,30,9,0,1,44,43,138,16,0,0,0.1,2
90,30,9,21,17,9,0,19,0,30,8,30,30,9,0,0,44,43,138,17,0,0,0.1,2
91,30,10,20,17,10,0,19,0,30,8,30,30,10,0,1,45,44,138,17,0,0,0.1,2
92,29,11,18,17,11,0,19,0,30,9,30,29,11,0,1,46,45,138,17,1,0,0.1,2
93,30,10,20,16,10,0,19,0,30,9,30,30,10,0,0,46,45,142,17,3,4,0.1,2
94,29,10,19,16,10,0,19,0,30,9,30,29,10,0,0,46,45,143,17,2,1,0.1,2
95,30,11,19,16,11,0,19,0,30,9,30,30,11,0,1,47,46,144,17,0,1,0.1,2
96,30,11,19,16,11,0,19,0,30,9,30,30,11,0,0,47,46,144,17,0,0,0.1,2
97,30,11,19,16,11,0,19,0,30,9,30,30,11,0,0,47,46,144,17,0,0,0.1,2
98,30,11,19,16,11,0,19,0,30,9,30,30,11,0,0,47,46,144,17,0,0,0.1,2
99,30,10,20,18,10,0,19,0,30,9,30,30,10,0,1,48,47,146,18,2,2,0.1,2
100,30,8,22,17,8,0,19,0,30,9,30,30,8,0,0,48,47,150,19,4,4,0.1,2
101,30,8,22,18,8,0,19,0,30,9,30,30,8,0,1,49,48,152,19,2,2,0.1,2
102,30,8,22,18,8,0,19,0,30,9,30,30,8,0,0,49,48,153,19,1,1,0.1,2
103,30,8,22,18,8,0,19,0,30,9,30,30,8,0,0,49,48,153,19,0,0,0.1,2
104,30,8,22,18,8,0,19,0,30,9,30,30,8,0,0,49,48,153,19,0,0,0.1,2
105,30,9,21,18,9,0,19,0,30,9,30,30,9,0,1,50,49,153,19,0,0,0.1,2
106,29,9,20,17,9,0,19,0,30,9,30,29,9,1,0,50,49,153,19,1,0,0.1,2
107,30,9,21,18,9,0,19,0,30,9,30,30,9,0,2,52,51,159,19,5,6,0.1,2
108,30,9,21,18,9,0,19,0,30,9,30,30,9,0,0,52,51,160,19,1,1,0.1,2
109,30,9,21,18,9,0,19,0,30,9,30,30,9,0,0,52,51,161,20,1,1,0.1,2
110,30,9,21,18,9,0,19,0,30,9,30,30,9,0,0,52,51,161,20,0,0,0.1,2
111,30,10,20,18,10,0,19,0,30,9,30,30,10,0,1,53,52,161,20,0,0,0.1,2
112,30,10,20,18,10,0,19,0,30,9,30,30,10,0,0,53,52,161,20,0,0,0.1,2
113,29,9,20,17,9,0,19,0,30,9,30,29,9,0,0,53,52,161,20,1,0,0.1,2
114,30,8,22,18,8,0,19,0,30,9,30,30,8,0,0,53,52,168,20,6,7,0.1,2
115,30,8,22,18,8,0,19,0,30,9,30,30,8,0,1,54,53,169,20,1,1,0.1,2
116,30,8,22,18,8,0,19,0,30,9,30,30,8,0,0,54,53,170,20,1,1,0.1,2
117,30,8,22,18,8,0,19,0,30,9,30,30,8,0,0,54,53,170,20,0,0,0.1,2
118,30,8,22,18,8,0,19,0,30,10,30,30,8,0,0,54,53,170,20,0,0,0.1,2
119,30,9,21,18,9,0,19,0,30,10,30,30,9,0,1,55,54,170,20,0,0,0.1,2
120,30,9,21,18,9,0,19,0,30,10,30,30,9,0,0,55,54,170,20,0,0,0.1,2
121,28,9,19,17,9,1,19,0,30,10,30,28,9,1,0,56,54,175,20,7,5,0.1,2
122,30,8,22,17,8,1,19,0,30,10,30,30,8,0,0,56,54,178,20,1,3,0.1,2
123,30,8,22,17,8,1,19,0,30,10,30,30,8,0,0,56,54,179,20,1,1,0.1,2
124,30,9,21,17,9,1,19,0,30,10,30,30,9,0,1,57,55,179,20,0,0,0.1,2
125,30,9,21,17,9,1,19,0,30,10,30,30,9,0,0,57,55,179,20,0,0,0.1,2
126,30,10,20,17,10,1,19,0,30,10,30,30,10,0,1,58,56,179,21,0,0,0.1,2
127,30,10,20,17,10,1,19,0,30,10,30,30,10,0,0,58,56,179,21,0,0,0.1,2
128,29,8,21,16,8,0,19,0,30,10,30,29,8,1,0,58,56,183,21,5,4,0.1,2
129,30,7,23,17,7,0,19,0,30,10,30,30,7,0,0,58,56,187,21,3,4,0.1,2
130,30,8,22,17,8,0,19,0,30,10,30,30,8,0,1,59,57,188,21,1,1,0.1,2
131,30,8,22,17,8,0,19,0,30,10,30,30,8,0,0,59,57,188,21,0,0,0.1,2
132,30,8,22,17,8,0,19,0,30,11,30,30,8,0,0,59,57,188,21,0,0,0.1,2
133,30,10,20,17,10,0,19,0,30,12,30,30,10,0,2,61,59,188,21,0,0,0.1,2
134,30,11,19,17,11,0,19,0,30,12,30,30,11,0,1,62,60,188,21,0,0,0.1,2
135,30,10,20,17,10,0,19,0,30,12,30,30,10,0,0,62,60,191,21,3,3,0.1,2
136,30,11,19,17,11,0,19,0,30,13,30,30,11,0,2,64,62,195,21,4,4,0.1,2
137,30,13,17,17,13,0,19,0,30,13,30,30,13,0,2,66,64,196,21,1,1,0.1,2
138,30,13,17,17,13,0,19,1,30,13,30,30,13,0,0,66,64,196,21,0,0,0.1,2
139,30,13,17,17,13,0,19,0,30,13,30,30,13,0,0,66,64,196,21,0,0,0.1,2
140,30,13,17,17,13,0,19,0,30,13,30,30,13,0,0,66,64,196,21,0,0,0.1,2
141,30,13,17,17,13,0,19,0,30,14,30,30,13,0,0,66,64,196,21,0,0,0.1,2
142,28,11,17,17,11,0,19,0,30,14,30,28,11,0,0,66,64,196,21,2,0,0.1,2
143,29,10,19,16,10,0,19,0,30,14,30,29,10,1,0,66,64,201,21,4,5,0.1,2
144,30,10,20,17,10,0,19,0,30,14,30,30,10,0,0,66,64,203,21,1,2,0.1,2
145,30,12,18,17,12,0,19,0,30,14,30,30,12,0,2,68,66,203,21,0,0,0.1,2
146,30,12,18,17,12,0,19,0,30,14,30,30,12,0,0,68,66,203,21,0,0,0.1,2
147,30,14,16,17,14,0,19,0,30,15,30,30,14,0,2,70,68,203,21,0,0,0.1,2
148,30,14,16,17,14,0,19,0,30,15,30,30,14,0,0,70,68,203,23,0,0,0.1,2
149,30,12,18,18,12,0,19,1,30,15,30,30,12,0,1,71,69,206,23,3,3,0.1,2
150,30,12,18,18,12,0,19,0,30,15,30,30,12,0,1,72,70,208,23,2,2,0.1,2
151,30,13,17,18,13,0,19,0,30,15,30,30,13,0,1,73,71,209,24,1,1,0.1,2
152,30,15,15,18,15,0,19,0,30,17,30,30,15,0,2,75,73,209,24,0,0,0.1,2
153,30,15,15,18,15,0,19,0,30,17,30,30,15,0,0,75,73,209,24,0,0,0.1,2
154,30,16,14,18,16,0,19,0,30,17,30,30,16,0,1,76,74,209,24,0,0,0.1,2
155,30,17,13,18,17,0,19,0,30,17,30,30,17,0,1,77,75,209,25,0,0,0.1,2
156,29,17,12,16,17,0,19,0,30,18,30,29,17,1,0,77,75,210,25,2,1,0.1,2
157,30,14,16,19,14,0,19,0,30,18,30,30,14,0,1,78,76,215,26,4,5,0.1,2
158,29,14,15,18,14,0,19,0,30,19,30,29,14,0,1,79,77,216,26,2,1,0.1,2
159,30,17,13,18,17,0,19,0,30,19,30,30,17,0,3,82,80,217,26,0,1,0.1,2
160,30,18,12,18,18,0,19,0,30,19,30,30,18,0,1,83,81,217,26,0,0,0.1,2
161,30,18,12,18,18,0,19,0,30,19,30,30,18,0,0,83,81,217,26,0,0,0.1,2
162,30,19,11,18,19,0,19,0,30,20,30,30,19,0,1,84,82,217,26,0,0,0.1,2
163,30,20,10,18,20,0,19,1,30,21,30,30,20,0,2,86,84,218,26,1,1,0.1,2
164,30,19,11,18,19,0,19,0,30,22,30,30,19,0,1,87,85,220,26,2,2,0.1,2
165,30,21,9,18,21,0,19,0,30,22,30,30,21,0,2,89,87,220,26,0,0,0.1,2
166,30,23,7,18,23,0,19,0,30,22,30,30,23,0,2,91,89,221,27,1,1,0.1,2
167,30,24,6,18,24,0,19,0,30,22,30,30,24,0,1,92,90,221,27,0,0,0.1,2
168,30,26,4,18,26,0,19,0,30,23,30,30,26,0,2,94,92,221,29,0,0,0.1,2
169,30,26,4,18,26,0,19,0,30,24,30,30,26,0,0,94,92,221,29,0,0,0.1,2
170,30,25,5,18,25,0,19,0,30,24,30,30,25,0,0,94,92,222,30,1,1,0.1,2
171,30,21,9,18,21,0,19,0,30,24,30,30,21,0,1,95,93,227,30,5,5,0.1,2
172,30,22,8,19,22,0,19,0,30,24,30,30,22,0,2,97,95,228,31,1,1,0.1,2
173,30,23,7,19,23,0,19,0,30,25,30,30,23,0,1,98,96,229,31,1,1,0.1,2
174,30,25,5,19,25,0,19,0,30,26,30,30,25,0,2,100,98,229,31,0,0,0.1,2
175,30,25,5,19,25,0,19,0,30,26,30,30,25,0,0,100,98,229,32,0,0,0.1,2
176,30,26,4,19,26,0,19,0,30,27,30,30,26,0,1,101,99,229,32,0,0,0.1,2
177,29,25,4,18,25,0,19,0,30,27,30,29,25,0,0,101,99,229,33,1,0,0.1,2
178,30,24,6,17,24,0,19,2,30,27,30,30,24,0,1,102,100,233,34,3,4,0.1,2
179,30,25,5,17,25,0,19,1,30,27,30,30,25,0,1,103,101,233,34,0,0,0.1,2
180,30,26,4,17,26,0,19,0,30,27,30,30,26,0,1,104,102,234,34,1,1,0.1,2
181,30,26,4,17,26,0,19,1,30,28,30,30,26,0,0,104,102,234,34,0,0,0.1,2
182,30,26,4,17,26,0,19,0,30,29,30,30,26,0,0,104,102,234,34,0,0,0.1,2
183,30,26,4,17,26,0,19,0,30,29,30,30,26,0,0,104,102,234,34,0,0,0.1,2
184,30,26,4,17,26,0,19,0,30,29,30,30,26,0,1,105,103,235,35,1,1,0.1,2
185,30,22,8,15,22,0,19,0,30,29,30,30,22,0,0,105,103,240,36,5,5,0.1,2
186,30,21,9,15,21,0,19,0,30,29,30,30,21,0,0,105,103,241,36,1,1,0.1,2
187,30,25,5,15,25,0,19,0,30,30,30,30,25,0,4,109,107,242,36,1,1,0.1,2
188,30,27,3,15,27,0,19,0,30,30,30,30,27,0,2,111,109,242,36,0,0,0.1,2
189,30,29,1,15,29,0,19,0,30,30,30,30,29,0,2,113,111,242,36,0,0,0.1,2
190,30,29,1,15,29,0,19,0,30,30,30,30,29,0,0,113,111,242,36,0,0,0.1,2
191,30,29,1,15,29,0,19,0,30,30,30,30,29,0,0,113,111,242,36,0,0,0.1,2
192,30,27,3,14,27,0,19,0,30,30,30,30,27,0,1,114,112,245,37,3,3,0.1,2
193,30,28,2,14,28,0,19,0,30,30,30,30,28,0,1,115,113,245,37,0,0,0.1,2
194,30,29,1,14,29,0,19,0,30,30,30,30,29,0,1,116,114,245,37,0,0,0.1,2
195,30,29,1,14,29,0,19,1,30,30,30,30,29,0,0,116,114,245,37,0,0,0.1,2
196,30,30,0,14,30,0,19,0,30,30,30,30,30,0,1,117,115,245,37,0,0,0.1,2
197,30,30,0,14,30,0,19,0,30,30,30,30,30,0,0,117,115,245,37,0,0,0.1,2
198,30,29,1,14,29,0,19,0,30,30,30,30,29,0,0,117,115,246,37,1,1,0.1,2
199,29,24,5,13,24,0,19,0,30,30,30,29,24,0,0,117,115,250,39,5,4,0.1,2
200,30,25,5,12,25,0,19,0,30,30,30,30,25,0,2,119,117,252,40,1,2,0.1,2
201,30,24,6,13,24,0,19,0,30,30,30,30,24,0,0,119,117,253,40,1,1,0.1,2
202,30,25,5,13,25,0,19,1,30,30,30,30,25,0,1,120,118,253,40,0,0,0.1,2
203,30,26,4,13,26,0,19,0,30,30,30,30,26,0,1,121,119,253,40,0,0,0.1,2
204,30,27,3,13,27,0,19,0,30,30,30,30,27,0,1,122,120,253,40,0,0,0.1,2
205,30,27,3,13,27,0,19,0,30,30,30,30,27,0,0,122,120,254,40,1,1,0.1,2
206,30,24,6,15,24,0,19,0,30,30,30,30,24,0,0,122,120,258,41,4,4,0.1,2
207,30,26,4,15,25,0,19,0,30,30,30,30,25,0,2,124,122,259,42,1,1,0.1,2
208,30,27,3,15,27,0,19,0,30,30,30,30,27,0,1,125,123,259,43,0,0,0.1,2
209,30,27,3,15,27,0,19,0,30,30,30,30,27,0,0,125,123,259,43,0,0,0.1,2
210,30,27,3,15,27,0,19,0,30,30,30,30,27,0,0,125,123,259,43,0,0,0.1,2
211,30,27,3,15,27,0,19,2,30,30,30,30,27,0,0,125,123,259,43,0,0,0.1,2
212,30,28,2,15,28,0,19,0,30,30,30,30,28,0,1,126,124,259,43,0,0,0.1,2
213,28,25,3,13,25,0,19,0,30,30,30,28,25,0,0,126,124,262,45,5,3,0.1,2
214,29,25,4,13,25,0,19,2,30,30,30,29,25,0,1,127,125,264,46,1,2,0.1,2
215,30,24,6,13,24,0,19,0,30,30,30,30,24,0,0,127,125,266,46,1,2,0.1,2
216,30,25,5,13,25,0,19,1,30,30,30,30,25,0,1,128,126,266,47,0,0,0.1,2
217,30,26,4,13,26,0,19,0,30,30,30,30,26,0,1,129,127,266,47,0,0,0.1,2
218,30,28,2,13,28,0,19,0,30,30,30,30,28,0,2,131,129,266,47,0,0,0.1,2
219,30,27,3,13,27,0,19,0,30,30,30,30,27,0,0,131,129,267,47,1,1,0.1,2
220,30,26,4,13,26,0,19,0,30,2,30,30,26,0,1,132,130,269,49,2,2,0.1,2
221,30,25,5,13,25,0,19,0,30,2,30,30,25,0,0,132,130,272,50,3,3,0.1,2
222,30,25,5,13,25,0,19,0,30,3,30,30,25,0,0,132,130,272,50,0,0,0.1,2
223,30,25,5,13,25,0,19,0,30,4,30,30,25,0,0,132,130,272,50,0,0,0.1,2
224,30,25,5,13,25,0,19,0,30,8,30,30,25,0,0,132,130,272,50,0,0,0.1,2
225,30,25,5,13,25,0,19,0,30,10,30,30,25,0,0,132,130,272,50,0,0,0.1,2
226,30,26,4,13,26,0,19,0,30,11,30,30,26,0,1,133,131,272,50,0,0,0.1,2
227,30,23,7,13,23,0,19,0,30,11,30,30,23,0,0,133,131,276,52,4,4,0.1,2
228,30,23,7,13,23,0,19,0,30,11,30,30,23,0,0,133,131,279,52,3,3,0.1,2
229,30,22,8,13,22,0,19,0,30,11,30,30,22,0,1,134,132,281,52,2,2,0.1,2
230,30,23,7,13,23,0,19,0,30,11,30,30,23,0,1,135,133,281,52,0,0,0.1,2
231,30,23,7,13,23,0,19,0,30,14,30,30,23,0,0,135,133,281,53,0,0,0.1,2
232,30,23,7,13,23,0,19,0,30,17,30,30,23,0,0,135,133,281,53,0,0,0.1,2
233,30,23,7,13,23,0,19,0,30,19,30,30,23,0,1,136,134,282,54,1,1,0.1,2
234,30,25,5,14,25,0,19,0,30,20,30,30,25,0,3,139,137,285,54,3,3,0.1,2
235,30,26,4,14,26,0,19,0,30,21,30,30,26,0,1,140,138,286,54,1,1,0.1,2
236,29,26,3,14,26,0,19,0,30,21,30,29,26,0,0,140,138,286,55,1,0,0.1,2
237,30,26,4,14,26,0,19,1,30,22,30,30,26,0,0,140,138,287,55,0,1,0.1,2
238,30,26,4,14,26,0,19,0,30,23,30,30,26,0,0,140,138,287,55,0,0,0.1,2
239,30,26,4,14,26,0,19,0,30,23,30,30,26,0,0,140,138,287,55,0,0,0.1,2
240,30,26,4,14,26,0,19,0,30,23,30,30,26,0,0,140,138,287,55,0,0,0.1,2
241,28,26,2,13,26,2,19,0,30,23,30,28,26,0,0,142,138,289,55,4,2,0.1,2
242,30,25,5,13,25,2,19,0,30,23,30,30,25,0,1,143,139,294,56,3,5,0.1,2
243,30,25,5,12,25,2,19,0,30,23,30,30,25,0,1,144,140,295,56,1,1,0.1,2
244,30,27,3,12,27,2,19,0,30,25,30,30,27,0,2,146,142,295,56,0,0,0.1,2
245,30,27,3,12,27,2,19,0,30,25,30,30,27,0,0,146,142,295,56,0,0,0.1,2
246,30,27,3,12,27,2,19,0,30,25,30,30,27,0,0,146,142,295,56,0,0,0.1,2
247,30,26,4,12,26,2,19,1,30,25,30,30,26,0,0,146,142,296,57,1,1,0.1,2
248,29,23,6,13,23,0,19,0,30,25,30,29,23,0,0,146,142,298,57,3,2,0.1,2
249,30,23,7,13,23,0,19,1,30,25,30,30,23,0,0,146,142,301,57,2,3,0.1,2
250,29,23,6,13,23,0,19,0,30,28,30,29,23,0,0,146,142,301,57,1,0,0.1,2
251,30,26,4,13,26,0,19,0,30,29,30,30,26,0,4,150,146,303,57,1,2,0.1,2
252,30,26,4,13,26,0,19,2,30,29,30,30,26,0,0,150,146,303,58,0,0,0.1,2
253,30,27,3,13,27,0,19,0,30,29,30,30,27,0,1,151,147,303,58,0,0,0.1,2
254,30,28,2,13,28,0,19,0,30,29,30,30,28,0,1,152,148,303,58,0,0,0.1,2
255,30,29,1,13,29,0,19,0,30,29,30,30,29,0,1,153,149,303,58,0,0,0.1,2
256,30,26,4,13,26,0,19,1,30,29,30,30,26,0,0,153,149,307,59,4,4,0.1,2
257,30,26,4,13,26,0,19,0,30,29,30,30,26,0,0,153,149,307,59,0,0,0.1,2
258,30,27,3,13,27,0,19,0,30,29,30,30,27,0,1,154,150,307,59,0,0,0.1,2
259,30,29,1,13,29,0,19,0,30,29,30,30,29,0,2,156,152,307,59,0,0,0.1,2
260,30,29,1,13,29,0,19,0,30,29,30,30,29,0,0,156,152,307,59,0,0,0.1,2
261,29,29,0,13,29,0,19,0,30,29,30,29,29,0,1,157,153,307,59,1,0,0.1,2
262,30,27,3,12,27,0,19,0,30,29,30,30,27,0,0,157,153,310,59,2,3,0.1,2
263,30,28,2,12,28,0,19,0,30,29,30,30,28,0,3,160,156,312,60,2,2,0.1,2
264,30,28,2,12,28,0,19,0,30,29,30,30,28,0,0,160,156,312,60,0,0,0.1,2
265,30,27,3,12,27,0,19,0,30,29,30,30,27,0,1,161,157,314,61,2,2,0.1,2
266,30,27,3,12,27,0,19,0,30,29,30,30,27,0,0,161,157,314,61,0,0,0.1,2
267,30,27,3,12,27,0,19,1,30,29,30,30,27,0,0,161,157,314,61,0,0,0.1,2
268,30,27,3,12,27,0,19,1,30,29,30,30,27,0,0,161,157,314,61,0,0,0.1,2
269,30,28,2,12,28,0,19,0,30,29,30,30,28,0,1,162,158,315,61,1,1,0.1,2
270,29,25,4,12,25,0,19,0,30,29,30,29,25,1,1,163,159,319,63,5,4,0.1,2
271,30,27,3,13,27,0,19,0,30,29,30,30,27,0,2,165,161,320,64,0,1,0.1,2
272,30,28,2,13,28,0,19,0,30,29,30,30,28,0,1,166,162,320,64,0,0,0.1,2
273,30,29,1,13,29,0,19,0,30,29,30,30,29,0,1,167,163,320,64,0,0,0.1,2
274,30,30,0,13,30,0,19,0,30,29,30,30,30,0,1,168,164,320,64,0,0,0.1,2
275,30,30,0,13,30,0,19,1,30,29,30,30,30,0,0,168,164,320,64,0,0,0.1,2
276,30,28,2,13,28,0,19,0,30,30,30,30,28,0,0,168,164,322,65,2,2,0.1,2
277,30,27,3,13,27,0,19,0,30,30,30,30,27,0,0,168,164,323,66,1,1,0.1,2
278,30,28,2,13,28,0,19,1,30,30,30,30,28,0,1,169,165,323,66,0,0,0.1,2
279,30,27,3,13,27,0,19,0,30,30,30,30,27,0,1,170,166,325,67,2,2,0.1,2
280,30,27,3,13,27,0,19,0,30,30,30,30,27,0,0,170,166,325,67,0,0,0.1,2
281,30,28,2,13,28,0,19,1,30,30,30,30,28,0,1,171,167,325,67,0,0,0.1,2
282,30,28,2,13,28,0,19,0,30,30,30,30,28,0,0,171,167,325,67,0,0,0.1,2
283,29,27,2,13,27,0,19,0,30,30,30,29,27,0,0,171,167,325,67,1,0,0.1,2
284,30,24,6,13,24,0,19,0,30,30,30,30,24,0,1,172,168,331,70,5,6,0.1,2
285,30,23,7,12,23,0,19,0,30,30,30,30,23,0,0,172,168,332,70,1,1,0.1,2
286,30,24,6,12,24,0,19,0,30,30,30,30,24,0,1,173,169,333,70,1,1,0.1,2
287,30,24,6,12,24,0,19,0,30,30,30,30,24,0,0,173,169,333,70,0,0,0.1,2
288,30,26,4,12,26,0,19,1,30,30,30,30,26,0,2,175,171,333,70,0,0,0.1,2
289,30,27,3,12,27,0,19,0,30,30,30,30,27,0,1,176,172,333,70,0,0,0.1,2
290,29,26,3,13,26,0,19,0,30,30,30,29,26,0,1,177,173,334,70,2,1,0.1,2
291,29,26,3,13,26,0,19,1,30,30,30,29,26,0,0,177,173,335,71,1,1,0.1,2
292,30,26,4,13,26,0,19,0,30,30,30,30,26,0,0,177,173,337,71,1,2,0.1,2
293,30,26,4,13,26,0,19,0,30,30,30,30,26,0,1,178,174,338,72,1,1,0.1,2
294,30,26,4,13,26,0,19,0,30,30,30,30,26,0,0,178,174,338,72,0,0,0.1,2
295,30,26,4,13,26,0,19,0,30,30,30,30,26,0,0,178,174,338,72,0,0,0.1,2
296,30,27,3,13,27,0,19,0,30,30,30,30,27,0,1,179,175,338,72,0,0,0.1,2
297,30,27,3,12,27,0,19,0,30,30,30,30,27,0,0,179,175,339,72,1,1,0.1,2
298,29,23,6,12,23,0,19,0,30,30,30,29,23,0,1,180,176,343,74,5,4,0.1,2
299,30,23,7,12,23,0,19,0,30,30,30,30,23,0,0,180,176,344,74,0,1,0.1,2
300,30,22,8,12,22,0,19,1,30,30,30,30,22,0,0,180,176,346,75,2,2,0.1,2
301,30,23,7,12,23,0,19,0,30,30,30,30,23,0,1,181,177,346,75,0,0,0.1,2
302,30,27,3,12,27,0,19,0,30,30,30,30,27,0,4,185,181,346,75,0,0,0.1,2
303,30,29,1,12,29,0,19,1,30,30,30,30,29,0,2,187,183,346,75,0,0,0.1,2
304,30,30,0,12,30,0,19,0,30,30,30,30,30,0,1,188,184,346,75,0,0,0.1,2
305,30,30,0,12,30,1,19,0,30,30,30,30,30,0,0,189,184,347,76,1,1,0.1,2
306,30,29,1,12,29,2,19,0,30,30,30,30,29,0,0,190,184,349,77,2,2,0.1,2
307,30,29,1,12,29,2,19,0,30,30,30,30,29,0,0,190,184,349,77,0,0,0.1,2
308,30,29,1,12,29,2,19,0,30,30,30,30,29,0,0,190,184,349,77,0,0,0.1,2
309,30,30,0,12,30,2,19,0,30,30,30,30,30,0,1,191,185,349,77,0,0,0.1,2
310,30,30,0,12,30,2,19,0,30,30,30,30,30,0,0,191,185,349,77,0,0,0.1,2
311,30,29,1,12,29,2,19,0,30,30,30,30,29,0,0,191,185,350,78,1,1,0.1,2
312,30,25,5,12,25,1,19,0,30,30,30,30,25,0,1,192,186,355,80,5,5,0.1,2
313,30,25,5,12,25,0,19,0,30,30,30,30,25,0,2,194,188,357,80,2,2,0.1,2
314,30,23,7,13,23,0,19,0,30,30,30,30,23,0,0,194,188,359,80,2,2,0.1,2
315,30,25,5,13,25,0,19,0,30,30,30,30,25,0,2,196,190,359,80,0,0,0.1,2
316,30,25,5,13,25,0,19,0,30,30,30,30,25,0,0,196,190,359,80,0,0,0.1,2
317,30,25,5,13,25,0,19,0,30,30,30,30,25,0,0,196,190,359,80,0,0,0.1,2
318,30,25,5,13,25,0,19,0,30,30,30,30,25,0,0,196,190,359,81,0,0,0.1,2
319,29,25,4,13,25,0,19,1,30,30,30,29,25,0,0,196,190,361,81,3,2,0.1,2
320,30,25,5,13,25,0,19,0,30,30,30,30,25,0,1,197,191,363,82,1,2,0.1,2
321,30,25,5,12,25,0,19,0,30,30,30,30,25,0,0,197,191,365,82,2,2,0.1,2
322,30,25,5,12,25,0,19,0,30,30,30,30,25,0,0,197,191,365,82,0,0,0.1,2
323,30,27,3,12,27,0,19,0,30,30,30,30,27,0,2,199,193,365,82,0,0,0.1,2
324,30,28,2,12,28,0,19,1,30,30,30,30,28,0,1,200,194,365,82,0,0,0.1,2
325,30,28,2,12,28,0,19,0,30,30,30,30,28,0,1,201,195,366,83,1,1,0.1,2
326,30,26,4,12,26,0,19,1,30,30,30,30,26,0,0,201,195,368,83,2,2,0.1,2
327,30,25,5,12,25,0,19,0,30,30,30,30,25,0,1,202,196,370,84,2,2,0.1,2
328,30,25,5,12,25,0,19,0,30,30,30,30,25,0,0,202,196,371,84,1,1,0.1,2
329,30,25,5,12,25,0,19,0,30,30,30,30,25,0,0,202,196,371,84,0,0,0.1,2
330,30,25,5,12,25,0,19,0,30,30,30,30,25,0,0,202,196,371,84,0,0,0.1,2
331,30,25,5,12,25,0,19,0,30,30,30,30,25,0,0,202,196,371,84,0,0,0.1,2
332,30,26,4,12,26,0,19,0,30,30,30,30,26,0,1,203,197,371,84,0,0,0.1,2
333,28,24,4,12,24,0,19,0,30,30,30,28,24,0,0,203,197,372,85,3,1,0.1,2
334,30,22,8,12,22,0,19,1,30,30,30,30,22,0,0,203,197,378,86,4,6,0.1,2
335,30,22,8,13,22,0,19,0,30,30,30,30,22,0,1,204,198,380,86,2,2,0.1,2
336,30,22,8,13,22,0,19,0,30,30,30,30,22,0,0,204,198,380,86,0,0,0.1,2
337,30,25,5,13,25,0,19,0,30,30,30,30,25,0,3,207,201,380,86,0,0,0.1,2
338,30,27,3,13,27,0,19,0,30,30,30,30,27,0,2,209,203,380,86,0,0,0.1,2
339,30,26,4,14,26,0,19,0,30,30,30,30,26,0,0,209,203,381,86,1,1,0.1,2
340,30,27,3,14,27,0,19,1,30,30,30,30,27,0,2,211,205,383,86,2,2,0.1,2
341,30,27,3,14,27,0,19,0,30,30,30,30,27,0,0,211,205,384,86,1,1,0.1,2
342,30,27,3,14,27,0,19,0,30,30,30,30,27,0,0,211,205,384,86,0,0,0.1,2
343,30,29,1,14,29,0,19,0,30,30,30,30,29,0,2,213,207,384,86,0,0,0.1,2
344,30,29,1,14,29,0,19,0,30,30,30,30,29,0,0,213,207,384,86,0,0,0.1,2
345,30,29,1,14,29,0,19,0,30,30,30,30,29,0,0,213,207,384,86,0,0,0.1,2
346,30,29,1,14,29,0,19,0,30,30,30,30,29,0,0,213,207,384,86,0,0,0.1,2
347,30,29,1,14,29,0,19,0,30,30,30,30,29,0,0,213,207,385,86,1,1,0.1,2
348,30,24,6,14,24,0,19,0,30,30,30,30,24,0,0,213,207,390,86,5,5,0.1,2
349,30,24,6,13,24,0,19,1,30,30,30,30,24,0,2,215,209,392,87,2,2,0.1,2
350,30,24,6,13,24,0,19,1,30,30,30,30,24,0,0,215,209,392,87,0,0,0.1,2
351,30,26,4,13,26,0,19,0,30,30,30,30,26,0,2,217,211,392,87,0,0,0.1,2
352,30,27,3,13,27,0,19,0,30,30,30,30,27,0,1,218,212,392,87,0,0,0.1,2
353,30,26,4,12,26,0,19,0,30,30,30,30,26,0,0,218,212,393,88,1,1,0.1,2
354,30,25,5,12,25,0,19,0,30,30,30,30,25,0,0,218,212,394,89,1,1,0.1,2
355,30,25,5,13,25,0,19,0,30,30,30,30,25,0,1,219,213,397,89,3,3,0.1,2
356,29,26,3,13,26,0,19,0,30,30,30,29,26,0,1,220,214,397,89,1,0,0.1,2
357,30,26,4,13,26,0,19,0,30,30,30,30,26,0,0,220,214,398,89,0,1,0.1,2
358,30,28,2,13,28,0,19,1,30,30,30,30,28,0,2,222,216,398,89,0,0,0.1,2
359,30,29,1,13,29,0,19,0,30,30,30,30,29,0,1,223,217,398,89,0,0,0.1,2
360,30,29,1,13,29,0,19,1,30,30,30,30,29,0,0,223,217,398,89,0,0,0.1,2
361,30,28,2,13,28,0,19,0,30,30,30,30,28,0,0,223,217,399,89,1,1,0.1,2
362,30,27,3,13,27,0,19,0,30,30,30,30,27,0,2,225,219,402,90,3,3,0.1,2
363,30,27,3,13,27,0,19,1,30,30,30,30,27,0,1,226,220,403,90,1,1,0.1,2
364,30,28,2,13,28,0,19,1,30,30,30,30,28,0,1,227,221,403,90,0,0,0.1,2
365,30,29,1,13,29,0,19,0,30,30,30,30,29,0,1,228,222,403,90,0,0,0.1,2
366,30,29,1,13,29,0,19,0,30,30,30,30,29,0,0,228,222,403,90,0,0,0.1,2
367,30,28,2,13,28,0,19,0,30,30,30,30,28,0,0,228,222,404,90,1,1,0.1,2
368,30,28,2,13,28,0,19,0,30,30,30,30,28,0,1,229,223,405,90,1,1,0.1,2
369,29,25,4,13,25,0,19,0,30,30,30,29,25,1,0,229,223,407,91,3,2,0.1,2
370,30,26,4,14,26,0,19,0,30,30,30,30,26,0,1,230,224,408,92,0,1,0.1,2
371,30,28,2,15,28,0,19,0,30,30,30,30,28,0,3,233,227,409,93,1,1,0.1,2
372,30,28,2,15,28,0,19,1,30,30,30,30,28,0,0,233,227,409,93,0,0,0.1,2
373,30,28,2,15,28,0,19,0,30,30,30,30,28,0,0,233,227,409,93,0,0,0.1,2
374,30,28,2,15,28,0,19,0,30,30,30,30,28,0,0,233,227,409,93,0,0,0.1,2
375,30,29,1,15,29,0,19,0,30,30,30,30,29,0,2,235,229,410,93,1,1,0.1,2
376,30,26,4,15,26,0,19,0,30,30,30,30,26,0,0,235,229,413,94,3,3,0.1,2
377,29,27,2,15,27,0,19,1,30,30,30,29,27,0,2,237,231,413,95,1,0,0.1,2
378,30,27,3,15,27,0,19,0,30,30,30,30,27,0,0,237,231,414,95,0,1,0.1,2
379,30,28,2,15,28,0,19,1,30,30,30,30,28,0,1,238,232,414,95,0,0,0.1,2
380,30,28,2,15,28,0,19,0,30,30,30,30,28,0,0,238,232,414,95,0,0,0.1,2
381,29,27,2,15,27,0,19,0,30,30,30,29,27,0,0,238,232,414,96,1,0,0.1,2
382,30,26,4,15,26,0,19,0,30,30,30,30,26,0,0,238,232,416,96,1,2,0.1,2
383,29,25,4,14,25,0,19,0,30,30,30,29,25,0,1,239,233,419,97,4,3,0.1,2
384,30,26,4,13,26,0,19,0,30,30,30,30,26,0,2,241,235,421,97,1,2,0.1,2
385,30,25,5,12,25,0,19,0,30,30,30,30,25,0,0,241,235,422,97,1,1,0.1,2
386,30,26,4,12,26,0,19,0,30,30,30,30,26,0,1,242,236,422,97,0,0,0.1,2
387,30,26,4,12,26,0,19,0,30,30,30,30,26,0,0,242,236,422,97,0,0,0.1,2
388,30,27,3,12,27,0,19,0,30,30,30,30,27,0,1,243,237,422,97,0,0,0.1,2
389,30,26,4,12,26,0,19,0,30,30,30,30,26,0,0,243,237,423,98,1,1,0.1,2
390,30,27,3,12,27,0,19,0,30,30,30,30,27,0,2,245,239,425,99,2,2,0.1,2
391,30,27,3,12,27,0,19,0,30,30,30,30,27,0,0,245,239,426,99,1,1,0.1,2
392,30,26,4,12,26,0,19,0,30,30,30,30,26,0,0,245,239,427,99,1,1,0.1,2
393,30,27,3,12,27,0,19,0,30,30,30,30,27,0,1,246,240,427,99,0,0,0.1,2
394,30,28,2,12,28,0,19,0,30,30,30,30,28,0,1,247,241,427,99,0,0,0.1,2
395,30,28,2,12,28,0,19,0,30,30,30,30,28,0,0,247,241,427,99,0,0,0.1,2
396,30,26,4,12,26,0,19,0,30,30,30,30,26,0,0,247,241,429,100,2,2,0.1,2
397,30,27,3,12,27,0,19,0,30,30,30,30,27,0,3,250,244,432,101,3,3,0.1,2
398,30,28,2,12,28,0,19,0,30,30,30,30,28,0,2,252,246,433,101,1,1,0.1,2
399,30,28,2,13,28,0,19,0,30,30,30,30,28,0,1,253,247,434,102,1,1,0.1,2
400,30,28,2,13,28,0,19,0,30,3,30,30,28,0,0,253,247,434,102,0,0,0.1,2
401,30,28,2,13,28,0,19,0,30,5,30,30,28,0,0,253,247,434,102,0,0,0.1,2
402,30,28,2,13,28,0,19,0,30,5,30,30,28,0,0,253,247,434,102,0,0,0.1,2
403,30,27,3,13,27,0,19,0,30,5,30,30,27,0,0,253,247,435,103,1,1,0.1,2
404,29,26,3,13,26,0,19,0,30,6,30,29,26,0,0,253,247,437,103,3,2,0.1,2
405,30,25,5,13,25,0,19,1,30,6,30,30,25,0,0,253,247,439,103,1,2,0.1,2
406,30,25,5,13,25,0,19,0,30,8,30,30,25,0,1,254,248,440,103,1,1,0.1,2
407,30,25,5,13,25,0,19,0,30,10,30,30,25,0,0,254,248,440,103,0,0,0.1,2
408,30,25,5,13,25,0,19,0,30,10,30,30,25,0,0,254,248,440,103,0,0,0.1,2
409,30,25,5,13,25,0,19,0,30,11,30,30,25,0,0,254,248,440,103,0,0,0.1,2
410,30,23,7,13,23,0,19,0,30,11,30,30,23,0,0,254,248,443,104,3,3,0.1,2
411,28,23,5,13,23,0,19,0,30,13,30,28,23,1,1,255,249,443,104,2,0,0.1,2
412,30,23,7,15,23,0,19,0,30,13,30,30,23,0,1,256,250,448,105,3,5,0.1,2
413,30,23,7,14,23,0,19,0,30,16,30,30,23,0,1,257,251,450,106,2,2,0.1,2
414,30,23,7,14,23,0,19,0,30,16,30,30,23,0,0,257,251,450,106,0,0,0.1,2
415,30,23,7,14,23,0,19,0,30,16,30,30,23,0,0,257,251,450,106,0,0,0.1,2
416,30,23,7,14,23,0,19,0,30,16,30,30,23,0,0,257,251,450,106,0,0,0.1,2
417,30,23,7,14,23,0,19,0,30,16,30,30,23,0,0,257,251,451,106,1,1,0.1,2
418,30,23,7,14,23,0,19,0,30,16,30,30,23,0,1,258,252,452,107,1,1,0.1,2
419,30,23,7,14,23,0,19,0,30,16,30,30,23,0,0,258,252,455,107,3,3,0.1,2
420,30,23,7,14,23,0,19,0,30,16,30,30,23,0,0,258,252,457,107,2,2,0.1,2
421,30,24,6,14,24,0,19,0,30,16,30,30,24,0,1,259,253,457,107,0,0,0.1,2
422,30,24,6,14,24,0,19,1,30,17,30,30,24,0,0,259,253,457,107,0,0,0.1,2
423,30,24,6,14,24,0,19,0,30,18,30,30,24,0,0,259,253,457,107,0,0,0.1,2
424,28,23,5,14,23,0,19,1,30,18,30,28,23,1,1,260,254,458,108,3,1,0.1,2
425,30,23,7,15,23,0,19,0,30,19,30,30,23,0,0,260,254,460,108,0,2,0.1,2
426,30,21,9,13,21,0,19,0,30,20,30,30,21,0,0,260,254,464,108,4,4,0.1,2
427,30,22,8,13,22,0,19,0,30,20,30,30,22,0,1,261,255,465,108,1,1,0.1,2
428,30,22,8,13,22,0,19,0,30,21,30,30,22,0,0,261,255,465,108,0,0,0.1,2
429,30,22,8,13,22,0,19,0,30,22,30,30,22,0,0,261,255,465,108,0,0,0.1,2
430,30,23,7,13,23,0,19,0,30,22,30,30,23,0,1,262,256,465,108,0,0,0.1,2
431,30,24,6,13,24,0,19,0,30,22,30,30,24,0,1,263,257,465,108,0,0,0.1,2
432,29,23,6,12,23,0,19,0,30,23,30,29,23,0,0,263,257,466,110,2,1,0.1,2
433,29,24,5,12,24,0,19,0,30,24,30,29,24,1,2,265,259,470,110,4,4,0.1,2
434,30,23,7,13,23,0,19,1,30,24,30,30,23,0,0,265,259,473,110,2,3,0.1,2
435,30,23,7,13,23,0,19,0,30,25,30,30,23,0,0,265,259,473,110,0,0,0.1,2
436,30,24,6,13,24,0,19,0,30,25,30,30,24,0,1,266,260,473,111,0,0,0.1,2
437,30,25,5,13,25,0,19,0,30,26,30,30,25,0,1,267,261,473,111,0,0,0.1,2
438,29,24,5,13,24,0,19,0,30,27,30,29,24,0,0,267,261,473,111,1,0,0.1,2
439,30,24,6,14,24,0,19,0,30,27,30,30,24,0,1,268,262,475,111,1,2,0.1,2
440,30,23,7,15,23,0,19,0,30,27,30,30,23,0,0,268,262,478,111,3,3,0.1,2
441,30,25,5,14,25,0,19,0,30,27,30,30,25,0,2,270,264,480,111,2,2,0.1,2
442,30,26,4,14,26,0,19,0,30,27,30,30,26,0,1,271,265,480,111,0,0,0.1,2
443,30,26,4,14,26,0,19,1,30,27,30,30,26,0,0,271,265,480,111,0,0,0.1,2
444,30,27,3,14,27,0,19,0,30,27,30,30,27,0,1,272,266,480,111,0,0,0.1,2
445,30,28,2,14,28,0,19,1,30,28,30,30,28,0,1,273,267,480,111,0,0,0.1,2
446,30,27,3,14,27,0,19,0,30,28,30,30,27,0,0,273,267,481,111,1,1,0.1,2
447,30,25,5,14,25,0,19,0,30,29,30,30,25,0,0,273,267,484,111,3,3,0.1,2
448,30,25,5,14,25,0,19,0,30,29,30,30,25,0,1,274,268,486,111,2,2,0.1,2
449,30,27,3,14,27,0,19,0,30,30,30,30,27,0,2,276,270,486,111,0,0,0.1,2
450,30,28,2,14,28,0,19,1,30,30,30,30,28,0,1,277,271,486,111,0,0,0.1,2
451,30,28,2,14,28,0,19,1,30,30,30,30,28,0,0,277,271,486,111,0,0,0.1,2
452,30,28,2,14,28,0,19,0,30,30,30,30,28,0,0,277,271,486,111,0,0,0.1,2
453,30,27,3,13,27,0,19,0,30,30,30,30,27,0,1,278,272,488,112,2,2,0.1,2
454,30,25,5,12,25,0,19,1,30,30,30,30,25,0,0,278,272,491,113,3,3,0.1,2
455,30,24,6,13,24,0,19,0,30,30,30,30,24,0,0,278,272,493,113,2,2,0.1,2
456,30,25,5,13,25,0,19,0,30,30,30,30,25,0,1,279,273,493,113,0,0,0.1,2
457,30,27,3,13,27,0,19,1,30,30,30,30,27,0,2,281,275,493,114,0,0,0.1,2
458,30,27,3,13,27,0,19,0,30,30,30,30,27,0,0,281,275,493,114,0,0,0.1,2
459,30,27,3,13,27,0,19,0,30,30,30,30,27,0,0,281,275,493,114,0,0,0.1,2
460,30,27,3,13,27,0,19,0,30,30,30,30,27,0,1,282,276,494,114,1,1,0.1,2
461,29,26,3,13,26,0,19,0,30,30,30,29,26,0,1,283,277,496,116,3,2,0.1,2
462,29,25,4,12,25,0,19,1,30,30,30,29,25,0,0,283,277,498,116,2,2,0.1,2
463,30,25,5,12,25,0,19,0,30,30,30,30,25,0,0,283,277,499,116,0,1,0.1,2
464,30,27,3,12,27,0,19,0,30,30,30,30,27,0,2,285,279,499,116,0,0,0.1,2
465,30,28,2,12,28,0,19,1,30,30,30,30,28,0,1,286,280,499,116,0,0,0.1,2
466,30,28,2,12,28,0,19,0,30,30,30,30,28,0,0,286,280,499,116,0,0,0.1,2
467,29,27,2,12,27,0,19,0,30,30,30,29,27,0,1,287,281,500,117,2,1,0.1,2
468,30,26,4,13,26,0,19,0,30,30,30,30,26,0,1,288,282,504,118,3,4,0.1,2
469,29,26,3,13,26,0,19,0,30,30,30,29,26,0,1,289,283,504,118,1,0,0.1,2
470,30,29,1,13,29,0,19,0,30,30,30,30,29,0,3,292,286,505,119,0,1,0.1,2
471,30,30,0,13,30,0,19,0,30,30,30,30,30,0,1,293,287,505,119,0,0,0.1,2
472,30,30,0,13,30,0,19,0,30,30,30,30,30,0,0,293,287,505,119,0,0,0.1,2
473,30,30,0,13,30,0,19,1,30,30,30,30,30,0,0,293,287,505,119,0,0,0.1,2
474,30,29,1,13,29,0,19,1,30,30,30,30,29,0,0,293,287,506,120,1,1,0.1,2
475,30,28,2,13,28,0,19,0,30,30,30,30,28,0,0,293,287,507,121,1,1,0.1,2
476,30,26,4,13,26,0,19,1,30,30,30,30,26,0,0,293,287,509,121,2,2,0.1,2
477,30,26,4,13,26,0,19,1,30,30,30,30,26,0,1,294,288,510,122,1,1,0.1,2
478,30,26,4,13,26,0,19,1,30,30,30,30,26,0,0,294,288,510,122,0,0,0.1,2
479,30,26,4,13,26,0,19,0,30,30,30,30,26,0,0,294,288,510,122,0,0,0.1,2
480,30,27,3,13,27,0,19,0,30,30,30,30,27,0,1,295,289,510,122,0,0,0.1,2
481,30,28,2,13,28,1,19,0,30,30,30,30,28,0,1,297,290,511,123,1,1,0.1,2
482,29,24,5,12,24,1,19,0,30,30,30,29,24,0,0,297,290,514,124,4,3,0.1,2
483,30,25,5,12,25,1,19,0,30,30,30,30,25,0,1,298,291,516,124,1,2,0.1,2
484,30,26,4,12,26,1,19,0,30,30,30,30,26,0,2,300,293,518,125,2,2,0.1,2
485,30,26,4,12,26,1,19,0,30,30,30,30,26,0,0,300,293,518,125,0,0,0.1,2
486,30,26,4,12,26,1,19,0,30,30,30,30,26,0,0,300,293,518,125,0,0,0.1,2
487,30,26,4,12,26,1,19,1,30,30,30,30,26,0,0,300,293,518,125,0,0,0.1,2
488,30,24,6,12,24,0,19,0,30,30,30,30,24,0,0,300,293,520,126,2,2,0.1,2
489,30,23,7,12,23,0,19,1,30,30,30,30,23,0,0,300,293,523,127,3,3,0.1,2
490,30,24,6,12,24,0,19,0,30,30,30,30,24,0,2,302,295,524,128,1,1,0.1,2
491,30,24,6,12,24,0,19,0,30,30,30,30,24,0,0,302,295,526,128,2,2,0.1,2
492,30,25,5,12,25,0,19,0,30,30,30,30,25,0,1,303,296,526,128,0,0,0.1,2
493,30,25,5,12,25,0,19,0,30,30,30,30,25,0,0,303,296,526,128,0,0,0.1,2
494,30,26,4,12,26,0,19,1,30,30,30,30,26,0,1,304,297,526,128,0,0,0.1,2
495,30,27,3,12,27,0,19,0,30,30,30,30,27,0,1,305,298,526,128,0,0,0.1,2
496,30,26,4,12,26,0,19,0,30,30,30,30,26,0,0,305,298,528,128,2,2,0.1,2
497,30,27,3,12,27,0,19,0,30,30,30,30,27,0,3,308,301,530,130,2,2,0.1,2
498,30,29,1,12,29,0,19,0,30,30,30,30,29,0,2,310,303,531,130,1,1,0.1,2
499,30,30,0,12,30,0,19,0,30,30,30,30,30,0,1,311,304,531,130,0,0,0.1,2
500,30,30,0,12,30,0,19,0,30,30,30,30,30,0,0,311,304,531,130,0,0,0.1,2
501,30,30,0,12,30,0,19,0,30,30,30,30,30,0,0,311,304,531,130,0,0,0.1,2
502,30,28,2,12,28,0,19,1,30,30,30,30,28,0,0,311,304,533,131,2,2,0.1,2
503,30,27,3,12,27,0,19,0,30,30,30,30,27,0,1,312,305,535,132,2,2,0.1,2
504,30,28,2,13,28,0,19,0,30,30,30,30,28,0,2,314,307,536,132,1,1,0.1,2
505,30,27,3,14,27,0,19,0,30,30,30,30,27,0,0,314,307,537,133,1,1,0.1,2
506,30,27,3,14,27,0,19,0,30,30,30,30,27,0,0,314,307,537,134,0,0,0.1,2
507,30,28,2,14,28,0,19,0,30,30,30,30,28,0,1,315,308,537,134,0,0,0.1,2
508,30,29,1,14,29,0,19,0,30,30,30,30,29,0,1,316,309,537,134,0,0,0.1,2
509,30,29,1,14,29,0,19,0,30,30,30,30,29,0,0,316,309,537,134,0,0,0.1,2
510,29,27,2,14,27,0,19,1,30,30,30,29,27,0,0,316,309,538,134,2,1,0.1,2
511,30,25,5,14,25,0,19,0,30,30,30,30,25,0,0,316,309,541,135,2,3,0.1,2
512,30,25,5,13,25,0,19,0,30,30,30,30,25,0,1,317,310,543,136,2,2,0.1,2
513,30,26,4,13,26,0,19,0,30,30,30,30,26,0,1,318,311,543,136,0,0,0.1,2
514,30,28,2,13,28,0,19,0,30,30,30,30,28,0,2,320,313,543,136,0,0,0.1,2
515,30,29,1,13,29,0,19,0,30,30,30,30,29,0,1,321,314,543,136,0,0,0.1,2
516,30,27,3,13,27,0,19,0,30,30,30,30,27,0,0,321,314,545,138,2,2,0.1,2
517,30,26,4,13,26,0,19,1,30,30,30,30,26,0,1,322,315,547,138,2,2,0.1,2
518,30,28,2,12,28,0,19,0,30,30,30,30,28,0,3,325,318,548,138,1,1,0.1,2
519,30,29,1,12,29,0,19,0,30,30,30,30,29,0,1,326,319,548,138,0,0,0.1,2
520,30,30,0,12,30,0,19,0,30,30,30,30,30,0,1,327,320,548,138,0,0,0.1,2
521,30,30,0,12,30,0,19,0,30,30,30,30,30,0,0,327,320,548,138,0,0,0.1,2
522,30,30,0,12,30,0,19,0,30,30,30,30,30,0,0,327,320,548,138,0,0,0.1,2
523,30,30,0,12,30,0,19,0,30,30,30,30,30,0,0,327,320,548,138,0,0,0.1,2
524,30,29,1,12,29,0,19,0,30,30,30,30,29,0,0,327,320,549,138,1,1,0.1,2
525,30,27,3,12,27,0,19,0,30,30,30,30,27,0,1,328,321,552,139,3,3,0.1,2
526,30,26,4,12,26,0,19,1,30,30,30,30,26,0,1,329,322,554,141,2,2,0.1,2
527,30,27,3,12,27,0,19,0,30,30,30,30,27,0,1,330,323,554,141,0,0,0.1,2
528,30,28,2,12,28,0,19,0,30,30,30,30,28,0,1,331,324,554,141,0,0,0.1,2
529,30,29,1,12,29,0,19,0,30,30,30,30,29,0,1,332,325,554,141,0,0,0.1,2
530,30,27,3,12,27,0,19,0,30,30,30,30,27,0,0,332,325,556,142,2,2,0.1,2
531,29,25,4,12,25,0,19,0,30,30,30,29,25,0,0,332,325,558,143,3,2,0.1,2
532,30,25,5,12,25,0,19,0,30,30,30,30,25,0,1,333,326,560,143,1,2,0.1,2
533,30,25,5,12,25,0,19,0,30,30,30,30,25,0,0,333,326,560,143,0,0,0.1,2
534,30,27,3,12,27,0,19,0,30,30,30,30,27,0,2,335,328,560,143,0,0,0.1,2
535,30,27,3,12,27,0,19,0,30,30,30,30,27,0,0,335,328,560,143,0,0,0.1,2
536,30,27,3,12,27,0,19,0,30,30,30,30,27,0,0,335,328,560,143,0,0,0.1,2
537,29,28,1,12,28,0,19,0,30,30,30,29,28,0,1,336,329,560,143,1,0,0.1,2
538,30,28,2,12,28,0,19,0,30,30,30,30,28,0,0,336,329,561,143,0,1,0.1,2
539,30,26,4,12,26,0,19,0,30,30,30,30,26,0,1,337,330,565,145,4,4,0.1,2
540,29,24,5,13,24,0,19,0,30,30,30,29,24,0,0,337,330,566,146,2,1,0.1,2
541,30,24,6,13,24,0,19,1,30,30,30,30,24,0,0,337,330,567,146,0,1,0.1,2
542,30,26,4,13,26,0,19,0,30,30,30,30,26,0,2,339,332,567,147,0,0,0.1,2
543,30,28,2,13,28,0,19,0,30,30,30,30,28,0,2,341,334,567,147,0,0,0.1,2
544,29,27,2,13,27,0,19,0,30,30,30,29,27,0,0,341,334,567,148,1,0,0.1,2
545,29,25,4,13,25,0,19,2,30,30,30,29,25,0,0,341,334,570,148,3,3,0.1,2
546,30,24,6,13,24,0,19,0,30,30,30,30,24,0,0,341,334,572,149,1,2,0.1,2
547,30,27,3,13,27,0,19,0,30,30,30,30,27,0,3,344,337,572,149,0,0,0.1,2
548,30,28,2,13,28,0,19,0,30,30,30,30,28,0,1,345,338,572,149,0,0,0.1,2
549,30,28,2,13,28,0,19,0,30,30,30,30,28,0,0,345,338,572,149,0,0,0.1,2
550,30,29,1,13,29,0,19,0,30,30,30,30,29,0,1,346,339,572,149,0,0,0.1,2
551,30,30,0,13,30,0,19,0,30,30,30,30,30,0,1,347,340,572,149,0,0,0.1,2
552,30,30,0,13,30,0,19,0,30,30,30,30,30,0,0,347,340,572,149,0,0,0.1,2
553,30,27,3,13,27,0,19,0,30,30,30,30,27,0,1,348,341,576,151,4,4,0.1,2
554,30,26,4,12,26,0,19,0,30,30,30,30,26,0,0,348,341,577,151,1,1,0.1,2
555,30,26,4,12,26,0,19,0,30,30,30,30,26,0,1,349,342,578,152,1,1,0.1,2
556,30,26,4,12,26,0,19,0,30,30,30,30,26,0,0,349,342,578,152,0,0,0.1,2
557,30,26,4,12,26,0,19,0,30,30,30,30,26,0,0,349,342,578,152,0,0,0.1,2
558,30,27,3,12,27,0,19,0,30,30,30,30,27,0,1,350,343,578,152,0,0,0.1,2
559,30,26,4,12,26,0,19,0,30,30,30,30,26,0,2,352,345,581,154,3,3,0.1,2
560,30,25,5,13,25,0,19,0,30,30,30,30,25,0,1,353,346,583,154,2,2,0.1,2
561,30,27,3,13,27,0,19,0,30,30,30,30,27,0,2,355,348,584,154,1,1,0.1,2
562,30,28,2,13,28,0,19,0,30,30,30,30,28,0,1,356,349,584,154,0,0,0.1,2
563,30,30,0,13,30,0,19,0,30,30,30,30,30,0,2,358,351,584,155,0,0,0.1,2
564,30,30,0,13,30,0,19,0,30,30,30,30,30,0,0,358,351,584,155,0,0,0.1,2
565,30,30,0,13,30,0,19,0,30,30,30,30,30,0,0,358,351,584,155,0,0,0.1,2
566,30,30,0,13,30,0,19,1,30,30,30,30,30,0,0,358,351,584,155,0,0,0.1,2
567,28,26,2,13,26,0,19,0,30,30,30,28,26,0,0,358,351,586,156,4,2,0.1,2
568,30,28,2,13,28,0,19,0,30,30,30,30,28,0,2,360,353,588,156,0,2,0.1,2
569,30,27,3,13,27,0,19,0,30,30,30,30,27,0,0,360,353,589,157,1,1,0.1,2
570,30,28,2,13,28,0,19,0,30,30,30,30,28,0,1,361,354,589,157,0,0,0.1,2
0,30,0,30,16,0,0,19,0,30,10,30,0,0,0,0,0,0,30,0,0,0,0.1,3
1,30,4,26,16,4,0,19,0,30,10,30,30,4,0,4,4,4,30,0,0,0,0.1,3
2,30,4,26,16,4,0,19,0,30,10,30,30,4,0,0,4,4,30,0,0,0,0.1,3
3,30,4,26,16,4,0,19,0,30,10,30,30,4,0,0,4,4,30,1,0,0,0.1,3
4,30,7,23,16,7,0,19,0,30,11,30,30,7,0,3,7,7,30,1,0,0,0.1,3
5,30,8,22,16,8,0,19,0,30,12,30,30,8,0,1,8,8,30,1,0,0,0.1,3
6,30,8,22,16,8,0,19,0,30,12,30,30,8,0,0,8,8,30,1,0,0,0.1,3
7,30,9,21,16,9,0,19,0,30,13,30,30,9,0,1,9,9,30,2,0,0,0.1,3
8,30,1,29,17,1,0,19,0,30,13,30,30,1,0,1,10,10,39,2,9,9,0.1,3
9,30,2,28,17,2,0,19,0,30,13,30,30,2,0,1,11,11,39,2,0,0,0.1,3
10,30,5,25,17,5,0,19,0,30,13,30,30,5,0,3,14,14,39,3,0,0,0.1,3
11,30,5,25,17,5,0,19,0,30,13,30,30,5,0,0,14,14,39,3,0,0,0.1,3
12,30,7,23,17,6,0,19,0,30,13,30,30,6,0,2,16,16,39,4,0,0,0.1,3
13,30,8,22,17,8,0,19,0,30,13,30,30,8,0,1,17,17,39,4,0,0,0.1,3
14,30,9,21,17,9,0,19,0,30,13,30,30,9,0,1,18,18,39,4,0,0,0.1,3
15,30,9,21,16,9,0,19,0,30,13,30,30,9,0,0,18,18,41,4,2,2,0.1,3
16,30,9,21,16,9,0,19,0,30,13,30,30,9,0,0,18,18,41,4,0,0,0.1,3
17,30,11,19,16,11,0,19,0,30,13,30,30,11,0,2,20,20,41,4,0,0,0.1,3
18,30,11,19,16,11,0,19,0,30,13,30,30,11,0,0,20,20,41,5,0,0,0.1,3
19,30,11,19,16,11,0,19,0,30,13,30,30,11,0,0,20,20,41,5,0,0,0.1,3
20,30,11,19,16,11,0,19,0,30,13,30,30,11,0,0,20,20,41,6,0,0,0.1,3
21,30,11,19,16,11,0,19,0,30,13,30,30,11,0,0,20,20,41,6,0,0,0.1,3
22,30,4,26,19,4,0,19,0,30,14,30,30,4,0,0,20,20,49,6,8,8,0.1,3
23,30,8,22,19,8,0,19,0,30,14,30,30,8,0,4,24,24,49,6,0,0,0.1,3
24,30,9,21,19,9,0,19,0,30,14,30,30,9,0,1,25,25,49,6,0,0,0.1,3
25,30,11,19,19,11,0,19,0,30,14,30,30,11,0,2,27,27,49,7,0,0,0.1,3
26,30,11,19,19,11,0,19,0,30,14,30,30,11,0,0,27,27,49,7,0,0,0.1,3
27,30,11,19,19,11,0,19,0,30,14,30,30,11,0,0,27,27,49,8,0,0,0.1,3
28,30,12,18,19,12,0,19,0,30,14,30,30,12,0,1,28,28,49,8,0,0,0.1,3
29,30,11,19,19,11,0,19,0,30,14,30,30,11,0,0,28,28,53,8,4,4,0.1,3
30,30,13,17,19,13,0,19,0,30,14,30,30,13,0,2,30,30,53,8,0,0,0.1,3
31,30,13,17,19,13,0,19,0,30,14,30,30,13,0,0,30,30,53,8,0,0,0.1,3
32,30,13,17,19,13,0,19,0,30,14,30,30,13,0,0,30,30,53,9,0,0,0.1,3
33,30,13,17,19,13,0,19,0,30,14,30,30,13,0,0,30,30,53,9,0,0,0.1,3
34,30,14,16,19,14,0,19,0,30,14,30,30,14,0,1,31,31,53,9,0,0,0.1,3
35,30,14,16,19,14,0,19,0,30,14,30,30,14,0,0,31,31,53,9,0,0,0.1,3
36,30,10,20,20,10,0,19,1,30,14,30,30,10,0,1,32,32,59,9,6,6,0.1,3
37,30,11,19,20,11,0,19,0,30,14,30,30,11,0,1,33,33,59,9,0,0,0.1,3
38,30,12,18,20,12,0,19,0,30,15,30,30,12,0,1,34,34,59,9,0,0,0.1,3
39,30,14,16,20,14,0,19,0,30,15,30,30,14,0,2,36,36,59,9,0,0,0.1,3
40,30,14,16,20,14,0,19,0,30,1,30,30,14,0,0,36,36,59,11,0,0,0.1,3
41,30,14,16,20,14,0,19,0,30,3,30,30,14,0,0,36,36,59,11,0,0,0.1,3
42,30,14,16,20,14,0,19,0,30,4,30,30,14,0,0,36,36,59,12,0,0,0.1,3
43,30,11,19,19,11,0,19,0,30,4,30,30,11,0,0,36,36,63,12,4,4,0.1,3
44,30,11,19,19,11,0,19,0,30,4,30,30,11,0,0,36,36,63,12,0,0,0.1,3
45,30,11,19,19,11,0,19,0,30,5,30,30,11,0,0,36,36,63,12,0,0,0.1,3
46,30,11,19,19,11,0,19,0,30,5,30,30,11,0,0,36,36,63,12,0,0,0.1,3
47,30,11,19,19,11,0,19,0,30,6,30,30,11,0,0,36,36,63,12,0,0,0.1,3
48,30,11,19,19,11,0,19,0,30,6,30,30,11,0,0,36,36,63,12,0,0,0.1,3
49,30,11,19,19,11,0,19,0,30,6,30,30,11,0,0,36,36,63,12,0,0,0.1,3
50,28,6,22,20,6,0,19,0,30,6,30,28,6,1,0,36,36,70,12,9,7,0.1,3
51,30,7,23,21,7,0,19,0,30,6,30,30,7,0,1,37,37,72,12,0,2,0.1,3
52,30,7,23,21,7,0,19,0,30,6,30,30,7,0,0,37,37,72,12,0,0,0.1,3
53,30,7,23,21,7,0,19,0,30,6,30,30,7,0,0,37,37,72,12,0,0,0.1,3
54,30,7,23,21,7,0,19,0,30,7,30,30,7,0,0,37,37,72,12,0,0,0.1,3
55,30,8,22,21,8,0,19,0,30,7,30,30,8,0,1,38,38,72,12,0,0,0.1,3
56,30,9,21,21,9,0,19,0,30,7,30,30,9,0,1,39,39,72,12,0,0,0.1,3
57,28,9,19,20,9,0,19,0,30,7,30,28,9,1,0,39,39,74,12,4,2,0.1,3
58,30,9,21,21,9,0,19,0,30,7,30,30,9,0,0,39,39,78,12,2,4,0.1,3
59,30,9,21,21,9,0,19,0,30,7,30,30,9,0,0,39,39,78,12,0,0,0.1,3
60,30,9,21,21,9,0,19,0,30,7,30,30,9,0,0,39,39,78,12,0,0,0.1,3
61,30,9,21,21,9,0,19,0,30,7,30,30,9,0,0,39,39,78,12,0,0,0.1,3
62,30,9,21,21,9,0,19,0,30,7,30,30,9,0,0,39,39,78,12,0,0,0.1,3
63,30,9,21,21,9,0,19,0,30,7,30,30,9,0,0,39,39,78,12,0,0,0.1,3
64,29,7,22,20,7,1,19,0,30,7,30,29,7,1,0,40,39,82,12,5,4,0.1,3
65,30,8,22,21,8,1,19,0,30,8,30,30,8,0,1,41,40,87,12,4,5,0.1,3
66,30,9,21,21,9,1,19,0,30,9,30,30,9,0,1,42,41,87,12,0,0,0.1,3
67,30,10,20,21,10,1,19,0,30,9,30,30,10,0,1,43,42,87,12,0,0,0.1,3
68,30,10,20,21,10,1,19,0,30,9,30,30,10,0,0,43,42,87,12,0,0,0.1,3
69,30,10,20,21,10,1,19,0,30,9,30,30,10,0,0,43,42,87,12,0,0,0.1,3
70,30,10,20,21,10,1,19,0,30,9,30,30,10,0,0,43,42,87,12,0,0,0.1,3
71,30,9,21,21,9,0,19,0,30,9,30,30,9,0,0,43,42,89,12,2,2,0.1,3
72,30,10,20,21,10,0,19,0,30,9,30,30,10,0,1,44,43,93,12,4,4,0.1,3
73,30,10,20,21,10,0,19,0,30,10,30,30,10,0,0,44,43,93,12,0,0,0.1,3
74,30,10,20,21,10,0,19,0,30,10,30,30,10,0,0,44,43,93,12,0,0,0.1,3
75,30,10,20,21,10,0,19,0,30,10,30,30,10,0,0,44,43,93,12,0,0,0.1,3
76,30,10,20,21,10,0,19,0,30,10,30,30,10,0,0,44,43,93,12,0,0,0.1,3
77,30,10,20,21,10,0,19,0,30,10,30,30,10,0,0,44,43,93,12,0,0,0.1,3
78,30,8,22,21,8,0,19,0,30,10,30,30,8,0,0,44,43,96,12,3,3,0.1,3
79,30,7,23,21,7,0,19,0,30,10,30,30,7,0,0,44,43,101,12,5,5,0.1,3
80,30,7,23,21,7,0,19,0,30,10,30,30,7,0,0,44,43,101,12,0,0,0.1,3
81,30,8,22,21,8,0,19,0,30,11,30,30,8,0,1,45,44,101,12,0,0,0.1,3
82,30,10,20,21,10,0,19,0,30,11,30,30,10,0,2,47,46,101,12,0,0,0.1,3
83,30,10,20,21,10,0,19,0,30,11,30,30,10,0,0,47,46,101,13,0,0,0.1,3
84,30,10,20,21,10,0,19,0,30,11,30,30,10,0,0,47,46,101,13,0,0,0.1,3
85,28,9,19,19,9,0,19,0,30,11,30,28,9,2,0,47,46,101,13,2,0,0.1,3
86,30,10,20,20,10,0,19,0,30,11,30,30,10,0,1,48,47,107,13,4,6,0.1,3
87,30,10,20,20,10,0,19,0,30,11,30,30,10,0,0,48,47,107,13,0,0,0.1,3
88,30,10,20,20,10,0,19,0,30,11,30,30,10,0,0,48,47,107,13,0,0,0.1,3
89,30,10,20,20,10,0,19,0,30,11,30,30,10,0,0,48,47,107,13,0,0,0.1,3
90,30,10,20,20,10,0,19,0,30,11,30,30,10,0,0,48,47,107,13,0,0,0.1,3
91,30,10,20,20,10,0,19,0,30,11,30,30,10,0,0,48,47,107,13,0,0,0.1,3
92,29,8,21,19,8,0,19,0,30,12,30,29,8,1,0,48,47,108,13,2,1,0.1,3
93,29,7,22,21,7,0,19,0,30,12,30,29,7,0,0,48,47,114,13,6,6,0.1,3
94,30,8,22,21,8,0,19,0,30,12,30,30,8,0,1,49,48,115,13,0,1,0.1,3
95,30,8,22,21,8,0,19,0,30,12,30,30,8,0,0,49,48,115,13,0,0,0.1,3
96,30,9,21,21,9,0,19,0,30,12,30,30,9,0,1,50,49,115,13,0,0,0.1,3
97,30,9,21,21,9,0,19,0,30,13,30,30,9,0,0,50,49,115,13,0,0,0.1,3
98,30,9,21,21,9,0,19,0,30,13,30,30,9,0,0,50,49,115,13,0,0,0.1,3
99,29,9,20,20,9,0,19,0,30,13,30,29,9,1,0,50,49,115,13,1,0,0.1,3
100,28,9,19,19,9,0,19,0,30,14,30,28,9,2,1,51,50,119,13,5,4,0.1,3
101,30,11,19,21,11,0,19,0,30,14,30,30,11,0,2,53,52,122,13,1,3,0.1,3
102,30,12,18,21,12,0,19,0,30,15,30,30,12,0,1,54,53,122,13,0,0,0.1,3
103,30,13,17,21,13,0,19,0,30,15,30,30,13,0,1,55,54,122,13,0,0,0.1,3
104,30,15,15,21,15,0,19,0,30,15,30,30,15,0,2,57,56,122,14,0,0,0.1,3
105,30,15,15,21,15,0,19,0,30,15,30,30,15,0,0,57,56,122,14,0,0,0.1,3
106,30,15,15,21,15,0,19,0,30,15,30,30,15,0,0,57,56,122,14,0,0,0.1,3
107,30,14,16,22,14,0,19,0,30,16,30,30,14,0,1,58,57,126,14,4,4,0.1,3
108,30,14,16,22,14,0,19,0,30,16,30,30,14,0,0,58,57,127,14,1,1,0.1,3
109,30,14,16,22,14,0,19,0,30,16,30,30,14,0,0,58,57,127,14,0,0,0.1,3
110,30,14,16,22,14,0,19,0,30,17,30,30,14,0,0,58,57,127,14,0,0,0.1,3
111,30,15,15,22,15,0,19,0,30,18,30,30,15,0,1,59,58,127,14,0,0,0.1,3
112,30,15,15,22,15,0,19,0,30,18,30,30,15,0,0,59,58,127,14,0,0,0.1,3
113,30,15,15,22,15,0,19,0,30,18,30,30,15,0,0,59,58,127,14,0,0,0.1,3
114,30,15,15,21,15,0,19,0,30,18,30,30,15,0,2,61,60,131,15,4,4,0.1,3
115,30,15,15,21,15,0,19,0,30,20,30,30,15,0,2,63,62,134,15,3,3,0.1,3
116,30,17,13,21,17,0,19,0,30,21,30,30,17,0,2,65,64,134,15,0,0,0.1,3
117,30,17,13,21,17,0,19,0,30,21,30,30,17,0,0,65,64,134,15,0,0,0.1,3
118,30,18,12,21,18,0,19,0,30,21,30,30,18,0,1,66,65,134,15,0,0,0.1,3
119,30,18,12,21,18,0,19,0,30,21,30,30,18,0,0,66,65,134,15,0,0,0.1,3
120,30,18,12,21,18,0,19,0,30,22,30,30,18,0,0,66,65,134,15,0,0,0.1,3
121,30,19,11,21,19,1,19,0,30,22,30,30,19,0,2,69,67,137,16,3,3,0.1,3
122,30,19,11,20,19,1,19,0,30,23,30,30,19,0,0,69,67,139,16,2,2,0.1,3
123,30,19,11,20,19,1,19,0,30,23,30,30,19,0,0,69,67,139,16,0,0,0.1,3
124,30,20,10,20,20,1,19,0,30,25,30,30,20,0,1,70,68,139,16,0,0,0.1,3
125,30,21,9,20,21,1,19,0,30,25,30,30,21,0,1,71,69,139,17,0,0,0.1,3
126,30,21,9,20,21,1,19,0,30,26,30,30,21,0,0,71,69,139,18,0,0,0.1,3
127,30,22,8,20,22,1,19,0,30,27,30,30,22,0,1,72,70,139,18,0,0,0.1,3
128,29,18,11,20,18,0,19,0,30,27,30,29,18,0,0,72,70,143,19,5,4,0.1,3
129,30,18,12,20,18,0,19,0,30,27,30,30,18,0,1,73,71,146,19,2,3,0.1,3
130,30,21,9,20,21,0,19,0,30,27,30,30,21,0,3,76,74,146,19,0,0,0.1,3
131,30,25,5,20,25,0,19,0,30,27,30,30,25,0,4,80,78,146,19,0,0,0.1,3
132,30,26,4,20,26,0,19,0,30,27,30,30,26,0,1,81,79,146,19,0,0,0.1,3
133,30,26,4,20,26,0,19,1,30,27,30,30,26,0,0,81,79,146,19,0,0,0.1,3
134,30,26,4,20,26,0,19,0,30,27,30,30,26,0,0,81,79,146,20,0,0,0.1,3
135,30,25,5,18,25,0,19,0,30,27,30,30,25,0,0,81,79,148,20,2,2,0.1,3
136,30,27,3,18,27,0,19,1,30,27,30,30,27,0,3,84,82,149,20,1,1,0.1,3
137,30,27,3,18,27,0,19,0,30,28,30,30,27,0,0,84,82,149,20,0,0,0.1,3
138,30,27,3,18,27,0,19,1,30,28,30,30,27,0,0,84,82,149,20,0,0,0.1,3
139,30,27,3,18,27,0,19,0,30,28,30,30,27,0,0,84,82,149,20,0,0,0.1,3
140,30,28,2,18,28,0,19,0,30,28,30,30,28,0,1,85,83,149,20,0,0,0.1,3
141,30,28,2,18,28,0,19,0,30,28,30,30,28,0,0,85,83,149,20,0,0,0.1,3
142,30,25,5,15,25,0,19,1,30,29,30,30,25,0,0,85,83,152,23,3,3,0.1,3
143,30,22,8,14,22,0,19,0,30,29,30,30,22,0,0,85,83,156,24,4,4,0.1,3
144,30,23,7,14,23,0,19,0,30,29,30,30,23,0,1,86,84,156,24,0,0,0.1,3
145,30,26,4,14,26,0,19,0,30,29,30,30,26,0,3,89,87,156,24,0,0,0.1,3
146,30,27,3,14,27,0,19,0,30,30,30,30,27,0,1,90,88,156,24,0,0,0.1,3
147,30,27,3,14,27,0,19,0,30,30,30,30,27,0,0,90,88,156,24,0,0,0.1,3
148,30,28,2,14,28,0,19,0,30,30,30,30,28,0,1,91,89,156,24,0,0,0.1,3
149,29,26,3,14,26,0,19,0,30,30,30,29,26,0,0,91,89,157,26,2,1,0.1,3
150,30,27,3,14,27,0,19,0,30,30,30,30,27,0,1,92,90,159,26,1,2,0.1,3
151,30,27,3,14,27,0,19,0,30,30,30,30,27,0,0,92,90,159,26,0,0,0.1,3
152,30,28,2,14,28,0,19,0,30,30,30,30,28,0,1,93,91,159,26,0,0,0.1,3
153,30,28,2,14,28,0,19,0,30,30,30,30,28,0,0,93,91,159,26,0,0,0.1,3
154,30,28,2,14,28,0,19,0,30,30,30,30,28,0,0,93,91,159,26,0,0,0.1,3
155,30,29,1,14,29,0,19,0,30,30,30,30,29,0,1,94,92,159,26,0,0,0.1,3
156,28,26,2,14,26,0,19,0,30,30,30,28,26,0,0,94,92,160,26,3,1,0.1,3
157,30,24,6,14,24,0,19,0,30,30,30,30,24,0,1,95,93,165,27,3,5,0.1,3
158,30,25,5,14,25,0,19,0,30,30,30,30,25,0,1,96,94,165,27,0,0,0.1,3
159,30,29,1,14,29,0,19,0,30,30,30,30,29,0,4,100,98,165,27,0,0,0.1,3
160,30,30,0,14,30,0,19,0,30,30,30,30,30,0,1,101,99,165,27,0,0,0.1,3
161,30,30,0,14,30,0,19,0,30,30,30,30,30,0,0,101,99,165,27,0,0,0.1,3
162,30,30,0,14,30,0,19,0,30,30,30,30,30,0,0,101,99,165,27,0,0,0.1,3
163,29,29,0,14,29,0,19,1,30,30,30,29,29,0,0,101,99,165,27,1,0,0.1,3
164,30,27,3,14,27,0,19,1,30,30,30,30,27,0,0,101,99,168,28,2,3,0.1,3
165,30,27,3,14,27,0,19,0,30,30,30,30,27,0,0,101,99,168,28,0,0,0.1,3
166,30,28,2,14,28,0,19,0,30,30,30,30,28,0,1,102,100,168,28,0,0,0.1,3
167,30,29,1,14,29,0,19,0,30,30,30,30,29,0,1,103,101,168,28,0,0,0.1,3
168,30,29,1,14,29,0,19,0,30,30,30,30,29,0,0,103,101,168,28,0,0,0.1,3
169,30,29,1,14,29,0,19,0,30,30,30,30,29,0,0,103,101,168,28,0,0,0.1,3
170,30,29,1,14,29,0,19,0,30,30,30,30,29,0,1,104,102,169,28,1,1,0.1,3
171,29,25,4,14,25,0,19,0,30,30,30,29,25,0,1,105,103,173,29,5,4,0.1,3
172,30,25,5,14,25,0,19,0,30,30,30,30,25,0,0,105,103,174,29,0,1,0.1,3
173,30,26,4,14,26,0,19,0,30,30,30,30,26,0,1,106,104,174,29,0,0,0.1,3
174,30,26,4,14,26,0,19,0,30,30,30,30,26,0,0,106,104,174,29,0,0,0.1,3
175,30,27,3,14,27,0,19,0,30,30,30,30,27,0,1,107,105,174,29,0,0,0.1,3
176,30,27,3,14,27,0,19,0,30,30,30,30,27,0,0,107,105,174,29,0,0,0.1,3
177,30,28,2,14,28,0,19,0,30,30,30,30,28,0,1,108,106,174,29,0,0,0.1,3
178,30,25,5,14,25,0,19,0,30,30,30,30,25,0,0,108,106,179,31,5,5,0.1,3
179,30,25,5,14,25,0,19,0,30,30,30,30,25,0,0,108,106,179,31,0,0,0.1,3
180,30,26,4,14,26,0,19,1,30,30,30,30,26,0,1,109,107,179,31,0,0,0.1,3
181,30,26,4,14,26,0,19,1,30,30,30,30,26,0,0,109,107,179,31,0,0,0.1,3
182,30,26,4,14,26,0,19,0,30,30,30,30,26,0,0,109,107,179,31,0,0,0.1,3
183,30,27,3,14,27,0,19,0,30,30,30,30,27,0,1,110,108,179,31,0,0,0.1,3
184,30,26,4,14,26,0,19,0,30,30,30,30,26,0,0,110,108,180,31,1,1,0.1,3
185,30,24,6,14,24,0,19,1,30,30,30,30,24,0,0,110,108,185,32,5,5,0.1,3
186,30,25,5,14,25,0,19,0,30,30,30,30,25,0,2,112,110,186,32,1,1,0.1,3
187,30,25,5,14,25,0,19,0,30,30,30,30,25,0,0,112,110,186,32,0,0,0.1,3
188,30,27,3,14,27,0,19,0,30,30,30,30,27,0,2,114,112,186,32,0,0,0.1,3
189,30,27,3,14,27,0,19,0,30,30,30,30,27,0,0,114,112,186,32,0,0,0.1,3
190,30,29,1,14,29,0,19,0,30,30,30,30,29,0,2,116,114,186,32,0,0,0.1,3
191,30,30,0,14,30,0,19,0,30,30,30,30,30,0,1,117,115,186,32,0,0,0.1,3
192,30,28,2,14,28,0,19,0,30,30,30,30,28,0,0,117,115,188,33,2,2,0.1,3
193,30,28,2,14,28,0,19,0,30,30,30,30,28,0,0,117,115,188,33,0,0,0.1,3
194,30,28,2,14,28,0,19,0,30,30,30,30,28,0,0,117,115,188,33,0,0,0.1,3
195,30,29,1,14,29,0,19,0,30,30,30,30,29,0,1,118,116,188,33,0,0,0.1,3
196,30,29,1,14,29,0,19,0,30,30,30,30,29,0,0,118,116,188,33,0,0,0.1,3
197,30,29,1,14,29,0,19,1,30,30,30,30,29,0,0,118,116,188,33,0,0,0.1,3
198,29,28,1,14,28,0,19,0,30,30,30,29,28,0,0,118,116,188,33,1,0,0.1,3
199,29,23,6,14,23,0,19,0,30,30,30,29,23,0,0,118,116,194,35,6,6,0.1,3
200,30,24,6,14,24,0,19,0,30,30,30,30,24,0,2,120,118,196,35,1,2,0.1,3
201,30,25,5,14,25,0,19,0,30,30,30,30,25,0,1,121,119,196,35,0,0,0.1,3
202,30,28,2,14,27,0,19,1,30,30,30,30,27,0,3,124,122,196,35,0,0,0.1,3
203,30,28,2,14,28,0,19,0,30,30,30,30,28,0,0,124,122,196,35,0,0,0.1,3
204,30,28,2,14,28,0,19,0,30,30,30,30,28,0,0,124,122,196,35,0,0,0.1,3
205,30,30,0,14,30,0,19,0,30,30,30,30,30,0,2,126,124,196,35,0,0,0.1,3
206,30,29,1,14,29,0,19,0,30,30,30,30,29,0,0,126,124,197,35,1,1,0.1,3
207,30,29,1,14,29,0,19,0,30,30,30,30,29,0,0,126,124,197,35,0,0,0.1,3
208,30,30,0,14,30,0,19,0,30,30,30,30,30,0,1,127,125,197,35,0,0,0.1,3
209,30,30,0,14,30,0,19,0,30,30,30,30,30,0,0,127,125,197,35,0,0,0.1,3
210,30,30,0,14,30,0,19,0,30,30,30,30,30,0,0,127,125,197,35,0,0,0.1,3
211,30,30,0,14,30,0,19,0,30,30,30,30,30,0,0,127,125,197,35,0,0,0.1,3
212,30,30,0,14,30,0,19,0,30,30,30,30,30,0,0,127,125,197,35,0,0,0.1,3
213,30,25,5,14,25,0,19,0,30,30,30,30,25,0,1,128,126,203,35,6,6,0.1,3
214,30,26,4,14,26,0,19,0,30,30,30,30,26,0,3,131,129,205,35,2,2,0.1,3
215,30,27,3,14,27,0,19,0,30,30,30,30,27,0,1,132,130,205,35,0,0,0.1,3
216,30,28,2,14,28,0,19,0,30,30,30,30,28,0,1,133,131,205,35,0,0,0.1,3
217,30,28,2,14,28,0,19,0,30,30,30,30,28,0,0,133,131,205,35,0,0,0.1,3
218,30,28,2,14,28,0,19,1,30,30,30,30,28,0,0,133,131,205,35,0,0,0.1,3
219,30,28,2,14,28,0,19,1,30,30,30,30,28,0,0,133,131,205,35,0,0,0.1,3
220,29,27,2,14,27,0,19,0,30,1,30,29,27,0,0,133,131,206,35,2,1,0.1,3
221,30,27,3,14,27,0,19,0,30,1,30,30,27,0,0,133,131,208,35,1,2,0.1,3
222,30,27,3,14,27,0,19,0,30,3,30,30,27,0,0,133,131,208,35,0,0,0.1,3
223,30,27,3,14,27,0,19,0,30,3,30,30,27,0,0,133,131,208,35,0,0,0.1,3
224,30,28,2,14,28,0,19,0,30,4,30,30,28,0,1,134,132,208,35,0,0,0.1,3
225,30,28,2,14,28,0,19,0,30,5,30,30,28,0,0,134,132,208,35,0,0,0.1,3
226,30,28,2,14,28,0,19,0,30,7,30,30,28,0,0,134,132,208,35,0,0,0.1,3
227,29,23,6,14,23,0,19,0,30,7,30,29,23,0,0,134,132,213,35,6,5,0.1,3
228,30,22,8,14,22,0,19,0,30,8,30,30,22,0,0,134,132,216,35,2,3,0.1,3
229,30,23,7,14,23,0,19,0,30,8,30,30,23,0,1,135,133,216,35,0,0,0.1,3
230,30,24,6,14,24,0,19,0,30,9,30,30,24,0,1,136,134,216,35,0,0,0.1,3
231,30,25,5,14,25,0,19,0,30,11,30,30,25,0,1,137,135,216,35,0,0,0.1,3
232,30,25,5,14,25,0,19,0,30,12,30,30,25,0,0,137,135,216,35,0,0,0.1,3
233,30,25,5,14,25,0,19,1,30,13,30,30,25,0,0,137,135,216,35,0,0,0.1,3
234,30,25,5,14,25,0,19,0,30,14,30,30,25,0,0,137,135,219,35,3,3,0.1,3
235,30,24,6,14,24,0,19,0,30,14,30,30,24,0,0,137,135,222,35,3,3,0.1,3
236,30,24,6,14,24,0,19,0,30,14,30,30,24,0,0,137,135,222,35,0,0,0.1,3
237,30,24,6,14,24,0,19,0,30,15,30,30,24,0,0,137,135,222,35,0,0,0.1,3
238,30,25,5,14,25,0,19,0,30,16,30,30,25,0,1,138,136,222,35,0,0,0.1,3
239,30,25,5,14,25,0,19,0,30,18,30,30,25,0,0,138,136,222,35,0,0,0.1,3
240,30,25,5,14,25,0,19,0,30,19,30,30,25,0,0,138,136,222,35,0,0,0.1,3
241,29,25,4,14,25,2,19,0,30,20,30,29,25,0,0,140,136,226,35,5,4,0.1,3
242,30,24,6,14,24,2,19,0,30,20,30,30,24,0,0,140,136,230,35,3,4,0.1,3
243,30,24,6,14,24,2,19,0,30,23,30,30,24,0,0,140,136,230,35,0,0,0.1,3
244,30,26,4,14,26,2,19,0,30,23,30,30,26,0,2,142,138,230,35,0,0,0.1,3
245,30,26,4,14,26,2,19,0,30,23,30,30,26,0,0,142,138,230,35,0,0,0.1,3
246,30,26,4,14,26,2,19,0,30,24,30,30,26,0,0,142,138,230,35,0,0,0.1,3
247,30,26,4,14,26,2,19,0,30,24,30,30,26,0,0,142,138,230,35,0,0,0.1,3
248,29,24,5,14,24,0,19,0,30,24,30,29,24,0,0,142,138,233,35,4,3,0.1,3
249,30,23,7,14,23,0,19,0,30,26,30,30,23,0,0,142,138,237,35,3,4,0.1,3
250,30,23,7,14,23,0,19,0,30,26,30,30,23,0,0,142,138,237,35,0,0,0.1,3
251,30,24,6,14,24,0,19,0,30,26,30,30,24,0,1,143,139,237,35,0,0,0.1,3
252,30,25,5,14,25,0,19,0,30,26,30,30,25,0,1,144,140,237,35,0,0,0.1,3
253,30,26,4,14,26,0,19,0,30,28,30,30,26,0,1,145,141,237,35,0,0,0.1,3
254,30,26,4,14,26,0,19,0,30,28,30,30,26,0,0,145,141,237,35,0,0,0.1,3
255,30,26,4,14,26,0,19,1,30,28,30,30,26,0,0,145,141,238,35,1,1,0.1,3
256,29,24,5,14,24,0,19,0,30,28,30,29,24,0,0,145,141,242,35,5,4,0.1,3
257,30,25,5,14,25,0,19,0,30,28,30,30,25,0,1,146,142,243,35,0,1,0.1,3
258,30,25,5,14,25,0,19,0,30,28,30,30,25,0,0,146,142,243,35,0,0,0.1,3
259,30,27,3,14,27,0,19,0,30,29,30,30,27,0,2,148,144,243,35,0,0,0.1,3
260,30,28,2,14,28,0,19,0,30,29,30,30,28,0,1,149,145,243,35,0,0,0.1,3
261,30,29,1,14,29,0,19,0,30,29,30,30,29,0,1,150,146,243,35,0,0,0.1,3
262,29,27,2,14,27,0,19,0,30,29,30,29,27,0,0,150,146,244,35,2,1,0.1,3
263,30,27,3,14,27,0,19,0,30,29,30,30,27,0,1,151,147,247,35,2,3,0.1,3
264,30,29,1,14,29,0,19,0,30,29,30,30,29,0,2,153,149,247,35,0,0,0.1,3
265,30,29,1,14,29,0,19,0,30,29,30,30,29,0,0,153,149,247,35,0,0,0.1,3
266,30,30,0,14,30,0,19,1,30,29,30,30,30,0,1,154,150,247,35,0,0,0.1,3
267,30,30,0,14,30,0,19,0,30,29,30,30,30,0,0,154,150,247,35,0,0,0.1,3
268,30,30,0,14,30,0,19,0,30,29,30,30,30,0,0,154,150,247,35,0,0,0.1,3
269,29,29,0,14,29,0,19,0,30,29,30,29,29,0,0,154,150,247,35,1,0,0.1,3
270,30,26,4,14,26,0,19,0,30,29,30,30,26,0,0,154,150,251,35,3,4,0.1,3
271,30,25,5,14,25,0,19,0,30,29,30,30,25,0,0,154,150,252,35,1,1,0.1,3
272,30,26,4,14,26,0,19,1,30,29,30,30,26,0,1,155,151,252,35,0,0,0.1,3
273,30,28,2,14,28,0,19,0,30,30,30,30,28,0,2,157,153,252,35,0,0,0.1,3
274,30,28,2,14,28,0,19,0,30,30,30,30,28,0,0,157,153,252,35,0,0,0.1,3
275,30,29,1,14,29,0,19,1,30,30,30,30,29,0,1,158,154,252,35,0,0,0.1,3
276,30,29,1,14,29,0,19,0,30,30,30,30,29,0,1,159,155,253,35,1,1,0.1,3
277,30,26,4,14,26,0,19,0,30,30,30,30,26,0,0,159,155,256,35,3,3,0.1,3
278,30,27,3,14,27,0,19,0,30,30,30,30,27,0,1,160,156,256,35,0,0,0.1,3
279,30,27,3,14,27,0,19,0,30,30,30,30,27,0,0,160,156,256,35,0,0,0.1,3
280,30,27,3,14,27,0,19,1,30,30,30,30,27,0,0,160,156,256,35,0,0,0.1,3
281,30,27,3,14,27,0,19,0,30,30,30,30,27,0,0,160,156,256,35,0,0,0.1,3
282,30,27,3,14,27,0,19,0,30,30,30,30,27,0,0,160,156,256,35,0,0,0.1,3
283,30,29,1,14,29,0,19,0,30,30,30,30,29,0,2,162,158,256,35,0,0,0.1,3
284,29,25,4,14,25,0,19,0,30,30,30,29,25,0,0,162,158,260,35,5,4,0.1,3
285,30,25,5,14,25,0,19,0,30,30,30,30,25,0,1,163,159,262,35,1,2,0.1,3
286,30,26,4,14,26,0,19,0,30,30,30,30,26,0,1,164,160,262,35,0,0,0.1,3
287,30,27,3,14,27,0,19,0,30,30,30,30,27,0,1,165,161,262,35,0,0,0.1,3
288,30,27,3,14,27,0,19,0,30,30,30,30,27,0,0,165,161,262,35,0,0,0.1,3
289,30,28,2,14,28,0,19,0,30,30,30,30,28,0,1,166,162,262,35,0,0,0.1,3
290,30,27,3,14,27,0,19,0,30,30,30,30,27,0,0,166,162,263,35,1,1,0.1,3
291,30,26,4,14,26,0,19,0,30,30,30,30,26,0,1,167,163,266,35,3,3,0.1,3
292,30,26,4,14,26,0,19,1,30,30,30,30,26,0,0,167,163,266,35,0,0,0.1,3
293,30,27,3,14,27,0,19,0,30,30,30,30,27,0,1,168,164,266,35,0,0,0.1,3
294,30,27,3,14,27,0,19,0,30,30,30,30,27,0,0,168,164,266,35,0,0,0.1,3
295,30,29,1,14,29,0,19,0,30,30,30,30,29,0,2,170,166,266,35,0,0,0.1,3
296,30,29,1,14,29,0,19,0,30,30,30,30,29,0,0,170,166,266,35,0,0,0.1,3
297,30,29,1,14,29,0,19,0,30,30,30,30,29,0,0,170,166,266,35,0,0,0.1,3
298,29,26,3,14,26,0,19,0,30,30,30,29,26,0,0,170,166,269,35,4,3,0.1,3
299,30,25,5,14,25,0,19,0,30,30,30,30,25,0,1,171,167,272,35,2,3,0.1,3
300,30,26,4,14,26,0,19,0,30,30,30,30,26,0,1,172,168,272,35,0,0,0.1,3
301,30,27,3,14,27,0,19,1,30,30,30,30,27,0,1,173,169,272,35,0,0,0.1,3
302,30,28,2,14,28,0,19,0,30,30,30,30,28,0,1,174,170,272,35,0,0,0.1,3
303,30,29,1,14,29,0,19,1,30,30,30,30,29,0,1,175,171,272,35,0,0,0.1,3
304,29,28,1,14,28,0,19,0,30,30,30,29,28,0,0,175,171,272,35,1,0,0.1,3
305,29,28,1,14,28,2,19,0,30,30,30,29,28,0,0,177,171,275,35,3,3,0.1,3
306,30,29,1,14,29,2,19,0,30,30,30,30,29,0,1,178,172,276,35,0,1,0.1,3
307,30,29,1,14,29,2,19,1,30,30,30,30,29,0,0,178,172,276,35,0,0,0.1,3
308,30,29,1,14,29,2,19,0,30,30,30,30,29,0,0,178,172,276,35,0,0,0.1,3
309,30,30,0,14,30,2,19,1,30,30,30,30,30,0,1,179,173,276,35,0,0,0.1,3
310,30,30,0,14,30,2,19,0,30,30,30,30,30,0,0,179,173,276,35,0,0,0.1,3
311,30,30,0,14,30,2,19,0,30,30,30,30,30,0,0,179,173,276,35,0,0,0.1,3
312,30,26,4,14,26,0,19,0,30,30,30,30,26,0,0,179,173,280,35,4,4,0.1,3
313,30,24,6,14,24,0,19,0,30,30,30,30,24,0,1,180,174,283,35,3,3,0.1,3
314,30,24,6,14,24,0,19,1,30,30,30,30,24,0,0,180,174,283,35,0,0,0.1,3
315,30,25,5,14,25,0,19,0,30,30,30,30,25,0,1,181,175,283,35,0,0,0.1,3
316,30,25,5,14,25,0,19,0,30,30,30,30,25,0,0,181,175,283,35,0,0,0.1,3
317,30,26,4,14,26,0,19,0,30,30,30,30,26,0,1,182,176,283,35,0,0,0.1,3
318,30,26,4,14,26,0,19,0,30,30,30,30,26,0,0,182,176,283,35,0,0,0.1,3
319,30,25,5,14,25,0,19,0,30,30,30,30,25,0,0,182,176,286,35,3,3,0.1,3
320,30,25,5,14,25,0,19,0,30,30,30,30,25,0,1,183,177,288,35,2,2,0.1,3
321,30,25,5,14,25,0,19,0,30,30,30,30,25,0,0,183,177,288,35,0,0,0.1,3
322,30,26,4,14,26,0,19,0,30,30,30,30,26,0,1,184,178,288,35,0,0,0.1,3
323,30,26,4,14,26,0,19,0,30,30,30,30,26,0,0,184,178,288,35,0,0,0.1,3
324,30,26,4,14,26,0,19,0,30,30,30,30,26,0,0,184,178,288,35,0,0,0.1,3
325,30,29,1,14,29,0,19,0,30,30,30,30,29,0,3,187,181,288,35,0,0,0.1,3
326,30,27,3,14,27,0,19,0,30,30,30,30,27,0,0,187,181,291,35,3,3,0.1,3
327,30,26,4,14,26,0,19,0,30,30,30,30,26,0,1,188,182,293,35,2,2,0.1,3
328,30,26,4,14,26,0,19,0,30,30,30,30,26,0,0,188,182,293,35,0,0,0.1,3
329,30,26,4,14,26,0,19,0,30,30,30,30,26,0,0,188,182,293,35,0,0,0.1,3
330,30,27,3,14,27,0,19,0,30,30,30,30,27,0,1,189,183,293,35,0,0,0.1,3
331,30,29,1,14,29,0,19,0,30,30,30,30,29,0,2,191,185,293,35,0,0,0.1,3
332,30,29,1,14,29,0,19,0,30,30,30,30,29,0,0,191,185,293,35,0,0,0.1,3
333,29,28,1,14,28,0,19,0,30,30,30,29,28,0,1,192,186,294,35,2,1,0.1,3
334,30,29,1,14,29,0,19,1,30,30,30,30,29,0,3,195,189,297,35,2,3,0.1,3
335,30,29,1,14,29,0,19,0,30,30,30,30,29,0,0,195,189,297,35,0,0,0.1,3
336,30,29,1,14,29,0,19,0,30,30,30,30,29,0,0,195,189,297,35,0,0,0.1,3
337,30,29,1,14,29,0,19,0,30,30,30,30,29,0,0,195,189,297,35,0,0,0.1,3
338,30,30,0,14,30,0,19,0,30,30,30,30,30,0,1,196,190,297,35,0,0,0.1,3
339,30,30,0,14,30,0,19,0,30,30,30,30,30,0,0,196,190,297,35,0,0,0.1,3
340,30,27,3,14,27,0,19,0,30,30,30,30,27,0,0,196,190,300,35,3,3,0.1,3
341,30,26,4,14,26,0,19,0,30,30,30,30,26,0,1,197,191,302,35,2,2,0.1,3
342,30,27,3,14,27,0,19,1,30,30,30,30,27,0,1,198,192,302,35,0,0,0.1,3
343,30,27,3,14,27,0,19,0,30,30,30,30,27,0,0,198,192,302,35,0,0,0.1,3
344,30,28,2,14,28,0,19,0,30,30,30,30,28,0,1,199,193,302,35,0,0,0.1,3
345,30,29,1,14,29,0,19,0,30,30,30,30,29,0,1,200,194,302,35,0,0,0.1,3
346,30,29,1,14,29,0,19,1,30,30,30,30,29,0,0,200,194,302,35,0,0,0.1,3
347,30,28,2,14,28,0,19,0,30,30,30,30,28,0,0,200,194,303,35,1,1,0.1,3
348,30,26,4,14,26,0,19,0,30,30,30,30,26,0,1,201,195,306,35,3,3,0.1,3
349,30,27,3,14,27,0,19,0,30,30,30,30,27,0,1,202,196,306,35,0,0,0.1,3
350,30,27,3,14,27,0,19,0,30,30,30,30,27,0,0,202,196,306,35,0,0,0.1,3
351,30,27,3,14,27,0,19,0,30,30,30,30,27,0,0,202,196,306,35,0,0,0.1,3
352,30,29,1,14,29,0,19,0,30,30,30,30,29,0,2,204,198,306,35,0,0,0.1,3
353,30,30,0,14,30,0,19,0,30,30,30,30,30,0,1,205,199,306,35,0,0,0.1,3
354,28,27,1,14,27,0,19,0,30,30,30,28,27,0,0,205,199,307,35,3,1,0.1,3
355,30,26,4,14,26,0,19,1,30,30,30,30,26,0,1,206,200,311,35,2,4,0.1,3
356,30,27,3,14,27,0,19,1,30,30,30,30,27,0,1,207,201,311,35,0,0,0.1,3
357,30,27,3,14,27,0,19,0,30,30,30,30,27,0,0,207,201,311,35,0,0,0.1,3
358,30,28,2,14,28,0,19,1,30,30,30,30,28,0,1,208,202,311,35,0,0,0.1,3
359,30,28,2,14,28,0,19,0,30,30,30,30,28,0,0,208,202,311,35,0,0,0.1,3
360,30,28,2,14,28,0,19,0,30,30,30,30,28,0,0,208,202,311,35,0,0,0.1,3
361,30,27,3,14,27,0,19,0,30,30,30,30,27,0,0,208,202,312,35,1,1,0.1,3
362,30,26,4,14,26,0,19,2,30,30,30,30,26,0,2,210,204,316,35,4,4,0.1,3
363,30,27,3,14,27,0,19,0,30,30,30,30,27,0,1,211,205,316,35,0,0,0.1,3
364,30,27,3,14,27,0,19,1,30,30,30,30,27,0,0,211,205,316,35,0,0,0.1,3
365,30,28,2,14,28,0,19,0,30,30,30,30,28,0,1,212,206,316,35,0,0,0.1,3
366,30,28,2,14,28,0,19,0,30,30,30,30,28,0,0,212,206,316,35,0,0,0.1,3
367,30,30,0,14,30,0,19,0,30,30,30,30,30,0,2,214,208,316,35,0,0,0.1,3
368,30,29,1,14,29,0,19,1,30,30,30,30,29,0,0,214,208,317,35,1,1,0.1,3
369,29,26,3,14,26,0,19,0,30,30,30,29,26,0,0,214,208,319,35,3,2,0.1,3
370,30,27,3,14,27,0,19,0,30,30,30,30,27,0,1,215,209,320,35,0,1,0.1,3
371,30,27,3,14,27,0,19,0,30,30,30,30,27,0,0,215,209,320,35,0,0,0.1,3
372,30,29,1,14,29,0,19,0,30,30,30,30,29,0,2,217,211,320,35,0,0,0.1,3
373,30,29,1,14,29,0,19,0,30,30,30,30,29,0,0,217,211,320,35,0,0,0.1,3
374,30,29,1,14,29,0,19,0,30,30,30,30,29,0,0,217,211,320,35,0,0,0.1,3
375,30,29,1,14,29,0,19,0,30,30,30,30,29,0,1,218,212,321,35,1,1,0.1,3
376,29,26,3,14,26,0,19,1,30,30,30,29,26,0,1,219,213,324,35,4,3,0.1,3
377,30,27,3,14,27,0,19,0,30,30,30,30,27,0,1,220,214,325,35,0,1,0.1,3
378,30,27,3,14,27,0,19,0,30,30,30,30,27,0,0,220,214,325,35,0,0,0.1,3
379,30,28,2,14,28,0,19,0,30,30,30,30,28,0,1,221,215,325,35,0,0,0.1,3
380,30,28,2,14,28,0,19,0,30,30,30,30,28,0,0,221,215,325,35,0,0,0.1,3
381,30,29,1,14,29,0,19,0,30,30,30,30,29,0,1,222,216,325,35,0,0,0.1,3
382,30,28,2,14,28,0,19,0,30,30,30,30,28,0,0,222,216,326,35,1,1,0.1,3
383,29,26,3,14,26,0,19,0,30,30,30,29,26,0,0,222,216,327,35,2,1,0.1,3
384,30,26,4,14,26,0,19,0,30,30,30,30,26,0,1,223,217,330,35,2,3,0.1,3
385,30,26,4,14,26,0,19,0,30,30,30,30,26,0,0,223,217,330,35,0,0,0.1,3
386,30,27,3,14,27,0,19,0,30,30,30,30,27,0,1,224,218,330,35,0,0,0.1,3
387,30,27,3,14,27,0,19,2,30,30,30,30,27,0,0,224,218,330,35,0,0,0.1,3
388,30,27,3,14,27,0,19,0,30,30,30,30,27,0,0,224,218,330,35,0,0,0.1,3
389,30,26,4,14,26,0,19,0,30,30,30,30,26,0,0,224,218,331,35,1,1,0.1,3
390,29,23,6,14,23,0,19,0,30,30,30,29,23,0,0,224,218,334,35,4,3,0.1,3
391,30,23,7,14,23,0,19,0,30,30,30,30,23,0,0,224,218,337,35,2,3,0.1,3
392,30,25,5,14,25,0,19,0,30,30,30,30,25,0,2,226,220,337,35,0,0,0.1,3
393,30,26,4,14,26,0,19,0,30,30,30,30,26,0,1,227,221,337,35,0,0,0.1,3
394,30,27,3,14,27,0,19,0,30,30,30,30,27,0,1,228,222,337,35,0,0,0.1,3
395,30,27,3,14,27,0,19,0,30,30,30,30,27,0,0,228,222,337,35,0,0,0.1,3
396,29,27,2,14,27,0,19,0,30,30,30,29,27,0,1,229,223,338,35,2,1,0.1,3
397,30,28,2,14,28,0,19,0,30,30,30,30,28,0,1,230,224,340,35,1,2,0.1,3
398,30,27,3,14,27,0,19,0,30,30,30,30,27,0,0,230,224,341,35,1,1,0.1,3
399,30,27,3,14,27,0,19,0,30,30,30,30,27,0,0,230,224,341,35,0,0,0.1,3
400,30,28,2,14,28,0,19,0,30,3,30,30,28,0,1,231,225,341,35,0,0,0.1,3
401,30,28,2,14,28,0,19,0,30,3,30,30,28,0,0,231,225,341,35,0,0,0.1,3
402,30,28,2,14,28,0,19,0,30,4,30,30,28,0,0,231,225,341,35,0,0,0.1,3
403,30,28,2,14,28,0,19,0,30,5,30,30,28,0,0,231,225,341,35,0,0,0.1,3
404,30,26,4,14,26,0,19,0,30,6,30,30,26,0,0,231,225,345,35,4,4,0.1,3
405,30,23,7,14,23,0,19,0,30,7,30,30,23,0,0,231,225,348,35,3,3,0.1,3
406,30,23,7,14,23,0,19,0,30,8,30,30,23,0,0,231,225,348,35,0,0,0.1,3
407,30,23,7,14,23,0,19,0,30,8,30,30,23,0,0,231,225,348,35,0,0,0.1,3
408,30,23,7,14,23,0,19,0,30,10,30,30,23,0,0,231,225,348,35,0,0,0.1,3
409,30,24,6,14,24,0,19,0,30,10,30,30,24,0,1,232,226,348,35,0,0,0.1,3
410,30,23,7,14,23,0,19,0,30,11,30,30,23,0,0,232,226,349,35,1,1,0.1,3
411,30,23,7,14,23,0,19,0,30,11,30,30,23,0,0,232,226,353,35,4,4,0.1,3
412,30,22,8,14,22,0,19,0,30,11,30,30,22,0,0,232,226,356,35,3,3,0.1,3
413,30,22,8,14,22,0,19,0,30,11,30,30,22,0,0,232,226,356,35,0,0,0.1,3
414,30,23,7,14,23,0,19,0,30,12,30,30,23,0,1,233,227,356,35,0,0,0.1,3
415,30,23,7,14,23,0,19,0,30,12,30,30,23,0,0,233,227,356,35,0,0,0.1,3
416,30,25,5,14,25,0,19,0,30,16,30,30,25,0,2,235,229,356,35,0,0,0.1,3
417,30,25,5,14,25,0,19,1,30,16,30,30,25,0,0,235,229,357,35,1,1,0.1,3
418,30,25,5,14,25,0,19,0,30,16,30,30,25,0,0,235,229,359,35,2,2,0.1,3
419,30,25,5,14,25,0,19,0,30,16,30,30,25,0,1,236,230,362,35,3,3,0.1,3
420,30,25,5,14,25,0,19,0,30,16,30,30,25,0,0,236,230,362,35,0,0,0.1,3
421,30,26,4,14,26,0,19,0,30,18,30,30,26,0,1,237,231,362,35,0,0,0.1,3
422,30,26,4,14,26,0,19,0,30,20,30,30,26,0,0,237,231,362,35,0,0,0.1,3
423,30,26,4,14,26,0,19,0,30,20,30,30,26,0,0,237,231,362,35,0,0,0.1,3
424,30,26,4,14,26,0,19,0,30,20,30,30,26,0,0,237,231,363,35,1,1,0.1,3
425,30,24,6,14,24,0,19,0,30,20,30,30,24,0,0,237,231,366,35,3,3,0.1,3
426,30,23,7,14,23,0,19,0,30,21,30,30,23,0,0,237,231,369,35,3,3,0.1,3
427,30,23,7,14,23,0,19,0,30,21,30,30,23,0,0,237,231,369,35,0,0,0.1,3
428,30,25,5,14,25,0,19,0,30,21,30,30,25,0,2,239,233,369,35,0,0,0.1,3
429,30,25,5,14,25,0,19,0,30,21,30,30,25,0,0,239,233,369,35,0,0,0.1,3
430,30,25,5,14,25,0,19,0,30,22,30,30,25,0,0,239,233,369,35,0,0,0.1,3
431,30,26,4,14,26,0,19,0,30,22,30,30,26,0,1,240,234,370,35,1,1,0.1,3
432,30,25,5,14,25,0,19,0,30,22,30,30,25,0,0,240,234,372,35,2,2,0.1,3
433,30,26,4,14,26,0,19,0,30,22,30,30,26,0,2,242,236,375,35,3,3,0.1,3
434,30,26,4,14,26,0,19,0,30,23,30,30,26,0,0,242,236,375,35,0,0,0.1,3
435,30,27,3,14,27,0,19,0,30,23,30,30,27,0,1,243,237,375,35,0,0,0.1,3
436,30,27,3,14,27,0,19,0,30,24,30,30,27,0,0,243,237,375,35,0,0,0.1,3
437,30,27,3,14,27,0,19,0,30,24,30,30,27,0,0,243,237,375,35,0,0,0.1,3
438,30,27,3,14,27,0,19,0,30,25,30,30,27,0,0,243,237,375,35,0,0,0.1,3
439,29,25,4,14,25,0,19,0,30,25,30,29,25,0,0,243,237,377,35,3,2,0.1,3
440,29,25,4,14,25,0,19,0,30,25,30,29,25,0,1,244,238,380,35,3,3,0.1,3
441,30,25,5,14,25,0,19,0,30,26,30,30,25,0,0,244,238,381,35,0,1,0.1,3
442,30,26,4,14,26,0,19,0,30,26,30,30,26,0,1,245,239,381,35,0,0,0.1,3
443,30,28,2,14,28,0,19,0,30,26,30,30,28,0,2,247,241,381,35,0,0,0.1,3
444,30,28,2,14,28,0,19,1,30,26,30,30,28,0,0,247,241,381,35,0,0,0.1,3
445,29,27,2,14,27,0,19,0,30,26,30,29,27,0,0,247,241,381,35,1,0,0.1,3
446,30,26,4,14,26,0,19,1,30,26,30,30,26,0,0,247,241,383,35,1,2,0.1,3
447,30,25,5,14,25,0,19,0,30,26,30,30,25,0,0,247,241,385,35,2,2,0.1,3
448,30,28,2,14,28,0,19,0,30,26,30,30,28,0,3,250,244,386,35,1,1,0.1,3
449,30,28,2,14,28,0,19,0,30,26,30,30,28,0,0,250,244,386,35,0,0,0.1,3
450,30,28,2,14,28,0,19,0,30,27,30,30,28,0,0,250,244,386,35,0,0,0.1,3
451,30,29,1,14,29,0,19,0,30,27,30,30,29,0,1,251,245,386,35,0,0,0.1,3
452,30,29,1,14,29,0,19,0,30,27,30,30,29,0,0,251,245,386,35,0,0,0.1,3
453,29,27,2,14,27,0,19,0,30,27,30,29,27,0,0,251,245,387,35,2,1,0.1,3
454,30,25,5,14,25,0,19,0,30,27,30,30,25,0,0,251,245,390,35,2,3,0.1,3
455,30,26,4,14,26,0,19,0,30,27,30,30,26,0,1,252,246,391,35,1,1,0.1,3
456,30,27,3,14,27,0,19,0,30,27,30,30,27,0,1,253,247,391,35,0,0,0.1,3
457,30,27,3,14,27,0,19,0,30,27,30,30,27,0,0,253,247,391,35,0,0,0.1,3
458,30,28,2,14,28,0,19,0,30,27,30,30,28,0,1,254,248,391,35,0,0,0.1,3
459,30,28,2,14,28,0,19,0,30,28,30,30,28,0,0,254,248,391,35,0,0,0.1,3
460,30,26,4,14,26,0,19,0,30,28,30,30,26,0,0,254,248,393,35,2,2,0.1,3
461,29,26,3,14,26,0,19,0,30,28,30,29,26,0,2,256,250,395,35,3,2,0.1,3
462,30,26,4,14,26,0,19,0,30,29,30,30,26,0,0,256,250,397,35,1,2,0.1,3
463,30,26,4,14,26,0,19,0,30,29,30,30,26,0,0,256,250,397,35,0,0,0.1,3
464,30,27,3,14,27,0,19,1,30,29,30,30,27,0,1,257,251,397,35,0,0,0.1,3
465,30,27,3,14,27,0,19,1,30,29,30,30,27,0,0,257,251,397,35,0,0,0.1,3
466,30,27,3,14,27,0,19,0,30,30,30,30,27,0,0,257,251,397,35,0,0,0.1,3
467,30,27,3,14,27,0,19,0,30,30,30,30,27,0,1,258,252,398,35,1,1,0.1,3
468,30,25,5,14,25,0,19,0,30,30,30,30,25,0,0,258,252,401,35,3,3,0.1,3
469,30,26,4,14,26,0,19,0,30,30,30,30,26,0,1,259,253,402,35,1,1,0.1,3
470,30,27,3,14,27,0,19,0,30,30,30,30,27,0,1,260,254,402,35,0,0,0.1,3
471,30,27,3,14,27,0,19,1,30,30,30,30,27,0,0,260,254,402,35,0,0,0.1,3
472,30,27,3,14,27,0,19,1,30,30,30,30,27,0,0,260,254,402,35,0,0,0.1,3
473,30,27,3,14,27,0,19,0,30,30,30,30,27,0,0,260,254,402,35,0,0,0.1,3
474,29,26,3,14,26,0,19,0,30,30,30,29,26,0,1,261,255,403,35,2,1,0.1,3
475,30,26,4,14,26,0,19,0,30,30,30,30,26,0,1,262,256,406,35,2,3,0.1,3
476,30,26,4,14,26,0,19,0,30,30,30,30,26,0,1,263,257,408,35,2,2,0.1,3
477,30,26,4,14,26,0,19,0,30,30,30,30,26,0,0,263,257,408,35,0,0,0.1,3
478,30,26,4,14,26,0,19,0,30,30,30,30,26,0,0,263,257,408,35,0,0,0.1,3
479,30,28,2,14,28,0,19,0,30,30,30,30,28,0,2,265,259,408,35,0,0,0.1,3
480,30,29,1,14,29,0,19,0,30,30,30,30,29,0,1,266,260,408,35,0,0,0.1,3
481,30,29,1,14,29,1,19,0,30,30,30,30,29,0,0,267,260,409,35,1,1,0.1,3
482,30,29,1,14,28,1,19,0,30,30,30,30,28,0,2,269,262,411,35,2,2,0.1,3
483,30,30,0,14,30,1,19,0,30,30,30,30,30,0,1,270,263,411,35,0,0,0.1,3
484,30,30,0,14,30,1,19,1,30,30,30,30,30,0,0,270,263,411,35,0,0,0.1,3
485,30,30,0,14,30,1,19,1,30,30,30,30,30,0,0,270,263,411,35,0,0,0.1,3
486,30,30,0,14,30,1,19,0,30,30,30,30,30,0,0,270,263,411,35,0,0,0.1,3
487,30,30,0,14,30,1,19,0,30,30,30,30,30,0,0,270,263,411,35,0,0,0.1,3
488,29,28,1,14,28,0,19,0,30,30,30,29,28,0,0,270,263,412,35,2,1,0.1,3
489,29,26,3,14,26,0,19,0,30,30,30,29,26,0,1,271,264,415,35,3,3,0.1,3
490,30,26,4,14,26,0,19,0,30,30,30,30,26,0,2,273,266,418,35,2,3,0.1,3
491,30,28,2,14,28,0,19,0,30,30,30,30,28,0,2,275,268,418,35,0,0,0.1,3
492,30,29,1,14,29,0,19,0,30,30,30,30,29,0,1,276,269,418,35,0,0,0.1,3
493,30,29,1,14,29,0,19,1,30,30,30,30,29,0,0,276,269,418,35,0,0,0.1,3
494,30,30,0,14,30,0,19,0,30,30,30,30,30,0,1,277,270,418,35,0,0,0.1,3
495,30,30,0,14,30,0,19,0,30,30,30,30,30,0,0,277,270,418,35,0,0,0.1,3
496,30,28,2,14,28,0,19,0,30,30,30,30,28,0,0,277,270,420,35,2,2,0.1,3
497,30,28,2,14,28,0,19,0,30,30,30,30,28,0,0,277,270,420,35,0,0,0.1,3
498,30,28,2,14,28,0,19,0,30,30,30,30,28,0,0,277,270,420,35,0,0,0.1,3
499,30,28,2,14,28,0,19,0,30,30,30,30,28,0,0,277,270,420,35,0,0,0.1,3
500,30,28,2,14,28,0,19,0,30,30,30,30,28,0,0,277,270,420,35,0,0,0.1,3
501,30,30,0,14,30,0,19,0,30,30,30,30,30,0,2,279,272,420,35,0,0,0.1,3
502,30,29,1,14,29,0,19,1,30,30,30,30,29,0,0,279,272,421,35,1,1,0.1,3
503,30,26,4,14,26,0,19,0,30,30,30,30,26,0,0,279,272,424,35,3,3,0.1,3
504,30,24,6,14,24,0,19,0,30,30,30,30,24,0,1,280,273,427,35,3,3,0.1,3
505,30,25,5,14,25,0,19,0,30,30,30,30,25,0,1,281,274,427,35,0,0,0.1,3
506,30,26,4,14,26,0,19,1,30,30,30,30,26,0,1,282,275,427,35,0,0,0.1,3
507,30,27,3,14,27,0,19,0,30,30,30,30,27,0,1,283,276,427,35,0,0,0.1,3
508,30,27,3,14,27,0,19,0,30,30,30,30,27,0,0,283,276,427,35,0,0,0.1,3
509,30,28,2,14,28,0,19,1,30,30,30,30,28,0,1,284,277,427,35,0,0,0.1,3
510,29,26,3,14,26,0,19,0,30,30,30,29,26,0,0,284,277,428,35,2,1,0.1,3
511,29,27,2,14,27,0,19,0,30,30,30,29,27,0,1,285,278,430,35,2,2,0.1,3
512,30,27,3,14,27,0,19,0,30,30,30,30,27,0,0,285,278,431,35,0,1,0.1,3
513,30,28,2,14,28,0,19,0,30,30,30,30,28,0,1,286,279,431,35,0,0,0.1,3
514,30,29,1,14,29,0,19,1,30,30,30,30,29,0,1,287,280,431,35,0,0,0.1,3
515,30,30,0,14,30,0,19,0,30,30,30,30,30,0,1,288,281,431,35,0,0,0.1,3
516,29,29,0,14,29,0,19,0,30,30,30,29,29,0,0,288,281,431,35,1,0,0.1,3
517,30,26,4,14,26,0,19,1,30,30,30,30,26,0,0,288,281,435,35,3,4,0.1,3
518,30,25,5,14,25,0,19,0,30,30,30,30,25,0,0,288,281,436,35,1,1,0.1,3
519,30,25,5,14,25,0,19,0,30,30,30,30,25,0,0,288,281,436,35,0,0,0.1,3
520,30,26,4,14,26,0,19,0,30,30,30,30,26,0,1,289,282,436,35,0,0,0.1,3
521,30,26,4,14,26,0,19,0,30,30,30,30,26,0,0,289,282,436,35,0,0,0.1,3
522,30,27,3,14,27,0,19,0,30,30,30,30,27,0,1,290,283,436,35,0,0,0.1,3
523,30,28,2,14,28,0,19,0,30,30,30,30,28,0,1,291,284,436,35,0,0,0.1,3
524,29,27,2,14,27,0,19,0,30,30,30,29,27,0,0,291,284,437,35,2,1,0.1,3
525,30,25,5,14,25,0,19,2,30,30,30,30,25,0,0,291,284,441,35,3,4,0.1,3
526,30,25,5,14,25,0,19,0,30,30,30,30,25,0,1,292,285,442,35,1,1,0.1,3
527,30,26,4,14,26,0,19,0,30,30,30,30,26,0,1,293,286,442,35,0,0,0.1,3
528,30,26,4,14,26,0,19,0,30,30,30,30,26,0,0,293,286,442,35,0,0,0.1,3
529,30,26,4,14,26,0,19,0,30,30,30,30,26,0,0,293,286,442,35,0,0,0.1,3
530,30,27,3,14,27,0,19,0,30,30,30,30,27,0,1,294,287,442,35,0,0,0.1,3
531,30,26,4,14,26,0,19,0,30,30,30,30,26,0,2,296,289,445,35,3,3,0.1,3
532,30,27,3,14,27,0,19,0,30,30,30,30,27,0,1,297,290,446,35,1,1,0.1,3
533,30,27,3,14,27,0,19,0,30,30,30,30,27,0,0,297,290,446,35,0,0,0.1,3
534,30,27,3,14,27,0,19,0,30,30,30,30,27,0,0,297,290,446,35,0,0,0.1,3
535,30,28,2,14,28,0,19,0,30,30,30,30,28,0,1,298,291,446,35,0,0,0.1,3
536,30,28,2,14,28,0,19,1,30,30,30,30,28,0,0,298,291,446,35,0,0,0.1,3
537,30,30,0,14,30,0,19,0,30,30,30,30,30,0,2,300,293,446,35,0,0,0.1,3
538,30,29,1,14,29,0,19,0,30,30,30,30,29,0,0,300,293,447,35,1,1,0.1,3
539,30,26,4,14,26,0,19,0,30,30,30,30,26,0,0,300,293,450,35,3,3,0.1,3
540,30,26,4,14,26,0,19,0,30,30,30,30,26,0,1,301,294,451,35,1,1,0.1,3
541,30,27,3,14,27,0,19,0,30,30,30,30,27,0,1,302,295,451,35,0,0,0.1,3
542,30,28,2,14,28,0,19,0,30,30,30,30,28,0,1,303,296,451,35,0,0,0.1,3
543,30,28,2,14,28,0,19,0,30,30,30,30,28,0,0,303,296,451,35,0,0,0.1,3
544,30,28,2,14,28,0,19,0,30,30,30,30,28,0,0,303,296,451,35,0,0,0.1,3
545,30,25,5,14,25,0,19,0,30,30,30,30,25,0,0,303,296,454,35,3,3,0.1,3
546,30,24,6,14,24,0,19,1,30,30,30,30,24,0,0,303,296,456,35,2,2,0.1,3
547,30,24,6,14,24,0,19,0,30,30,30,30,24,0,0,303,296,457,35,1,1,0.1,3
548,30,25,5,14,25,0,19,0,30,30,30,30,25,0,1,304,297,457,35,0,0,0.1,3
549,30,27,3,14,27,0,19,0,30,30,30,30,27,0,2,306,299,457,35,0,0,0.1,3
550,30,27,3,14,27,0,19,2,30,30,30,30,27,0,0,306,299,457,35,0,0,0.1,3
551,30,28,2,14,28,0,19,0,30,30,30,30,28,0,1,307,300,457,35,0,0,0.1,3
552,30,27,3,14,27,0,19,0,30,30,30,30,27,0,0,307,300,458,35,1,1,0.1,3
553,29,26,3,14,26,0,19,0,30,30,30,29,26,0,1,308,301,461,35,4,3,0.1,3
554,30,27,3,14,27,0,19,1,30,30,30,30,27,0,1,309,302,462,35,0,1,0.1,3
555,30,29,1,14,29,0,19,0,30,30,30,30,29,0,2,311,304,462,35,0,0,0.1,3
556,30,29,1,14,29,0,19,0,30,30,30,30,29,0,0,311,304,462,35,0,0,0.1,3
557,30,30,0,14,30,0,19,0,30,30,30,30,30,0,1,312,305,462,35,0,0,0.1,3
558,30,30,0,14,30,0,19,1,30,30,30,30,30,0,0,312,305,462,35,0,0,0.1,3
559,29,27,2,14,27,0,19,0,30,30,30,29,27,0,0,312,305,464,35,3,2,0.1,3
560,30,27,3,14,27,0,19,0,30,30,30,30,27,0,0,312,305,465,35,0,1,0.1,3
561,30,28,2,14,28,0,19,0,30,30,30,30,28,0,2,314,307,466,35,1,1,0.1,3
562,30,28,2,14,28,0,19,0,30,30,30,30,28,0,0,314,307,466,35,0,0,0.1,3
563,30,28,2,14,28,0,19,0,30,30,30,30,28,0,0,314,307,466,35,0,0,0.1,3
564,30,28,2,14,28,0,19,0,30,30,30,30,28,0,0,314,307,466,35,0,0,0.1,3
565,30,28,2,14,28,0,19,0,30,30,30,30,28,0,0,314,307,466,35,0,0,0.1,3
566,30,27,3,14,27,0,19,0,30,30,30,30,27,0,0,314,307,468,35,2,2,0.1,3
567,30,24,6,14,24,0,19,0,30,30,30,30,24,0,0,314,307,472,35,4,4,0.1,3
568,30,25,5,14,25,0,19,0,30,30,30,30,25,0,2,316,309,473,35,1,1,0.1,3
569,30,27,3,14,27,0,19,0,30,30,30,30,27,0,2,318,311,473,35,0,0,0.1,3
570,30,27,3,14,27,0,19,0,30,30,30,30,27,0,0,318,311,473,35,0,0,0.1,3
0,30,0,30,16,0,0,19,0,30,10,30,0,0,0,0,0,0,30,0,0,0,0.1,4
1,30,0,30,16,0,0,19,0,30,10,30,30,0,0,0,0,0,30,0,0,0,0.1,4
2,30,3,27,16,3,0,19,0,30,10,30,30,3,0,3,3,3,30,0,0,0,0.1,4
3,30,4,26,16,4,0,19,0,30,10,30,30,4,0,1,4,4,30,0,0,0,0.1,4
4,30,5,25,16,5,0,19,0,30,10,30,30,5,0,1,5,5,30,0,0,0,0.1,4
5,30,6,24,16,6,0,19,0,30,10,30,30,6,0,1,6,6,30,1,0,0,0.1,4
6,30,6,24,16,6,0,19,0,30,11,30,30,6,0,0,6,6,30,2,0,0,0.1,4
7,30,6,24,16,6,0,19,0,30,13,30,30,6,0,0,6,6,30,2,0,0,0.1,4
8,30,2,28,18,2,0,19,0,30,13,30,30,2,0,2,8,8,36,2,6,6,0.1,4
9,30,6,24,18,6,0,19,0,30,13,30,30,6,0,4,12,12,36,2,0,0,0.1,4
10,30,7,23,18,7,0,19,0,30,13,30,30,7,0,1,13,13,36,2,0,0,0.1,4
11,30,7,23,18,7,0,19,0,30,13,30,30,7,0,0,13,13,36,2,0,0,0.1,4
12,30,8,22,18,8,0,19,0,30,13,30,30,8,0,1,14,14,36,2,0,0,0.1,4
13,30,8,22,18,8,0,19,0,30,13,30,30,8,0,0,14,14,36,2,0,0,0.1,4
14,30,11,19,18,11,0,19,0,30,13,30,30,11,0,3,17,17,36,3,0,0,0.1,4
15,30,12,18,18,12,0,19,0,30,13,30,30,12,0,1,18,18,37,3,1,1,0.1,4
16,30,13,17,18,13,0,19,0,30,13,30,30,13,0,1,19,19,37,3,0,0,0.1,4
17,30,13,17,18,13,0,19,0,30,13,30,30,13,0,0,19,19,37,3,0,0,0.1,4
18,30,13,17,18,13,0,19,0,30,13,30,30,13,0,0,19,19,37,3,0,0,0.1,4
19,30,14,16,18,14,0,19,0,30,13,30,30,14,0,1,20,20,37,3,0,0,0.1,4
20,30,14,16,18,14,0,19,1,30,13,30,30,14,0,0,20,20,37,3,0,0,0.1,4
21,30,14,16,18,14,0,19,0,30,13,30,30,14,0,0,20,20,37,5,0,0,0.1,4
22,30,10,20,19,10,0,19,0,30,13,30,30,10,0,1,21,21,42,5,5,5,0.1,4
23,30,11,19,19,11,0,19,0,30,13,30,30,11,0,1,22,22,42,5,0,0,0.1,4
24,30,12,18,19,12,0,19,0,30,13,30,30,12,0,1,23,23,42,5,0,0,0.1,4
25,30,13,17,19,13,0,19,0,30,13,30,30,13,0,1,24,24,42,5,0,0,0.1,4
26,30,13,17,19,13,0,19,0,30,13,30,30,13,0,0,24,24,42,5,0,0,0.1,4
27,30,13,17,19,13,0,19,0,30,13,30,30,13,0,0,24,24,42,5,0,0,0.1,4
28,30,14,16,19,14,0,19,0,30,13,30,30,14,0,1,25,25,42,5,0,0,0.1,4
29,30,13,17,19,13,0,19,0,30,13,30,30,13,0,0,25,25,44,5,2,2,0.1,4
30,30,13,17,19,13,0,19,0,30,13,30,30,13,0,0,25,25,44,5,0,0,0.1,4
31,30,13,17,19,13,0,19,0,30,13,30,30,13,0,0,25,25,44,5,0,0,0.1,4
32,30,13,17,19,13,0,19,0,30,13,30,30,13,0,0,25,25,44,5,0,0,0.1,4
33,30,13,17,19,13,0,19,0,30,13,30,30,13,0,0,25,25,44,5,0,0,0.1,4
34,30,13,17,19,13,0,19,0,30,13,30,30,13,0,0,25,25,44,6,0,0,0.1,4
35,30,13,17,19,13,0,19,0,30,14,30,30,13,0,0,25,25,44,6,0,0,0.1,4
36,30,9,21,19,9,0,19,0,30,14,30,30,9,0,0,25,25,50,6,6,6,0.1,4
37,30,9,21,19,9,0,19,1,30,14,30,30,9,0,0,25,25,50,6,0,0,0.1,4
38,30,11,19,19,11,0,19,0,30,14,30,30,11,0,2,27,27,50,6,0,0,0.1,4
39,30,12,18,19,12,0,19,0,30,14,30,30,12,0,1,28,28,50,7,0,0,0.1,4
40,30,12,18,19,12,0,19,0,30,0,30,30,12,0,0,28,28,50,7,0,0,0.1,4
41,30,12,18,19,12,0,19,0,30,0,30,30,12,0,0,28,28,50,7,0,0,0.1,4
42,30,12,18,19,12,0,19,0,30,0,30,30,12,0,0,28,28,50,7,0,0,0.1,4
43,29,12,17,18,12,0,19,0,30,0,30,29,12,0,0,28,28,53,7,4,3,0.1,4
44,30,12,18,18,12,0,19,0,30,0,30,30,12,0,0,28,28,54,7,0,1,0.1,4
45,30,12,18,18,12,0,19,0,30,0,30,30,12,0,0,28,28,54,7,0,0,0.1,4
46,30,12,18,18,12,0,19,0,30,0,30,30,12,0,0,28,28,54,7,0,0,0.1,4
47,30,12,18,18,12,0,19,0,30,1,30,30,12,0,0,28,28,54,7,0,0,0.1,4
48,30,12,18,18,12,0,19,0,30,1,30,30,12,0,0,28,28,54,7,0,0,0.1,4
49,30,12,18,18,12,0,19,0,30,1,30,30,12,0,0,28,28,54,7,0,0,0.1,4
50,30,10,20,19,10,0,19,0,30,1,30,30,10,0,0,28,28,59,7,5,5,0.1,4
51,30,10,20,19,10,0,19,0,30,1,30,30,10,0,0,28,28,60,7,1,1,0.1,4
52,30,10,20,19,10,0,19,0,30,3,30,30,10,0,0,28,28,60,7,0,0,0.1,4
53,30,10,20,19,10,0,19,0,30,3,30,30,10,0,0,28,28,60,7,0,0,0.1,4
54,30,10,20,19,10,0,19,0,30,3,30,30,10,0,0,28,28,60,7,0,0,0.1,4
55,30,10,20,19,10,0,19,0,30,4,30,30,10,0,0,28,28,60,7,0,0,0.1,4
56,30,10,20,19,10,0,19,0,30,6,30,30,10,0,0,28,28,60,7,0,0,0.1,4
57,30,10,20,19,10,0,19,0,30,7,30,30,10,0,0,28,28,65,7,5,5,0.1,4
58,30,10,20,19,10,0,19,0,30,7,30,30,10,0,0,28,28,66,7,1,1,0.1,4
59,30,10,20,19,10,0,19,0,30,7,30,30,10,0,0,28,28,66,7,0,0,0.1,4
60,30,11,19,19,11,0,19,0,30,9,30,30,11,0,1,29,29,66,7,0,0,0.1,4
61,30,12,18,19,12,0,19,0,30,9,30,30,12,0,1,30,30,66,7,0,0,0.1,4
62,30,12,18,19,12,0,19,0,30,10,30,30,12,0,0,30,30,66,8,0,0,0.1,4
63,30,13,17,19,13,0,19,0,30,10,30,30,13,0,1,31,31,66,8,0,0,0.1,4
64,30,15,15,18,15,1,19,0,30,11,30,30,15,0,1,33,32,71,8,5,5,0.1,4
65,30,15,15,18,15,1,19,0,30,11,30,30,15,0,0,33,32,71,8,0,0,0.1,4
66,30,15,15,18,15,1,19,0,30,12,30,30,15,0,0,33,32,71,8,0,0,0.1,4
67,30,16,14,18,16,1,19,0,30,12,30,30,16,0,1,34,33,71,8,0,0,0.1,4
68,30,16,14,18,16,1,19,0,30,13,30,30,16,0,0,34,33,71,8,0,0,0.1,4
69,30,16,14,18,16,1,19,0,30,13,30,30,16,0,0,34,33,71,8,0,0,0.1,4
70,30,17,13,18,17,1,19,0,30,13,30,30,17,0,1,35,34,71,8,0,0,0.1,4
71,29,16,13,18,16,0,19,0,30,14,30,29,16,0,0,35,34,74,8,4,3,0.1,4
72,30,15,15,18,15,0,19,0,30,14,30,30,15,0,0,35,34,76,8,1,2,0.1,4
73,30,15,15,18,15,0,19,0,30,14,30,30,15,0,0,35,34,76,8,0,0,0.1,4
74,30,15,15,18,15,0,19,0,30,15,30,30,15,0,0,35,34,76,8,0,0,0.1,4
75,30,16,14,18,16,0,19,0,30,15,30,30,16,0,1,36,35,76,8,0,0,0.1,4
76,30,17,13,18,17,0,19,0,30,15,30,30,17,0,1,37,36,76,9,0,0,0.1,4
77,30,17,13,18,17,0,19,0,30,15,30,30,17,0,0,37,36,76,9,0,0,0.1,4
78,28,16,12,17,16,0,19,0,30,17,30,28,16,0,0,37,36,78,9,4,2,0.1,4
79,30,17,13,17,17,0,19,0,30,17,30,30,17,0,1,38,37,81,9,1,3,0.1,4
80,30,17,13,17,17,0,19,0,30,17,30,30,17,0,0,38,37,81,10,0,0,0.1,4
81,30,18,12,17,18,0,19,0,30,18,30,30,18,0,1,39,38,81,10,0,0,0.1,4
82,30,18,12,17,18,0,19,0,30,18,30,30,18,0,0,39,38,81,10,0,0,0.1,4
83,30,18,12,17,18,0,19,1,30,18,30,30,18,0,0,39,38,81,10,0,0,0.1,4
84,30,18,12,17,18,0,19,0,30,18,30,30,18,0,0,39,38,81,10,0,0,0.1,4
85,30,19,11,17,19,0,19,0,30,18,30,30,19,0,1,40,39,82,10,1,1,0.1,4
86,30,19,11,18,19,0,19,0,30,18,30,30,19,0,1,41,40,85,10,3,3,0.1,4
87,30,19,11,18,19,0,19,0,30,18,30,30,19,0,0,41,40,85,10,0,0,0.1,4
88,30,19,11,18,19,0,19,0,30,19,30,30,19,0,0,41,40,85,11,0,0,0.1,4
89,30,20,10,18,20,0,19,0,30,19,30,30,20,0,1,42,41,85,11,0,0,0.1,4
90,30,20,10,18,20,0,19,0,30,19,30,30,20,0,0,42,41,85,11,0,0,0.1,4
91,30,20,10,18,20,0,19,0,30,19,30,30,20,0,0,42,41,85,11,0,0,0.1,4
92,28,19,9,17,19,0,19,0,30,19,30,28,19,0,0,42,41,85,11,2,0,0.1,4
93,30,19,11,18,19,0,19,0,30,19,30,30,19,0,1,43,42,90,11,3,5,0.1,4
94,30,21,9,18,21,0,19,0,30,20,30,30,21,0,2,45,44,90,12,0,0,0.1,4
95,30,21,9,18,21,0,19,0,30,20,30,30,21,0,0,45,44,90,12,0,0,0.1,4
96,30,23,7,18,23,0,19,0,30,20,30,30,23,0,2,47,46,90,12,0,0,0.1,4
97,30,23,7,18,23,0,19,0,30,20,30,30,23,0,0,47,46,90,12,0,0,0.1,4
98,30,23,7,18,23,0,19,0,30,21,30,30,23,0,0,47,46,90,12,0,0,0.1,4
99,30,23,7,18,23,0,19,0,30,21,30,30,23,0,0,47,46,90,12,0,0,0.1,4
100,30,23,7,16,23,0,19,0,30,21,30,30,23,0,1,48,47,95,12,5,5,0.1,4
101,30,23,7,16,23,0,19,0,30,21,30,30,23,0,0,48,47,95,12,0,0,0.1,4
102,30,24,6,16,24,0,19,0,30,21,30,30,24,0,1,49,48,95,12,0,0,0.1,4
103,30,25,5,16,25,0,19,1,30,22,30,30,25,0,1,50,49,95,12,0,0,0.1,4
104,30,25,5,16,25,0,19,0,30,22,30,30,25,0,0,50,49,95,12,0,0,0.1,4
105,30,26,4,16,26,0,19,0,30,22,30,30,26,0,1,51,50,95,12,0,0,0.1,4
106,30,27,3,16,27,0,19,0,30,23,30,30,27,0,1,52,51,95,12,0,0,0.1,4
107,30,26,4,16,26,0,19,1,30,23,30,30,26,0,0,52,51,97,12,2,2,0.1,4
108,30,26,4,16,26,0,19,0,30,23,30,30,26,0,0,52,51,97,12,0,0,0.1,4
109,30,26,4,16,26,0,19,0,30,23,30,30,26,0,0,52,51,97,12,0,0,0.1,4
110,30,27,3,16,27,0,19,0,30,23,30,30,27,0,1,53,52,97,12,0,0,0.1,4
111,30,27,3,16,27,0,19,0,30,23,30,30,27,0,0,53,52,97,12,0,0,0.1,4
112,30,27,3,16,27,0,19,0,30,25,30,30,27,0,0,53,52,97,12,0,0,0.1,4
113,30,27,3,16,27,0,19,0,30,25,30,30,27,0,0,53,52,97,12,0,0,0.1,4
114,30,23,7,16,23,0,19,0,30,25,30,30,23,0,0,53,52,102,12,5,5,0.1,4
115,30,24,6,16,24,0,19,0,30,27,30,30,24,0,1,54,53,102,12,0,0,0.1,4
116,30,26,4,16,26,0,19,0,30,27,30,30,26,0,2,56,55,102,12,0,0,0.1,4
117,30,26,4,16,26,0,19,0,30,28,30,30,26,0,0,56,55,102,12,0,0,0.1,4
118,30,27,3,16,27,0,19,0,30,28,30,30,27,0,1,57,56,102,12,0,0,0.1,4
119,30,27,3,16,27,0,19,0,30,29,30,30,27,0,0,57,56,102,12,0,0,0.1,4
120,30,27,3,16,27,0,19,0,30,29,30,30,27,0,0,57,56,102,12,0,0,0.1,4
121,30,27,3,16,27,1,19,0,30,29,30,30,27,0,0,58,56,104,12,2,2,0.1,4
122,30,27,3,16,27,1,19,0,30,29,30,30,27,0,0,58,56,104,12,0,0,0.1,4
123,30,28,2,16,28,1,19,0,30,29,30,30,28,0,1,59,57,104,12,0,0,0.1,4
124,30,29,1,16,29,1,19,0,30,29,30,30,29,0,1,60,58,104,12,0,0,0.1,4
125,30,29,1,16,29,1,19,0,30,29,30,30,29,0,0,60,58,104,12,0,0,0.1,4
126,30,29,1,16,29,1,19,1,30,29,30,30,29,0,0,60,58,104,12,0,0,0.1,4
127,30,29,1,16,29,1,19,0,30,29,30,30,29,0,0,60,58,104,12,0,0,0.1,4
128,30,24,6,16,24,0,19,0,30,29,30,30,24,0,0,60,58,110,12,6,6,0.1,4
129,30,24,6,16,24,0,19,0,30,29,30,30,24,0,0,60,58,110,12,0,0,0.1,4
130,30,27,3,16,27,0,19,0,30,29,30,30,27,0,3,63,61,110,12,0,0,0.1,4
131,30,27,3,16,27,0,19,0,30,29,30,30,27,0,0,63,61,110,12,0,0,0.1,4
132,30,28,2,16,28,0,19,1,30,29,30,30,28,0,1,64,62,110,12,0,0,0.1,4
133,30,28,2,16,28,0,19,0,30,29,30,30,28,0,0,64,62,110,12,0,0,0.1,4
134,30,29,1,16,29,0,19,0,30,29,30,30,29,0,1,65,63,110,12,0,0,0.1,4
135,30,29,1,16,29,0,19,0,30,29,30,30,29,0,0,65,63,111,12,1,1,0.1,4
136,30,29,1,16,29,0,19,0,30,29,30,30,29,0,0,65,63,111,12,0,0,0.1,4
137,30,29,1,16,29,0,19,0,30,29,30,30,29,0,0,65,63,111,12,0,0,0.1,4
138,30,29,1,16,29,0,19,0,30,29,30,30,29,0,0,65,63,111,12,0,0,0.1,4
139,30,29,1,16,29,0,19,1,30,29,30,30,29,0,0,65,63,111,12,0,0,0.1,4
140,30,29,1,16,29,0,19,1,30,29,30,30,29,0,0,65,63,111,12,0,0,0.1,4
141,30,29,1,16,29,0,19,0,30,29,30,30,29,0,0,65,63,111,12,0,0,0.1,4
142,27,24,3,16,24,0,19,0,30,29,30,27,24,0,0,65,63,114,12,6,3,0.1,4
143,30,24,6,16,24,0,19,0,30,29,30,30,24,0,0,65,63,117,12,0,3,0.1,4
144,30,25,5,16,25,0,19,0,30,29,30,30,25,0,1,66,64,117,12,0,0,0.1,4
145,30,26,4,16,26,0,19,0,30,29,30,30,26,0,1,67,65,117,12,0,0,0.1,4
146,30,26,4,16,26,0,19,0,30,29,30,30,26,0,0,67,65,117,12,0,0,0.1,4
147,30,27,3,16,27,0,19,0,30,29,30,30,27,0,1,68,66,117,12,0,0,0.1,4
148,30,29,1,16,29,0,19,0,30,30,30,30,29,0,2,70,68,117,12,0,0,0.1,4
149,30,29,1,16,29,0,19,0,30,30,30,30,29,0,0,70,68,118,12,1,1,0.1,4
150,30,29,1,16,29,0,19,1,30,30,30,30,29,0,0,70,68,118,12,0,0,0.1,4
151,30,29,1,16,29,0,19,0,30,30,30,30,29,0,0,70,68,118,12,0,0,0.1,4
152,30,29,1,16,29,0,19,1,30,30,30,30,29,0,0,70,68,118,12,0,0,0.1,4
153,30,29,1,16,29,0,19,0,30,30,30,30,29,0,0,70,68,118,12,0,0,0.1,4
154,30,29,1,16,29,0,19,1,30,30,30,30,29,0,0,70,68,118,12,0,0,0.1,4
155,30,29,1,16,29,0,19,0,30,30,30,30,29,0,0,70,68,118,12,0,0,0.1,4
156,30,28,2,16,28,0,19,0,30,30,30,30,28,0,1,71,69,120,12,2,2,0.1,4
157,30,27,3,16,27,0,19,1,30,30,30,30,27,0,2,73,71,123,12,3,3,0.1,4
158,30,28,2,16,28,0,19,0,30,30,30,30,28,0,1,74,72,123,12,0,0,0.1,4
159,30,28,2,16,28,0,19,1,30,30,30,30,28,0,0,74,72,123,12,0,0,0.1,4
160,30,29,1,16,29,0,19,1,30,30,30,30,29,0,1,75,73,123,12,0,0,0.1,4
161,30,29,1,16,29,0,19,1,30,30,30,30,29,0,0,75,73,123,12,0,0,0.1,4
162,30,29,1,16,29,0,19,0,30,30,30,30,29,0,0,75,73,123,12,0,0,0.1,4
163,30,28,2,16,28,0,19,1,30,30,30,30,28,0,0,75,73,124,12,1,1,0.1,4
164,30,28,2,16,28,0,19,0,30,30,30,30,28,0,0,75,73,125,12,1,1,0.1,4
165,30,28,2,16,28,0,19,1,30,30,30,30,28,0,0,75,73,125,12,0,0,0.1,4
166,30,29,1,16,29,0,19,0,30,30,30,30,29,0,1,76,74,125,12,0,0,0.1,4
167,30,29,1,16,29,0,19,0,30,30,30,30,29,0,0,76,74,125,12,0,0,0.1,4
168,30,29,1,16,29,0,19,0,30,30,30,30,29,0,0,76,74,125,12,0,0,0.1,4
169,30,30,0,16,30,0,19,0,30,30,30,30,30,0,1,77,75,125,12,0,0,0.1,4
170,29,28,1,16,28,0,19,2,30,30,30,29,28,0,0,77,75,126,12,2,1,0.1,4
171,30,26,4,16,26,0,19,0,30,30,30,30,26,0,0,77,75,129,12,2,3,0.1,4
172,30,27,3,16,27,0,19,0,30,30,30,30,27,0,1,78,76,129,12,0,0,0.1,4
173,30,28,2,16,28,0,19,1,30,30,30,30,28,0,1,79,77,129,12,0,0,0.1,4
174,30,30,0,16,30,0,19,0,30,30,30,30,30,0,2,81,79,129,12,0,0,0.1,4
175,30,30,0,16,30,0,19,0,30,30,30,30,30,0,0,81,79,129,12,0,0,0.1,4
176,30,30,0,16,30,0,19,1,30,30,30,30,30,0,0,81,79,129,12,0,0,0.1,4
177,30,29,1,16,29,0,19,0,30,30,30,30,29,0,0,81,79,130,12,1,1,0.1,4
178,30,28,2,16,28,0,19,0,30,30,30,30,28,0,0,81,79,131,12,1,1,0.1,4
179,30,28,2,16,28,0,19,0,30,30,30,30,28,0,0,81,79,131,12,0,0,0.1,4
180,30,28,2,16,28,0,19,0,30,30,30,30,28,0,0,81,79,131,12,0,0,0.1,4
181,30,28,2,16,28,0,19,1,30,30,30,30,28,0,0,81,79,131,12,0,0,0.1,4
182,30,28,2,16,28,0,19,0,30,30,30,30,28,0,0,81,79,131,12,0,0,0.1,4
183,30,28,2,16,28,0,19,0,30,30,30,30,28,0,0,81,79,131,12,0,0,0.1,4
184,30,28,2,16,28,0,19,0,30,30,30,30,28,0,1,82,80,133,12,2,2,0.1,4
185,30,26,4,16,26,0,19,0,30,30,30,30,26,0,1,83,81,136,12,3,3,0.1,4
186,30,26,4,16,26,0,19,0,30,30,30,30,26,0,0,83,81,136,12,0,0,0.1,4
187,30,27,3,16,27,0,19,0,30,30,30,30,27,0,1,84,82,136,12,0,0,0.1,4
188,30,27,3,16,27,0,19,0,30,30,30,30,27,0,0,84,82,136,12,0,0,0.1,4
189,30,28,2,16,28,0,19,1,30,30,30,30,28,0,1,85,83,136,12,0,0,0.1,4
190,30,29,1,16,29,0,19,0,30,30,30,30,29,0,1,86,84,136,12,0,0,0.1,4
191,30,29,1,16,29,0,19,0,30,30,30,30,29,0,0,86,84,137,12,1,1,0.1,4
192,30,29,1,16,29,0,19,0,30,30,30,30,29,0,1,87,85,138,12,1,1,0.1,4
193,30,30,0,16,30,0,19,0,30,30,30,30,30,0,1,88,86,138,12,0,0,0.1,4
194,30,30,0,16,30,0,19,0,30,30,30,30,30,0,0,88,86,138,12,0,0,0.1,4
195,30,30,0,16,30,0,19,0,30,30,30,30,30,0,0,88,86,138,12,0,0,0.1,4
196,30,30,0,16,30,0,19,0,30,30,30,30,30,0,0,88,86,138,12,0,0,0.1,4
197,30,30,0,16,30,0,19,0,30,30,30,30,30,0,0,88,86,138,12,0,0,0.1,4
198,30,29,1,16,29,0,19,0,30,30,30,30,29,0,0,88,86,139,12,1,1,0.1,4
199,30,26,4,16,26,0,19,0,30,30,30,30,26,0,0,88,86,142,12,3,3,0.1,4
200,30,26,4,16,26,0,19,0,30,30,30,30,26,0,0,88,86,142,12,0,0,0.1,4
201,30,26,4,16,26,0,19,1,30,30,30,30,26,0,0,88,86,142,12,0,0,0.1,4
202,30,26,4,16,26,0,19,0,30,30,30,30,26,0,0,88,86,142,12,0,0,0.1,4
203,30,26,4,16,26,0,19,0,30,30,30,30,26,0,0,88,86,142,12,0,0,0.1,4
204,30,27,3,16,27,0,19,0,30,30,30,30,27,0,1,89,87,142,12,0,0,0.1,4
205,30,27,3,16,27,0,19,0,30,30,30,30,27,0,1,90,88,144,12,2,2,0.1,4
206,30,26,4,16,26,0,19,1,30,30,30,30,26,0,0,90,88,146,12,2,2,0.1,4
207,30,26,4,16,26,0,19,0,30,30,30,30,26,0,0,90,88,146,12,0,0,0.1,4
208,30,26,4,16,26,0,19,0,30,30,30,30,26,0,0,90,88,146,12,0,0,0.1,4
209,30,26,4,16,26,0,19,0,30,30,30,30,26,0,0,90,88,146,12,0,0,0.1,4
210,30,27,3,16,27,0,19,0,30,30,30,30,27,0,1,91,89,146,12,0,0,0.1,4
211,30,27,3,16,27,0,19,0,30,30,30,30,27,0,0,91,89,146,12,0,0,0.1,4
212,29,27,2,16,27,0,19,0,30,30,30,29,27,0,0,91,89,146,12,1,0,0.1,4
213,30,25,5,16,25,0,19,0,30,30,30,30,25,0,0,91,89,151,12,4,5,0.1,4
214,30,26,4,16,26,0,19,0,30,30,30,30,26,0,1,92,90,151,12,0,0,0.1,4
215,30,26,4,16,26,0,19,0,30,30,30,30,26,0,0,92,90,151,12,0,0,0.1,4
216,30,27,3,16,27,0,19,0,30,30,30,30,27,0,1,93,91,151,12,0,0,0.1,4
217,30,27,3,16,27,0,19,1,30,30,30,30,27,0,0,93,91,151,12,0,0,0.1,4
218,30,28,2,16,28,0,19,0,30,30,30,30,28,0,1,94,92,151,12,0,0,0.1,4
219,29,28,1,16,28,0,19,0,30,30,30,29,28,0,1,95,93,151,12,1,0,0.1,4
220,30,28,2,16,28,0,19,0,30,3,30,30,28,0,0,95,93,153,12,1,2,0.1,4
221,30,28,2,16,28,0,19,0,30,3,30,30,28,0,0,95,93,153,12,0,0,0.1,4
222,30,28,2,16,28,0,19,0,30,3,30,30,28,0,0,95,93,153,12,0,0,0.1,4
223,30,28,2,16,28,0,19,0,30,6,30,30,28,0,0,95,93,153,12,0,0,0.1,4
224,30,28,2,16,28,0,19,0,30,6,30,30,28,0,0,95,93,153,12,0,0,0.1,4
225,30,28,2,16,28,0,19,0,30,8,30,30,28,0,0,95,93,153,12,0,0,0.1,4
226,30,28,2,16,28,0,19,0,30,8,30,30,28,0,0,95,93,153,12,0,0,0.1,4
227,29,24,5,16,24,0,19,0,30,9,30,29,24,0,0,95,93,158,12,6,5,0.1,4
228,30,24,6,16,24,0,19,0,30,10,30,30,24,0,0,95,93,159,12,0,1,0.1,4
229,30,26,4,16,26,0,19,0,30,12,30,30,26,0,2,97,95,159,12,0,0,0.1,4
230,30,26,4,16,26,0,19,0,30,14,30,30,26,0,0,97,95,159,12,0,0,0.1,4
231,30,28,2,16,28,0,19,1,30,14,30,30,28,0,2,99,97,159,12,0,0,0.1,4
232,30,28,2,16,28,0,19,0,30,16,30,30,28,0,0,99,97,159,12,0,0,0.1,4
233,30,28,2,16,28,0,19,0,30,18,30,30,28,0,0,99,97,159,12,0,0,0.1,4
234,30,28,2,16,28,0,19,0,30,18,30,30,28,0,0,99,97,161,12,2,2,0.1,4
235,30,28,2,16,28,0,19,0,30,22,30,30,28,0,0,99,97,161,12,0,0,0.1,4
236,30,28,2,16,28,0,19,0,30,22,30,30,28,0,0,99,97,161,12,0,0,0.1,4
237,30,28,2,16,28,0,19,0,30,22,30,30,28,0,0,99,97,161,12,0,0,0.1,4
238,30,28,2,16,28,0,19,0,30,25,30,30,28,0,0,99,97,161,12,0,0,0.1,4
239,30,29,1,16,29,0,19,0,30,25,30,30,29,0,1,100,98,161,12,0,0,0.1,4
240,30,29,1,16,29,0,19,0,30,26,30,30,29,0,0,100,98,161,12,0,0,0.1,4
241,29,28,1,16,28,2,19,1,30,26,30,29,28,0,0,102,98,164,12,4,3,0.1,4
242,30,28,2,16,28,2,19,1,30,26,30,30,28,0,1,103,99,166,12,1,2,0.1,4
243,30,28,2,16,28,2,19,1,30,26,30,30,28,0,0,103,99,166,12,0,0,0.1,4
244,30,28,2,16,28,2,19,0,30,27,30,30,28,0,0,103,99,166,12,0,0,0.1,4
245,30,29,1,16,29,2,19,0,30,27,30,30,29,0,1,104,100,166,12,0,0,0.1,4
246,30,29,1,16,29,2,19,0,30,27,30,30,29,0,0,104,100,166,12,0,0,0.1,4
247,30,29,1,16,29,2,19,0,30,27,30,30,29,0,0,104,100,166,12,0,0,0.1,4
248,30,26,4,16,26,0,19,0,30,27,30,30,26,0,0,104,100,169,12,3,3,0.1,4
249,30,26,4,16,26,0,19,0,30,27,30,30,26,0,0,104,100,170,12,1,1,0.1,4
250,30,27,3,16,27,0,19,1,30,27,30,30,27,0,1,105,101,170,12,0,0,0.1,4
251,30,28,2,16,28,0,19,0,30,27,30,30,28,0,1,106,102,170,12,0,0,0.1,4
252,30,28,2,16,28,0,19,0,30,27,30,30,28,0,0,106,102,170,12,0,0,0.1,4
253,30,28,2,16,28,0,19,0,30,27,30,30,28,0,0,106,102,170,12,0,0,0.1,4
254,30,28,2,16,28,0,19,0,30,27,30,30,28,0,0,106,102,170,12,0,0,0.1,4
255,30,27,3,16,27,0,19,0,30,27,30,30,27,0,0,106,102,172,12,2,2,0.1,4
256,30,27,3,16,27,0,19,1,30,28,30,30,27,0,1,107,103,174,12,2,2,0.1,4
257,30,27,3,16,27,0,19,0,30,28,30,30,27,0,0,107,103,174,12,0,0,0.1,4
258,30,28,2,16,28,0,19,0,30,28,30,30,28,0,1,108,104,174,12,0,0,0.1,4
259,30,29,1,16,29,0,19,0,30,28,30,30,29,0,1,109,105,174,12,0,0,0.1,4
260,30,29,1,16,29,0,19,0,30,28,30,30,29,0,0,109,105,174,12,0,0,0.1,4
261,30,29,1,16,29,0,19,0,30,28,30,30,29,0,0,109,105,174,12,0,0,0.1,4
262,30,27,3,16,27,0,19,0,30,28,30,30,27,0,0,109,105,177,12,3,3,0.1,4
263,30,28,2,16,28,0,19,0,30,28,30,30,28,0,1,110,106,177,12,0,0,0.1,4
264,30,28,2,16,28,0,19,1,30,28,30,30,28,0,0,110,106,177,12,0,0,0.1,4
265,30,29,1,16,29,0,19,0,30,28,30,30,29,0,1,111,107,177,12,0,0,0.1,4
266,30,29,1,16,29,0,19,1,30,28,30,30,29,0,0,111,107,177,12,0,0,0.1,4
267,30,29,1,16,29,0,19,0,30,28,30,30,29,0,0,111,107,177,12,0,0,0.1,4
268,30,29,1,16,29,0,19,0,30,28,30,30,29,0,0,111,107,177,12,0,0,0.1,4
269,30,28,2,16,28,0,19,0,30,28,30,30,28,0,0,111,107,179,12,2,2,0.1,4
270,30,27,3,16,27,0,19,0,30,28,30,30,27,0,1,112,108,181,12,2,2,0.1,4
271,30,27,3,16,27,0,19,1,30,28,30,30,27,0,0,112,108,181,12,0,0,0.1,4
272,30,27,3,16,27,0,19,0,30,28,30,30,27,0,0,112,108,181,12,0,0,0.1,4
273,30,27,3,16,27,0,19,0,30,28,30,30,27,0,0,112,108,181,12,0,0,0.1,4
274,30,28,2,16,28,0,19,0,30,28,30,30,28,0,1,113,109,181,12,0,0,0.1,4
275,30,28,2,16,28,0,19,0,30,28,30,30,28,0,0,113,109,181,12,0,0,0.1,4
276,30,26,4,16,26,0,19,0,30,28,30,30,26,0,0,113,109,183,12,2,2,0.1,4
277,30,26,4,16,26,0,19,0,30,28,30,30,26,0,0,113,109,185,12,2,2,0.1,4
278,30,27,3,16,27,0,19,0,30,28,30,30,27,0,1,114,110,185,12,0,0,0.1,4
279,30,27,3,16,27,0,19,1,30,28,30,30,27,0,0,114,110,185,12,0,0,0.1,4
280,30,29,1,16,29,0,19,1,30,28,30,30,29,0,2,116,112,185,12,0,0,0.1,4
281,30,29,1,16,29,0,19,0,30,29,30,30,29,0,0,116,112,185,12,0,0,0.1,4
282,30,29,1,16,29,0,19,0,30,29,30,30,29,0,0,116,112,185,12,0,0,0.1,4
283,29,28,1,16,28,0,19,0,30,29,30,29,28,0,1,117,113,186,12,2,1,0.1,4
284,30,28,2,16,28,0,19,0,30,29,30,30,28,0,0,117,113,187,12,0,1,0.1,4
285,30,30,0,16,30,0,19,0,30,29,30,30,30,0,2,119,115,187,12,0,0,0.1,4
286,30,30,0,16,30,0,19,0,30,29,30,30,30,0,0,119,115,187,12,0,0,0.1,4
287,30,30,0,16,30,0,19,1,30,29,30,30,30,0,0,119,115,187,12,0,0,0.1,4
288,30,30,0,16,30,0,19,1,30,29,30,30,30,0,0,119,115,187,12,0,0,0.1,4
289,30,30,0,16,30,0,19,1,30,29,30,30,30,0,0,119,115,187,12,0,0,0.1,4
290,29,29,0,16,29,0,19,0,30,29,30,29,29,0,1,120,116,188,12,2,1,0.1,4
291,30,27,3,16,27,0,19,0,30,29,30,30,27,0,0,120,116,191,12,2,3,0.1,4
292,30,29,1,16,29,0,19,0,30,29,30,30,29,0,2,122,118,191,12,0,0,0.1,4
293,30,29,1,16,29,0,19,1,30,29,30,30,29,0,0,122,118,191,12,0,0,0.1,4
294,30,29,1,16,29,0,19,1,30,30,30,30,29,0,0,122,118,191,12,0,0,0.1,4
295,30,29,1,16,29,0,19,0,30,30,30,30,29,0,0,122,118,191,12,0,0,0.1,4
296,30,30,0,16,30,0,19,0,30,30,30,30,30,0,1,123,119,191,12,0,0,0.1,4
297,29,29,0,16,29,0,19,0,30,30,30,29,29,0,0,123,119,191,12,1,0,0.1,4
298,30,29,1,16,29,0,19,1,30,30,30,30,29,0,1,124,120,193,12,1,2,0.1,4
299,30,30,0,16,30,0,19,0,30,30,30,30,30,0,1,125,121,193,12,0,0,0.1,4
300,30,30,0,16,30,0,19,0,30,30,30,30,30,0,0,125,121,193,12,0,0,0.1,4
301,30,30,0,16,30,0,19,2,30,30,30,30,30,0,0,125,121,193,12,0,0,0.1,4
302,30,30,0,16,30,0,19,0,30,30,30,30,30,0,0,125,121,193,12,0,0,0.1,4
303,30,30,0,16,30,0,19,0,30,30,30,30,30,0,0,125,121,193,12,0,0,0.1,4
304,30,30,0,16,30,1,19,0,30,30,30,30,30,0,0,126,121,194,12,1,1,0.1,4
305,29,28,1,16,28,2,19,0,30,30,30,29,28,0,0,127,121,196,12,3,2,0.1,4
306,30,30,0,16,30,2,19,0,30,30,30,30,30,0,2,129,123,197,12,0,1,0.1,4
307,30,30,0,16,30,2,19,0,30,30,30,30,30,0,0,129,123,197,12,0,0,0.1,4
308,30,30,0,16,30,2,19,1,30,30,30,30,30,0,0,129,123,197,12,0,0,0.1,4
309,30,30,0,16,30,2,19,0,30,30,30,30,30,0,0,129,123,197,12,0,0,0.1,4
310,30,30,0,16,30,2,19,0,30,30,30,30,30,0,0,129,123,197,12,0,0,0.1,4
311,30,29,1,16,29,1,19,0,30,30,30,30,29,0,0,129,123,198,12,1,1,0.1,4
312,30,27,3,16,27,0,19,0,30,30,30,30,27,0,1,130,124,201,12,3,3,0.1,4
313,30,29,1,16,29,0,19,0,30,30,30,30,29,0,2,132,126,201,12,0,0,0.1,4
314,30,29,1,16,29,0,19,0,30,30,30,30,29,0,0,132,126,201,12,0,0,0.1,4
315,30,29,1,16,29,0,19,0,30,30,30,30,29,0,0,132,126,201,12,0,0,0.1,4
316,30,29,1,16,29,0,19,0,30,30,30,30,29,0,0,132,126,201,12,0,0,0.1,4
317,30,29,1,16,29,0,19,0,30,30,30,30,29,0,0,132,126,201,12,0,0,0.1,4
318,30,29,1,16,29,0,19,0,30,30,30,30,29,0,0,132,126,201,12,0,0,0.1,4
319,29,29,0,16,29,0,19,1,30,30,30,29,29,0,1,133,127,201,12,1,0,0.1,4
320,30,28,2,16,28,0,19,0,30,30,30,30,28,0,0,133,127,203,12,1,2,0.1,4
321,30,28,2,16,28,0,19,0,30,30,30,30,28,0,0,133,127,203,12,0,0,0.1,4
322,30,28,2,16,28,0,19,0,30,30,30,30,28,0,0,133,127,203,12,0,0,0.1,4
323,30,28,2,16,28,0,19,0,30,30,30,30,28,0,0,133,127,203,12,0,0,0.1,4
324,30,29,1,16,29,0,19,0,30,30,30,30,29,0,1,134,128,203,12,0,0,0.1,4
325,30,28,2,16,28,0,19,1,30,30,30,30,28,0,0,134,128,204,12,1,1,0.1,4
326,30,25,5,16,25,0,19,0,30,30,30,30,25,0,0,134,128,207,12,3,3,0.1,4
327,30,25,5,16,25,0,19,0,30,30,30,30,25,0,0,134,128,208,12,1,1,0.1,4
328,30,26,4,16,26,0,19,0,30,30,30,30,26,0,1,135,129,208,12,0,0,0.1,4
329,30,26,4,16,26,0,19,0,30,30,30,30,26,0,0,135,129,208,12,0,0,0.1,4
330,30,28,2,16,28,0,19,0,30,30,30,30,28,0,2,137,131,208,12,0,0,0.1,4
331,30,28,2,16,28,0,19,0,30,30,30,30,28,0,0,137,131,208,12,0,0,0.1,4
332,30,28,2,16,28,0,19,0,30,30,30,30,28,0,0,137,131,208,12,0,0,0.1,4
333,30,28,2,16,28,0,19,0,30,30,30,30,28,0,0,137,131,210,12,2,2,0.1,4
334,30,27,3,16,27,0,19,0,30,30,30,30,27,0,0,137,131,211,12,1,1,0.1,4
335,30,28,2,16,28,0,19,0,30,30,30,30,28,0,1,138,132,211,12,0,0,0.1,4
336,30,28,2,16,28,0,19,0,30,30,30,30,28,0,0,138,132,211,12,0,0,0.1,4
337,30,28,2,16,28,0,19,0,30,30,30,30,28,0,0,138,132,211,12,0,0,0.1,4
338,30,28,2,16,28,0,19,0,30,30,30,30,28,0,0,138,132,211,12,0,0,0.1,4
339,30,28,2,16,28,0,19,0,30,30,30,30,28,0,1,139,133,212,12,1,1,0.1,4
340,30,28,2,16,28,0,19,0,30,30,30,30,28,0,1,140,134,213,12,1,1,0.1,4
341,30,28,2,16,28,0,19,0,30,30,30,30,28,0,1,141,135,215,12,2,2,0.1,4
342,30,28,2,16,28,0,19,0,30,30,30,30,28,0,0,141,135,215,12,0,0,0.1,4
343,30,29,1,16,29,0,19,0,30,30,30,30,29,0,1,142,136,215,12,0,0,0.1,4
344,30,29,1,16,29,0,19,0,30,30,30,30,29,0,0,142,136,215,12,0,0,0.1,4
345,30,29,1,16,29,0,19,0,30,30,30,30,29,0,0,142,136,215,12,0,0,0.1,4
346,30,30,0,16,30,0,19,1,30,30,30,30,30,0,1,143,137,215,12,0,0,0.1,4
347,30,28,2,16,28,0,19,0,30,30,30,30,28,0,0,143,137,217,12,2,2,0.1,4
348,30,29,1,16,29,0,19,1,30,30,30,30,29,0,1,144,138,217,12,0,0,0.1,4
349,30,29,1,16,29,0,19,0,30,30,30,30,29,0,0,144,138,217,12,0,0,0.1,4
350,30,30,0,16,30,0,19,1,30,30,30,30,30,0,1,145,139,217,12,0,0,0.1,4
351,30,30,0,16,30,0,19,0,30,30,30,30,30,0,0,145,139,217,12,0,0,0.1,4
352,30,30,0,16,30,0,19,0,30,30,30,30,30,0,0,145,139,217,12,0,0,0.1,4
353,30,29,1,16,29,0,19,0,30,30,30,30,29,0,0,145,139,218,12,1,1,0.1,4
354,30,28,2,16,28,0,19,0,30,30,30,30,28,0,0,145,139,219,12,1,1,0.1,4
355,30,26,4,16,26,0,19,0,30,30,30,30,26,0,0,145,139,221,12,2,2,0.1,4
356,30,27,3,16,27,0,19,0,30,30,30,30,27,0,1,146,140,221,12,0,0,0.1,4
357,30,28,2,16,28,0,19,0,30,30,30,30,28,0,1,147,141,221,12,0,0,0.1,4
358,30,28,2,16,28,0,19,0,30,30,30,30,28,0,0,147,141,221,12,0,0,0.1,4
359,30,28,2,16,28,0,19,0,30,30,30,30,28,0,0,147,141,221,12,0,0,0.1,4
360,30,28,2,16,28,0,19,0,30,30,30,30,28,0,0,147,141,221,12,0,0,0.1,4
361,30,27,3,16,27,0,19,0,30,30,30,30,27,0,1,148,142,223,12,2,2,0.1,4
362,30,27,3,16,27,0,19,0,30,30,30,30,27,0,0,148,142,224,12,1,1,0.1,4
363,30,28,2,16,28,0,19,1,30,30,30,30,28,0,1,149,143,224,12,0,0,0.1,4
364,30,29,1,16,29,0,19,0,30,30,30,30,29,0,1,150,144,224,12,0,0,0.1,4
365,30,29,1,16,29,0,19,1,30,30,30,30,29,0,0,150,144,224,12,0,0,0.1,4
366,30,29,1,16,29,0,19,0,30,30,30,30,29,0,0,150,144,224,12,0,0,0.1,4
367,30,28,2,16,28,0,19,0,30,30,30,30,28,0,0,150,144,225,12,1,1,0.1,4
368,30,27,3,16,27,0,19,1,30,30,30,30,27,0,0,150,144,227,12,2,2,0.1,4
369,29,26,3,16,26,0,19,0,30,30,30,29,26,0,0,150,144,227,12,1,0,0.1,4
370,30,28,2,16,28,0,19,0,30,30,30,30,28,0,2,152,146,228,12,0,1,0.1,4
371,30,30,0,16,30,0,19,0,30,30,30,30,30,0,2,154,148,228,12,0,0,0.1,4
372,30,30,0,16,30,0,19,1,30,30,30,30,30,0,0,154,148,228,12,0,0,0.1,4
373,30,30,0,16,30,0,19,0,30,30,30,30,30,0,0,154,148,228,12,0,0,0.1,4
374,30,30,0,16,30,0,19,1,30,30,30,30,30,0,0,154,148,228,12,0,0,0.1,4
375,30,29,1,16,29,0,19,0,30,30,30,30,29,0,0,154,148,229,12,1,1,0.1,4
376,30,28,2,16,28,0,19,0,30,30,30,30,28,0,0,154,148,230,12,1,1,0.1,4
377,30,29,1,16,29,0,19,0,30,30,30,30,29,0,1,155,149,230,12,0,0,0.1,4
378,30,29,1,16,29,0,19,0,30,30,30,30,29,0,0,155,149,230,12,0,0,0.1,4
379,30,29,1,16,29,0,19,0,30,30,30,30,29,0,0,155,149,230,12,0,0,0.1,4
380,30,29,1,16,29,0,19,1,30,30,30,30,29,0,0,155,149,230,12,0,0,0.1,4
381,30,28,2,16,28,0,19,0,30,30,30,30,28,0,0,155,149,231,12,1,1,0.1,4
382,30,26,4,16,26,0,19,0,30,30,30,30,26,0,0,155,149,234,12,3,3,0.1,4
383,30,27,3,16,27,0,19,0,30,30,30,30,27,0,1,156,150,234,12,0,0,0.1,4
384,30,26,4,16,26,0,19,0,30,30,30,30,26,0,0,156,150,235,12,1,1,0.1,4
385,30,28,2,16,28,0,19,0,30,30,30,30,28,0,2,158,152,235,12,0,0,0.1,4
386,30,28,2,16,28,0,19,0,30,30,30,30,28,0,0,158,152,235,12,0,0,0.1,4
387,30,28,2,16,28,0,19,0,30,30,30,30,28,0,0,158,152,235,12,0,0,0.1,4
388,30,30,0,16,30,0,19,0,30,30,30,30,30,0,2,160,154,235,12,0,0,0.1,4
389,30,30,0,16,30,0,19,0,30,30,30,30,30,0,0,160,154,235,12,0,0,0.1,4
390,30,29,1,16,29,0,19,0,30,30,30,30,29,0,0,160,154,236,12,1,1,0.1,4
391,30,29,1,16,29,0,19,0,30,30,30,30,29,0,0,160,154,236,12,0,0,0.1,4
392,30,29,1,16,29,0,19,1,30,30,30,30,29,0,0,160,154,236,12,0,0,0.1,4
393,30,29,1,16,29,0,19,0,30,30,30,30,29,0,0,160,154,236,12,0,0,0.1,4
394,30,29,1,16,29,0,19,1,30,30,30,30,29,0,0,160,154,236,12,0,0,0.1,4
395,30,28,2,16,28,0,19,0,30,30,30,30,28,0,0,160,154,237,12,1,1,0.1,4
396,30,25,5,16,25,0,19,1,30,30,30,30,25,0,0,160,154,240,12,3,3,0.1,4
397,30,26,4,16,26,0,19,0,30,30,30,30,26,0,1,161,155,240,12,0,0,0.1,4
398,30,25,5,16,25,0,19,0,30,30,30,30,25,0,0,161,155,241,12,1,1,0.1,4
399,30,26,4,16,26,0,19,0,30,30,30,30,26,0,1,162,156,241,12,0,0,0.1,4
400,30,27,3,16,27,0,19,0,30,1,30,30,27,0,1,163,157,241,12,0,0,0.1,4
401,30,27,3,16,27,0,19,0,30,2,30,30,27,0,0,163,157,241,12,0,0,0.1,4
402,29,27,2,16,27,0,19,0,30,2,30,29,27,0,0,163,157,241,12,1,0,0.1,4
403,29,27,2,16,27,0,19,0,30,4,30,29,27,0,0,163,157,242,12,1,1,0.1,4
404,30,26,4,16,26,0,19,0,30,4,30,30,26,0,0,163,157,244,12,1,2,0.1,4
405,29,26,3,16,26,0,19,0,30,4,30,29,26,0,0,163,157,244,12,1,0,0.1,4
406,30,26,4,16,26,0,19,0,30,5,30,30,26,0,0,163,157,245,12,0,1,0.1,4
407,30,26,4,16,26,0,19,0,30,5,30,30,26,0,0,163,157,245,12,0,0,0.1,4
408,30,26,4,16,26,0,19,0,30,5,30,30,26,0,0,163,157,245,12,0,0,0.1,4
409,30,26,4,16,26,0,19,0,30,5,30,30,26,0,0,163,157,245,12,0,0,0.1,4
410,30,24,6,16,24,0,19,0,30,5,30,30,24,0,0,163,157,248,12,3,3,0.1,4
411,29,24,5,16,24,0,19,0,30,5,30,29,24,0,0,163,157,249,12,2,1,0.1,4
412,30,24,6,16,24,0,19,0,30,7,30,30,24,0,0,163,157,250,12,0,1,0.1,4
413,30,24,6,16,24,0,19,0,30,8,30,30,24,0,0,163,157,251,12,1,1,0.1,4
414,30,25,5,16,25,0,19,0,30,8,30,30,25,0,1,164,158,251,12,0,0,0.1,4
415,30,25,5,16,25,0,19,0,30,9,30,30,25,0,0,164,158,251,12,0,0,0.1,4
416,30,26,4,16,26,0,19,0,30,12,30,30,26,0,1,165,159,251,12,0,0,0.1,4
417,30,26,4,16,26,0,19,0,30,13,30,30,26,0,0,165,159,252,12,1,1,0.1,4
418,30,26,4,16,26,0,19,0,30,13,30,30,26,0,0,165,159,253,12,1,1,0.1,4
419,30,26,4,16,26,0,19,1,30,13,30,30,26,0,0,165,159,254,12,1,1,0.1,4
420,30,27,3,16,27,0,19,0,30,16,30,30,27,0,1,166,160,255,12,1,1,0.1,4
421,30,27,3,16,27,0,19,0,30,16,30,30,27,0,0,166,160,255,12,0,0,0.1,4
422,30,27,3,16,27,0,19,0,30,17,30,30,27,0,0,166,160,255,12,0,0,0.1,4
423,30,27,3,16,27,0,19,0,30,19,30,30,27,0,0,166,160,255,12,0,0,0.1,4
424,30,25,5,16,25,0,19,0,30,20,30,30,25,0,0,166,160,258,12,3,3,0.1,4
425,30,25,5,16,25,0,19,0,30,20,30,30,25,0,0,166,160,258,12,0,0,0.1,4
426,30,25,5,16,25,0,19,0,30,21,30,30,25,0,0,166,160,259,12,1,1,0.1,4
427,30,25,5,16,25,0,19,0,30,21,30,30,25,0,0,166,160,260,12,1,1,0.1,4
428,30,26,4,16,26,0,19,0,30,21,30,30,26,0,1,167,161,260,12,0,0,0.1,4
429,30,26,4,16,26,0,19,0,30,21,30,30,26,0,0,167,161,260,12,0,0,0.1,4
430,30,26,4,16,26,0,19,0,30,21,30,30,26,0,0,167,161,260,12,0,0,0.1,4
431,30,26,4,16,26,0,19,0,30,22,30,30,26,0,0,167,161,262,12,2,2,0.1,4
432,30,25,5,16,25,0,19,0,30,23,30,30,25,0,0,167,161,263,12,1,1,0.1,4
433,30,25,5,16,25,0,19,1,30,23,30,30,25,0,0,167,161,264,12,1,1,0.1,4
434,30,25,5,16,25,0,19,0,30,24,30,30,25,0,0,167,161,265,12,1,1,0.1,4
435,30,26,4,16,26,0,19,0,30,25,30,30,26,0,1,168,162,265,12,0,0,0.1,4
436,30,26,4,16,26,0,19,0,30,25,30,30,26,0,0,168,162,265,12,0,0,0.1,4
437,30,28,2,16,28,0,19,0,30,25,30,30,28,0,2,170,164,265,12,0,0,0.1,4
438,30,27,3,16,27,0,19,0,30,25,30,30,27,0,0,170,164,266,12,1,1,0.1,4
439,30,27,3,16,27,0,19,0,30,25,30,30,27,0,0,170,164,266,12,0,0,0.1,4
440,30,27,3,16,27,0,19,0,30,25,30,30,27,0,0,170,164,267,12,1,1,0.1,4
441,30,27,3,16,27,0,19,0,30,25,30,30,27,0,0,170,164,268,12,1,1,0.1,4
442,30,27,3,16,27,0,19,0,30,25,30,30,27,0,0,170,164,268,12,0,0,0.1,4
443,30,27,3,16,27,0,19,0,30,25,30,30,27,0,0,170,164,268,12,0,0,0.1,4
444,30,27,3,16,27,0,19,0,30,25,30,30,27,0,0,170,164,268,12,0,0,0.1,4
445,29,25,4,16,25,0,19,0,30,25,30,29,25,0,0,170,164,270,12,3,2,0.1,4
446,30,24,6,16,24,0,19,0,30,25,30,30,24,0,0,170,164,272,12,1,2,0.1,4
447,30,25,5,16,25,0,19,0,30,25,30,30,25,0,1,171,165,273,12,1,1,0.1,4
448,30,26,4,16,26,0,19,0,30,25,30,30,26,0,1,172,166,274,12,1,1,0.1,4
449,30,26,4,16,26,0,19,0,30,26,30,30,26,0,0,172,166,274,12,0,0,0.1,4
450,30,27,3,16,27,0,19,0,30,26,30,30,27,0,1,173,167,274,12,0,0,0.1,4
451,30,27,3,16,27,0,19,0,30,26,30,30,27,0,0,173,167,274,12,0,0,0.1,4
452,30,27,3,16,27,0,19,0,30,26,30,30,27,0,0,173,167,275,12,1,1,0.1,4
453,30,27,3,16,27,0,19,0,30,26,30,30,27,0,0,173,167,275,12,0,0,0.1,4
454,30,27,3,16,27,0,19,0,30,26,30,30,27,0,0,173,167,276,12,1,1,0.1,4
455,30,27,3,16,27,0,19,1,30,26,30,30,27,0,0,173,167,277,12,1,1,0.1,4
456,30,28,2,16,28,0,19,0,30,27,30,30,28,0,1,174,168,277,12,0,0,0.1,4
457,30,28,2,16,28,0,19,0,30,27,30,30,28,0,0,174,168,277,12,0,0,0.1,4
458,30,28,2,16,28,0,19,0,30,27,30,30,28,0,0,174,168,277,12,0,0,0.1,4
459,30,28,2,16,28,0,19,0,30,27,30,30,28,0,1,175,169,278,12,1,1,0.1,4
460,30,26,4,16,26,0,19,0,30,27,30,30,26,0,0,175,169,280,12,2,2,0.1,4
461,29,27,2,16,27,0,19,0,30,27,30,29,27,0,1,176,170,280,12,1,0,0.1,4
462,29,27,2,16,27,0,19,0,30,27,30,29,27,0,0,176,170,281,12,1,1,0.1,4
463,30,27,3,16,27,0,19,0,30,27,30,30,27,0,0,176,170,282,12,0,1,0.1,4
464,30,27,3,16,27,0,19,1,30,28,30,30,27,0,0,176,170,282,12,0,0,0.1,4
465,30,28,2,16,28,0,19,0,30,28,30,30,28,0,1,177,171,282,12,0,0,0.1,4
466,30,28,2,16,28,0,19,0,30,28,30,30,28,0,1,178,172,283,12,1,1,0.1,4
467,30,28,2,16,28,0,19,0,30,28,30,30,28,0,0,178,172,284,12,1,1,0.1,4
468,30,29,1,16,29,0,19,0,30,29,30,30,29,0,1,179,173,284,12,0,0,0.1,4
469,30,30,0,16,30,0,19,0,30,29,30,30,30,0,1,180,174,284,12,0,0,0.1,4
470,30,30,0,16,30,0,19,0,30,29,30,30,30,0,0,180,174,284,12,0,0,0.1,4
471,30,30,0,16,30,0,19,0,30,29,30,30,30,0,0,180,174,284,12,0,0,0.1,4
472,30,30,0,16,30,0,19,0,30,29,30,30,30,0,0,180,174,284,12,0,0,0.1,4
473,30,29,1,16,29,0,19,0,30,30,30,30,29,0,0,180,174,285,12,1,1,0.1,4
474,30,28,2,16,28,0,19,0,30,30,30,30,28,0,0,180,174,286,12,1,1,0.1,4
475,30,28,2,16,28,0,19,0,30,30,30,30,28,0,0,180,174,286,12,0,0,0.1,4
476,30,28,2,16,28,0,19,1,30,30,30,30,28,0,1,181,175,287,12,1,1,0.1,4
477,30,28,2,16,28,0,19,0,30,30,30,30,28,0,1,182,176,288,12,1,1,0.1,4
478,30,29,1,16,29,0,19,0,30,30,30,30,29,0,1,183,177,288,12,0,0,0.1,4
479,30,29,1,16,29,0,19,0,30,30,30,30,29,0,0,183,177,288,12,0,0,0.1,4
480,30,28,2,16,28,0,19,0,30,30,30,30,28,0,0,183,177,289,12,1,1,0.1,4
481,30,28,2,16,28,1,19,1,30,30,30,30,28,0,0,184,177,290,12,1,1,0.1,4
482,30,28,2,16,28,1,19,0,30,30,30,30,28,0,0,184,177,290,12,0,0,0.1,4
483,30,28,2,16,28,1,19,0,30,30,30,30,28,0,0,184,177,290,12,0,0,0.1,4
484,30,28,2,16,28,1,19,0,30,30,30,30,28,0,0,184,177,291,12,1,1,0.1,4
485,30,29,1,16,29,1,19,0,30,30,30,30,29,0,1,185,178,291,12,0,0,0.1,4
486,30,30,0,16,30,1,19,0,30,30,30,30,30,0,1,186,179,291,12,0,0,0.1,4
487,29,29,0,16,29,1,19,0,30,30,30,29,29,0,0,186,179,291,12,1,0,0.1,4
488,29,27,2,16,27,0,19,0,30,30,30,29,27,0,0,186,179,293,12,2,2,0.1,4
489,30,28,2,16,28,0,19,0,30,30,30,30,28,0,1,187,180,294,12,0,1,0.1,4
490,30,28,2,16,28,0,19,0,30,30,30,30,28,0,1,188,181,295,12,1,1,0.1,4
491,30,28,2,16,28,0,19,0,30,30,30,30,28,0,0,188,181,295,12,0,0,0.1,4
492,30,28,2,16,28,0,19,1,30,30,30,30,28,0,0,188,181,295,12,0,0,0.1,4
493,30,28,2,16,28,0,19,0,30,30,30,30,28,0,0,188,181,295,12,0,0,0.1,4
494,29,27,2,16,27,0,19,0,30,30,30,29,27,0,0,188,181,295,12,1,0,0.1,4
495,29,27,2,16,27,0,19,0,30,30,30,29,27,0,0,188,181,296,12,1,1,0.1,4
496,30,27,3,16,27,0,19,0,30,30,30,30,27,0,0,188,181,297,12,0,1,0.1,4
497,30,28,2,16,28,0,19,0,30,30,30,30,28,0,1,189,182,298,12,1,1,0.1,4
498,30,27,3,16,27,0,19,0,30,30,30,30,27,0,0,189,182,299,12,1,1,0.1,4
499,30,27,3,16,27,0,19,0,30,30,30,30,27,0,0,189,182,299,12,0,0,0.1,4
500,30,27,3,16,27,0,19,0,30,30,30,30,27,0,0,189,182,299,12,0,0,0.1,4
501,30,27,3,16,27,0,19,0,30,30,30,30,27,0,0,189,182,299,12,0,0,0.1,4
502,30,26,4,16,26,0,19,0,30,30,30,30,26,0,0,189,182,300,12,1,1,0.1,4
503,30,27,3,16,27,0,19,0,30,30,30,30,27,0,2,191,184,302,12,2,2,0.1,4
504,30,28,2,16,28,0,19,0,30,30,30,30,28,0,1,192,185,302,12,0,0,0.1,4
505,30,28,2,16,28,0,19,1,30,30,30,30,28,0,0,192,185,302,12,0,0,0.1,4
506,30,29,1,16,29,0,19,0,30,30,30,30,29,0,1,193,186,302,12,0,0,0.1,4
507,30,30,0,16,30,0,19,0,30,30,30,30,30,0,1,194,187,302,12,0,0,0.1,4
508,30,30,0,16,30,0,19,0,30,30,30,30,30,0,0,194,187,302,12,0,0,0.1,4
509,30,29,1,16,29,0,19,0,30,30,30,30,29,0,0,194,187,303,12,1,1,0.1,4
510,30,29,1,16,29,0,19,0,30,30,30,30,29,0,0,194,187,303,12,0,0,0.1,4
511,30,28,2,16,28,0,19,0,30,30,30,30,28,0,0,194,187,304,12,1,1,0.1,4
512,30,27,3,16,27,0,19,0,30,30,30,30,27,0,0,194,187,305,12,1,1,0.1,4
513,30,28,2,16,28,0,19,0,30,30,30,30,28,0,1,195,188,305,12,0,0,0.1,4
514,30,28,2,16,28,0,19,0,30,30,30,30,28,0,0,195,188,305,12,0,0,0.1,4
515,30,28,2,16,28,0,19,0,30,30,30,30,28,0,0,195,188,305,12,0,0,0.1,4
516,30,27,3,16,27,0,19,0,30,30,30,30,27,0,0,195,188,306,12,1,1,0.1,4
517,30,26,4,16,26,0,19,1,30,30,30,30,26,0,1,196,189,308,12,2,2,0.1,4
518,30,27,3,16,27,0,19,0,30,30,30,30,27,0,1,197,190,308,12,0,0,0.1,4
519,30,28,2,16,28,0,19,1,30,30,30,30,28,0,1,198,191,309,12,1,1,0.1,4
520,30,29,1,16,29,0,19,0,30,30,30,30,29,0,1,199,192,309,12,0,0,0.1,4
521,30,30,0,16,30,0,19,0,30,30,30,30,30,0,1,200,193,309,12,0,0,0.1,4
522,30,30,0,16,30,0,19,0,30,30,30,30,30,0,0,200,193,309,12,0,0,0.1,4
523,30,29,1,16,29,0,19,0,30,30,30,30,29,0,0,200,193,310,12,1,1,0.1,4
524,30,29,1,16,29,0,19,0,30,30,30,30,29,0,0,200,193,310,12,0,0,0.1,4
525,30,28,2,16,28,0,19,0,30,30,30,30,28,0,0,200,193,311,12,1,1,0.1,4
526,30,28,2,16,28,0,19,0,30,30,30,30,28,0,0,200,193,311,12,0,0,0.1,4
527,30,29,1,16,29,0,19,0,30,30,30,30,29,0,1,201,194,311,12,0,0,0.1,4
528,30,29,1,16,29,0,19,1,30,30,30,30,29,0,0,201,194,311,12,0,0,0.1,4
529,30,29,1,16,29,0,19,1,30,30,30,30,29,0,0,201,194,311,12,0,0,0.1,4
530,30,28,2,16,28,0,19,0,30,30,30,30,28,0,0,201,194,312,12,1,1,0.1,4
531,29,26,3,16,26,0,19,0,30,30,30,29,26,0,0,201,194,313,12,2,1,0.1,4
532,30,26,4,16,26,0,19,0,30,30,30,30,26,0,0,201,194,315,12,1,2,0.1,4
533,30,25,5,16,25,0,19,0,30,30,30,30,25,0,0,201,194,316,12,1,1,0.1,4
534,30,27,3,16,27,0,19,1,30,30,30,30,27,0,2,203,196,316,12,0,0,0.1,4
535,30,27,3,16,27,0,19,0,30,30,30,30,27,0,0,203,196,316,12,0,0,0.1,4
536,30,27,3,16,27,0,19,0,30,30,30,30,27,0,0,203,196,316,12,0,0,0.1,4
537,30,26,4,16,26,0,19,0,30,30,30,30,26,0,0,203,196,317,12,1,1,0.1,4
538,30,27,3,16,27,0,19,0,30,30,30,30,27,0,1,204,197,318,12,1,1,0.1,4
539,30,29,1,16,29,0,19,0,30,30,30,30,29,0,2,206,199,319,12,1,1,0.1,4
540,30,30,0,16,30,0,19,0,30,30,30,30,30,0,1,207,200,319,12,0,0,0.1,4
541,30,30,0,16,30,0,19,1,30,30,30,30,30,0,0,207,200,319,12,0,0,0.1,4
542,30,30,0,16,30,0,19,0,30,30,30,30,30,0,0,207,200,319,12,0,0,0.1,4
543,30,30,0,16,30,0,19,0,30,30,30,30,30,0,0,207,200,319,12,0,0,0.1,4
544,30,29,1,16,29,0,19,0,30,30,30,30,29,0,0,207,200,320,12,1,1,0.1,4
545,30,29,1,16,29,0,19,0,30,30,30,30,29,0,0,207,200,320,12,0,0,0.1,4
546,30,28,2,16,28,0,19,1,30,30,30,30,28,0,0,207,200,321,12,1,1,0.1,4
547,29,27,2,16,27,0,19,0,30,30,30,29,27,0,0,207,200,321,12,1,0,0.1,4
548,30,27,3,16,27,0,19,1,30,30,30,30,27,0,0,207,200,322,12,0,1,0.1,4
549,30,28,2,16,28,0,19,0,30,30,30,30,28,0,1,208,201,322,12,0,0,0.1,4
550,30,28,2,16,28,0,19,0,30,30,30,30,28,0,0,208,201,322,12,0,0,0.1,4
551,30,28,2,16,28,0,19,0,30,30,30,30,28,0,1,209,202,323,12,1,1,0.1,4
552,30,28,2,16,28,0,19,0,30,30,30,30,28,0,1,210,203,324,12,1,1,0.1,4
553,29,27,2,16,27,0,19,0,30,30,30,29,27,0,0,210,203,324,12,1,0,0.1,4
554,30,27,3,16,27,0,19,0,30,30,30,30,27,0,0,210,203,325,12,0,1,0.1,4
555,30,27,3,16,27,0,19,0,30,30,30,30,27,0,0,210,203,325,12,0,0,0.1,4
556,30,27,3,16,27,0,19,0,30,30,30,30,27,0,0,210,203,325,12,0,0,0.1,4
557,30,27,3,16,27,0,19,0,30,30,30,30,27,0,0,210,203,325,12,0,0,0.1,4
558,29,27,2,16,27,0,19,0,30,30,30,29,27,0,1,211,204,326,12,2,1,0.1,4
559,30,27,3,16,27,0,19,0,30,30,30,30,27,0,0,211,204,327,12,0,1,0.1,4
560,30,26,4,16,26,0,19,0,30,30,30,30,26,0,0,211,204,328,12,1,1,0.1,4
561,30,27,3,16,27,0,19,0,30,30,30,30,27,0,1,212,205,329,12,1,1,0.1,4
562,30,26,4,16,26,0,19,0,30,30,30,30,26,0,0,212,205,330,12,1,1,0.1,4
563,30,26,4,16,26,0,19,0,30,30,30,30,26,0,0,212,205,330,12,0,0,0.1,4
564,30,26,4,16,26,0,19,0,30,30,30,30,26,0,0,212,205,330,12,0,0,0.1,4
565,30,27,3,16,27,0,19,1,30,30,30,30,27,0,1,213,206,330,12,0,0,0.1,4
566,30,27,3,16,27,0,19,0,30,30,30,30,27,0,1,214,207,331,12,1,1,0.1,4
567,30,28,2,16,28,0,19,1,30,30,30,30,28,0,1,215,208,332,12,1,1,0.1,4
568,30,28,2,16,28,0,19,0,30,30,30,30,28,0,0,215,208,332,12,0,0,0.1,4
569,30,28,2,16,28,0,19,0,30,30,30,30,28,0,0,215,208,333,12,1,1,0.1,4
570,30,29,1,16,29,0,19,0,30,30,30,30,29,0,1,216,209,333,12,0,0,0.1,4
0,30,0,30,16,0,0,19,0,30,10,30,0,0,0,0,0,0,30,0,0,0,0.1,5
1,30,0,30,16,0,0,19,0,30,10,30,30,0,0,0,0,0,30,0,0,0,0.1,5
2,30,4,26,16,4,0,19,0,30,10,30,30,4,0,4,4,4,30,0,0,0,0.1,5
3,30,4,26,16,4,0,19,0,30,10,30,30,4,0,0,4,4,30,1,0,0,0.1,5
4,30,6,24,16,6,0,19,0,30,10,30,30,6,0,2,6,6,30,1,0,0,0.1,5
5,30,7,23,16,7,0,19,0,30,10,30,30,7,0,1,7,7,30,1,0,0,0.1,5
6,30,8,22,16,8,0,19,0,30,10,30,30,8,0,1,8,8,30,1,0,0,0.1,5
7,30,8,22,16,8,0,19,0,30,10,30,30,8,0,0,8,8,30,1,0,0,0.1,5
8,30,1,29,16,1,0,19,0,30,10,30,30,1,0,1,9,9,38,1,8,8,0.1,5
9,30,2,28,16,2,0,19,0,30,10,30,30,2,0,1,10,10,38,1,0,0,0.1,5
10,30,2,28,16,2,0,19,0,30,10,30,30,2,0,0,10,10,38,1,0,0,0.1,5
11,30,3,27,16,3,0,19,0,30,10,30,30,3,0,1,11,11,38,1,0,0,0.1,5
12,30,4,26,16,4,0,19,0,30,11,30,30,4,0,1,12,12,38,1,0,0,0.1,5
13,30,5,25,16,5,0,19,0,30,11,30,30,5,0,1,13,13,38,2,0,0,0.1,5
14,30,7,23,16,7,0,19,0,30,12,30,30,7,0,2,15,15,38,2,0,0,0.1,5
15,30,7,23,15,7,0,19,0,30,12,30,30,7,0,0,15,15,42,2,4,4,0.1,5
16,30,7,23,15,7,0,19,0,30,12,30,30,7,0,0,15,15,42,2,0,0,0.1,5
17,30,9,21,15,9,0,19,0,30,12,30,30,9,0,2,17,17,42,2,0,0,0.1,5
18,30,10,20,15,10,0,19,0,30,12,30,30,10,0,1,18,18,42,3,0,0,0.1,5
19,30,12,18,15,12,0,19,0,30,13,30,30,12,0,2,20,20,42,3,0,0,0.1,5
20,30,12,18,15,12,0,19,0,30,13,30,30,12,0,0,20,20,42,5,0,0,0.1,5
21,30,12,18,15,12,0,19,0,30,13,30,30,12,0,0,20,20,42,6,0,0,0.1,5
22,30,10,20,16,10,0,19,0,30,14,30,30,10,0,2,22,22,47,6,5,5,0.1,5
23,30,10,20,16,10,0,19,0,30,14,30,30,10,0,0,22,22,47,6,0,0,0.1,5
24,30,10,20,16,10,0,19,0,30,14,30,30,10,0,0,22,22,47,6,0,0,0.1,5
25,30,11,19,16,11,0,19,0,30,14,30,30,11,0,1,23,23,47,7,0,0,0.1,5
26,30,11,19,16,11,0,19,0,30,14,30,30,11,0,0,23,23,47,7,0,0,0.1,5
27,30,13,17,16,13,0,19,0,30,14,30,30,13,0,2,25,25,47,7,0,0,0.1,5
28,30,13,17,16,13,0,19,0,30,14,30,30,13,0,0,25,25,47,7,0,0,0.1,5
29,30,10,20,15,10,0,19,0,30,15,30,30,10,0,0,25,25,52,7,5,5,0.1,5
30,30,11,19,15,11,0,19,0,30,15,30,30,11,0,1,26,26,52,8,0,0,0.1,5
31,30,12,18,15,12,0,19,0,30,15,30,30,12,0,1,27,27,52,8,0,0,0.1,5
32,30,13,17,15,13,0,19,0,30,17,30,30,13,0,1,28,28,52,8,0,0,0.1,5
33,30,14,16,15,14,0,19,0,30,17,30,30,14,0,1,29,29,52,8,0,0,0.1,5
34,30,14,16,15,14,0,19,0,30,17,30,30,14,0,0,29,29,52,8,0,0,0.1,5
35,30,14,16,15,14,0,19,0,30,17,30,30,14,0,0,29,29,52,8,0,0,0.1,5
36,30,12,18,16,12,0,19,0,30,17,30,30,12,0,1,30,30,56,8,4,4,0.1,5
37,30,14,16,16,14,0,19,0,30,17,30,30,14,0,2,32,32,56,8,0,0,0.1,5
38,30,14,16,16,14,0,19,0,30,17,30,30,14,0,0,32,32,56,8,0,0,0.1,5
39,30,15,15,16,15,0,19,0,30,17,30,30,15,0,1,33,33,56,9,0,0,0.1,5
40,30,15,15,16,15,0,19,0,30,0,30,30,15,0,0,33,33,56,9,0,0,0.1,5
41,30,15,15,16,15,0,19,0,30,0,30,30,15,0,0,33,33,56,9,0,0,0.1,5
42,30,15,15,16,15,0,19,0,30,0,30,30,15,0,0,33,33,56,9,0,0,0.1,5
43,30,11,19,14,11,0,19,0,30,0,30,30,11,0,0,33,33,61,10,5,5,0.1,5
44,30,11,19,14,11,0,19,0,30,2,30,30,11,0,0,33,33,61,10,0,0,0.1,5
45,30,11,19,14,11,0,19,0,30,2,30,30,11,0,0,33,33,61,10,0,0,0.1,5
46,30,11,19,14,11,0,19,0,30,2,30,30,11,0,0,33,33,61,10,0,0,0.1,5
47,30,11,19,14,11,0,19,0,30,2,30,30,11,0,0,33,33,61,10,0,0,0.1,5
48,30,11,19,14,11,0,19,0,30,2,30,30,11,0,0,33,33,61,10,0,0,0.1,5
49,30,11,19,14,11,0,19,0,30,2,30,30,11,0,0,33,33,61,10,0,0,0.1,5
50,29,8,21,15,8,0,19,0,30,2,30,29,8,1,0,33,33,68,11,8,7,0.1,5
51,30,8,22,16,8,0,19,0,30,2,30,30,8,0,0,33,33,69,11,0,1,0.1,5
52,30,8,22,16,8,0,19,0,30,2,30,30,8,0,0,33,33,69,11,0,0,0.1,5
53,30,8,22,16,8,0,19,0,30,3,30,30,8,0,0,33,33,69,11,0,0,0.1,5
54,30,8,22,16,8,0,19,0,30,3,30,30,8,0,0,33,33,69,11,0,0,0.1,5
55,30,8,22,16,8,0,19,0,30,3,30,30,8,0,0,33,33,69,11,0,0,0.1,5
56,30,9,21,16,9,0,19,0,30,3,30,30,9,0,1,34,34,69,11,0,0,0.1,5
57,29,9,20,14,9,0,19,0,30,4,30,29,9,1,0,34,34,74,11,6,5,0.1,5
58,30,9,21,15,9,0,19,0,30,4,30,30,9,0,0,34,34,76,11,1,2,0.1,5
59,30,9,21,15,9,0,19,0,30,4,30,30,9,0,0,34,34,76,11,0,0,0.1,5
60,30,9,21,15,9,0,19,0,30,4,30,30,9,0,0,34,34,76,11,0,0,0.1,5
61,30,9,21,15,9,0,19,0,30,4,30,30,9,0,0,34,34,76,11,0,0,0.1,5
62,30,9,21,15,9,0,19,0,30,5,30,30,9,0,0,34,34,76,11,0,0,0.1,5
63,30,9,21,15,9,0,19,0,30,5,30,30,9,0,0,34,34,76,11,0,0,0.1,5
64,29,9,20,15,9,1,19,0,30,5,30,29,9,0,0,35,34,81,11,6,5,0.1,5
65,30,10,20,15,10,1,19,0,30,5,30,30,10,0,1,36,35,84,11,2,3,0.1,5
66,30,10,20,15,10,1,19,0,30,5,30,30,10,0,0,36,35,84,11,0,0,0.1,5
67,30,10,20,15,10,1,19,0,30,5,30,30,10,0,0,36,35,84,11,0,0,0.1,5
68,30,10,20,15,10,1,19,0,30,5,30,30,10,0,0,36,35,84,11,0,0,0.1,5
69,30,10,20,15,10,1,19,0,30,6,30,30,10,0,0,36,35,84,11,0,0,0.1,5
70,30,10,20,15,10,1,19,0,30,6,30,30,10,0,0,36,35,84,11,0,0,0.1,5
71,30,11,19,15,11,0,19,0,30,7,30,30,11,0,2,38,37,88,11,4,4,0.1,5
72,30,11,19,15,11,0,19,0,30,8,30,30,11,0,0,38,37,90,11,2,2,0.1,5
73,30,11,19,15,11,0,19,0,30,8,30,30,11,0,0,38,37,90,11,0,0,0.1,5
74,30,11,19,15,11,0,19,0,30,8,30,30,11,0,0,38,37,90,11,0,0,0.1,5
75,30,11,19,15,11,0,19,0,30,8,30,30,11,0,0,38,37,90,11,0,0,0.1,5
76,30,12,18,15,12,0,19,0,30,8,30,30,12,0,1,39,38,90,11,0,0,0.1,5
77,30,12,18,15,12,0,19,0,30,9,30,30,12,0,0,39,38,90,11,0,0,0.1,5
78,29,12,17,15,12,0,19,0,30,9,30,29,12,0,1,40,39,93,11,4,3,0.1,5
79,30,11,19,15,11,0,19,0,30,9,30,30,11,0,0,40,39,97,11,3,4,0.1,5
80,30,12,18,15,12,0,19,0,30,11,30,30,12,0,1,41,40,97,12,0,0,0.1,5
81,30,13,17,15,13,0,19,0,30,11,30,30,13,0,1,42,41,97,12,0,0,0.1,5
82,30,14,16,15,14,0,19,0,30,11,30,30,14,0,1,43,42,97,13,0,0,0.1,5
83,30,14,16,15,14,0,19,0,30,12,30,30,14,0,0,43,42,97,13,0,0,0.1,5
84,30,14,16,15,14,0,19,0,30,12,30,30,14,0,0,43,42,97,13,0,0,0.1,5
85,30,14,16,15,14,0,19,1,30,12,30,30,14,0,1,44,43,99,14,2,2,0.1,5
86,30,15,15,15,15,0,19,0,30,12,30,30,15,0,1,45,44,100,15,1,1,0.1,5
87,30,16,14,15,16,0,19,0,30,12,30,30,16,0,1,46,45,100,15,0,0,0.1,5
88,30,16,14,15,16,0,19,0,30,12,30,30,16,0,0,46,45,100,15,0,0,0.1,5
89,30,17,13,15,17,0,19,1,30,13,30,30,17,0,1,47,46,100,16,0,0,0.1,5
90,30,17,13,15,17,0,19,0,30,14,30,30,17,0,0,47,46,100,16,0,0,0.1,5
91,30,17,13,15,17,0,19,0,30,14,30,30,17,0,0,47,46,100,17,0,0,0.1,5
92,30,16,14,17,16,0,19,0,30,14,30,30,16,0,1,48,47,103,17,3,3,0.1,5
93,30,14,16,16,14,0,19,0,30,15,30,30,14,0,1,49,48,106,17,3,3,0.1,5
94,30,15,15,16,15,0,19,0,30,16,30,30,15,0,1,50,49,106,17,0,0,0.1,5
95,30,16,14,16,16,0,19,0,30,16,30,30,16,0,1,51,50,106,17,0,0,0.1,5
96,30,17,13,16,17,0,19,0,30,17,30,30,17,0,1,52,51,106,17,0,0,0.1,5
97,30,19,11,16,19,0,19,0,30,19,30,30,19,0,2,54,53,106,17,0,0,0.1,5
98,30,22,8,16,22,0,19,0,30,19,30,30,22,0,3,57,56,106,17,0,0,0.1,5
99,29,23,6,15,23,0,19,0,30,19,30,29,23,0,2,59,58,106,18,1,0,0.1,5
100,30,22,8,15,22,0,19,0,30,20,30,30,22,0,0,59,58,109,18,2,3,0.1,5
101,30,22,8,15,22,0,19,0,30,20,30,30,22,0,0,59,58,109,18,0,0,0.1,5
102,30,22,8,15,22,0,19,0,30,20,30,30,22,0,0,59,58,109,18,0,0,0.1,5
103,30,22,8,15,22,0,19,0,30,21,30,30,22,0,0,59,58,109,19,0,0,0.1,5
104,30,23,7,15,23,0,19,0,30,21,30,30,23,0,1,60,59,109,19,0,0,0.1,5
105,30,24,6,15,24,0,19,1,30,21,30,30,24,0,1,61,60,109,20,0,0,0.1,5
106,29,21,8,14,21,0,19,0,30,21,30,29,21,1,0,61,60,111,20,3,2,0.1,5
107,29,20,9,16,20,0,19,0,30,21,30,29,20,0,1,62,61,114,22,3,3,0.1,5
108,30,21,9,16,21,0,19,0,30,21,30,30,21,0,1,63,62,115,22,0,1,0.1,5
109,30,22,8,16,22,0,19,0,30,23,30,30,22,0,1,64,63,115,22,0,0,0.1,5
110,30,22,8,16,22,0,19,0,30,23,30,30,22,0,0,64,63,115,22,0,0,0.1,5
111,30,23,7,16,23,0,19,0,30,24,30,30,23,0,1,65,64,115,22,0,0,0.1,5
112,30,25,5,16,25,0,19,0,30,24,30,30,25,0,2,67,66,115,23,0,0,0.1,5
113,29,25,4,16,25,0,19,2,30,24,30,29,25,0,0,67,66,115,23,1,0,0.1,5
114,30,24,6,14,24,0,19,0,30,25,30,30,24,0,1,68,67,120,24,4,5,0.1,5
115,30,26,4,14,26,0,19,0,30,25,30,30,26,0,2,70,69,120,25,0,0,0.1,5
116,30,27,3,14,27,0,19,1,30,25,30,30,27,0,1,71,70,120,25,0,0,0.1,5
117,30,27,3,14,27,0,19,0,30,25,30,30,27,0,0,71,70,120,25,0,0,0.1,5
118,30,27,3,14,27,0,19,1,30,26,30,30,27,0,0,71,70,120,25,0,0,0.1,5
119,30,27,3,14,27,0,19,0,30,26,30,30,27,0,0,71,70,120,25,0,0,0.1,5
120,30,26,4,13,26,0,19,0,30,26,30,30,26,0,0,71,70,121,25,1,1,0.1,5
121,30,27,3,12,27,1,19,0,30,27,30,30,27,0,1,73,71,124,26,3,3,0.1,5
122,30,26,4,12,26,1,19,0,30,27,30,30,26,0,0,73,71,125,27,1,1,0.1,5
123,30,26,4,12,26,1,19,0,30,28,30,30,26,0,0,73,71,125,27,0,0,0.1,5
124,30,26,4,12,26,1,19,0,30,28,30,30,26,0,0,73,71,125,27,0,0,0.1,5
125,30,28,2,12,28,1,19,0,30,28,30,30,28,0,2,75,73,125,27,0,0,0.1,5
126,30,29,1,12,29,1,19,0,30,29,30,30,29,0,1,76,74,125,27,0,0,0.1,5
127,30,29,1,12,29,1,19,0,30,29,30,30,29,0,0,76,74,125,27,0,0,0.1,5
128,30,25,5,12,25,0,19,0,30,29,30,30,25,0,0,76,74,130,28,5,5,0.1,5
129,30,26,4,12,26,0,19,0,30,29,30,30,26,0,1,77,75,130,28,0,0,0.1,5
130,30,26,4,12,26,0,19,1,30,29,30,30,26,0,0,77,75,130,28,0,0,0.1,5
131,30,27,3,12,27,0,19,0,30,30,30,30,27,0,1,78,76,130,28,0,0,0.1,5
132,30,28,2,12,28,0,19,0,30,30,30,30,28,0,1,79,77,130,28,0,0,0.1,5
133,30,29,1,12,29,0,19,0,30,30,30,30,29,0,1,80,78,130,28,0,0,0.1,5
134,29,28,1,12,28,0,19,0,30,30,30,29,28,0,0,80,78,130,28,1,0,0.1,5
135,30,27,3,12,27,0,19,0,30,30,30,30,27,0,0,80,78,133,29,2,3,0.1,5
136,30,29,1,12,29,0,19,0,30,30,30,30,29,0,3,83,81,134,29,1,1,0.1,5
137,30,30,0,12,30,0,19,0,30,30,30,30,30,0,1,84,82,134,29,0,0,0.1,5
138,30,30,0,12,30,0,19,0,30,30,30,30,30,0,0,84,82,134,29,0,0,0.1,5
139,30,30,0,12,30,0,19,0,30,30,30,30,30,0,0,84,82,134,29,0,0,0.1,5
140,30,30,0,12,30,0,19,0,30,30,30,30,30,0,0,84,82,134,29,0,0,0.1,5
141,30,30,0,12,30,0,19,0,30,30,30,30,30,0,0,84,82,134,29,0,0,0.1,5
142,30,26,4,12,26,0,19,1,30,30,30,30,26,0,0,84,82,138,30,4,4,0.1,5
143,30,27,3,12,27,0,19,0,30,30,30,30,27,0,1,85,83,138,30,0,0,0.1,5
144,30,28,2,12,28,0,19,0,30,30,30,30,28,0,1,86,84,138,30,0,0,0.1,5
145,30,28,2,12,28,0,19,0,30,30,30,30,28,0,0,86,84,138,30,0,0,0.1,5
146,30,28,2,12,28,0,19,0,30,30,30,30,28,0,0,86,84,138,30,0,0,0.1,5
147,30,28,2,12,28,0,19,0,30,30,30,30,28,0,0,86,84,138,30,0,0,0.1,5
148,30,28,2,12,28,0,19,0,30,30,30,30,28,0,0,86,84,138,30,0,0,0.1,5
149,29,25,4,12,25,0,19,0,30,30,30,29,25,0,0,86,84,142,31,5,4,0.1,5
150,30,24,6,12,24,0,19,0,30,30,30,30,24,0,0,86,84,144,31,1,2,0.1,5
151,30,24,6,12,24,0,19,0,30,30,30,30,24,0,0,86,84,144,31,0,0,0.1,5
152,30,24,6,12,24,0,19,0,30,30,30,30,24,0,0,86,84,144,31,0,0,0.1,5
153,30,25,5,12,25,0,19,0,30,30,30,30,25,0,1,87,85,144,31,0,0,0.1,5
154,30,25,5,12,25,0,19,0,30,30,30,30,25,0,0,87,85,144,31,0,0,0.1,5
155,30,27,3,12,27,0,19,0,30,30,30,30,27,0,2,89,87,144,31,0,0,0.1,5
156,30,26,4,12,26,0,19,0,30,30,30,30,26,0,1,90,88,147,32,3,3,0.1,5
157,30,26,4,12,26,0,19,0,30,30,30,30,26,0,0,90,88,148,32,1,1,0.1,5
158,30,26,4,12,26,0,19,0,30,30,30,30,26,0,0,90,88,148,32,0,0,0.1,5
159,30,26,4,12,26,0,19,0,30,30,30,30,26,0,0,90,88,148,32,0,0,0.1,5
160,30,26,4,12,26,0,19,0,30,30,30,30,26,0,0,90,88,148,32,0,0,0.1,5
161,30,28,2,12,28,0,19,0,30,30,30,30,28,0,2,92,90,148,32,0,0,0.1,5
162,30,28,2,12,28,0,19,0,30,30,30,30,28,0,0,92,90,148,32,0,0,0.1,5
163,30,26,4,12,26,0,19,0,30,30,30,30,26,0,1,93,91,152,32,4,4,0.1,5
164,30,27,3,12,27,0,19,0,30,30,30,30,27,0,2,95,93,153,33,1,1,0.1,5
165,30,27,3,12,27,0,19,0,30,30,30,30,27,0,0,95,93,153,33,0,0,0.1,5
166,30,27,3,12,27,0,19,0,30,30,30,30,27,0,0,95,93,153,33,0,0,0.1,5
167,30,27,3,12,27,0,19,0,30,30,30,30,27,0,0,95,93,153,33,0,0,0.1,5
168,30,27,3,12,27,0,19,0,30,30,30,30,27,0,0,95,93,153,33,0,0,0.1,5
169,30,27,3,12,27,0,19,0,30,30,30,30,27,0,0,95,93,153,33,0,0,0.1,5
170,29,25,4,12,25,0,19,0,30,30,30,29,25,0,0,95,93,157,33,5,4,0.1,5
171,29,25,4,12,25,0,19,0,30,30,30,29,25,0,1,96,94,158,34,1,1,0.1,5
172,30,25,5,12,25,0,19,0,30,30,30,30,25,0,0,96,94,159,34,0,1,0.1,5
173,30,26,4,12,26,0,19,0,30,30,30,30,26,0,1,97,95,159,34,0,0,0.1,5
174,30,26,4,12,26,0,19,0,30,30,30,30,26,0,0,97,95,159,34,0,0,0.1,5
175,30,28,2,12,28,0,19,0,30,30,30,30,28,0,2,99,97,159,34,0,0,0.1,5
176,30,28,2,12,28,0,19,0,30,30,30,30,28,0,0,99,97,159,34,0,0,0.1,5
177,29,27,2,12,27,0,19,0,30,30,30,29,27,0,0,99,97,161,34,3,2,0.1,5
178,30,28,2,12,28,0,19,0,30,30,30,30,28,0,2,101,99,163,35,1,2,0.1,5
179,30,29,1,12,29,0,19,1,30,30,30,30,29,0,1,102,100,163,35,0,0,0.1,5
180,30,29,1,12,29,0,19,1,30,30,30,30,29,0,0,102,100,163,35,0,0,0.1,5
181,30,29,1,12,29,0,19,0,30,30,30,30,29,0,0,102,100,163,35,0,0,0.1,5
182,30,29,1,12,29,0,19,0,30,30,30,30,29,0,0,102,100,163,35,0,0,0.1,5
183,30,29,1,12,29,0,19,0,30,30,30,30,29,0,0,102,100,163,35,0,0,0.1,5
184,29,28,1,12,28,0,19,0,30,30,30,29,28,0,1,103,101,164,36,2,1,0.1,5
185,30,27,3,12,27,0,19,0,30,30,30,30,27,0,0,103,101,166,36,1,2,0.1,5
186,30,27,3,12,27,0,19,0,30,30,30,30,27,0,1,104,102,167,36,1,1,0.1,5
187,30,27,3,12,27,0,19,0,30,30,30,30,27,0,0,104,102,167,36,0,0,0.1,5
188,30,28,2,12,28,0,19,0,30,30,30,30,28,0,1,105,103,167,36,0,0,0.1,5
189,30,29,1,12,29,0,19,0,30,30,30,30,29,0,1,106,104,167,36,0,0,0.1,5
190,30,29,1,12,29,0,19,0,30,30,30,30,29,0,0,106,104,167,36,0,0,0.1,5
191,30,27,3,12,27,0,19,0,30,30,30,30,27,0,0,106,104,170,36,3,3,0.1,5
192,30,25,5,12,25,0,19,0,30,30,30,30,25,0,0,106,104,172,37,2,2,0.1,5
193,30,25,5,12,25,0,19,0,30,30,30,30,25,0,0,106,104,172,37,0,0,0.1,5
194,30,27,3,12,27,0,19,0,30,30,30,30,27,0,2,108,106,172,37,0,0,0.1,5
195,30,27,3,12,27,0,19,0,30,30,30,30,27,0,0,108,106,172,37,0,0,0.1,5
196,30,27,3,12,27,0,19,0,30,30,30,30,27,0,0,108,106,172,37,0,0,0.1,5
197,30,28,2,12,28,0,19,0,30,30,30,30,28,0,1,109,107,172,37,0,0,0.1,5
198,30,28,2,12,28,0,19,0,30,30,30,30,28,0,0,109,107,172,37,0,0,0.1,5
199,30,26,4,12,26,0,19,0,30,30,30,30,26,0,0,109,107,176,38,4,4,0.1,5
200,30,25,5,12,25,0,19,0,30,30,30,30,25,0,0,109,107,177,39,1,1,0.1,5
201,30,25,5,12,25,0,19,0,30,30,30,30,25,0,0,109,107,177,39,0,0,0.1,5
202,30,27,3,12,27,0,19,2,30,30,30,30,27,0,2,111,109,177,39,0,0,0.1,5
203,30,27,3,12,27,0,19,0,30,30,30,30,27,0,0,111,109,177,39,0,0,0.1,5
204,30,27,3,12,27,0,19,0,30,30,30,30,27,0,0,111,109,177,39,0,0,0.1,5
205,30,24,6,12,24,0,19,1,30,30,30,30,24,0,0,111,109,180,39,3,3,0.1,5
206,30,24,6,12,24,0,19,0,30,30,30,30,24,0,0,111,109,183,39,3,3,0.1,5
207,30,25,5,12,25,0,19,0,30,30,30,30,25,0,1,112,110,183,39,0,0,0.1,5
208,30,27,3,12,27,0,19,1,30,30,30,30,27,0,2,114,112,183,39,0,0,0.1,5
209,30,27,3,12,27,0,19,1,30,30,30,30,27,0,0,114,112,183,39,0,0,0.1,5
210,30,27,3,12,27,0,19,0,30,30,30,30,27,0,0,114,112,183,39,0,0,0.1,5
211,30,28,2,12,28,0,19,0,30,30,30,30,28,0,1,115,113,183,39,0,0,0.1,5
212,30,28,2,12,28,0,19,0,30,30,30,30,28,0,0,115,113,184,39,1,1,0.1,5
213,30,27,3,12,27,0,19,0,30,30,30,30,27,0,0,115,113,186,39,2,2,0.1,5
214,30,27,3,12,27,0,19,0,30,30,30,30,27,0,1,116,114,187,39,1,1,0.1,5
215,30,27,3,12,27,0,19,0,30,30,30,30,27,0,0,116,114,187,39,0,0,0.1,5
216,30,27,3,12,27,0,19,0,30,30,30,30,27,0,0,116,114,187,39,0,0,0.1,5
217,30,27,3,12,27,0,19,0,30,30,30,30,27,0,0,116,114,187,39,0,0,0.1,5
218,30,28,2,12,28,0,19,0,30,30,30,30,28,0,1,117,115,187,39,0,0,0.1,5
219,29,26,3,12,26,0,19,0,30,30,30,29,26,0,0,117,115,189,39,3,2,0.1,5
220,30,26,4,12,26,0,19,0,30,1,30,30,26,0,2,119,117,192,39,2,3,0.1,5
221,30,26,4,12,26,0,19,0,30,2,30,30,26,0,0,119,117,192,39,0,0,0.1,5
222,30,26,4,12,26,0,19,0,30,6,30,30,26,0,0,119,117,192,39,0,0,0.1,5
223,30,26,4,12,26,0,19,0,30,6,30,30,26,0,0,119,117,192,39,0,0,0.1,5
224,30,26,4,12,26,0,19,0,30,6,30,30,26,0,0,119,117,192,39,0,0,0.1,5
225,30,26,4,12,26,0,19,0,30,6,30,30,26,0,0,119,117,192,39,0,0,0.1,5
226,30,26,4,12,26,0,19,0,30,6,30,30,26,0,0,119,117,193,39,1,1,0.1,5
227,29,24,5,12,24,0,19,0,30,7,30,29,24,0,0,119,117,197,39,5,4,0.1,5
228,30,23,7,12,23,0,19,0,30,7,30,30,23,0,0,119,117,199,39,1,2,0.1,5
229,30,23,7,12,23,0,19,0,30,7,30,30,23,0,0,119,117,199,39,0,0,0.1,5
230,30,23,7,12,23,0,19,0,30,8,30,30,23,0,0,119,117,199,39,0,0,0.1,5
231,30,23,7,12,23,0,19,0,30,9,30,30,23,0,0,119,117,199,39,0,0,0.1,5
232,30,23,7,12,23,0,19,0,30,9,30,30,23,0,0,119,117,199,39,0,0,0.1,5
233,30,22,8,12,22,0,19,0,30,9,30,30,22,0,0,119,117,201,39,2,2,0.1,5
234,28,22,6,12,22,0,19,0,30,11,30,28,22,0,0,119,117,203,39,4,2,0.1,5
235,30,22,8,12,22,0,19,0,30,11,30,30,22,0,0,119,117,207,39,2,4,0.1,5
236,30,22,8,12,22,0,19,0,30,11,30,30,22,0,0,119,117,207,39,0,0,0.1,5
237,30,22,8,12,22,0,19,0,30,12,30,30,22,0,0,119,117,207,39,0,0,0.1,5
238,30,23,7,12,23,0,19,0,30,12,30,30,23,0,1,120,118,207,39,0,0,0.1,5
239,30,23,7,12,23,0,19,1,30,13,30,30,23,0,0,120,118,207,39,0,0,0.1,5
240,30,23,7,12,23,0,19,0,30,13,30,30,23,0,0,120,118,208,39,1,1,0.1,5
241,30,25,5,12,25,2,19,0,30,14,30,30,25,0,0,122,118,210,39,2,2,0.1,5
242,30,25,5,12,25,2,19,0,30,14,30,30,25,0,0,122,118,214,39,4,4,0.1,5
243,30,25,5,12,25,2,19,0,30,15,30,30,25,0,0,122,118,214,39,0,0,0.1,5
244,30,25,5,12,25,2,19,0,30,15,30,30,25,0,0,122,118,214,39,0,0,0.1,5
245,30,25,5,12,25,2,19,0,30,15,30,30,25,0,0,122,118,214,39,0,0,0.1,5
246,30,26,4,12,26,2,19,0,30,15,30,30,26,0,1,123,119,214,39,0,0,0.1,5
247,28,25,3,12,25,2,19,1,30,15,30,28,25,0,0,123,119,214,39,2,0,0.1,5
248,30,23,7,12,23,0,19,0,30,16,30,30,23,0,0,123,119,218,39,2,4,0.1,5
249,30,24,6,12,24,0,19,0,30,16,30,30,24,0,1,124,120,221,39,3,3,0.1,5
250,30,24,6,12,24,0,19,0,30,18,30,30,24,0,0,124,120,221,39,0,0,0.1,5
251,30,24,6,12,24,0,19,0,30,19,30,30,24,0,0,124,120,221,39,0,0,0.1,5
252,30,25,5,12,25,0,19,0,30,22,30,30,25,0,1,125,121,221,39,0,0,0.1,5
253,30,26,4,12,26,0,19,0,30,22,30,30,26,0,1,126,122,221,39,0,0,0.1,5
254,30,26,4,12,26,0,19,0,30,22,30,30,26,0,0,126,122,221,39,0,0,0.1,5
255,29,26,3,12,26,0,19,0,30,22,30,29,26,0,0,126,122,222,39,2,1,0.1,5
256,30,25,5,12,25,0,19,0,30,23,30,30,25,0,0,126,122,226,39,3,4,0.1,5
257,30,26,4,12,26,0,19,1,30,24,30,30,26,0,1,127,123,226,39,0,0,0.1,5
258,30,26,4,12,26,0,19,0,30,24,30,30,26,0,0,127,123,226,39,0,0,0.1,5
259,30,26,4,12,26,0,19,0,30,24,30,30,26,0,0,127,123,226,39,0,0,0.1,5
260,30,26,4,12,26,0,19,0,30,25,30,30,26,0,0,127,123,226,39,0,0,0.1,5
261,30,26,4,12,26,0,19,0,30,25,30,30,26,0,0,127,123,226,39,0,0,0.1,5
262,30,25,5,12,25,0,19,0,30,25,30,30,25,0,1,128,124,229,39,3,3,0.1,5
263,30,25,5,12,25,0,19,0,30,25,30,30,25,0,1,129,125,232,39,3,3,0.1,5
264,30,25,5,12,25,0,19,1,30,26,30,30,25,0,0,129,125,232,39,0,0,0.1,5
265,30,28,2,12,28,0,19,0,30,27,30,30,28,0,3,132,128,232,39,0,0,0.1,5
266,30,28,2,12,28,0,19,0,30,27,30,30,28,0,0,132,128,232,39,0,0,0.1,5
267,30,28,2,12,28,0,19,0,30,28,30,30,28,0,0,132,128,232,39,0,0,0.1,5
268,30,28,2,12,28,0,19,0,30,28,30,30,28,0,0,132,128,232,39,0,0,0.1,5
269,30,28,2,12,28,0,19,0,30,29,30,30,28,0,0,132,128,233,39,1,1,0.1,5
270,30,26,4,12,26,0,19,0,30,29,30,30,26,0,0,132,128,236,39,3,3,0.1,5
271,30,26,4,12,26,0,19,0,30,29,30,30,26,0,0,132,128,236,39,0,0,0.1,5
272,30,26,4,12,26,0,19,1,30,29,30,30,26,0,0,132,128,236,39,0,0,0.1,5
273,30,27,3,12,27,0,19,0,30,29,30,30,27,0,1,133,129,236,39,0,0,0.1,5
274,30,27,3,12,27,0,19,1,30,29,30,30,27,0,0,133,129,236,39,0,0,0.1,5
275,30,28,2,12,28,0,19,0,30,29,30,30,28,0,1,134,130,236,39,0,0,0.1,5
276,30,26,4,12,26,0,19,1,30,29,30,30,26,0,0,134,130,239,39,3,3,0.1,5
277,30,24,6,12,24,0,19,0,30,29,30,30,24,0,0,134,130,242,39,3,3,0.1,5
278,30,26,4,12,26,0,19,0,30,29,30,30,26,0,2,136,132,242,39,0,0,0.1,5
279,30,26,4,12,26,0,19,0,30,29,30,30,26,0,0,136,132,242,39,0,0,0.1,5
280,30,27,3,12,27,0,19,1,30,29,30,30,27,0,1,137,133,242,39,0,0,0.1,5
281,30,28,2,12,28,0,19,0,30,29,30,30,28,0,1,138,134,242,39,0,0,0.1,5
282,30,28,2,12,28,0,19,0,30,29,30,30,28,0,0,138,134,242,39,0,0,0.1,5
283,30,28,2,12,28,0,19,0,30,29,30,30,28,0,0,138,134,243,39,1,1,0.1,5
284,29,26,3,12,26,0,19,0,30,29,30,29,26,0,0,138,134,245,39,3,2,0.1,5
285,30,26,4,12,26,0,19,1,30,29,30,30,26,0,0,138,134,246,39,0,1,0.1,5
286,30,26,4,12,26,0,19,0,30,29,30,30,26,0,0,138,134,246,39,0,0,0.1,5
287,30,27,3,12,27,0,19,0,30,29,30,30,27,0,1,139,135,246,39,0,0,0.1,5
288,30,28,2,12,28,0,19,0,30,29,30,30,28,0,1,140,136,246,39,0,0,0.1,5
289,30,28,2,12,28,0,19,0,30,29,30,30,28,0,0,140,136,246,39,0,0,0.1,5
290,30,27,3,12,27,0,19,1,30,29,30,30,27,0,1,141,137,248,39,2,2,0.1,5
291,30,25,5,12,25,0,19,0,30,29,30,30,25,0,0,141,137,250,39,2,2,0.1,5
292,30,25,5,12,25,0,19,0,30,29,30,30,25,0,0,141,137,251,39,1,1,0.1,5
293,30,27,3,12,27,0,19,0,30,29,30,30,27,0,2,143,139,251,39,0,0,0.1,5
294,30,27,3,12,27,0,19,0,30,29,30,30,27,0,0,143,139,251,39,0,0,0.1,5
295,30,27,3,12,27,0,19,0,30,29,30,30,27,0,0,143,139,251,39,0,0,0.1,5
296,30,27,3,12,27,0,19,0,30,29,30,30,27,0,0,143,139,251,39,0,0,0.1,5
297,30,26,4,12,26,0,19,1,30,29,30,30,26,0,0,143,139,253,39,2,2,0.1,5
298,29,24,5,12,24,0,19,0,30,29,30,29,24,0,0,143,139,255,39,3,2,0.1,5
299,30,26,4,12,26,0,19,0,30,29,30,30,26,0,2,145,141,257,39,1,2,0.1,5
300,30,26,4,12,26,0,19,0,30,29,30,30,26,0,0,145,141,257,39,0,0,0.1,5
301,30,28,2,12,28,0,19,0,30,29,30,30,28,0,2,147,143,257,39,0,0,0.1,5
302,30,28,2,12,28,0,19,0,30,29,30,30,28,0,0,147,143,257,39,0,0,0.1,5
303,30,28,2,12,28,0,19,1,30,29,30,30,28,0,0,147,143,257,39,0,0,0.1,5
304,30,28,2,12,28,1,19,0,30,29,30,30,28,0,0,148,143,258,39,1,1,0.1,5
305,28,27,1,12,27,1,19,0,30,29,30,28,27,0,0,148,143,258,39,2,0,0.1,5
306,30,28,2,12,28,2,19,0,30,29,30,30,28,0,0,149,143,261,39,1,3,0.1,5
307,30,28,2,12,28,2,19,0,30,29,30,30,28,0,0,149,143,261,39,0,0,0.1,5
308,30,28,2,12,28,2,19,1,30,29,30,30,28,0,0,149,143,261,39,0,0,0.1,5
309,30,28,2,12,28,2,19,0,30,29,30,30,28,0,0,149,143,261,39,0,0,0.1,5
310,30,30,0,12,30,2,19,0,30,29,30,30,30,0,2,151,145,261,39,0,0,0.1,5
311,29,27,2,12,27,1,19,1,30,29,30,29,27,0,0,151,145,263,39,3,2,0.1,5
312,30,27,3,12,27,1,19,0,30,29,30,30,27,0,1,152,146,265,39,1,2,0.1,5
313,30,26,4,12,26,0,19,0,30,30,30,30,26,0,1,153,147,267,39,2,2,0.1,5
314,30,27,3,12,27,0,19,0,30,30,30,30,27,0,1,154,148,267,39,0,0,0.1,5
315,30,27,3,12,27,0,19,0,30,30,30,30,27,0,0,154,148,267,39,0,0,0.1,5
316,30,28,2,12,28,0,19,0,30,30,30,30,28,0,1,155,149,267,39,0,0,0.1,5
317,30,28,2,12,28,0,19,0,30,30,30,30,28,0,0,155,149,267,39,0,0,0.1,5
318,30,29,1,12,29,0,19,1,30,30,30,30,29,0,1,156,150,267,39,0,0,0.1,5
319,30,29,1,12,29,0,19,0,30,30,30,30,29,0,0,156,150,267,39,0,0,0.1,5
320,30,27,3,12,27,0,19,2,30,30,30,30,27,0,0,156,150,270,39,3,3,0.1,5
321,30,28,2,12,28,0,19,1,30,30,30,30,28,0,1,157,151,270,39,0,0,0.1,5
322,30,28,2,12,28,0,19,2,30,30,30,30,28,0,0,157,151,270,39,0,0,0.1,5
323,30,29,1,12,29,0,19,1,30,30,30,30,29,0,1,158,152,270,39,0,0,0.1,5
324,30,29,1,12,29,0,19,0,30,30,30,30,29,0,0,158,152,270,39,0,0,0.1,5
325,30,27,3,12,27,0,19,1,30,30,30,30,27,0,0,158,152,272,39,2,2,0.1,5
326,30,25,5,12,25,0,19,0,30,30,30,30,25,0,0,158,152,274,39,2,2,0.1,5
327,30,24,6,12,24,0,19,0,30,30,30,30,24,0,0,158,152,276,39,2,2,0.1,5
328,30,24,6,12,24,0,19,1,30,30,30,30,24,0,0,158,152,276,39,0,0,0.1,5
329,30,26,4,12,26,0,19,0,30,30,30,30,26,0,2,160,154,276,39,0,0,0.1,5
330,30,26,4,12,26,0,19,0,30,30,30,30,26,0,0,160,154,276,39,0,0,0.1,5
331,30,26,4,12,26,0,19,0,30,30,30,30,26,0,0,160,154,276,39,0,0,0.1,5
332,30,26,4,12,26,0,19,0,30,30,30,30,26,0,0,160,154,278,39,2,2,0.1,5
333,30,26,4,12,26,0,19,1,30,30,30,30,26,0,0,160,154,279,39,1,1,0.1,5
334,30,25,5,12,25,0,19,0,30,30,30,30,25,0,1,161,155,282,39,3,3,0.1,5
335,30,26,4,12,26,0,19,0,30,30,30,30,26,0,1,162,156,282,39,0,0,0.1,5
336,30,26,4,12,26,0,19,0,30,30,30,30,26,0,0,162,156,282,39,0,0,0.1,5
337,30,28,2,12,28,0,19,0,30,30,30,30,28,0,2,164,158,282,39,0,0,0.1,5
338,30,28,2,12,28,0,19,0,30,30,30,30,28,0,0,164,158,282,39,0,0,0.1,5
339,30,28,2,12,28,0,19,0,30,30,30,30,28,0,0,164,158,283,39,1,1,0.1,5
340,30,27,3,12,27,0,19,0,30,30,30,30,27,0,0,164,158,284,39,1,1,0.1,5
341,29,27,2,12,27,0,19,0,30,30,30,29,27,0,1,165,159,285,39,2,1,0.1,5
342,30,27,3,12,27,0,19,1,30,30,30,30,27,0,0,165,159,286,39,0,1,0.1,5
343,30,28,2,12,28,0,19,0,30,30,30,30,28,0,1,166,160,286,39,0,0,0.1,5
344,30,28,2,12,28,0,19,1,30,30,30,30,28,0,0,166,160,286,39,0,0,0.1,5
345,30,28,2,12,28,0,19,0,30,30,30,30,28,0,0,166,160,286,39,0,0,0.1,5
346,29,27,2,12,27,0,19,1,30,30,30,29,27,0,0,166,160,286,39,1,0,0.1,5
347,30,26,4,12,26,0,19,0,30,30,30,30,26,0,0,166,160,288,39,1,2,0.1,5
348,29,26,3,12,26,0,19,0,30,30,30,29,26,0,2,168,162,290,39,3,2,0.1,5
349,30,26,4,12,26,0,19,0,30,30,30,30,26,0,0,168,162,291,39,0,1,0.1,5
350,30,27,3,12,27,0,19,0,30,30,30,30,27,0,1,169,163,291,39,0,0,0.1,5
351,30,27,3,12,27,0,19,0,30,30,30,30,27,0,0,169,163,291,39,0,0,0.1,5
352,30,28,2,12,28,0,19,0,30,30,30,30,28,0,1,170,164,291,39,0,0,0.1,5
353,30,27,3,12,27,0,19,0,30,30,30,30,27,0,0,170,164,292,39,1,1,0.1,5
354,30,27,3,12,27,0,19,0,30,30,30,30,27,0,1,171,165,294,39,2,2,0.1,5
355,30,27,3,12,27,0,19,0,30,30,30,30,27,0,0,171,165,295,39,1,1,0.1,5
356,30,26,4,12,26,0,19,1,30,30,30,30,26,0,0,171,165,296,39,1,1,0.1,5
357,30,26,4,12,26,0,19,0,30,30,30,30,26,0,0,171,165,296,39,0,0,0.1,5
358,30,28,2,12,28,0,19,0,30,30,30,30,28,0,2,173,167,296,39,0,0,0.1,5
359,30,28,2,12,28,0,19,0,30,30,30,30,28,0,0,173,167,296,39,0,0,0.1,5
360,30,28,2,12,28,0,19,0,30,30,30,30,28,0,0,173,167,296,39,0,0,0.1,5
361,30,27,3,12,27,0,19,0,30,30,30,30,27,0,0,173,167,297,39,1,1,0.1,5
362,30,26,4,12,26,0,19,0,30,30,30,30,26,0,0,173,167,299,39,2,2,0.1,5
363,30,26,4,12,26,0,19,0,30,30,30,30,26,0,1,174,168,301,39,2,2,0.1,5
364,30,26,4,12,26,0,19,0,30,30,30,30,26,0,0,174,168,301,39,0,0,0.1,5
365,30,27,3,12,27,0,19,0,30,30,30,30,27,0,1,175,169,301,39,0,0,0.1,5
366,30,27,3,12,27,0,19,0,30,30,30,30,27,0,0,175,169,301,39,0,0,0.1,5
367,30,27,3,12,27,0,19,0,30,30,30,30,27,0,1,176,170,302,39,1,1,0.1,5
368,28,26,2,12,26,0,19,0,30,30,30,28,26,0,1,177,171,303,39,3,1,0.1,5
369,30,26,4,12,26,0,19,0,30,30,30,30,26,0,0,177,171,305,39,0,2,0.1,5
370,30,27,3,12,27,0,19,0,30,30,30,30,27,0,1,178,172,305,39,0,0,0.1,5
371,30,27,3,12,27,0,19,0,30,30,30,30,27,0,0,178,172,305,39,0,0,0.1,5
372,30,29,1,12,29,0,19,0,30,30,30,30,29,0,2,180,174,305,39,0,0,0.1,5
373,30,29,1,12,29,0,19,0,30,30,30,30,29,0,0,180,174,305,39,0,0,0.1,5
374,30,30,0,12,30,0,19,0,30,30,30,30,30,0,1,181,175,305,39,0,0,0.1,5
375,30,30,0,12,30,0,19,0,30,30,30,30,30,0,0,181,175,305,39,0,0,0.1,5
376,30,28,2,12,28,0,19,0,30,30,30,30,28,0,0,181,175,307,39,2,2,0.1,5
377,30,26,4,12,26,0,19,0,30,30,30,30,26,0,0,181,175,309,39,2,2,0.1,5
378,30,27,3,12,27,0,19,0,30,30,30,30,27,0,1,182,176,309,39,0,0,0.1,5
379,30,29,1,12,29,0,19,0,30,30,30,30,29,0,2,184,178,309,39,0,0,0.1,5
380,30,29,1,12,29,0,19,0,30,30,30,30,29,0,0,184,178,309,39,0,0,0.1,5
381,29,28,1,12,28,0,19,0,30,30,30,29,28,0,0,184,178,309,39,1,0,0.1,5
382,30,28,2,12,28,0,19,0,30,30,30,30,28,0,1,185,179,311,39,1,2,0.1,5
383,30,26,4,12,26,0,19,0,30,30,30,30,26,0,0,185,179,313,39,2,2,0.1,5
384,30,28,2,12,28,0,19,0,30,30,30,30,28,0,2,187,181,314,39,1,1,0.1,5
385,30,28,2,12,28,0,19,0,30,30,30,30,28,0,0,187,181,314,39,0,0,0.1,5
386,30,28,2,12,28,0,19,0,30,30,30,30,28,0,0,187,181,314,39,0,0,0.1,5
387,30,28,2,12,28,0,19,0,30,30,30,30,28,0,0,187,181,314,39,0,0,0.1,5
388,30,28,2,12,28,0,19,0,30,30,30,30,28,0,0,187,181,314,39,0,0,0.1,5
389,30,29,1,12,29,0,19,0,30,30,30,30,29,0,1,188,182,314,39,0,0,0.1,5
390,30,28,2,12,28,0,19,0,30,30,30,30,28,0,1,189,183,317,39,3,3,0.1,5
391,30,27,3,12,27,0,19,0,30,30,30,30,27,0,0,189,183,318,39,1,1,0.1,5
392,30,27,3,12,27,0,19,0,30,30,30,30,27,0,0,189,183,318,39,0,0,0.1,5
393,30,27,3,12,27,0,19,0,30,30,30,30,27,0,0,189,183,318,39,0,0,0.1,5
394,30,28,2,12,28,0,19,0,30,30,30,30,28,0,1,190,184,318,39,0,0,0.1,5
395,30,28,2,12,28,0,19,0,30,30,30,30,28,0,0,190,184,318,39,0,0,0.1,5
396,30,27,3,12,27,0,19,0,30,30,30,30,27,0,1,191,185,320,39,2,2,0.1,5
397,30,26,4,12,26,0,19,0,30,30,30,30,26,0,0,191,185,322,39,2,2,0.1,5
398,30,25,5,12,25,0,19,0,30,30,30,30,25,0,0,191,185,323,39,1,1,0.1,5
399,30,25,5,12,25,0,19,0,30,30,30,30,25,0,0,191,185,323,39,0,0,0.1,5
400,30,25,5,12,25,0,19,1,30,2,30,30,25,0,0,191,185,323,39,0,0,0.1,5
401,30,25,5,12,25,0,19,0,30,4,30,30,25,0,0,191,185,323,39,0,0,0.1,5
402,30,25,5,12,25,0,19,0,30,4,30,30,25,0,0,191,185,323,39,0,0,0.1,5
403,30,25,5,12,25,0,19,0,30,4,30,30,25,0,0,191,185,325,39,2,2,0.1,5
404,30,23,7,12,23,0,19,0,30,6,30,30,23,0,0,191,185,329,39,4,4,0.1,5
405,30,22,8,12,22,0,19,0,30,6,30,30,22,0,0,191,185,331,39,2,2,0.1,5
406,30,22,8,12,22,0,19,0,30,7,30,30,22,0,0,191,185,331,39,0,0,0.1,5
407,30,22,8,12,22,0,19,0,30,8,30,30,22,0,0,191,185,331,39,0,0,0.1,5
408,30,22,8,12,22,0,19,0,30,8,30,30,22,0,0,191,185,331,39,0,0,0.1,5
409,30,22,8,12,22,0,19,1,30,8,30,30,22,0,0,191,185,331,39,0,0,0.1,5
410,30,22,8,12,22,0,19,0,30,8,30,30,22,0,0,191,185,333,39,2,2,0.1,5
411,29,22,7,12,22,0,19,0,30,8,30,29,22,0,0,191,185,336,39,4,3,0.1,5
412,30,22,8,12,22,0,19,0,30,8,30,30,22,0,0,191,185,339,39,2,3,0.1,5
413,30,23,7,12,23,0,19,1,30,8,30,30,23,0,1,192,186,339,39,0,0,0.1,5
414,30,23,7,12,23,0,19,0,30,9,30,30,23,0,0,192,186,339,39,0,0,0.1,5
415,30,23,7,12,23,0,19,0,30,10,30,30,23,0,0,192,186,339,39,0,0,0.1,5
416,30,23,7,12,23,0,19,0,30,12,30,30,23,0,0,192,186,339,39,0,0,0.1,5
417,30,24,6,12,24,0,19,0,30,13,30,30,24,0,1,193,187,341,39,2,2,0.1,5
418,30,24,6,12,24,0,19,0,30,13,30,30,24,0,0,193,187,343,39,2,2,0.1,5
419,30,24,6,12,24,0,19,0,30,13,30,30,24,0,0,193,187,345,39,2,2,0.1,5
420,30,24,6,12,24,0,19,1,30,14,30,30,24,0,0,193,187,345,39,0,0,0.1,5
421,30,24,6,12,24,0,19,0,30,16,30,30,24,0,0,193,187,345,39,0,0,0.1,5
422,30,24,6,12,24,0,19,0,30,17,30,30,24,0,0,193,187,345,39,0,0,0.1,5
423,30,24,6,12,24,0,19,0,30,18,30,30,24,0,0,193,187,345,39,0,0,0.1,5
424,30,24,6,12,24,0,19,0,30,18,30,30,24,0,0,193,187,347,39,2,2,0.1,5
425,28,23,5,12,23,0,19,0,30,18,30,28,23,0,0,193,187,348,39,3,1,0.1,5
426,30,22,8,12,22,0,19,0,30,18,30,30,22,0,0,193,187,353,39,3,5,0.1,5
427,30,24,6,12,24,0,19,0,30,18,30,30,24,0,2,195,189,353,39,0,0,0.1,5
428,30,24,6,12,24,0,19,0,30,18,30,30,24,0,0,195,189,353,39,0,0,0.1,5
429,30,25,5,12,25,0,19,0,30,19,30,30,25,0,1,196,190,353,39,0,0,0.1,5
430,30,25,5,12,25,0,19,1,30,20,30,30,25,0,0,196,190,353,39,0,0,0.1,5
431,30,25,5,12,25,0,19,0,30,22,30,30,25,0,0,196,190,354,39,1,1,0.1,5
432,29,26,3,12,25,0,19,0,30,22,30,29,25,0,1,197,191,354,39,1,0,0.1,5
433,30,26,4,12,26,0,19,0,30,22,30,30,26,0,0,197,191,357,39,2,3,0.1,5
434,30,26,4,12,26,0,19,0,30,23,30,30,26,0,0,197,191,357,39,0,0,0.1,5
435,30,26,4,12,26,0,19,0,30,23,30,30,26,0,0,197,191,357,39,0,0,0.1,5
436,30,26,4,12,26,0,19,1,30,24,30,30,26,0,0,197,191,357,39,0,0,0.1,5
437,30,26,4,12,26,0,19,1,30,24,30,30,26,0,0,197,191,357,39,0,0,0.1,5
438,30,25,5,12,25,0,19,0,30,26,30,30,25,0,0,197,191,359,39,2,2,0.1,5
439,30,25,5,12,25,0,19,0,30,26,30,30,25,0,0,197,191,359,39,0,0,0.1,5
440,29,23,6,12,23,0,19,0,30,27,30,29,23,0,1,198,192,363,39,5,4,0.1,5
441,30,24,6,12,24,0,19,1,30,27,30,30,24,0,1,199,193,364,39,0,1,0.1,5
442,30,25,5,12,25,0,19,0,30,27,30,30,25,0,1,200,194,364,39,0,0,0.1,5
443,30,25,5,12,25,0,19,0,30,27,30,30,25,0,0,200,194,364,39,0,0,0.1,5
444,30,27,3,12,27,0,19,0,30,28,30,30,27,0,2,202,196,364,39,0,0,0.1,5
445,30,27,3,12,27,0,19,0,30,28,30,30,27,0,0,202,196,365,39,1,1,0.1,5
446,30,28,2,12,28,0,19,1,30,28,30,30,28,0,1,203,197,365,39,0,0,0.1,5
447,30,27,3,12,27,0,19,1,30,28,30,30,27,0,0,203,197,367,39,2,2,0.1,5
448,30,27,3,12,27,0,19,0,30,28,30,30,27,0,0,203,197,367,39,0,0,0.1,5
449,30,27,3,12,27,0,19,1,30,28,30,30,27,0,0,203,197,367,39,0,0,0.1,5
450,30,28,2,12,28,0,19,0,30,29,30,30,28,0,1,204,198,367,39,0,0,0.1,5
451,30,30,0,12,30,0,19,0,30,29,30,30,30,0,2,206,200,367,39,0,0,0.1,5
452,30,29,1,12,29,0,19,0,30,29,30,30,29,0,0,206,200,368,39,1,1,0.1,5
453,30,29,1,12,29,0,19,0,30,29,30,30,29,0,0,206,200,368,39,0,0,0.1,5
454,30,27,3,12,27,0,19,0,30,29,30,30,27,0,1,207,201,371,39,3,3,0.1,5
455,30,26,4,12,26,0,19,0,30,29,30,30,26,0,0,207,201,372,39,1,1,0.1,5
456,30,27,3,12,27,0,19,0,30,29,30,30,27,0,1,208,202,372,39,0,0,0.1,5
457,30,28,2,12,28,0,19,0,30,29,30,30,28,0,1,209,203,372,39,0,0,0.1,5
458,30,28,2,12,28,0,19,0,30,29,30,30,28,0,0,209,203,372,39,0,0,0.1,5
459,28,27,1,12,27,0,19,0,30,29,30,28,27,0,0,209,203,372,39,2,0,0.1,5
460,30,27,3,12,27,0,19,0,30,29,30,30,27,0,0,209,203,374,39,0,2,0.1,5
461,30,26,4,12,26,0,19,0,30,29,30,30,26,0,1,210,204,376,39,2,2,0.1,5
462,30,29,1,12,29,0,19,0,30,29,30,30,29,0,3,213,207,376,39,0,0,0.1,5
463,30,29,1,12,29,0,19,0,30,29,30,30,29,0,0,213,207,376,39,0,0,0.1,5
464,30,29,1,12,29,0,19,0,30,29,30,30,29,0,0,213,207,376,39,0,0,0.1,5
465,30,30,0,12,30,0,19,1,30,29,30,30,30,0,1,214,208,376,39,0,0,0.1,5
466,30,30,0,12,30,0,19,0,30,29,30,30,30,0,0,214,208,376,39,0,0,0.1,5
467,30,30,0,12,30,0,19,0,30,29,30,30,30,0,0,214,208,376,39,0,0,0.1,5
468,30,27,3,12,27,0,19,1,30,29,30,30,27,0,0,214,208,379,39,3,3,0.1,5
469,30,28,2,12,28,0,19,0,30,29,30,30,28,0,2,216,210,380,39,1,1,0.1,5
470,30,28,2,12,28,0,19,0,30,29,30,30,28,0,0,216,210,380,39,0,0,0.1,5
471,30,29,1,12,29,0,19,0,30,29,30,30,29,0,1,217,211,380,39,0,0,0.1,5
472,30,29,1,12,29,0,19,1,30,29,30,30,29,0,0,217,211,380,39,0,0,0.1,5
473,30,30,0,12,30,0,19,1,30,30,30,30,30,0,1,218,212,380,39,0,0,0.1,5
474,30,28,2,12,28,0,19,0,30,30,30,30,28,0,0,218,212,382,39,2,2,0.1,5
475,30,28,2,12,28,0,19,0,30,30,30,30,28,0,2,220,214,384,39,2,2,0.1,5
476,30,28,2,12,28,0,19,0,30,30,30,30,28,0,0,220,214,384,39,0,0,0.1,5
477,30,28,2,12,28,0,19,0,30,30,30,30,28,0,0,220,214,384,39,0,0,0.1,5
478,30,29,1,12,29,0,19,0,30,30,30,30,29,0,1,221,215,384,39,0,0,0.1,5
479,30,29,1,12,29,0,19,0,30,30,30,30,29,0,0,221,215,384,39,0,0,0.1,5
480,30,29,1,12,29,0,19,0,30,30,30,30,29,0,0,221,215,384,39,0,0,0.1,5
481,30,29,1,12,29,0,19,0,30,30,30,30,29,0,0,221,215,384,39,0,0,0.1,5
482,30,27,3,12,27,1,19,1,30,30,30,30,27,0,0,222,215,388,39,4,4,0.1,5
483,30,26,4,12,26,1,19,0,30,30,30,30,26,0,0,222,215,389,39,1,1,0.1,5
484,30,26,4,12,26,1,19,0,30,30,30,30,26,0,0,222,215,389,39,0,0,0.1,5
485,30,27,3,12,27,1,19,0,30,30,30,30,27,0,1,223,216,389,39,0,0,0.1,5
486,30,27,3,12,27,1,19,0,30,30,30,30,27,0,0,223,216,389,39,0,0,0.1,5
487,30,27,3,12,27,1,19,0,30,30,30,30,27,0,0,223,216,389,39,0,0,0.1,5
488,30,27,3,12,27,1,19,0,30,30,30,30,27,0,2,225,218,391,39,2,2,0.1,5
489,30,26,4,12,26,0,19,1,30,30,30,30,26,0,1,226,219,393,39,2,2,0.1,5
490,30,26,4,12,26,0,19,1,30,30,30,30,26,0,0,226,219,393,39,0,0,0.1,5
491,30,27,3,12,27,0,19,0,30,30,30,30,27,0,1,227,220,393,39,0,0,0.1,5
492,30,28,2,12,28,0,19,0,30,30,30,30,28,0,1,228,221,393,39,0,0,0.1,5
493,30,29,1,12,29,0,19,0,30,30,30,30,29,0,1,229,222,393,39,0,0,0.1,5
494,30,29,1,12,29,0,19,1,30,30,30,30,29,0,0,229,222,393,39,0,0,0.1,5
495,30,29,1,12,29,0,19,0,30,30,30,30,29,0,0,229,222,393,39,0,0,0.1,5
496,29,27,2,12,27,0,19,0,30,30,30,29,27,0,1,230,223,396,39,4,3,0.1,5
497,30,28,2,12,28,0,19,0,30,30,30,30,28,0,2,232,225,398,39,1,2,0.1,5
498,30,28,2,12,28,0,19,0,30,30,30,30,28,0,0,232,225,398,39,0,0,0.1,5
499,30,28,2,12,28,0,19,0,30,30,30,30,28,0,0,232,225,398,39,0,0,0.1,5
500,30,28,2,12,28,0,19,0,30,30,30,30,28,0,0,232,225,398,39,0,0,0.1,5
501,30,28,2,12,28,0,19,0,30,30,30,30,28,0,0,232,225,398,39,0,0,0.1,5
502,30,27,3,12,27,0,19,0,30,30,30,30,27,0,1,233,226,400,39,2,2,0.1,5
503,29,26,3,12,26,0,19,0,30,30,30,29,26,0,0,233,226,400,39,1,0,0.1,5
504,30,27,3,12,27,0,19,0,30,30,30,30,27,0,1,234,227,402,39,1,2,0.1,5
505,30,28,2,12,28,0,19,1,30,30,30,30,28,0,1,235,228,402,39,0,0,0.1,5
506,30,29,1,12,29,0,19,0,30,30,30,30,29,0,1,236,229,402,39,0,0,0.1,5
507,30,29,1,12,29,0,19,0,30,30,30,30,29,0,0,236,229,402,39,0,0,0.1,5
508,30,29,1,12,29,0,19,0,30,30,30,30,29,0,0,236,229,402,39,0,0,0.1,5
509,30,29,1,12,29,0,19,0,30,30,30,30,29,0,0,236,229,403,39,1,1,0.1,5
510,29,27,2,12,27,0,19,0,30,30,30,29,27,0,1,237,230,405,39,3,2,0.1,5
511,29,27,2,12,27,0,19,0,30,30,30,29,27,0,1,238,231,406,39,1,1,0.1,5
512,30,28,2,12,28,0,19,0,30,30,30,30,28,0,1,239,232,407,39,0,1,0.1,5
513,30,28,2,12,28,0,19,0,30,30,30,30,28,0,0,239,232,407,39,0,0,0.1,5
514,30,28,2,12,28,0,19,0,30,30,30,30,28,0,0,239,232,407,39,0,0,0.1,5
515,30,28,2,12,28,0,19,0,30,30,30,30,28,0,0,239,232,407,39,0,0,0.1,5
516,30,28,2,12,28,0,19,0,30,30,30,30,28,0,1,240,233,408,39,1,1,0.1,5
517,30,29,1,12,29,0,19,0,30,30,30,30,29,0,1,241,234,408,39,0,0,0.1,5
518,30,27,3,12,27,0,19,0,30,30,30,30,27,0,0,241,234,410,39,2,2,0.1,5
519,30,27,3,12,27,0,19,0,30,30,30,30,27,0,0,241,234,410,39,0,0,0.1,5
520,30,27,3,12,27,0,19,0,30,30,30,30,27,0,0,241,234,410,39,0,0,0.1,5
521,30,27,3,12,27,0,19,0,30,30,30,30,27,0,0,241,234,410,39,0,0,0.1,5
522,30,27,3,12,27,0,19,0,30,30,30,30,27,0,0,241,234,410,39,0,0,0.1,5
523,29,28,1,12,28,0,19,0,30,30,30,29,28,0,2,243,236,411,39,2,1,0.1,5
524,30,26,4,12,26,0,19,1,30,30,30,30,26,0,0,243,236,414,39,2,3,0.1,5
525,30,25,5,12,25,0,19,0,30,30,30,30,25,0,0,243,236,415,39,1,1,0.1,5
526,30,27,3,12,27,0,19,0,30,30,30,30,27,0,3,246,239,416,39,1,1,0.1,5
527,30,27,3,12,27,0,19,0,30,30,30,30,27,0,0,246,239,416,39,0,0,0.1,5
528,30,27,3,12,27,0,19,0,30,30,30,30,27,0,0,246,239,416,39,0,0,0.1,5
529,30,27,3,12,27,0,19,0,30,30,30,30,27,0,0,246,239,416,39,0,0,0.1,5
530,29,27,2,12,27,0,19,0,30,30,30,29,27,0,0,246,239,416,39,1,0,0.1,5
531,30,27,3,12,27,0,19,1,30,30,30,30,27,0,0,246,239,418,39,1,2,0.1,5
532,30,27,3,12,27,0,19,0,30,30,30,30,27,0,2,248,241,420,39,2,2,0.1,5
533,30,28,2,12,28,0,19,0,30,30,30,30,28,0,1,249,242,421,39,1,1,0.1,5
534,30,30,0,12,30,0,19,0,30,30,30,30,30,0,2,251,244,421,39,0,0,0.1,5
535,30,30,0,12,30,0,19,0,30,30,30,30,30,0,0,251,244,421,39,0,0,0.1,5
536,30,30,0,12,30,0,19,0,30,30,30,30,30,0,0,251,244,421,39,0,0,0.1,5
537,30,30,0,12,30,0,19,0,30,30,30,30,30,0,0,251,244,421,39,0,0,0.1,5
538,30,28,2,12,28,0,19,0,30,30,30,30,28,0,0,251,244,423,39,2,2,0.1,5
539,30,27,3,12,27,0,19,0,30,30,30,30,27,0,0,251,244,424,39,1,1,0.1,5
540,30,27,3,12,27,0,19,0,30,30,30,30,27,0,0,251,244,424,39,0,0,0.1,5
541,30,29,1,12,29,0,19,0,30,30,30,30,29,0,2,253,246,424,39,0,0,0.1,5
542,30,29,1,12,29,0,19,0,30,30,30,30,29,0,0,253,246,424,39,0,0,0.1,5
543,30,30,0,12,30,0,19,0,30,30,30,30,30,0,1,254,247,424,39,0,0,0.1,5
544,30,30,0,12,30,0,19,0,30,30,30,30,30,0,0,254,247,424,39,0,0,0.1,5
545,29,28,1,12,28,0,19,0,30,30,30,29,28,0,0,254,247,425,39,2,1,0.1,5
546,30,26,4,12,26,0,19,0,30,30,30,30,26,0,0,254,247,428,39,2,3,0.1,5
547,30,26,4,12,26,0,19,0,30,30,30,30,26,0,1,255,248,429,39,1,1,0.1,5
548,30,27,3,12,27,0,19,1,30,30,30,30,27,0,1,256,249,429,39,0,0,0.1,5
549,30,27,3,12,27,0,19,1,30,30,30,30,27,0,0,256,249,429,39,0,0,0.1,5
550,30,28,2,12,28,0,19,0,30,30,30,30,28,0,1,257,250,429,39,0,0,0.1,5
551,30,28,2,12,28,0,19,1,30,30,30,30,28,0,0,257,250,429,39,0,0,0.1,5
552,29,26,3,12,26,0,19,0,30,30,30,29,26,0,0,257,250,430,39,2,1,0.1,5
553,30,25,5,12,25,0,19,0,30,30,30,30,25,0,0,257,250,433,39,2,3,0.1,5
554,30,27,3,12,27,0,19,0,30,30,30,30,27,0,2,259,252,434,39,1,1,0.1,5
555,30,27,3,12,27,0,19,0,30,30,30,30,27,0,0,259,252,434,39,0,0,0.1,5
556,30,28,2,12,28,0,19,0,30,30,30,30,28,0,1,260,253,434,39,0,0,0.1,5
557,30,28,2,12,28,0,19,0,30,30,30,30,28,0,0,260,253,434,39,0,0,0.1,5
558,30,30,0,12,30,0,19,0,30,30,30,30,30,0,2,262,255,434,39,0,0,0.1,5
559,30,29,1,12,29,0,19,1,30,30,30,30,29,0,0,262,255,435,39,1,1,0.1,5
560,30,27,3,12,27,0,19,0,30,30,30,30,27,0,0,262,255,437,39,2,2,0.1,5
561,30,27,3,12,27,0,19,0,30,30,30,30,27,0,0,262,255,437,39,0,0,0.1,5
562,30,27,3,12,27,0,19,0,30,30,30,30,27,0,0,262,255,437,39,0,0,0.1,5
563,30,27,3,12,27,0,19,0,30,30,30,30,27,0,0,262,255,437,39,0,0,0.1,5
564,30,27,3,12,27,0,19,0,30,30,30,30,27,0,0,262,255,437,39,0,0,0.1,5
565,30,27,3,12,27,0,19,1,30,30,30,30,27,0,0,262,255,437,39,0,0,0.1,5
566,30,28,2,12,28,0,19,0,30,30,30,30,28,0,2,264,257,438,39,1,1,0.1,5
567,30,25,5,12,25,0,19,0,30,30,30,30,25,0,0,264,257,442,39,4,4,0.1,5
568,30,25,5,12,25,0,19,0,30,30,30,30,25,0,1,265,258,443,39,1,1,0.1,5
569,30,26,4,12,26,0,19,0,30,30,30,30,26,0,1,266,259,443,39,0,0,0.1,5
570,30,27,3,12,27,0,19,0,30,30,30,30,27,0,1,267,260,443,39,0,0,0.1,5
0,30,0,30,16,0,0,19,0,30,10,30,0,0,0,0,0,0,30,0,0,0,0.1,6
1,30,1,29,16,1,0,19,0,30,10,30,30,1,0,1,1,1,30,0,0,0,0.1,6
2,30,5,25,16,5,0,19,0,30,10,30,30,5,0,4,5,5,30,0,0,0,0.1,6
3,30,5,25,16,5,0,19,0,30,10,30,30,5,0,0,5,5,30,1,0,0,0.1,6
4,30,6,24,16,6,0,19,0,30,10,30,30,6,0,1,6,6,30,1,0,0,0.1,6
5,30,7,23,16,7,0,19,0,30,10,30,30,7,0,1,7,7,30,1,0,0,0.1,6
6,30,7,23,16,7,0,19,1,30,11,30,30,7,0,0,7,7,30,1,0,0,0.1,6
7,30,8,22,16,8,0,19,0,30,11,30,30,8,0,1,8,8,30,1,0,0,0.1,6
8,30,3,27,16,3,0,19,0,30,11,30,30,3,0,3,11,11,38,1,8,8,0.1,6
9,30,5,25,16,5,0,19,0,30,11,30,30,5,0,2,13,13,38,1,0,0,0.1,6
10,30,5,25,16,5,0,19,0,30,11,30,30,5,0,0,13,13,38,1,0,0,0.1,6
11,30,6,24,16,6,0,19,0,30,11,30,30,6,0,1,14,14,38,1,0,0,0.1,6
12,30,6,24,16,6,0,19,0,30,11,30,30,6,0,0,14,14,38,1,0,0,0.1,6
13,30,8,22,16,8,0,19,0,30,11,30,30,8,0,2,16,16,38,1,0,0,0.1,6
14,30,8,22,16,8,0,19,0,30,12,30,30,8,0,0,16,16,38,2,0,0,0.1,6
15,29,9,20,15,9,0,19,0,30,13,30,29,9,0,1,17,17,39,3,2,1,0.1,6
16,30,9,21,15,9,0,19,0,30,14,30,30,9,0,0,17,17,40,4,0,1,0.1,6
17,30,11,19,15,11,0,19,0,30,15,30,30,11,0,2,19,19,40,5,0,0,0.1,6
18,30,11,19,15,11,0,19,1,30,15,30,30,11,0,0,19,19,40,8,0,0,0.1,6
19,30,11,19,15,11,0,19,0,30,16,30,30,11,0,0,19,19,40,8,0,0,0.1,6
20,30,13,17,15,13,0,19,0,30,17,30,30,13,0,2,21,21,40,8,0,0,0.1,6
21,30,13,17,15,13,0,19,0,30,18,30,30,13,0,0,21,21,40,8,0,0,0.1,6
22,30,7,23,19,7,0,19,0,30,19,30,30,7,0,0,21,21,46,8,6,6,0.1,6
23,30,10,20,19,10,0,19,0,30,19,30,30,10,0,3,24,24,46,8,0,0,0.1,6
24,30,11,19,19,11,0,19,0,30,21,30,30,11,0,1,25,25,46,8,0,0,0.1,6
25,30,12,18,19,12,0,19,0,30,21,30,30,12,0,1,26,26,46,8,0,0,0.1,6
26,30,12,18,19,12,0,19,0,30,22,30,30,12,0,0,26,26,46,8,0,0,0.1,6
27,30,14,16,19,14,0,19,0,30,22,30,30,14,0,2,28,28,46,8,0,0,0.1,6
28,30,14,16,19,14,0,19,0,30,23,30,30,14,0,0,28,28,46,9,0,0,0.1,6
29,30,17,13,19,17,0,19,0,30,23,30,30,17,0,4,32,32,49,9,3,3,0.1,6
30,30,17,13,20,17,0,19,0,30,23,30,30,17,0,1,33,33,50,10,1,1,0.1,6
31,30,17,13,20,17,0,19,0,30,23,30,30,17,0,0,33,33,50,10,0,0,0.1,6
32,30,18,12,20,18,0,19,0,30,23,30,30,18,0,1,34,34,50,10,0,0,0.1,6
33,30,18,12,20,18,0,19,0,30,23,30,30,18,0,0,34,34,50,10,0,0,0.1,6
34,30,18,12,20,18,0,19,0,30,23,30,30,18,0,0,34,34,50,10,0,0,0.1,6
35,30,19,11,20,19,0,19,0,30,23,30,30,19,0,1,35,35,50,10,0,0,0.1,6
36,30,15,15,19,15,0,19,0,30,23,30,30,15,0,0,35,35,55,11,5,5,0.1,6
37,30,16,14,19,16,0,19,0,30,24,30,30,16,0,1,36,36,55,11,0,0,0.1,6
38,30,17,13,19,17,0,19,0,30,24,30,30,17,0,1,37,37,55,12,0,0,0.1,6
39,30,19,11,19,19,0,19,0,30,24,30,30,19,0,2,39,39,55,12,0,0,0.1,6
40,30,19,11,19,19,0,19,0,30,4,30,30,19,0,0,39,39,55,13,0,0,0.1,6
41,30,19,11,19,19,0,19,0,30,5,30,30,19,0,0,39,39,55,13,0,0,0.1,6
42,30,19,11,19,19,0,19,0,30,6,30,30,19,0,0,39,39,55,13,0,0,0.1,6
43,30,17,13,19,17,0,19,0,30,6,30,30,17,0,0,39,39,59,13,4,4,0.1,6
44,30,16,14,19,16,0,19,0,30,6,30,30,16,0,0,39,39,60,13,1,1,0.1,6
45,30,16,14,19,16,0,19,0,30,7,30,30,16,0,0,39,39,60,13,0,0,0.1,6
46,30,16,14,19,16,0,19,0,30,8,30,30,16,0,0,39,39,60,13,0,0,0.1,6
47,30,16,14,19,16,0,19,0,30,8,30,30,16,0,0,39,39,60,13,0,0,0.1,6
48,30,17,13,19,17,0,19,0,30,8,30,30,17,0,1,40,40,60,13,0,0,0.1,6
49,30,17,13,19,17,0,19,0,30,8,30,30,17,0,0,40,40,60,14,0,0,0.1,6
50,28,14,14,16,14,0,19,0,30,8,30,28,14,1,0,40,40,65,14,7,5,0.1,6
51,30,14,16,17,14,0,19,0,30,8,30,30,14,0,0,40,40,67,14,0,2,0.1,6
52,30,15,15,17,15,0,19,0,30,8,30,30,15,0,1,41,41,67,14,0,0,0.1,6
53,30,15,15,17,15,0,19,0,30,9,30,30,15,0,0,41,41,67,14,0,0,0.1,6
54,30,15,15,17,15,0,19,0,30,9,30,30,15,0,0,41,41,67,14,0,0,0.1,6
55,30,15,15,17,15,0,19,0,30,9,30,30,15,0,0,41,41,67,14,0,0,0.1,6
56,30,16,14,17,16,0,19,0,30,10,30,30,16,0,1,42,42,67,14,0,0,0.1,6
57,29,17,12,16,17,0,19,0,30,11,30,29,17,1,1,43,43,71,14,5,4,0.1,6
58,30,16,14,17,16,0,19,0,30,12,30,30,16,0,0,43,43,74,14,2,3,0.1,6
59,30,16,14,17,16,0,19,0,30,12,30,30,16,0,0,43,43,74,14,0,0,0.1,6
60,30,16,14,17,16,0,19,0,30,12,30,30,16,0,0,43,43,74,14,0,0,0.1,6
61,30,16,14,17,16,0,19,0,30,13,30,30,16,0,0,43,43,74,14,0,0,0.1,6
62,30,18,12,17,18,0,19,0,30,13,30,30,18,0,2,45,45,74,14,0,0,0.1,6
63,30,18,12,17,18,0,19,0,30,14,30,30,18,0,0,45,45,74,14,0,0,0.1,6
64,29,19,10,17,19,1,19,0,30,15,30,29,19,0,0,46,45,75,14,2,1,0.1,6
65,30,21,9,17,21,1,19,0,30,18,30,30,21,0,3,49,48,80,14,4,5,0.1,6
66,30,22,8,17,22,1,19,1,30,19,30,30,22,0,1,50,49,80,14,0,0,0.1,6
67,30,22,8,17,22,1,19,0,30,19,30,30,22,0,0,50,49,80,15,0,0,0.1,6
68,30,23,7,17,23,1,19,1,30,20,30,30,23,0,1,51,50,80,15,0,0,0.1,6
69,30,23,7,17,23,1,19,0,30,22,30,30,23,0,0,51,50,80,15,0,0,0.1,6
70,30,23,7,17,23,1,19,0,30,23,30,30,23,0,0,51,50,80,15,0,0,0.1,6
71,30,22,8,18,22,0,19,0,30,23,30,30,22,0,2,53,52,83,15,3,3,0.1,6
72,30,22,8,18,22,0,19,0,30,23,30,30,22,0,0,53,52,84,15,1,1,0.1,6
73,30,22,8,18,22,0,19,0,30,23,30,30,22,0,0,53,52,84,15,0,0,0.1,6
74,30,24,6,18,24,0,19,0,30,24,30,30,24,0,2,55,54,84,15,0,0,0.1,6
75,30,24,6,18,24,0,19,0,30,24,30,30,24,0,0,55,54,84,15,0,0,0.1,6
76,30,24,6,18,24,0,19,0,30,25,30,30,24,0,0,55,54,84,16,0,0,0.1,6
77,30,24,6,18,24,0,19,0,30,25,30,30,24,0,0,55,54,84,16,0,0,0.1,6
78,30,24,6,17,24,0,19,0,30,25,30,30,24,0,0,55,54,86,16,2,2,0.1,6
79,29,21,8,16,21,0,19,0,30,26,30,29,21,0,1,56,55,90,17,5,4,0.1,6
80,30,21,9,16,21,0,19,0,30,26,30,30,21,0,0,56,55,91,17,0,1,0.1,6
81,30,23,7,16,23,0,19,0,30,26,30,30,23,0,2,58,57,91,17,0,0,0.1,6
82,30,24,6,16,24,0,19,1,30,27,30,30,24,0,1,59,58,91,17,0,0,0.1,6
83,30,25,5,16,25,0,19,1,30,27,30,30,25,0,1,60,59,91,17,0,0,0.1,6
84,30,25,5,16,25,0,19,0,30,27,30,30,25,0,0,60,59,91,17,0,0,0.1,6
85,27,24,3,15,24,0,19,0,30,27,30,27,24,1,0,60,59,91,17,3,0,0.1,6
86,30,24,6,16,24,0,19,0,30,28,30,30,24,0,0,60,59,95,17,1,4,0.1,6
87,30,25,5,16,25,0,19,1,30,28,30,30,25,0,1,61,60,96,17,1,1,0.1,6
88,30,25,5,16,25,0,19,0,30,28,30,30,25,0,0,61,60,96,18,0,0,0.1,6
89,30,27,3,16,27,0,19,1,30,28,30,30,27,0,2,63,62,96,18,0,0,0.1,6
90,30,28,2,16,28,0,19,0,30,28,30,30,28,0,1,64,63,96,18,0,0,0.1,6
91,30,28,2,16,28,0,19,0,30,28,30,30,28,0,0,64,63,96,18,0,0,0.1,6
92,30,29,1,16,29,0,19,0,30,28,30,30,29,0,1,65,64,96,18,0,0,0.1,6
93,30,26,4,15,26,0,19,1,30,28,30,30,26,0,0,65,64,99,21,3,3,0.1,6
94,30,28,2,15,28,0,19,1,30,28,30,30,28,0,2,67,66,99,21,0,0,0.1,6
95,30,28,2,15,28,0,19,0,30,28,30,30,28,0,0,67,66,99,21,0,0,0.1,6
96,30,29,1,15,29,0,19,0,30,28,30,30,29,0,1,68,67,99,21,0,0,0.1,6
97,30,29,1,15,29,0,19,0,30,28,30,30,29,0,0,68,67,99,21,0,0,0.1,6
98,30,29,1,15,29,0,19,0,30,28,30,30,29,0,0,68,67,99,21,0,0,0.1,6
99,30,29,1,15,29,0,19,0,30,28,30,30,29,0,0,68,67,99,21,0,0,0.1,6
100,30,26,4,13,26,0,19,0,30,28,30,30,26,0,1,69,68,104,23,5,5,0.1,6
101,30,26,4,13,26,0,19,0,30,28,30,30,26,0,1,70,69,105,24,1,1,0.1,6
102,30,27,3,13,27,0,19,1,30,28,30,30,27,0,1,71,70,105,24,0,0,0.1,6
103,30,27,3,13,27,0,19,0,30,28,30,30,27,0,0,71,70,105,24,0,0,0.1,6
104,30,28,2,13,28,0,19,0,30,28,30,30,28,0,1,72,71,105,24,0,0,0.1,6
105,30,29,1,13,29,0,19,0,30,28,30,30,29,0,1,73,72,105,24,0,0,0.1,6
106,30,29,1,13,29,0,19,0,30,28,30,30,29,0,0,73,72,105,24,0,0,0.1,6
107,30,27,3,13,27,0,19,0,30,28,30,30,27,0,0,73,72,108,26,3,3,0.1,6
108,30,28,2,13,28,0,19,0,30,28,30,30,28,0,1,74,73,108,26,0,0,0.1,6
109,30,28,2,13,28,0,19,0,30,29,30,30,28,0,0,74,73,108,26,0,0,0.1,6
110,30,28,2,13,28,0,19,0,30,29,30,30,28,0,0,74,73,108,26,0,0,0.1,6
111,30,28,2,13,28,0,19,0,30,29,30,30,28,0,0,74,73,108,26,0,0,0.1,6
112,30,29,1,13,29,0,19,0,30,29,30,30,29,0,1,75,74,108,26,0,0,0.1,6
113,30,29,1,13,29,0,19,0,30,29,30,30,29,0,0,75,74,108,26,0,0,0.1,6
114,29,25,4,13,25,0,19,0,30,29,30,29,25,0,0,75,74,112,30,5,4,0.1,6
115,30,25,5,13,25,0,19,0,30,30,30,30,25,0,1,76,75,114,31,1,2,0.1,6
116,30,26,4,13,26,0,19,1,30,30,30,30,26,0,1,77,76,114,31,0,0,0.1,6
117,30,28,2,13,28,0,19,0,30,30,30,30,28,0,2,79,78,114,31,0,0,0.1,6
118,30,28,2,13,28,0,19,1,30,30,30,30,28,0,0,79,78,114,31,0,0,0.1,6
119,30,28,2,13,28,0,19,0,30,30,30,30,28,0,0,79,78,114,31,0,0,0.1,6
120,30,28,2,13,28,0,19,0,30,30,30,30,28,0,0,79,78,114,31,0,0,0.1,6
121,30,27,3,13,27,1,19,1,30,30,30,30,27,0,0,80,78,118,32,4,4,0.1,6
122,30,29,1,13,29,1,19,0,30,30,30,30,29,0,2,82,80,118,32,0,0,0.1,6
123,30,30,0,13,30,1,19,0,30,30,30,30,30,0,1,83,81,118,32,0,0,0.1,6
124,30,30,0,13,30,1,19,0,30,30,30,30,30,0,0,83,81,118,32,0,0,0.1,6
125,30,30,0,13,30,1,19,0,30,30,30,30,30,0,0,83,81,118,32,0,0,0.1,6
126,30,30,0,13,30,1,19,2,30,30,30,30,30,0,0,83,81,118,32,0,0,0.1,6
127,30,30,0,13,30,1,19,1,30,30,30,30,30,0,0,83,81,118,32,0,0,0.1,6
128,30,27,3,13,27,0,19,1,30,30,30,30,27,0,0,83,81,121,33,3,3,0.1,6
129,30,25,5,13,25,0,19,2,30,30,30,30,25,0,0,83,81,123,34,2,2,0.1,6
130,30,25,5,13,25,0,19,0,30,30,30,30,25,0,0,83,81,123,34,0,0,0.1,6
131,30,27,3,13,26,0,19,0,30,30,30,30,26,0,2,85,83,123,34,0,0,0.1,6
132,30,29,1,13,29,0,19,1,30,30,30,30,29,0,2,87,85,123,34,0,0,0.1,6
133,30,29,1,13,29,0,19,0,30,30,30,30,29,0,0,87,85,123,34,0,0,0.1,6
134,30,30,0,13,30,0,19,2,30,30,30,30,30,0,1,88,86,123,34,0,0,0.1,6
135,30,27,3,13,27,0,19,0,30,30,30,30,27,0,0,88,86,126,35,3,3,0.1,6
136,30,28,2,13,28,0,19,0,30,30,30,30,28,0,1,89,87,126,35,0,0,0.1,6
137,30,29,1,13,29,0,19,0,30,30,30,30,29,0,1,90,88,126,35,0,0,0.1,6
138,30,29,1,13,29,0,19,0,30,30,30,30,29,0,0,90,88,126,35,0,0,0.1,6
139,30,29,1,13,29,0,19,1,30,30,30,30,29,0,0,90,88,126,35,0,0,0.1,6
140,30,30,0,13,30,0,19,0,30,30,30,30,30,0,1,91,89,126,35,0,0,0.1,6
141,30,30,0,13,30,0,19,0,30,30,30,30,30,0,0,91,89,126,35,0,0,0.1,6
142,30,27,3,13,27,0,19,0,30,30,30,30,27,0,0,91,89,129,36,3,3,0.1,6
143,30,26,4,13,26,0,19,0,30,30,30,30,26,0,1,92,90,131,37,2,2,0.1,6
144,30,27,3,13,27,0,19,1,30,30,30,30,27,0,1,93,91,131,37,0,0,0.1,6
145,30,27,3,13,27,0,19,0,30,30,30,30,27,0,0,93,91,131,37,0,0,0.1,6
146,30,28,2,13,28,0,19,0,30,30,30,30,28,0,1,94,92,131,37,0,0,0.1,6
147,30,30,0,13,30,0,19,0,30,30,30,30,30,0,2,96,94,131,37,0,0,0.1,6
148,30,30,0,13,30,0,19,0,30,30,30,30,30,0,0,96,94,131,37,0,0,0.1,6
149,30,27,3,13,27,0,19,0,30,30,30,30,27,0,0,96,94,134,37,3,3,0.1,6
150,30,27,3,13,27,0,19,0,30,30,30,30,27,0,0,96,94,134,37,0,0,0.1,6
151,30,28,2,13,28,0,19,0,30,30,30,30,28,0,1,97,95,134,37,0,0,0.1,6
152,30,28,2,13,28,0,19,1,30,30,30,30,28,0,0,97,95,134,37,0,0,0.1,6
153,30,29,1,13,29,0,19,1,30,30,30,30,29,0,1,98,96,134,37,0,0,0.1,6
154,30,29,1,13,29,0,19,0,30,30,30,30,29,0,0,98,96,134,37,0,0,0.1,6
155,30,29,1,13,29,0,19,0,30,30,30,30,29,0,0,98,96,134,37,0,0,0.1,6
156,30,26,4,13,26,0,19,0,30,30,30,30,26,0,0,98,96,138,37,4,4,0.1,6
157,30,25,5,13,25,0,19,0,30,30,30,30,25,0,1,99,97,140,37,2,2,0.1,6
158,30,26,4,13,26,0,19,0,30,30,30,30,26,0,1,100,98,140,37,0,0,0.1,6
159,30,26,4,13,26,0,19,0,30,30,30,30,26,0,0,100,98,140,37,0,0,0.1,6
160,30,27,3,13,27,0,19,0,30,30,30,30,27,0,1,101,99,140,37,0,0,0.1,6
161,30,27,3,13,27,0,19,1,30,30,30,30,27,0,0,101,99,140,37,0,0,0.1,6
162,30,27,3,13,27,0,19,0,30,30,30,30,27,0,0,101,99,140,37,0,0,0.1,6
163,29,25,4,13,25,0,19,0,30,30,30,29,25,0,0,101,99,143,37,4,3,0.1,6
164,30,27,3,13,27,0,19,0,30,30,30,30,27,0,2,103,101,145,37,1,2,0.1,6
165,30,27,3,13,27,0,19,1,30,30,30,30,27,0,0,103,101,145,37,0,0,0.1,6
166,30,28,2,13,28,0,19,0,30,30,30,30,28,0,1,104,102,145,37,0,0,0.1,6
167,30,28,2,13,28,0,19,0,30,30,30,30,28,0,0,104,102,145,37,0,0,0.1,6
168,30,28,2,13,28,0,19,0,30,30,30,30,28,0,0,104,102,145,37,0,0,0.1,6
169,30,30,0,13,30,0,19,0,30,30,30,30,30,0,2,106,104,145,37,0,0,0.1,6
170,30,28,2,13,28,0,19,0,30,30,30,30,28,0,0,106,104,147,37,2,2,0.1,6
171,30,29,1,13,29,0,19,0,30,30,30,30,29,0,2,108,106,148,37,1,1,0.1,6
172,30,29,1,13,29,0,19,0,30,30,30,30,29,0,0,108,106,148,37,0,0,0.1,6
173,30,29,1,13,29,0,19,0,30,30,30,30,29,0,0,108,106,148,37,0,0,0.1,6
174,30,29,1,13,29,0,19,0,30,30,30,30,29,0,0,108,106,148,37,0,0,0.1,6
175,30,29,1,13,29,0,19,0,30,30,30,30,29,0,0,108,106,148,37,0,0,0.1,6
176,30,29,1,13,29,0,19,0,30,30,30,30,29,0,0,108,106,148,37,0,0,0.1,6
177,28,26,2,13,26,0,19,0,30,30,30,28,26,0,0,108,106,149,37,3,1,0.1,6
178,30,24,6,13,24,0,19,0,30,30,30,30,24,0,0,108,106,154,37,3,5,0.1,6
179,30,26,4,13,26,0,19,0,30,30,30,30,26,0,2,110,108,154,37,0,0,0.1,6
180,30,27,3,13,27,0,19,0,30,30,30,30,27,0,1,111,109,154,37,0,0,0.1,6
181,30,29,1,13,29,0,19,0,30,30,30,30,29,0,2,113,111,154,37,0,0,0.1,6
182,30,29,1,13,29,0,19,0,30,30,30,30,29,0,0,113,111,154,37,0,0,0.1,6
183,30,29,1,13,29,0,19,1,30,30,30,30,29,0,0,113,111,154,37,0,0,0.1,6
184,30,28,2,13,28,0,19,0,30,30,30,30,28,0,1,114,112,156,37,2,2,0.1,6
185,30,29,1,13,29,0,19,1,30,30,30,30,29,0,1,115,113,156,37,0,0,0.1,6
186,30,29,1,13,29,0,19,0,30,30,30,30,29,0,0,115,113,156,37,0,0,0.1,6
187,30,29,1,13,29,0,19,0,30,30,30,30,29,0,0,115,113,156,37,0,0,0.1,6
188,30,30,0,13,30,0,19,0,30,30,30,30,30,0,1,116,114,156,37,0,0,0.1,6
189,30,30,0,13,30,0,19,1,30,30,30,30,30,0,0,116,114,156,37,0,0,0.1,6
190,30,30,0,13,30,0,19,0,30,30,30,30,30,0,0,116,114,156,37,0,0,0.1,6
191,30,29,1,13,29,0,19,0,30,30,30,30,29,0,0,116,114,157,37,1,1,0.1,6
192,30,25,5,13,25,0,19,0,30,30,30,30,25,0,1,117,115,162,37,5,5,0.1,6
193,30,26,4,13,26,0,19,0,30,30,30,30,26,0,1,118,116,162,37,0,0,0.1,6
194,30,26,4,13,26,0,19,1,30,30,30,30,26,0,0,118,116,162,37,0,0,0.1,6
195,30,26,4,13,26,0,19,0,30,30,30,30,26,0,0,118,116,162,37,0,0,0.1,6
196,30,28,2,13,28,0,19,0,30,30,30,30,28,0,2,120,118,162,37,0,0,0.1,6
197,30,29,1,13,29,0,19,0,30,30,30,30,29,0,1,121,119,162,37,0,0,0.1,6
198,30,27,3,13,27,0,19,0,30,30,30,30,27,0,0,121,119,164,37,2,2,0.1,6
199,30,27,3,13,27,0,19,0,30,30,30,30,27,0,0,121,119,165,37,1,1,0.1,6
200,30,28,2,13,28,0,19,1,30,30,30,30,28,0,1,122,120,165,37,0,0,0.1,6
201,30,29,1,13,29,0,19,0,30,30,30,30,29,0,1,123,121,165,37,0,0,0.1,6
202,30,29,1,13,29,0,19,0,30,30,30,30,29,0,0,123,121,165,37,0,0,0.1,6
203,30,29,1,13,29,0,19,0,30,30,30,30,29,0,0,123,121,165,37,0,0,0.1,6
204,30,29,1,13,29,0,19,0,30,30,30,30,29,0,0,123,121,165,37,0,0,0.1,6
205,30,29,1,13,29,0,19,0,30,30,30,30,29,0,1,124,122,166,37,1,1,0.1,6
206,30,25,5,13,25,0,19,0,30,30,30,30,25,0,0,124,122,170,37,4,4,0.1,6
207,30,27,3,13,27,0,19,1,30,30,30,30,27,0,2,126,124,170,37,0,0,0.1,6
208,30,28,2,13,28,0,19,0,30,30,30,30,28,0,1,127,125,170,37,0,0,0.1,6
209,30,28,2,13,28,0,19,0,30,30,30,30,28,0,0,127,125,170,37,0,0,0.1,6
210,30,28,2,13,28,0,19,1,30,30,30,30,28,0,0,127,125,170,37,0,0,0.1,6
211,30,28,2,13,28,0,19,0,30,30,30,30,28,0,0,127,125,170,37,0,0,0.1,6
212,27,26,1,13,26,0,19,0,30,30,30,27,26,0,0,127,125,170,37,3,0,0.1,6
213,29,26,3,13,26,0,19,0,30,30,30,29,26,0,1,128,126,174,37,2,4,0.1,6
214,30,26,4,13,26,0,19,0,30,30,30,30,26,0,0,128,126,175,37,0,1,0.1,6
215,30,26,4,13,26,0,19,0,30,30,30,30,26,0,0,128,126,175,37,0,0,0.1,6
216,30,27,3,13,27,0,19,2,30,30,30,30,27,0,1,129,127,175,37,0,0,0.1,6
217,30,28,2,13,28,0,19,0,30,30,30,30,28,0,1,130,128,175,37,0,0,0.1,6
218,30,29,1,13,29,0,19,0,30,30,30,30,29,0,1,131,129,175,37,0,0,0.1,6
219,30,29,1,13,29,0,19,0,30,30,30,30,29,0,0,131,129,175,37,0,0,0.1,6
220,30,26,4,13,26,0,19,0,30,2,30,30,26,0,0,131,129,179,37,4,4,0.1,6
221,30,26,4,13,26,0,19,0,30,4,30,30,26,0,0,131,129,179,37,0,0,0.1,6
222,30,26,4,13,26,0,19,0,30,6,30,30,26,0,0,131,129,179,37,0,0,0.1,6
223,30,26,4,13,26,0,19,0,30,6,30,30,26,0,0,131,129,179,37,0,0,0.1,6
224,30,26,4,13,26,0,19,1,30,6,30,30,26,0,0,131,129,179,37,0,0,0.1,6
225,30,26,4,13,26,0,19,0,30,7,30,30,26,0,0,131,129,179,37,0,0,0.1,6
226,30,26,4,13,26,0,19,0,30,10,30,30,26,0,0,131,129,179,37,0,0,0.1,6
227,29,23,6,13,23,0,19,0,30,11,30,29,23,0,0,131,129,185,37,7,6,0.1,6
228,30,22,8,13,22,0,19,0,30,13,30,30,22,0,0,131,129,187,37,1,2,0.1,6
229,30,22,8,13,22,0,19,0,30,14,30,30,22,0,0,131,129,187,37,0,0,0.1,6
230,30,22,8,13,22,0,19,1,30,14,30,30,22,0,0,131,129,187,37,0,0,0.1,6
231,30,22,8,13,22,0,19,0,30,15,30,30,22,0,0,131,129,187,37,0,0,0.1,6
232,30,22,8,13,22,0,19,0,30,17,30,30,22,0,0,131,129,187,37,0,0,0.1,6
233,30,24,6,13,24,0,19,0,30,19,30,30,24,0,2,133,131,187,37,0,0,0.1,6
234,30,24,6,13,24,0,19,1,30,20,30,30,24,0,0,133,131,191,37,4,4,0.1,6
235,30,24,6,13,24,0,19,0,30,20,30,30,24,0,0,133,131,193,37,2,2,0.1,6
236,30,24,6,13,24,0,19,0,30,20,30,30,24,0,0,133,131,193,37,0,0,0.1,6
237,30,24,6,13,24,0,19,2,30,20,30,30,24,0,0,133,131,193,37,0,0,0.1,6
238,30,24,6,13,24,0,19,0,30,21,30,30,24,0,0,133,131,193,37,0,0,0.1,6
239,30,24,6,13,24,0,19,1,30,21,30,30,24,0,0,133,131,193,37,0,0,0.1,6
240,30,25,5,13,25,0,19,0,30,22,30,30,25,0,1,134,132,193,37,0,0,0.1,6
241,30,26,4,13,26,2,19,0,30,22,30,30,26,0,1,137,133,198,37,5,5,0.1,6
242,30,26,4,13,26,2,19,0,30,22,30,30,26,0,0,137,133,199,37,1,1,0.1,6
243,30,26,4,13,26,2,19,0,30,22,30,30,26,0,0,137,133,199,37,0,0,0.1,6
244,30,26,4,13,26,2,19,0,30,23,30,30,26,0,0,137,133,199,37,0,0,0.1,6
245,30,26,4,13,26,2,19,0,30,23,30,30,26,0,0,137,133,199,37,0,0,0.1,6
246,30,26,4,13,26,2,19,0,30,23,30,30,26,0,0,137,133,199,37,0,0,0.1,6
247,30,26,4,13,26,2,19,0,30,23,30,30,26,0,0,137,133,199,37,0,0,0.1,6
248,30,23,7,13,23,0,19,0,30,23,30,30,23,0,0,137,133,205,37,6,6,0.1,6
249,30,22,8,13,22,0,19,0,30,23,30,30,22,0,0,137,133,207,37,2,2,0.1,6
250,30,24,6,13,24,0,19,0,30,23,30,30,24,0,2,139,135,207,37,0,0,0.1,6
251,30,24,6,13,24,0,19,0,30,24,30,30,24,0,0,139,135,207,37,0,0,0.1,6
252,30,24,6,13,24,0,19,0,30,24,30,30,24,0,0,139,135,207,37,0,0,0.1,6
253,30,25,5,13,25,0,19,0,30,24,30,30,25,0,1,140,136,207,37,0,0,0.1,6
254,30,25,5,13,25,0,19,0,30,24,30,30,25,0,0,140,136,207,37,0,0,0.1,6
255,30,25,5,13,25,0,19,0,30,24,30,30,25,0,0,140,136,210,37,3,3,0.1,6
256,30,25,5,13,25,0,19,0,30,25,30,30,25,0,0,140,136,212,37,2,2,0.1,6
257,30,25,5,13,25,0,19,0,30,25,30,30,25,0,0,140,136,212,37,0,0,0.1,6
258,30,25,5,13,25,0,19,0,30,26,30,30,25,0,0,140,136,212,37,0,0,0.1,6
259,30,25,5,13,25,0,19,0,30,26,30,30,25,0,0,140,136,212,37,0,0,0.1,6
260,30,25,5,13,25,0,19,0,30,26,30,30,25,0,0,140,136,212,37,0,0,0.1,6
261,30,26,4,13,26,0,19,1,30,26,30,30,26,0,1,141,137,212,37,0,0,0.1,6
262,26,23,3,13,23,0,19,0,30,26,30,26,23,0,0,141,137,214,37,6,2,0.1,6
263,30,23,7,13,23,0,19,0,30,26,30,30,23,0,0,141,137,219,37,1,5,0.1,6
264,30,23,7,13,23,0,19,0,30,26,30,30,23,0,0,141,137,219,37,0,0,0.1,6
265,30,23,7,13,23,0,19,0,30,26,30,30,23,0,0,141,137,219,37,0,0,0.1,6
266,30,24,6,13,24,0,19,0,30,26,30,30,24,0,1,142,138,219,37,0,0,0.1,6
267,30,24,6,13,24,0,19,0,30,27,30,30,24,0,0,142,138,219,37,0,0,0.1,6
268,30,26,4,13,26,0,19,0,30,27,30,30,26,0,2,144,140,219,37,0,0,0.1,6
269,29,26,3,13,26,0,19,0,30,27,30,29,26,0,0,144,140,219,37,1,0,0.1,6
270,30,26,4,13,26,0,19,0,30,27,30,30,26,0,1,145,141,223,37,3,4,0.1,6
271,30,26,4,13,26,0,19,0,30,27,30,30,26,0,0,145,141,223,37,0,0,0.1,6
272,30,27,3,13,27,0,19,0,30,27,30,30,27,0,1,146,142,223,37,0,0,0.1,6
273,30,27,3,13,27,0,19,0,30,27,30,30,27,0,0,146,142,223,37,0,0,0.1,6
274,30,27,3,13,27,0,19,0,30,27,30,30,27,0,0,146,142,223,37,0,0,0.1,6
275,30,27,3,13,27,0,19,0,30,27,30,30,27,0,0,146,142,223,37,0,0,0.1,6
276,30,26,4,13,26,0,19,1,30,27,30,30,26,0,0,146,142,224,37,1,1,0.1,6
277,29,23,6,13,23,0,19,0,30,27,30,29,23,0,0,146,142,229,37,6,5,0.1,6
278,30,24,6,13,24,0,19,1,30,27,30,30,24,0,1,147,143,230,37,0,1,0.1,6
279,30,24,6,13,24,0,19,0,30,27,30,30,24,0,0,147,143,230,37,0,0,0.1,6
280,30,25,5,13,25,0,19,0,30,27,30,30,25,0,1,148,144,230,37,0,0,0.1,6
281,30,25,5,13,25,0,19,0,30,27,30,30,25,0,0,148,144,230,37,0,0,0.1,6
282,30,27,3,13,27,0,19,0,30,27,30,30,27,0,2,150,146,230,37,0,0,0.1,6
283,30,27,3,13,27,0,19,1,30,27,30,30,27,0,0,150,146,230,37,0,0,0.1,6
284,30,26,4,13,26,0,19,0,30,27,30,30,26,0,0,150,146,234,37,4,4,0.1,6
285,30,27,3,13,27,0,19,1,30,27,30,30,27,0,1,151,147,234,37,0,0,0.1,6
286,30,27,3,13,27,0,19,0,30,27,30,30,27,0,0,151,147,234,37,0,0,0.1,6
287,30,27,3,13,27,0,19,1,30,27,30,30,27,0,0,151,147,234,37,0,0,0.1,6
288,30,27,3,13,27,0,19,1,30,27,30,30,27,0,0,151,147,234,37,0,0,0.1,6
289,30,27,3,13,27,0,19,0,30,28,30,30,27,0,0,151,147,234,37,0,0,0.1,6
290,29,26,3,13,26,0,19,0,30,28,30,29,26,0,0,151,147,234,37,1,0,0.1,6
291,30,26,4,13,26,0,19,0,30,28,30,30,26,0,2,153,149,239,37,4,5,0.1,6
292,30,25,5,13,25,0,19,0,30,28,30,30,25,0,0,153,149,240,37,1,1,0.1,6
293,30,26,4,13,26,0,19,0,30,28,30,30,26,0,1,154,150,240,37,0,0,0.1,6
294,30,26,4,13,26,0,19,0,30,28,30,30,26,0,0,154,150,240,37,0,0,0.1,6
295,30,26,4,13,26,0,19,0,30,28,30,30,26,0,0,154,150,240,37,0,0,0.1,6
296,30,27,3,13,27,0,19,0,30,29,30,30,27,0,1,155,151,240,37,0,0,0.1,6
297,30,27,3,13,27,0,19,1,30,29,30,30,27,0,0,155,151,240,37,0,0,0.1,6
298,30,26,4,13,26,0,19,0,30,30,30,30,26,0,1,156,152,244,37,4,4,0.1,6
299,30,26,4,13,26,0,19,0,30,30,30,30,26,0,0,156,152,244,37,0,0,0.1,6
300,30,27,3,13,27,0,19,0,30,30,30,30,27,0,1,157,153,244,37,0,0,0.1,6
301,30,27,3,13,27,0,19,1,30,30,30,30,27,0,0,157,153,244,37,0,0,0.1,6
302,30,27,3,13,27,0,19,0,30,30,30,30,27,0,0,157,153,244,37,0,0,0.1,6
303,30,27,3,13,27,0,19,1,30,30,30,30,27,0,0,157,153,244,37,0,0,0.1,6
304,30,28,2,13,28,0,19,0,30,30,30,30,28,0,1,158,154,244,37,0,0,0.1,6
305,30,27,3,13,27,2,19,1,30,30,30,30,27,0,0,160,154,249,37,5,5,0.1,6
306,30,26,4,13,26,2,19,0,30,30,30,30,26,0,0,160,154,250,37,1,1,0.1,6
307,30,27,3,13,27,2,19,0,30,30,30,30,27,0,1,161,155,250,37,0,0,0.1,6
308,30,29,1,13,29,2,19,0,30,30,30,30,29,0,2,163,157,250,37,0,0,0.1,6
309,30,29,1,13,29,2,19,0,30,30,30,30,29,0,0,163,157,250,37,0,0,0.1,6
310,30,29,1,13,29,2,19,0,30,30,30,30,29,0,0,163,157,250,37,0,0,0.1,6
311,30,29,1,13,29,2,19,1,30,30,30,30,29,0,0,163,157,250,37,0,0,0.1,6
312,30,25,5,13,25,0,19,1,30,30,30,30,25,0,0,163,157,254,37,4,4,0.1,6
313,30,25,5,13,25,0,19,0,30,30,30,30,25,0,0,163,157,255,37,1,1,0.1,6
314,30,26,4,13,26,0,19,0,30,30,30,30,26,0,1,164,158,255,37,0,0,0.1,6
315,30,27,3,13,27,0,19,1,30,30,30,30,27,0,1,165,159,255,37,0,0,0.1,6
316,30,28,2,13,28,0,19,0,30,30,30,30,28,0,1,166,160,255,37,0,0,0.1,6
317,30,29,1,13,29,0,19,0,30,30,30,30,29,0,1,167,161,255,37,0,0,0.1,6
318,30,29,1,13,29,0,19,0,30,30,30,30,29,0,0,167,161,255,37,0,0,0.1,6
319,28,26,2,13,26,0,19,0,30,30,30,28,26,0,0,167,161,257,37,4,2,0.1,6
320,30,26,4,13,26,0,19,0,30,30,30,30,26,0,0,167,161,259,37,0,2,0.1,6
321,30,26,4,13,26,0,19,1,30,30,30,30,26,0,0,167,161,259,37,0,0,0.1,6
322,30,26,4,13,26,0,19,0,30,30,30,30,26,0,0,167,161,259,37,0,0,0.1,6
323,30,27,3,13,27,0,19,0,30,30,30,30,27,0,1,168,162,259,37,0,0,0.1,6
324,30,27,3,13,27,0,19,0,30,30,30,30,27,0,0,168,162,259,37,0,0,0.1,6
325,30,28,2,13,28,0,19,1,30,30,30,30,28,0,1,169,163,259,37,0,0,0.1,6
326,29,27,2,13,27,0,19,0,30,30,30,29,27,0,2,171,165,261,37,3,2,0.1,6
327,30,26,4,13,26,0,19,0,30,30,30,30,26,0,0,171,165,264,37,2,3,0.1,6
328,30,26,4,13,26,0,19,0,30,30,30,30,26,0,0,171,165,264,37,0,0,0.1,6
329,30,26,4,13,26,0,19,1,30,30,30,30,26,0,0,171,165,264,37,0,0,0.1,6
330,30,26,4,13,26,0,19,1,30,30,30,30,26,0,0,171,165,264,37,0,0,0.1,6
331,30,27,3,13,27,0,19,0,30,30,30,30,27,0,1,172,166,264,37,0,0,0.1,6
332,30,27,3,13,27,0,19,1,30,30,30,30,27,0,0,172,166,264,37,0,0,0.1,6
333,30,27,3,13,27,0,19,0,30,30,30,30,27,0,2,174,168,267,37,3,3,0.1,6
334,30,27,3,13,27,0,19,0,30,30,30,30,27,0,1,175,169,268,37,1,1,0.1,6
335,30,27,3,13,27,0,19,0,30,30,30,30,27,0,0,175,169,268,37,0,0,0.1,6
336,30,28,2,13,28,0,19,0,30,30,30,30,28,0,1,176,170,268,37,0,0,0.1,6
337,30,28,2,13,28,0,19,0,30,30,30,30,28,0,0,176,170,268,37,0,0,0.1,6
338,30,28,2,13,28,0,19,0,30,30,30,30,28,0,0,176,170,268,37,0,0,0.1,6
339,30,29,1,13,29,0,19,1,30,30,30,30,29,0,1,177,171,268,37,0,0,0.1,6
340,30,28,2,13,28,0,19,0,30,30,30,30,28,0,0,177,171,270,37,2,2,0.1,6
341,29,25,4,13,25,0,19,1,30,30,30,29,25,0,0,177,171,272,37,3,2,0.1,6
342,30,25,5,13,25,0,19,0,30,30,30,30,25,0,0,177,171,273,37,0,1,0.1,6
343,30,26,4,13,26,0,19,1,30,30,30,30,26,0,1,178,172,273,37,0,0,0.1,6
344,30,27,3,13,27,0,19,1,30,30,30,30,27,0,1,179,173,273,37,0,0,0.1,6
345,30,27,3,13,27,0,19,2,30,30,30,30,27,0,0,179,173,273,37,0,0,0.1,6
346,30,27,3,13,27,0,19,0,30,30,30,30,27,0,0,179,173,273,37,0,0,0.1,6
347,30,26,4,13,26,0,19,1,30,30,30,30,26,0,1,180,174,276,37,3,3,0.1,6
348,30,26,4,13,26,0,19,0,30,30,30,30,26,0,1,181,175,278,37,2,2,0.1,6
349,30,28,2,13,28,0,19,0,30,30,30,30,28,0,2,183,177,278,37,0,0,0.1,6
350,30,28,2,13,28,0,19,0,30,30,30,30,28,0,0,183,177,278,37,0,0,0.1,6
351,30,28,2,13,28,0,19,0,30,30,30,30,28,0,0,183,177,278,37,0,0,0.1,6
352,30,28,2,13,28,0,19,0,30,30,30,30,28,0,0,183,177,278,37,0,0,0.1,6
353,30,28,2,13,28,0,19,0,30,30,30,30,28,0,0,183,177,278,37,0,0,0.1,6
354,30,28,2,13,28,0,19,0,30,30,30,30,28,0,1,184,178,279,37,1,1,0.1,6
355,30,27,3,13,27,0,19,0,30,30,30,30,27,0,0,184,178,281,37,2,2,0.1,6
356,30,27,3,13,27,0,19,0,30,30,30,30,27,0,1,185,179,282,37,1,1,0.1,6
357,30,27,3,13,27,0,19,0,30,30,30,30,27,0,0,185,179,282,37,0,0,0.1,6
358,30,28,2,13,28,0,19,0,30,30,30,30,28,0,1,186,180,282,37,0,0,0.1,6
359,30,28,2,13,28,0,19,0,30,30,30,30,28,0,0,186,180,282,37,0,0,0.1,6
360,30,29,1,13,29,0,19,0,30,30,30,30,29,0,1,187,181,282,37,0,0,0.1,6
361,29,26,3,13,26,0,19,0,30,30,30,29,26,0,0,187,181,284,37,3,2,0.1,6
362,30,25,5,13,25,0,19,0,30,30,30,30,25,0,0,187,181,287,37,2,3,0.1,6
363,30,26,4,13,26,0,19,0,30,30,30,30,26,0,1,188,182,287,37,0,0,0.1,6
364,30,27,3,13,27,0,19,0,30,30,30,30,27,0,1,189,183,287,37,0,0,0.1,6
365,30,27,3,13,27,0,19,1,30,30,30,30,27,0,0,189,183,287,37,0,0,0.1,6
366,30,28,2,13,28,0,19,0,30,30,30,30,28,0,1,190,184,287,37,0,0,0.1,6
367,30,28,2,13,28,0,19,2,30,30,30,30,28,0,0,190,184,287,37,0,0,0.1,6
368,30,27,3,13,27,0,19,0,30,30,30,30,27,0,0,190,184,289,37,2,2,0.1,6
369,30,27,3,13,27,0,19,0,30,30,30,30,27,0,1,191,185,290,37,1,1,0.1,6
370,30,27,3,13,27,0,19,0,30,30,30,30,27,0,1,192,186,291,37,1,1,0.1,6
371,30,27,3,13,27,0,19,0,30,30,30,30,27,0,0,192,186,291,37,0,0,0.1,6
372,30,27,3,13,27,0,19,0,30,30,30,30,27,0,0,192,186,291,37,0,0,0.1,6
373,30,28,2,13,28,0,19,0,30,30,30,30,28,0,1,193,187,291,37,0,0,0.1,6
374,30,28,2,13,28,0,19,0,30,30,30,30,28,0,0,193,187,291,37,0,0,0.1,6
375,29,27,2,13,27,0,19,0,30,30,30,29,27,0,0,193,187,292,37,2,1,0.1,6
376,30,25,5,13,25,0,19,0,30,30,30,30,25,0,1,194,188,296,37,3,4,0.1,6
377,30,27,3,13,27,0,19,0,30,30,30,30,27,0,2,196,190,297,37,1,1,0.1,6
378,30,28,2,13,28,0,19,0,30,30,30,30,28,0,1,197,191,297,37,0,0,0.1,6
379,30,28,2,13,28,0,19,0,30,30,30,30,28,0,0,197,191,297,37,0,0,0.1,6
380,30,28,2,13,28,0,19,1,30,30,30,30,28,0,0,197,191,297,37,0,0,0.1,6
381,30,30,0,13,30,0,19,0,30,30,30,30,30,0,2,199,193,297,37,0,0,0.1,6
382,30,29,1,13,29,0,19,0,30,30,30,30,29,0,0,199,193,298,37,1,1,0.1,6
383,30,28,2,13,28,0,19,0,30,30,30,30,28,0,0,199,193,299,37,1,1,0.1,6
384,30,28,2,13,28,0,19,0,30,30,30,30,28,0,0,199,193,299,37,0,0,0.1,6
385,30,29,1,13,29,0,19,0,30,30,30,30,29,0,1,200,194,299,37,0,0,0.1,6
386,30,29,1,13,29,0,19,0,30,30,30,30,29,0,0,200,194,299,37,0,0,0.1,6
387,30,29,1,13,29,0,19,0,30,30,30,30,29,0,0,200,194,299,37,0,0,0.1,6
388,30,29,1,13,29,0,19,0,30,30,30,30,29,0,0,200,194,299,37,0,0,0.1,6
389,30,28,2,13,28,0,19,0,30,30,30,30,28,0,0,200,194,301,37,2,2,0.1,6
390,30,25,5,13,25,0,19,1,30,30,30,30,25,0,1,201,195,305,37,4,4,0.1,6
391,30,24,6,13,24,0,19,0,30,30,30,30,24,0,0,201,195,306,37,1,1,0.1,6
392,30,26,4,13,26,0,19,0,30,30,30,30,26,0,2,203,197,306,37,0,0,0.1,6
393,30,26,4,13,26,0,19,0,30,30,30,30,26,0,0,203,197,306,37,0,0,0.1,6
394,30,28,2,13,28,0,19,1,30,30,30,30,28,0,2,205,199,306,37,0,0,0.1,6
395,30,28,2,13,28,0,19,0,30,30,30,30,28,0,0,205,199,306,37,0,0,0.1,6
396,30,29,1,13,29,0,19,0,30,30,30,30,29,0,1,206,200,306,37,0,0,0.1,6
397,30,28,2,13,28,0,19,0,30,30,30,30,28,0,0,206,200,307,37,1,1,0.1,6
398,30,28,2,13,28,0,19,0,30,30,30,30,28,0,0,206,200,308,37,1,1,0.1,6
399,30,28,2,13,28,0,19,0,30,30,30,30,28,0,0,206,200,308,37,0,0,0.1,6
400,30,29,1,13,29,0,19,0,30,0,30,30,29,0,1,207,201,308,37,0,0,0.1,6
401,30,29,1,13,29,0,19,0,30,0,30,30,29,0,0,207,201,308,37,0,0,0.1,6
402,30,29,1,13,29,0,19,0,30,2,30,30,29,0,0,207,201,308,37,0,0,0.1,6
403,29,27,2,13,27,0,19,0,30,3,30,29,27,0,0,207,201,309,37,2,1,0.1,6
404,30,23,7,13,23,0,19,0,30,3,30,30,23,0,0,207,201,314,37,4,5,0.1,6
405,29,23,6,13,23,0,19,0,30,3,30,29,23,0,0,207,201,314,37,1,0,0.1,6
406,30,24,6,13,24,0,19,0,30,5,30,30,24,0,1,208,202,315,37,0,1,0.1,6
407,30,24,6,13,24,0,19,0,30,5,30,30,24,0,0,208,202,315,37,0,0,0.1,6
408,30,24,6,13,24,0,19,0,30,5,30,30,24,0,0,208,202,315,37,0,0,0.1,6
409,30,24,6,13,24,0,19,0,30,5,30,30,24,0,0,208,202,315,37,0,0,0.1,6
410,30,24,6,13,24,0,19,0,30,5,30,30,24,0,0,208,202,316,37,1,1,0.1,6
411,29,23,6,13,23,0,19,0,30,7,30,29,23,0,0,208,202,320,37,5,4,0.1,6
412,30,23,7,13,23,0,19,0,30,7,30,30,23,0,0,208,202,321,37,0,1,0.1,6
413,30,23,7,13,23,0,19,0,30,11,30,30,23,0,0,208,202,322,37,1,1,0.1,6
414,30,23,7,13,23,0,19,0,30,12,30,30,23,0,0,208,202,322,37,0,0,0.1,6
415,30,23,7,13,23,0,19,0,30,14,30,30,23,0,0,208,202,322,37,0,0,0.1,6
416,30,23,7,13,23,0,19,0,30,15,30,30,23,0,0,208,202,322,37,0,0,0.1,6
417,29,23,6,13,23,0,19,0,30,16,30,29,23,0,0,208,202,322,37,1,0,0.1,6
418,29,22,7,13,22,0,19,0,30,17,30,29,22,0,0,208,202,327,37,5,5,0.1,6
419,30,23,7,13,23,0,19,0,30,17,30,30,23,0,1,209,203,328,37,0,1,0.1,6
420,30,23,7,13,23,0,19,0,30,19,30,30,23,0,0,209,203,329,37,1,1,0.1,6
421,30,24,6,13,24,0,19,0,30,19,30,30,24,0,1,210,204,329,37,0,0,0.1,6
422,30,24,6,13,24,0,19,0,30,19,30,30,24,0,0,210,204,329,37,0,0,0.1,6
423,30,24,6,13,24,0,19,0,30,20,30,30,24,0,0,210,204,329,37,0,0,0.1,6
424,30,25,5,13,25,0,19,1,30,21,30,30,25,0,1,211,205,329,37,0,0,0.1,6
425,29,25,4,13,25,0,19,1,30,22,30,29,25,0,0,211,205,332,37,4,3,0.1,6
426,30,24,6,13,24,0,19,0,30,22,30,30,24,0,0,211,205,334,37,1,2,0.1,6
427,30,24,6,13,24,0,19,0,30,22,30,30,24,0,0,211,205,335,37,1,1,0.1,6
428,30,24,6,13,24,0,19,0,30,23,30,30,24,0,0,211,205,335,37,0,0,0.1,6
429,30,24,6,13,24,0,19,0,30,23,30,30,24,0,0,211,205,335,37,0,0,0.1,6
430,30,24,6,13,24,0,19,0,30,23,30,30,24,0,0,211,205,335,37,0,0,0.1,6
431,30,24,6,13,24,0,19,0,30,23,30,30,24,0,0,211,205,335,37,0,0,0.1,6
432,30,24,6,13,24,0,19,0,30,23,30,30,24,0,1,212,206,339,37,4,4,0.1,6
433,30,25,5,13,25,0,19,0,30,23,30,30,25,0,2,214,208,341,37,2,2,0.1,6
434,30,26,4,13,26,0,19,1,30,23,30,30,26,0,1,215,209,342,37,1,1,0.1,6
435,30,26,4,13,26,0,19,0,30,23,30,30,26,0,0,215,209,342,37,0,0,0.1,6
436,30,27,3,13,27,0,19,0,30,23,30,30,27,0,1,216,210,342,37,0,0,0.1,6
437,30,28,2,13,28,0,19,1,30,24,30,30,28,0,1,217,211,342,37,0,0,0.1,6
438,30,28,2,13,28,0,19,0,30,24,30,30,28,0,0,217,211,342,37,0,0,0.1,6
439,30,28,2,13,28,0,19,0,30,24,30,30,28,0,0,217,211,343,37,1,1,0.1,6
440,30,27,3,13,27,0,19,0,30,25,30,30,27,0,0,217,211,344,37,1,1,0.1,6
441,30,28,2,13,28,0,19,0,30,26,30,30,28,0,1,218,212,345,37,1,1,0.1,6
442,30,28,2,13,28,0,19,0,30,26,30,30,28,0,0,218,212,345,37,0,0,0.1,6
443,30,28,2,13,28,0,19,0,30,27,30,30,28,0,0,218,212,345,37,0,0,0.1,6
444,30,28,2,13,28,0,19,0,30,27,30,30,28,0,0,218,212,345,37,0,0,0.1,6
445,30,28,2,13,28,0,19,1,30,27,30,30,28,0,0,218,212,345,37,0,0,0.1,6
446,29,25,4,13,25,0,19,0,30,27,30,29,25,0,0,218,212,348,37,4,3,0.1,6
447,30,24,6,13,24,0,19,0,30,27,30,30,24,0,1,219,213,351,37,2,3,0.1,6
448,30,24,6,13,24,0,19,0,30,27,30,30,24,0,0,219,213,352,37,1,1,0.1,6
449,30,25,5,13,25,0,19,0,30,27,30,30,25,0,1,220,214,352,37,0,0,0.1,6
450,30,26,4,13,26,0,19,0,30,27,30,30,26,0,1,221,215,352,37,0,0,0.1,6
451,30,26,4,13,26,0,19,0,30,27,30,30,26,0,0,221,215,352,37,0,0,0.1,6
452,30,26,4,13,26,0,19,0,30,27,30,30,26,0,0,221,215,352,37,0,0,0.1,6
453,29,26,3,13,26,0,19,0,30,27,30,29,26,0,0,221,215,352,37,1,0,0.1,6
454,30,25,5,13,25,0,19,1,30,27,30,30,25,0,0,221,215,356,37,3,4,0.1,6
455,30,26,4,13,26,0,19,0,30,27,30,30,26,0,1,222,216,357,37,1,1,0.1,6
456,30,26,4,13,26,0,19,1,30,27,30,30,26,0,0,222,216,357,37,0,0,0.1,6
457,30,26,4,13,26,0,19,0,30,27,30,30,26,0,0,222,216,357,37,0,0,0.1,6
458,30,26,4,13,26,0,19,0,30,27,30,30,26,0,0,222,216,357,37,0,0,0.1,6
459,30,26,4,13,26,0,19,0,30,27,30,30,26,0,0,222,216,357,37,0,0,0.1,6
460,30,25,5,13,25,0,19,0,30,27,30,30,25,0,1,223,217,359,37,2,2,0.1,6
461,30,24,6,13,24,0,19,0,30,27,30,30,24,0,0,223,217,362,37,3,3,0.1,6
462,30,24,6,13,24,0,19,0,30,27,30,30,24,0,0,223,217,363,37,1,1,0.1,6
463,30,24,6,13,24,0,19,0,30,28,30,30,24,0,0,223,217,363,37,0,0,0.1,6
464,30,25,5,13,25,0,19,0,30,28,30,30,25,0,1,224,218,363,37,0,0,0.1,6
465,30,26,4,13,26,0,19,0,30,28,30,30,26,0,1,225,219,363,37,0,0,0.1,6
466,30,27,3,13,27,0,19,1,30,28,30,30,27,0,1,226,220,363,37,0,0,0.1,6
467,30,28,2,13,28,0,19,0,30,28,30,30,28,0,1,227,221,365,37,2,2,0.1,6
468,30,26,4,13,26,0,19,0,30,28,30,30,26,0,0,227,221,367,37,2,2,0.1,6
469,30,26,4,13,26,0,19,0,30,28,30,30,26,0,0,227,221,367,37,0,0,0.1,6
470,30,26,4,13,26,0,19,0,30,28,30,30,26,0,0,227,221,367,37,0,0,0.1,6
471,30,27,3,13,27,0,19,0,30,28,30,30,27,0,1,228,222,367,37,0,0,0.1,6
472,30,27,3,13,27,0,19,0,30,28,30,30,27,0,0,228,222,367,37,0,0,0.1,6
473,30,27,3,13,27,0,19,0,30,28,30,30,27,0,0,228,222,367,37,0,0,0.1,6
474,30,27,3,13,27,0,19,0,30,30,30,30,27,0,0,228,222,369,37,2,2,0.1,6
475,30,24,6,13,24,0,19,0,30,30,30,30,24,0,0,228,222,373,37,4,4,0.1,6
476,29,25,4,13,25,0,19,0,30,30,30,29,25,0,2,230,224,373,37,1,0,0.1,6
477,30,26,4,13,26,0,19,0,30,30,30,30,26,0,1,231,225,374,37,0,1,0.1,6
478,30,27,3,13,27,0,19,0,30,30,30,30,27,0,1,232,226,374,37,0,0,0.1,6
479,30,28,2,13,28,0,19,0,30,30,30,30,28,0,1,233,227,374,37,0,0,0.1,6
480,30,29,1,13,29,0,19,0,30,30,30,30,29,0,1,234,228,374,37,0,0,0.1,6
481,30,29,1,13,29,0,19,0,30,30,30,30,29,0,0,234,228,374,37,0,0,0.1,6
482,30,29,1,13,29,1,19,0,30,30,30,30,29,0,0,235,228,375,37,1,1,0.1,6
483,30,29,1,13,29,1,19,0,30,30,30,30,29,0,0,235,228,375,37,0,0,0.1,6
484,30,29,1,13,29,1,19,0,30,30,30,30,29,0,0,235,228,376,37,1,1,0.1,6
485,30,29,1,13,29,1,19,0,30,30,30,30,29,0,0,235,228,376,37,0,0,0.1,6
486,30,29,1,13,29,1,19,0,30,30,30,30,29,0,0,235,228,376,37,0,0,0.1,6
487,30,29,1,13,29,1,19,1,30,30,30,30,29,0,0,235,228,376,37,0,0,0.1,6
488,30,28,2,13,28,1,19,0,30,30,30,30,28,0,1,236,229,378,37,2,2,0.1,6
489,29,24,5,13,24,0,19,1,30,30,30,29,24,0,1,237,230,382,37,5,4,0.1,6
490,30,27,3,13,27,0,19,0,30,30,30,30,27,0,3,240,233,383,37,0,1,0.1,6
491,30,27,3,13,27,0,19,0,30,30,30,30,27,0,0,240,233,383,37,0,0,0.1,6
492,30,29,1,13,29,0,19,0,30,30,30,30,29,0,2,242,235,383,37,0,0,0.1,6
493,30,29,1,13,29,0,19,1,30,30,30,30,29,0,0,242,235,383,37,0,0,0.1,6
494,30,29,1,13,29,0,19,0,30,30,30,30,29,0,0,242,235,383,37,0,0,0.1,6
495,30,30,0,13,30,0,19,0,30,30,30,30,30,0,1,243,236,383,37,0,0,0.1,6
496,30,30,0,13,30,0,19,0,30,30,30,30,30,0,0,243,236,383,37,0,0,0.1,6
497,30,30,0,13,30,0,19,0,30,30,30,30,30,0,0,243,236,383,37,0,0,0.1,6
498,30,29,1,13,29,0,19,1,30,30,30,30,29,0,0,243,236,384,37,1,1,0.1,6
499,30,29,1,13,29,0,19,1,30,30,30,30,29,0,0,243,236,384,37,0,0,0.1,6
500,30,29,1,13,29,0,19,0,30,30,30,30,29,0,0,243,236,384,37,0,0,0.1,6
501,30,29,1,13,29,0,19,1,30,30,30,30,29,0,0,243,236,384,37,0,0,0.1,6
502,30,27,3,13,27,0,19,2,30,30,30,30,27,0,0,243,236,386,37,2,2,0.1,6
503,29,24,5,13,24,0,19,0,30,30,30,29,24,0,1,244,237,389,37,4,3,0.1,6
504,30,27,3,13,27,0,19,0,30,30,30,30,27,0,4,248,241,391,37,1,2,0.1,6
505,30,28,2,13,28,0,19,0,30,30,30,30,28,0,1,249,242,391,37,0,0,0.1,6
506,30,29,1,13,29,0,19,0,30,30,30,30,29,0,1,250,243,391,37,0,0,0.1,6
507,30,29,1,13,29,0,19,0,30,30,30,30,29,0,0,250,243,391,37,0,0,0.1,6
508,30,29,1,13,29,0,19,0,30,30,30,30,29,0,0,250,243,391,37,0,0,0.1,6
509,30,29,1,13,29,0,19,1,30,30,30,30,29,0,0,250,243,391,37,0,0,0.1,6
510,30,29,1,13,29,0,19,0,30,30,30,30,29,0,0,250,243,391,37,0,0,0.1,6
511,30,29,1,13,29,0,19,0,30,30,30,30,29,0,0,250,243,392,37,1,1,0.1,6
512,30,28,2,13,28,0,19,0,30,30,30,30,28,0,0,250,243,393,37,1,1,0.1,6
513,30,29,1,13,29,0,19,0,30,30,30,30,29,0,1,251,244,393,37,0,0,0.1,6
514,30,29,1,13,29,0,19,0,30,30,30,30,29,0,0,251,244,393,37,0,0,0.1,6
515,30,29,1,13,29,0,19,0,30,30,30,30,29,0,0,251,244,393,37,0,0,0.1,6
516,28,27,1,13,27,0,19,0,30,30,30,28,27,0,0,251,244,393,37,2,0,0.1,6
517,29,25,4,13,25,0,19,0,30,30,30,29,25,0,1,252,245,397,37,3,4,0.1,6
518,30,25,5,13,25,0,19,0,30,30,30,30,25,0,1,253,246,399,37,1,2,0.1,6
519,30,26,4,13,26,0,19,0,30,30,30,30,26,0,1,254,247,400,37,1,1,0.1,6
520,30,26,4,13,26,0,19,0,30,30,30,30,26,0,0,254,247,400,37,0,0,0.1,6
521,30,27,3,13,27,0,19,0,30,30,30,30,27,0,1,255,248,400,37,0,0,0.1,6
522,30,27,3,13,27,0,19,0,30,30,30,30,27,0,0,255,248,400,37,0,0,0.1,6
523,30,27,3,13,27,0,19,2,30,30,30,30,27,0,0,255,248,400,37,0,0,0.1,6
524,30,27,3,13,27,0,19,0,30,30,30,30,27,0,0,255,248,401,37,1,1,0.1,6
525,30,26,4,13,26,0,19,0,30,30,30,30,26,0,0,255,248,403,37,2,2,0.1,6
526,30,27,3,13,27,0,19,0,30,30,30,30,27,0,1,256,249,404,37,1,1,0.1,6
527,30,28,2,13,28,0,19,0,30,30,30,30,28,0,1,257,250,404,37,0,0,0.1,6
528,30,29,1,13,29,0,19,0,30,30,30,30,29,0,1,258,251,404,37,0,0,0.1,6
529,30,29,1,13,29,0,19,0,30,30,30,30,29,0,0,258,251,404,37,0,0,0.1,6
530,30,29,1,13,29,0,19,1,30,30,30,30,29,0,0,258,251,404,37,0,0,0.1,6
531,30,27,3,13,27,0,19,0,30,30,30,30,27,0,1,259,252,407,37,3,3,0.1,6
532,30,27,3,13,27,0,19,0,30,30,30,30,27,0,1,260,253,408,37,1,1,0.1,6
533,30,27,3,13,27,0,19,0,30,30,30,30,27,0,0,260,253,408,37,0,0,0.1,6
534,30,27,3,13,27,0,19,0,30,30,30,30,27,0,0,260,253,408,37,0,0,0.1,6
535,30,27,3,13,27,0,19,0,30,30,30,30,27,0,0,260,253,408,37,0,0,0.1,6
536,30,27,3,13,27,0,19,1,30,30,30,30,27,0,0,260,253,408,37,0,0,0.1,6
537,30,28,2,13,28,0,19,0,30,30,30,30,28,0,1,261,254,408,37,0,0,0.1,6
538,30,27,3,13,27,0,19,0,30,30,30,30,27,0,0,261,254,411,37,3,3,0.1,6
539,30,26,4,13,26,0,19,0,30,30,30,30,26,0,1,262,255,413,37,2,2,0.1,6
540,30,26,4,13,26,0,19,1,30,30,30,30,26,0,1,263,256,414,37,1,1,0.1,6
541,30,27,3,13,27,0,19,0,30,30,30,30,27,0,1,264,257,414,37,0,0,0.1,6
542,30,28,2,13,28,0,19,0,30,30,30,30,28,0,1,265,258,414,37,0,0,0.1,6
543,30,28,2,13,28,0,19,0,30,30,30,30,28,0,0,265,258,414,37,0,0,0.1,6
544,30,28,2,13,28,0,19,0,30,30,30,30,28,0,0,265,258,414,37,0,0,0.1,6
545,30,28,2,13,28,0,19,0,30,30,30,30,28,0,1,266,259,416,37,2,2,0.1,6
546,30,28,2,13,28,0,19,0,30,30,30,30,28,0,1,267,260,417,37,1,1,0.1,6
547,30,28,2,13,28,0,19,0,30,30,30,30,28,0,0,267,260,417,37,0,0,0.1,6
548,30,29,1,13,29,0,19,0,30,30,30,30,29,0,1,268,261,417,37,0,0,0.1,6
549,30,30,0,13,30,0,19,1,30,30,30,30,30,0,1,269,262,417,37,0,0,0.1,6
550,30,30,0,13,30,0,19,0,30,30,30,30,30,0,0,269,262,417,37,0,0,0.1,6
551,30,30,0,13,30,0,19,0,30,30,30,30,30,0,0,269,262,417,37,0,0,0.1,6
552,29,28,1,13,28,0,19,0,30,30,30,29,28,0,0,269,262,418,37,2,1,0.1,6
553,30,26,4,13,26,0,19,0,30,30,30,30,26,0,0,269,262,421,37,2,3,0.1,6
554,30,26,4,13,26,0,19,0,30,30,30,30,26,0,1,270,263,422,37,1,1,0.1,6
555,30,27,3,13,27,0,19,0,30,30,30,30,27,0,1,271,264,422,37,0,0,0.1,6
556,30,28,2,13,28,0,19,0,30,30,30,30,28,0,1,272,265,422,37,0,0,0.1,6
557,30,28,2,13,28,0,19,1,30,30,30,30,28,0,0,272,265,422,37,0,0,0.1,6
558,30,28,2,13,28,0,19,0,30,30,30,30,28,0,0,272,265,422,37,0,0,0.1,6
559,30,27,3,13,26,0,19,0,30,30,30,30,26,0,1,273,266,425,37,3,3,0.1,6
560,30,26,4,13,26,0,19,0,30,30,30,30,26,0,0,273,266,426,37,1,1,0.1,6
561,30,26,4,13,26,0,19,1,30,30,30,30,26,0,0,273,266,426,37,0,0,0.1,6
562,30,28,2,13,28,0,19,0,30,30,30,30,28,0,2,275,268,426,37,0,0,0.1,6
563,30,28,2,13,28,0,19,0,30,30,30,30,28,0,0,275,268,426,37,0,0,0.1,6
564,30,28,2,13,28,0,19,0,30,30,30,30,28,0,0,275,268,426,37,0,0,0.1,6
565,30,28,2,13,28,0,19,0,30,30,30,30,28,0,0,275,268,426,37,0,0,0.1,6
566,30,30,0,13,30,0,19,0,30,30,30,30,30,0,2,277,270,426,37,0,0,0.1,6
567,30,27,3,13,27,0,19,0,30,30,30,30,27,0,0,277,270,429,37,3,3,0.1,6
568,30,27,3,13,27,0,19,1,30,30,30,30,27,0,1,278,271,430,37,1,1,0.1,6
569,30,27,3,13,27,0,19,0,30,30,30,30,27,0,0,278,271,430,37,0,0,0.1,6
570,30,29,1,13,29,0,19,1,30,30,30,30,29,0,2,280,273,430,37,0,0,0.1,6
0,30,0,30,16,0,0,19,0,30,10,30,0,0,0,0,0,0,30,0,0,0,0.1,7
1,30,1,29,16,1,0,19,0,30,11,30,30,1,0,1,1,1,30,0,0,0,0.1,7
2,30,2,28,16,2,0,19,0,30,11,30,30,2,0,1,2,2,30,0,0,0,0.1,7
3,30,4,26,16,4,0,19,0,30,11,30,30,4,0,2,4,4,30,1,0,0,0.1,7
4,30,5,25,16,5,0,19,0,30,11,30,30,5,0,1,5,5,30,2,0,0,0.1,7
5,30,6,24,16,6,0,19,0,30,11,30,30,6,0,1,6,6,30,2,0,0,0.1,7
6,30,7,23,16,7,0,19,0,30,11,30,30,7,0,1,7,7,30,2,0,0,0.1,7
7,30,7,23,16,7,0,19,0,30,11,30,30,7,0,0,7,7,30,2,0,0,0.1,7
8,30,1,29,18,1,0,19,0,30,11,30,30,1,0,1,8,8,37,2,7,7,0.1,7
9,30,4,26,18,4,0,19,0,30,12,30,30,4,0,3,11,11,37,2,0,0,0.1,7
10,30,5,25,18,5,0,19,0,30,12,30,30,5,0,1,12,12,37,2,0,0,0.1,7
11,30,6,24,18,6,0,19,0,30,12,30,30,6,0,1,13,13,37,2,0,0,0.1,7
12,30,6,24,18,6,0,19,0,30,12,30,30,6,0,0,13,13,37,2,0,0,0.1,7
13,30,10,20,18,10,0,19,0,30,12,30,30,10,0,4,17,17,37,3,0,0,0.1,7
14,30,10,20,18,10,0,19,0,30,13,30,30,10,0,0,17,17,37,3,0,0,0.1,7
15,30,10,20,17,10,0,19,0,30,13,30,30,10,0,0,17,17,39,3,2,2,0.1,7
16,30,12,18,17,12,0,19,0,30,13,30,30,12,0,2,19,19,39,4,0,0,0.1,7
17,30,13,17,17,13,0,19,0,30,13,30,30,13,0,1,20,20,39,4,0,0,0.1,7
18,30,14,16,17,14,0,19,0,30,13,30,30,14,0,1,21,21,39,5,0,0,0.1,7
19,30,14,16,17,14,0,19,0,30,14,30,30,14,0,0,21,21,39,5,0,0,0.1,7
20,30,14,16,17,14,0,19,0,30,14,30,30,14,0,0,21,21,39,6,0,0,0.1,7
21,30,15,15,17,15,0,19,1,30,17,30,30,15,0,1,22,22,39,6,0,0,0.1,7
22,30,11,19,18,11,0,19,0,30,18,30,30,11,0,1,23,23,45,7,6,6,0.1,7
23,30,12,18,18,12,0,19,0,30,20,30,30,12,0,1,24,24,45,7,0,0,0.1,7
24,30,12,18,18,12,0,19,0,30,20,30,30,12,0,0,24,24,45,8,0,0,0.1,7
25,30,14,16,18,14,0,19,1,30,20,30,30,14,0,2,26,26,45,10,0,0,0.1,7
26,30,16,14,18,16,0,19,1,30,21,30,30,16,0,2,28,28,45,10,0,0,0.1,7
27,30,17,13,18,17,0,19,0,30,21,30,30,17,0,1,29,29,45,10,0,0,0.1,7
28,30,17,13,18,17,0,19,1,30,21,30,30,17,0,0,29,29,45,10,0,0,0.1,7
29,30,16,14,18,16,0,19,0,30,22,30,30,16,0,0,29,29,49,11,4,4,0.1,7
30,30,17,13,18,17,0,19,0,30,22,30,30,17,0,1,30,30,49,11,0,0,0.1,7
31,30,19,11,18,19,0,19,0,30,22,30,30,19,0,2,32,32,49,11,0,0,0.1,7
32,30,20,10,18,19,0,19,0,30,22,30,30,19,0,1,33,33,49,11,0,0,0.1,7
33,30,21,9,18,21,0,19,0,30,22,30,30,21,0,1,34,34,49,11,0,0,0.1,7
34,30,21,9,18,21,0,19,0,30,22,30,30,21,0,0,34,34,49,11,0,0,0.1,7
35,30,21,9,18,21,0,19,0,30,22,30,30,21,0,0,34,34,49,11,0,0,0.1,7
36,30,18,12,17,18,0,19,0,30,22,30,30,18,0,0,34,34,54,11,5,5,0.1,7
37,30,19,11,17,19,0,19,0,30,22,30,30,19,0,1,35,35,54,11,0,0,0.1,7
38,30,19,11,17,19,0,19,0,30,22,30,30,19,0,0,35,35,54,11,0,0,0.1,7
39,30,20,10,17,20,0,19,0,30,22,30,30,20,0,1,36,36,54,12,0,0,0.1,7
40,30,22,8,17,22,0,19,0,30,2,30,30,22,0,2,38,38,54,12,0,0,0.1,7
41,30,22,8,17,22,0,19,0,30,2,30,30,22,0,0,38,38,54,13,0,0,0.1,7
42,30,22,8,17,22,0,19,0,30,2,30,30,22,0,0,38,38,54,13,0,0,0.1,7
43,30,20,10,16,20,0,19,0,30,2,30,30,20,0,0,38,38,57,13,3,3,0.1,7
44,30,20,10,16,20,0,19,0,30,2,30,30,20,0,0,38,38,57,14,0,0,0.1,7
45,30,20,10,16,20,0,19,0,30,2,30,30,20,0,0,38,38,57,14,0,0,0.1,7
46,30,20,10,16,20,0,19,0,30,3,30,30,20,0,0,38,38,57,15,0,0,0.1,7
47,30,20,10,16,20,0,19,0,30,5,30,30,20,0,0,38,38,57,16,0,0,0.1,7
48,30,21,9,16,21,0,19,0,30,5,30,30,21,0,1,39,39,57,16,0,0,0.1,7
49,30,21,9,16,21,0,19,0,30,5,30,30,21,0,0,39,39,57,16,0,0,0.1,7
50,30,17,13,18,17,0,19,0,30,5,30,30,17,0,0,39,39,64,16,7,7,0.1,7
51,30,17,13,18,17,0,19,0,30,5,30,30,17,0,0,39,39,64,16,0,0,0.1,7
52,30,17,13,18,17,0,19,0,30,5,30,30,17,0,0,39,39,64,16,0,0,0.1,7
53,30,17,13,18,17,0,19,0,30,6,30,30,17,0,0,39,39,64,16,0,0,0.1,7
54,30,17,13,18,17,0,19,0,30,7,30,30,17,0,0,39,39,64,16,0,0,0.1,7
55,30,17,13,18,17,0,19,0,30,7,30,30,17,0,0,39,39,64,16,0,0,0.1,7
56,30,17,13,18,17,0,19,1,30,8,30,30,17,0,0,39,39,64,16,0,0,0.1,7
57,30,17,13,18,17,0,19,0,30,8,30,30,17,0,0,39,39,71,16,7,7,0.1,7
58,30,17,13,18,17,0,19,0,30,8,30,30,17,0,0,39,39,71,16,0,0,0.1,7
59,30,17,13,18,17,0,19,0,30,8,30,30,17,0,0,39,39,71,16,0,0,0.1,7
60,30,17,13,18,17,0,19,0,30,8,30,30,17,0,0,39,39,71,16,0,0,0.1,7
61,30,18,12,18,18,0,19,0,30,8,30,30,18,0,1,40,40,71,16,0,0,0.1,7
62,30,18,12,18,18,0,19,0,30,8,30,30,18,0,0,40,40,71,16,0,0,0.1,7
63,30,18,12,18,18,0,19,0,30,10,30,30,18,0,0,40,40,71,16,0,0,0.1,7
64,28,19,9,17,19,1,19,0,30,10,30,28,19,1,0,41,40,76,16,7,5,0.1,7
65,30,19,11,18,19,1,19,0,30,11,30,30,19,0,0,41,40,78,16,0,2,0.1,7
66,30,19,11,18,19,1,19,0,30,12,30,30,19,0,0,41,40,78,16,0,0,0.1,7
67,30,19,11,18,19,1,19,0,30,12,30,30,19,0,0,41,40,78,16,0,0,0.1,7
68,30,19,11,18,19,1,19,0,30,12,30,30,19,0,0,41,40,78,16,0,0,0.1,7
69,30,19,11,18,19,1,19,0,30,13,30,30,19,0,0,41,40,78,16,0,0,0.1,7
70,30,19,11,18,19,1,19,0,30,14,30,30,19,0,0,41,40,78,16,0,0,0.1,7
71,30,20,10,18,20,0,19,0,30,14,30,30,20,0,2,43,42,82,17,4,4,0.1,7
72,30,20,10,18,20,0,19,0,30,14,30,30,20,0,0,43,42,83,17,1,1,0.1,7
73,30,20,10,18,20,0,19,0,30,14,30,30,20,0,0,43,42,83,17,0,0,0.1,7
74,30,20,10,18,20,0,19,0,30,15,30,30,20,0,0,43,42,83,17,0,0,0.1,7
75,30,20,10,18,20,0,19,0,30,17,30,30,20,0,0,43,42,83,17,0,0,0.1,7
76,30,20,10,18,20,0,19,0,30,17,30,30,20,0,0,43,42,83,17,0,0,0.1,7
77,30,21,9,18,21,0,19,0,30,18,30,30,21,0,1,44,43,83,17,0,0,0.1,7
78,29,20,9,17,20,0,19,0,30,18,30,29,20,0,0,44,43,86,17,4,3,0.1,7
79,30,19,11,17,19,0,19,0,30,18,30,30,19,0,0,44,43,89,17,2,3,0.1,7
80,30,20,10,17,20,0,19,0,30,18,30,30,20,0,1,45,44,89,17,0,0,0.1,7
81,30,20,10,17,20,0,19,0,30,18,30,30,20,0,0,45,44,89,17,0,0,0.1,7
82,30,20,10,17,20,0,19,0,30,18,30,30,20,0,0,45,44,89,17,0,0,0.1,7
83,30,21,9,17,21,0,19,0,30,18,30,30,21,0,1,46,45,89,17,0,0,0.1,7
84,30,21,9,17,21,0,19,0,30,18,30,30,21,0,0,46,45,89,17,0,0,0.1,7
85,30,21,9,17,21,0,19,0,30,18,30,30,21,0,1,47,46,91,17,2,2,0.1,7
86,29,21,8,16,21,0,19,0,30,19,30,29,21,1,0,47,46,93,17,3,2,0.1,7
87,30,21,9,17,21,0,19,0,30,21,30,30,21,0,0,47,46,94,17,0,1,0.1,7
88,30,21,9,17,21,0,19,0,30,22,30,30,21,0,0,47,46,94,17,0,0,0.1,7
89,30,21,9,17,21,0,19,0,30,22,30,30,21,0,0,47,46,94,18,0,0,0.1,7
90,30,23,7,17,23,0,19,0,30,22,30,30,23,0,2,49,48,94,18,0,0,0.1,7
91,30,23,7,17,23,0,19,0,30,22,30,30,23,0,0,49,48,94,18,0,0,0.1,7
92,28,21,7,17,21,0,19,0,30,22,30,28,21,1,0,49,48,95,18,3,1,0.1,7
93,30,21,9,18,21,0,19,0,30,23,30,30,21,0,0,49,48,98,19,1,3,0.1,7
94,30,22,8,18,22,0,19,0,30,23,30,30,22,0,1,50,49,99,19,1,1,0.1,7
95,30,22,8,18,22,0,19,0,30,24,30,30,22,0,0,50,49,99,19,0,0,0.1,7
96,30,22,8,18,22,0,19,0,30,24,30,30,22,0,0,50,49,99,19,0,0,0.1,7
97,30,22,8,18,22,0,19,0,30,26,30,30,22,0,0,50,49,99,19,0,0,0.1,7
98,30,22,8,18,22,0,19,0,30,26,30,30,22,0,0,50,49,99,19,0,0,0.1,7
99,30,21,9,16,21,0,19,0,30,26,30,30,21,0,0,50,49,101,20,2,2,0.1,7
100,30,21,9,17,21,0,19,0,30,26,30,30,21,0,1,51,50,104,20,3,3,0.1,7
101,30,25,5,16,25,0,19,0,30,26,30,30,25,0,4,55,54,105,20,1,1,0.1,7
102,30,25,5,16,25,0,19,0,30,26,30,30,25,0,0,55,54,105,20,0,0,0.1,7
103,30,25,5,16,25,0,19,0,30,26,30,30,25,0,0,55,54,105,20,0,0,0.1,7
104,30,25,5,16,25,0,19,0,30,26,30,30,25,0,0,55,54,105,20,0,0,0.1,7
105,30,26,4,16,26,0,19,0,30,26,30,30,26,0,1,56,55,105,20,0,0,0.1,7
106,30,26,4,16,26,0,19,0,30,26,30,30,26,0,0,56,55,105,20,0,0,0.1,7
107,30,25,5,16,25,0,19,0,30,26,30,30,25,0,0,56,55,106,21,1,1,0.1,7
108,30,25,5,16,25,0,19,0,30,27,30,30,25,0,0,56,55,106,22,0,0,0.1,7
109,30,25,5,16,25,0,19,0,30,27,30,30,25,0,0,56,55,106,22,0,0,0.1,7
110,30,26,4,16,26,0,19,1,30,27,30,30,26,0,1,57,56,106,22,0,0,0.1,7
111,30,26,4,16,26,0,19,0,30,27,30,30,26,0,0,57,56,106,22,0,0,0.1,7
112,30,26,4,16,26,0,19,0,30,27,30,30,26,0,0,57,56,106,22,0,0,0.1,7
113,28,25,3,16,25,0,19,0,30,28,30,28,25,0,1,58,57,106,23,2,0,0.1,7
114,30,22,8,17,22,0,19,0,30,28,30,30,22,0,0,58,57,112,23,4,6,0.1,7
115,30,21,9,18,21,0,19,0,30,28,30,30,21,0,0,58,57,113,23,1,1,0.1,7
116,30,23,7,18,23,0,19,0,30,28,30,30,23,0,2,60,59,113,23,0,0,0.1,7
117,30,23,7,18,23,0,19,0,30,28,30,30,23,0,0,60,59,113,23,0,0,0.1,7
118,30,26,4,18,26,0,19,0,30,28,30,30,26,0,3,63,62,113,23,0,0,0.1,7
119,30,27,3,18,27,0,19,0,30,28,30,30,27,0,1,64,63,113,23,0,0,0.1,7
120,30,27,3,18,27,0,19,0,30,28,30,30,27,0,0,64,63,113,23,0,0,0.1,7
121,30,27,3,18,27,0,19,0,30,28,30,30,27,0,0,64,63,113,23,0,0,0.1,7
122,30,28,2,18,28,1,19,1,30,28,30,30,28,0,0,65,63,114,23,1,1,0.1,7
123,30,28,2,18,28,1,19,0,30,28,30,30,28,0,0,65,63,114,23,0,0,0.1,7
124,30,28,2,18,28,1,19,0,30,28,30,30,28,0,0,65,63,114,23,0,0,0.1,7
125,30,28,2,18,28,1,19,0,30,28,30,30,28,0,0,65,63,114,23,0,0,0.1,7
126,30,28,2,18,28,1,19,0,30,28,30,30,28,0,0,65,63,114,23,0,0,0.1,7
127,30,28,2,18,28,1,19,0,30,28,30,30,28,0,0,65,63,114,23,0,0,0.1,7
128,29,23,6,17,23,1,19,0,30,28,30,29,23,1,1,66,64,119,25,6,5,0.1,7
129,30,22,8,18,22,0,19,0,30,28,30,30,22,0,0,66,64,121,25,1,2,0.1,7
130,30,23,7,18,23,0,19,0,30,28,30,30,23,0,1,67,65,121,25,0,0,0.1,7
131,30,23,7,18,23,0,19,0,30,28,30,30,23,0,0,67,65,121,25,0,0,0.1,7
132,30,23,7,18,23,0,19,0,30,28,30,30,23,0,0,67,65,121,25,0,0,0.1,7
133,30,24,6,18,24,0,19,0,30,28,30,30,24,0,1,68,66,121,25,0,0,0.1,7
134,30,24,6,18,24,0,19,0,30,28,30,30,24,0,0,68,66,121,25,0,0,0.1,7
135,30,24,6,17,24,0,19,0,30,28,30,30,24,0,0,68,66,124,26,3,3,0.1,7
136,30,24,6,17,24,0,19,1,30,28,30,30,24,0,0,68,66,125,26,1,1,0.1,7
137,30,25,5,17,25,0,19,0,30,28,30,30,25,0,1,69,67,125,26,0,0,0.1,7
138,30,25,5,17,25,0,19,1,30,28,30,30,25,0,0,69,67,125,26,0,0,0.1,7
139,30,25,5,17,25,0,19,0,30,28,30,30,25,0,0,69,67,125,26,0,0,0.1,7
140,30,25,5,17,25,0,19,1,30,28,30,30,25,0,0,69,67,125,26,0,0,0.1,7
141,30,25,5,17,25,0,19,1,30,29,30,30,25,0,0,69,67,125,26,0,0,0.1,7
142,30,24,6,18,24,0,19,1,30,29,30,30,24,0,1,70,68,128,26,3,3,0.1,7
143,30,25,5,18,25,0,19,0,30,29,30,30,25,0,2,72,70,130,27,2,2,0.1,7
144,30,26,4,18,26,0,19,0,30,29,30,30,26,0,1,73,71,130,27,0,0,0.1,7
145,30,29,1,18,29,0,19,0,30,29,30,30,29,0,3,76,74,130,27,0,0,0.1,7
146,30,29,1,18,29,0,19,0,30,29,30,30,29,0,0,76,74,130,27,0,0,0.1,7
147,30,29,1,18,29,0,19,0,30,29,30,30,29,0,0,76,74,130,27,0,0,0.1,7
148,30,29,1,18,29,0,19,0,30,29,30,30,29,0,0,76,74,130,27,0,0,0.1,7
149,30,27,3,18,27,0,19,0,30,29,30,30,27,0,0,76,74,132,28,2,2,0.1,7
150,30,27,3,18,27,0,19,0,30,29,30,30,27,0,0,76,74,132,28,0,0,0.1,7
151,30,27,3,18,27,0,19,0,30,29,30,30,27,0,0,76,74,132,28,0,0,0.1,7
152,30,27,3,18,27,0,19,0,30,29,30,30,27,0,0,76,74,132,28,0,0,0.1,7
153,30,28,2,18,28,0,19,0,30,29,30,30,28,0,1,77,75,132,28,0,0,0.1,7
154,30,28,2,18,28,0,19,0,30,29,30,30,28,0,0,77,75,132,28,0,0,0.1,7
155,30,29,1,18,29,0,19,0,30,29,30,30,29,0,1,78,76,132,28,0,0,0.1,7
156,30,27,3,17,27,0,19,0,30,29,30,30,27,0,1,79,77,135,29,3,3,0.1,7
157,30,25,5,16,25,0,19,1,30,30,30,30,25,0,0,79,77,137,29,2,2,0.1,7
158,30,26,4,16,26,0,19,0,30,30,30,30,26,0,1,80,78,137,29,0,0,0.1,7
159,30,26,4,16,26,0,19,0,30,30,30,30,26,0,0,80,78,137,30,0,0,0.1,7
160,30,26,4,16,26,0,19,0,30,30,30,30,26,0,0,80,78,137,30,0,0,0.1,7
161,30,26,4,16,26,0,19,0,30,30,30,30,26,0,0,80,78,137,30,0,0,0.1,7
162,30,27,3,16,27,0,19,0,30,30,30,30,27,0,1,81,79,137,30,0,0,0.1,7
163,30,26,4,17,26,0,19,0,30,30,30,30,26,0,1,82,80,140,30,3,3,0.1,7
164,30,26,4,17,26,0,19,1,30,30,30,30,26,0,0,82,80,141,30,1,1,0.1,7
165,30,28,2,17,28,0,19,0,30,30,30,30,28,0,2,84,82,141,30,0,0,0.1,7
166,30,28,2,17,28,0,19,0,30,30,30,30,28,0,0,84,82,141,30,0,0,0.1,7
167,30,28,2,17,28,0,19,0,30,30,30,30,28,0,0,84,82,141,31,0,0,0.1,7
168,30,28,2,17,28,0,19,0,30,30,30,30,28,0,0,84,82,141,31,0,0,0.1,7
169,30,28,2,17,28,0,19,0,30,30,30,30,28,0,0,84,82,141,31,0,0,0.1,7
170,29,26,3,16,26,0,19,1,30,30,30,29,26,0,0,84,82,143,32,3,2,0.1,7
171,29,27,2,16,27,0,19,0,30,30,30,29,27,0,2,86,84,145,32,2,2,0.1,7
172,30,27,3,16,27,0,19,0,30,30,30,30,27,0,0,86,84,146,32,0,1,0.1,7
173,30,28,2,16,28,0,19,0,30,30,30,30,28,0,1,87,85,146,32,0,0,0.1,7
174,30,28,2,16,28,0,19,0,30,30,30,30,28,0,0,87,85,146,32,0,0,0.1,7
175,30,29,1,16,29,0,19,0,30,30,30,30,29,0,1,88,86,146,32,0,0,0.1,7
176,30,29,1,16,29,0,19,0,30,30,30,30,29,0,0,88,86,146,32,0,0,0.1,7
177,29,27,2,15,27,0,19,0,30,30,30,29,27,0,0,88,86,147,33,2,1,0.1,7
178,30,27,3,15,27,0,19,0,30,30,30,30,27,0,0,88,86,148,33,0,1,0.1,7
179,30,27,3,15,27,0,19,0,30,30,30,30,27,0,0,88,86,149,33,1,1,0.1,7
180,30,27,3,15,27,0,19,0,30,30,30,30,27,0,0,88,86,149,33,0,0,0.1,7
181,30,28,2,15,28,0,19,0,30,30,30,30,28,0,1,89,87,149,33,0,0,0.1,7
182,30,28,2,15,28,0,19,0,30,30,30,30,28,0,0,89,87,149,33,0,0,0.1,7
183,30,29,1,15,29,0,19,0,30,30,30,30,29,0,1,90,88,149,33,0,0,0.1,7
184,30,27,3,15,27,0,19,0,30,30,30,30,27,0,0,90,88,151,33,2,2,0.1,7
185,30,25,5,15,25,0,19,0,30,30,30,30,25,0,0,90,88,153,34,2,2,0.1,7
186,30,26,4,15,26,0,19,0,30,30,30,30,26,0,1,91,89,154,34,1,1,0.1,7
187,30,27,3,15,27,0,19,0,30,30,30,30,27,0,1,92,90,154,34,0,0,0.1,7
188,30,27,3,15,27,0,19,0,30,30,30,30,27,0,0,92,90,154,34,0,0,0.1,7
189,30,28,2,15,28,0,19,1,30,30,30,30,28,0,1,93,91,154,34,0,0,0.1,7
190,30,28,2,15,28,0,19,0,30,30,30,30,28,0,0,93,91,154,34,0,0,0.1,7
191,30,27,3,16,27,0,19,0,30,30,30,30,27,0,0,93,91,157,34,3,3,0.1,7
192,30,27,3,16,27,0,19,0,30,30,30,30,27,0,1,94,92,158,34,1,1,0.1,7
193,30,28,2,16,28,0,19,1,30,30,30,30,28,0,1,95,93,158,35,0,0,0.1,7
194,30,28,2,16,28,0,19,0,30,30,30,30,28,0,0,95,93,158,35,0,0,0.1,7
195,30,29,1,16,29,0,19,0,30,30,30,30,29,0,1,96,94,158,35,0,0,0.1,7
196,30,29,1,16,29,0,19,0,30,30,30,30,29,0,0,96,94,158,35,0,0,0.1,7
197,30,29,1,16,29,0,19,1,30,30,30,30,29,0,0,96,94,158,35,0,0,0.1,7
198,30,29,1,16,29,0,19,0,30,30,30,30,29,0,0,96,94,159,35,1,1,0.1,7
199,30,27,3,15,27,0,19,0,30,30,30,30,27,0,0,96,94,161,36,2,2,0.1,7
200,30,26,4,16,26,0,19,0,30,30,30,30,26,0,0,96,94,162,36,1,1,0.1,7
201,30,26,4,16,26,0,19,0,30,30,30,30,26,0,0,96,94,162,36,0,0,0.1,7
202,30,27,3,16,27,0,19,0,30,30,30,30,27,0,1,97,95,162,36,0,0,0.1,7
203,30,28,2,16,28,0,19,0,30,30,30,30,28,0,1,98,96,162,36,0,0,0.1,7
204,30,28,2,16,28,0,19,0,30,30,30,30,28,0,0,98,96,162,37,0,0,0.1,7
205,29,26,3,15,26,0,19,0,30,30,30,29,26,0,0,98,96,163,37,2,1,0.1,7
206,30,26,4,15,26,0,19,0,30,30,30,30,26,0,1,99,97,166,38,2,3,0.1,7
207,30,27,3,14,27,0,19,0,30,30,30,30,27,0,1,100,98,167,38,1,1,0.1,7
208,30,27,3,14,27,0,19,0,30,30,30,30,27,0,0,100,98,167,38,0,0,0.1,7
209,30,28,2,14,28,0,19,0,30,30,30,30,28,0,1,101,99,167,38,0,0,0.1,7
210,30,29,1,14,29,0,19,0,30,30,30,30,29,0,1,102,100,167,38,0,0,0.1,7
211,30,29,1,14,29,0,19,0,30,30,30,30,29,0,0,102,100,167,38,0,0,0.1,7
212,30,28,2,14,28,0,19,1,30,30,30,30,28,0,0,102,100,168,39,1,1,0.1,7
213,30,27,3,14,27,0,19,0,30,30,30,30,27,0,0,102,100,170,40,2,2,0.1,7
214,30,28,2,14,28,0,19,1,30,30,30,30,28,0,1,103,101,170,40,0,0,0.1,7
215,30,28,2,14,28,0,19,0,30,30,30,30,28,0,0,103,101,170,40,0,0,0.1,7
216,30,28,2,14,28,0,19,0,30,30,30,30,28,0,0,103,101,170,40,0,0,0.1,7
217,30,29,1,14,29,0,19,0,30,30,30,30,29,0,1,104,102,170,40,0,0,0.1,7
218,30,30,0,14,30,0,19,0,30,30,30,30,30,0,1,105,103,170,40,0,0,0.1,7
219,30,29,1,15,29,0,19,0,30,30,30,30,29,0,0,105,103,171,40,1,1,0.1,7
220,30,28,2,15,28,0,19,0,30,6,30,30,28,0,1,106,104,173,41,2,2,0.1,7
221,30,27,3,15,27,0,19,0,30,8,30,30,27,0,0,106,104,174,41,1,1,0.1,7
222,30,27,3,15,27,0,19,0,30,8,30,30,27,0,0,106,104,174,41,0,0,0.1,7
223,30,28,2,15,28,0,19,0,30,9,30,30,28,0,1,107,105,174,41,0,0,0.1,7
224,30,28,2,15,28,0,19,0,30,9,30,30,28,0,0,107,105,174,41,0,0,0.1,7
225,30,28,2,15,28,0,19,0,30,9,30,30,28,0,0,107,105,174,41,0,0,0.1,7
226,30,27,3,15,27,0,19,0,30,10,30,30,27,0,0,107,105,175,41,1,1,0.1,7
227,27,25,2,15,25,0,19,0,30,10,30,27,25,1,0,107,105,175,41,3,0,0.1,7
228,29,25,4,16,25,0,19,0,30,10,30,29,25,0,0,107,105,178,41,1,3,0.1,7
229,30,26,4,16,26,0,19,0,30,12,30,30,26,0,1,108,106,179,41,0,1,0.1,7
230,30,27,3,16,27,0,19,0,30,13,30,30,27,0,1,109,107,179,41,0,0,0.1,7
231,30,27,3,16,27,0,19,0,30,15,30,30,27,0,0,109,107,179,41,0,0,0.1,7
232,30,27,3,16,27,0,19,0,30,16,30,30,27,0,0,109,107,179,42,0,0,0.1,7
233,29,26,3,15,26,0,19,0,30,16,30,29,26,1,0,109,107,179,42,1,0,0.1,7
234,30,25,5,17,25,0,19,0,30,17,30,30,25,0,0,109,107,181,42,1,2,0.1,7
235,30,25,5,16,25,0,19,0,30,18,30,30,25,0,0,109,107,183,42,2,2,0.1,7
236,30,25,5,16,25,0,19,0,30,18,30,30,25,0,0,109,107,184,43,1,1,0.1,7
237,30,25,5,16,25,0,19,0,30,18,30,30,25,0,0,109,107,184,44,0,0,0.1,7
238,30,25,5,16,25,0,19,0,30,18,30,30,25,0,0,109,107,184,44,0,0,0.1,7
239,30,25,5,16,25,0,19,0,30,19,30,30,25,0,0,109,107,184,44,0,0,0.1,7
240,30,25,5,17,25,0,19,0,30,20,30,30,25,0,1,110,108,185,44,1,1,0.1,7
241,30,27,3,15,27,2,19,0,30,23,30,30,27,0,0,112,108,187,44,2,2,0.1,7
242,30,26,4,16,26,2,19,0,30,24,30,30,26,0,0,112,108,189,44,2,2,0.1,7
243,30,26,4,16,26,2,19,0,30,25,30,30,26,0,0,112,108,190,44,1,1,0.1,7
244,30,26,4,16,26,2,19,0,30,25,30,30,26,0,0,112,108,190,45,0,0,0.1,7
245,30,27,3,16,27,2,19,0,30,26,30,30,27,0,1,113,109,190,45,0,0,0.1,7
246,30,27,3,16,27,2,19,1,30,27,30,30,27,0,0,113,109,190,45,0,0,0.1,7
247,29,27,2,15,27,2,19,1,30,27,30,29,27,0,0,113,109,190,45,1,0,0.1,7
248,30,25,5,15,25,0,19,0,30,27,30,30,25,0,0,113,109,193,45,2,3,0.1,7
249,30,25,5,16,25,0,19,1,30,27,30,30,25,0,1,114,110,195,45,2,2,0.1,7
250,30,26,4,16,26,0,19,0,30,27,30,30,26,0,1,115,111,196,45,1,1,0.1,7
251,30,26,4,16,26,0,19,0,30,27,30,30,26,0,0,115,111,196,45,0,0,0.1,7
252,30,28,2,16,28,0,19,0,30,27,30,30,28,0,2,117,113,196,45,0,0,0.1,7
253,30,28,2,16,28,0,19,0,30,27,30,30,28,0,0,117,113,196,45,0,0,0.1,7
254,30,28,2,16,28,0,19,0,30,27,30,30,28,0,0,117,113,196,45,0,0,0.1,7
255,30,28,2,16,28,0,19,0,30,27,30,30,28,0,0,117,113,197,45,1,1,0.1,7
256,30,29,1,16,29,0,19,0,30,27,30,30,29,0,2,119,115,198,45,1,1,0.1,7
257,30,29,1,16,29,0,19,0,30,27,30,30,29,0,0,119,115,199,45,1,1,0.1,7
258,30,29,1,16,29,0,19,0,30,27,30,30,29,0,0,119,115,199,45,0,0,0.1,7
259,30,29,1,16,29,0,19,0,30,27,30,30,29,0,0,119,115,199,45,0,0,0.1,7
260,30,29,1,16,29,0,19,0,30,27,30,30,29,0,0,119,115,199,45,0,0,0.1,7
261,30,29,1,16,29,0,19,0,30,27,30,30,29,0,0,119,115,199,45,0,0,0.1,7
262,30,27,3,16,27,0,19,0,30,28,30,30,27,0,0,119,115,201,45,2,2,0.1,7
263,30,26,4,16,26,0,19,0,30,28,30,30,26,0,1,120,116,203,46,2,2,0.1,7
264,30,26,4,16,26,0,19,0,30,29,30,30,26,0,0,120,116,204,47,1,1,0.1,7
265,30,27,3,16,27,0,19,0,30,29,30,30,27,0,1,121,117,204,47,0,0,0.1,7
266,30,28,2,16,28,0,19,0,30,29,30,30,28,0,1,122,118,204,47,0,0,0.1,7
267,30,28,2,16,28,0,19,0,30,29,30,30,28,0,0,122,118,204,47,0,0,0.1,7
268,30,28,2,16,28,0,19,0,30,29,30,30,28,0,0,122,118,204,47,0,0,0.1,7
269,30,27,3,16,27,0,19,1,30,29,30,30,27,0,0,122,118,205,48,1,1,0.1,7
270,30,28,2,15,28,0,19,0,30,29,30,30,28,0,2,124,120,206,49,1,1,0.1,7
271,29,29,0,15,29,0,19,0,30,30,30,29,29,0,1,125,121,206,49,1,0,0.1,7
272,30,29,1,15,29,0,19,0,30,30,30,30,29,0,0,125,121,207,49,0,1,0.1,7
273,30,30,0,15,30,0,19,0,30,30,30,30,30,0,1,126,122,207,49,0,0,0.1,7
274,30,30,0,15,30,0,19,0,30,30,30,30,30,0,0,126,122,207,49,0,0,0.1,7
275,30,30,0,15,30,0,19,0,30,30,30,30,30,0,0,126,122,207,49,0,0,0.1,7
276,30,28,2,15,28,0,19,0,30,30,30,30,28,0,0,126,122,209,50,2,2,0.1,7
277,30,27,3,15,27,0,19,1,30,30,30,30,27,0,1,127,123,211,50,2,2,0.1,7
278,30,27,3,15,27,0,19,0,30,30,30,30,27,0,0,127,123,211,50,0,0,0.1,7
279,30,27,3,15,27,0,19,0,30,30,30,30,27,0,0,127,123,211,50,0,0,0.1,7
280,30,27,3,15,27,0,19,0,30,30,30,30,27,0,0,127,123,211,51,0,0,0.1,7
281,30,27,3,15,27,0,19,0,30,30,30,30,27,0,0,127,123,211,51,0,0,0.1,7
282,30,27,3,15,27,0,19,0,30,30,30,30,27,0,0,127,123,211,51,0,0,0.1,7
283,30,26,4,15,26,0,19,1,30,30,30,30,26,0,0,127,123,213,52,2,2,0.1,7
284,30,25,5,14,25,0,19,0,30,30,30,30,25,0,0,127,123,216,52,3,3,0.1,7
285,30,25,5,14,25,0,19,0,30,30,30,30,25,0,0,127,123,216,52,0,0,0.1,7
286,30,25,5,15,25,0,19,0,30,30,30,30,25,0,1,128,124,217,52,1,1,0.1,7
287,30,25,5,15,25,0,19,0,30,30,30,30,25,0,0,128,124,217,52,0,0,0.1,7
288,30,27,3,15,27,0,19,0,30,30,30,30,27,0,2,130,126,217,52,0,0,0.1,7
289,30,28,2,15,28,0,19,0,30,30,30,30,28,0,1,131,127,217,52,0,0,0.1,7
290,30,27,3,15,27,0,19,0,30,30,30,30,27,0,0,131,127,218,53,1,1,0.1,7
291,30,27,3,15,27,0,19,0,30,30,30,30,27,0,0,131,127,220,53,2,2,0.1,7
292,30,27,3,15,27,0,19,1,30,30,30,30,27,0,0,131,127,220,53,0,0,0.1,7
293,30,27,3,15,27,0,19,1,30,30,30,30,27,0,0,131,127,220,53,0,0,0.1,7
294,30,27,3,15,27,0,19,0,30,30,30,30,27,0,0,131,127,220,53,0,0,0.1,7
295,30,27,3,15,27,0,19,0,30,30,30,30,27,0,0,131,127,220,53,0,0,0.1,7
296,30,27,3,15,27,0,19,0,30,30,30,30,27,0,0,131,127,220,53,0,0,0.1,7
297,29,26,3,15,26,0,19,1,30,30,30,29,26,0,1,132,128,221,53,2,1,0.1,7
298,30,26,4,16,26,0,19,0,30,30,30,30,26,0,1,133,129,224,53,2,3,0.1,7
299,30,26,4,16,26,0,19,0,30,30,30,30,26,0,0,133,129,224,53,0,0,0.1,7
300,30,25,5,16,25,0,19,0,30,30,30,30,25,0,0,133,129,225,53,1,1,0.1,7
301,30,26,4,16,26,0,19,0,30,30,30,30,26,0,1,134,130,225,53,0,0,0.1,7
302,30,27,3,16,27,0,19,0,30,30,30,30,27,0,1,135,131,225,53,0,0,0.1,7
303,30,28,2,16,28,0,19,1,30,30,30,30,28,0,1,136,132,225,53,0,0,0.1,7
304,30,29,1,16,29,1,19,0,30,30,30,30,29,0,1,138,133,226,53,1,1,0.1,7
305,30,29,1,16,29,2,19,0,30,30,30,30,29,0,0,139,133,228,53,2,2,0.1,7
306,30,29,1,16,29,2,19,0,30,30,30,30,29,0,0,139,133,228,53,0,0,0.1,7
307,30,29,1,16,29,2,19,0,30,30,30,30,29,0,0,139,133,228,53,0,0,0.1,7
308,30,29,1,16,29,2,19,0,30,30,30,30,29,0,0,139,133,228,53,0,0,0.1,7
309,30,29,1,16,29,2,19,0,30,30,30,30,29,0,0,139,133,228,53,0,0,0.1,7
310,30,29,1,16,29,2,19,0,30,30,30,30,29,0,0,139,133,228,53,0,0,0.1,7
311,29,28,1,16,28,1,19,0,30,30,30,29,28,0,1,140,134,229,53,2,1,0.1,7
312,29,25,4,15,25,0,19,0,30,30,30,29,25,1,0,140,134,232,54,3,3,0.1,7
313,30,25,5,16,25,0,19,0,30,30,30,30,25,0,0,140,134,233,54,0,1,0.1,7
314,30,25,5,16,25,0,19,0,30,30,30,30,25,0,1,141,135,234,54,1,1,0.1,7
315,30,26,4,16,26,0,19,0,30,30,30,30,26,0,1,142,136,234,54,0,0,0.1,7
316,30,26,4,16,26,0,19,1,30,30,30,30,26,0,0,142,136,234,55,0,0,0.1,7
317,30,28,2,16,28,0,19,0,30,30,30,30,28,0,2,144,138,234,55,0,0,0.1,7
318,30,28,2,16,28,0,19,0,30,30,30,30,28,0,0,144,138,235,56,1,1,0.1,7
319,30,27,3,16,27,0,19,0,30,30,30,30,27,0,0,144,138,236,56,1,1,0.1,7
320,30,28,2,15,28,0,19,0,30,30,30,30,28,0,1,145,139,237,56,1,1,0.1,7
321,30,28,2,15,28,0,19,1,30,30,30,30,28,0,0,145,139,237,56,0,0,0.1,7
322,30,29,1,15,29,0,19,0,30,30,30,30,29,0,1,146,140,237,56,0,0,0.1,7
323,30,29,1,15,29,0,19,0,30,30,30,30,29,0,0,146,140,237,56,0,0,0.1,7
324,30,29,1,15,29,0,19,0,30,30,30,30,29,0,0,146,140,237,56,0,0,0.1,7
325,30,29,1,15,29,0,19,1,30,30,30,30,29,0,0,146,140,237,56,0,0,0.1,7
326,30,27,3,16,27,0,19,1,30,30,30,30,27,0,1,147,141,240,57,3,3,0.1,7
327,30,28,2,16,28,0,19,0,30,30,30,30,28,0,1,148,142,240,58,0,0,0.1,7
328,30,27,3,15,27,0,19,0,30,30,30,30,27,0,0,148,142,241,58,1,1,0.1,7
329,30,29,1,15,29,0,19,0,30,30,30,30,29,0,2,150,144,241,58,0,0,0.1,7
330,30,29,1,15,29,0,19,0,30,30,30,30,29,0,0,150,144,241,58,0,0,0.1,7
331,30,29,1,15,29,0,19,0,30,30,30,30,29,0,0,150,144,241,58,0,0,0.1,7
332,29,28,1,15,28,0,19,0,30,30,30,29,28,0,0,150,144,241,59,1,0,0.1,7
333,30,27,3,16,27,0,19,0,30,30,30,30,27,0,0,150,144,244,59,2,3,0.1,7
334,30,27,3,17,27,0,19,0,30,30,30,30,27,0,1,151,145,245,59,1,1,0.1,7
335,30,27,3,17,27,0,19,0,30,30,30,30,27,0,0,151,145,245,59,0,0,0.1,7
336,30,28,2,17,28,0,19,0,30,30,30,30,28,0,1,152,146,245,59,0,0,0.1,7
337,30,28,2,17,28,0,19,1,30,30,30,30,28,0,0,152,146,245,59,0,0,0.1,7
338,30,28,2,17,28,0,19,0,30,30,30,30,28,0,0,152,146,245,59,0,0,0.1,7
339,30,28,2,17,28,0,19,0,30,30,30,30,28,0,0,152,146,245,59,0,0,0.1,7
340,29,29,0,16,29,0,19,0,30,30,30,29,29,0,3,155,149,247,59,3,2,0.1,7
341,30,29,1,16,29,0,19,0,30,30,30,30,29,0,0,155,149,248,59,0,1,0.1,7
342,29,29,0,16,29,0,19,0,30,30,30,29,29,0,1,156,150,248,59,1,0,0.1,7
343,30,29,1,16,29,0,19,0,30,30,30,30,29,0,0,156,150,249,59,0,1,0.1,7
344,30,30,0,16,30,0,19,1,30,30,30,30,30,0,1,157,151,249,59,0,0,0.1,7
345,30,30,0,16,30,0,19,1,30,30,30,30,30,0,0,157,151,249,59,0,0,0.1,7
346,30,30,0,16,30,0,19,0,30,30,30,30,30,0,0,157,151,249,59,0,0,0.1,7
347,30,28,2,15,28,0,19,0,30,30,30,30,28,0,0,157,151,251,60,2,2,0.1,7
348,30,28,2,14,28,0,19,0,30,30,30,30,28,0,1,158,152,252,61,1,1,0.1,7
349,30,29,1,14,29,0,19,0,30,30,30,30,29,0,1,159,153,252,61,0,0,0.1,7
350,30,30,0,14,30,0,19,0,30,30,30,30,30,0,1,160,154,252,61,0,0,0.1,7
351,30,30,0,14,30,0,19,0,30,30,30,30,30,0,0,160,154,252,61,0,0,0.1,7
352,30,30,0,14,30,0,19,0,30,30,30,30,30,0,0,160,154,252,61,0,0,0.1,7
353,30,30,0,14,30,0,19,0,30,30,30,30,30,0,0,160,154,252,61,0,0,0.1,7
354,30,28,2,14,28,0,19,0,30,30,30,30,28,0,0,160,154,254,63,2,2,0.1,7
355,30,28,2,15,28,0,19,0,30,30,30,30,28,0,1,161,155,255,63,1,1,0.1,7
356,30,29,1,15,29,0,19,0,30,30,30,30,29,0,1,162,156,255,63,0,0,0.1,7
357,30,28,2,16,28,0,19,0,30,30,30,30,28,0,0,162,156,256,64,1,1,0.1,7
358,30,28,2,16,28,0,19,1,30,30,30,30,28,0,0,162,156,256,64,0,0,0.1,7
359,30,28,2,16,28,0,19,0,30,30,30,30,28,0,0,162,156,256,64,0,0,0.1,7
360,30,28,2,16,28,0,19,0,30,30,30,30,28,0,0,162,156,256,64,0,0,0.1,7
361,29,26,3,16,26,0,19,1,30,30,30,29,26,0,0,162,156,258,64,3,2,0.1,7
362,30,26,4,16,26,0,19,1,30,30,30,30,26,0,1,163,157,260,65,1,2,0.1,7
363,30,26,4,16,26,0,19,0,30,30,30,30,26,0,0,163,157,260,65,0,0,0.1,7
364,30,27,3,16,27,0,19,0,30,30,30,30,27,0,1,164,158,260,65,0,0,0.1,7
365,30,27,3,16,27,0,19,0,30,30,30,30,27,0,0,164,158,260,65,0,0,0.1,7
366,30,27,3,16,27,0,19,0,30,30,30,30,27,0,0,164,158,260,65,0,0,0.1,7
367,30,28,2,16,28,0,19,0,30,30,30,30,28,0,1,165,159,260,65,0,0,0.1,7
368,29,27,2,16,27,0,19,0,30,30,30,29,27,0,0,165,159,261,66,2,1,0.1,7
369,30,27,3,16,27,0,19,0,30,30,30,30,27,0,1,166,160,264,66,2,3,0.1,7
370,30,28,2,16,28,0,19,0,30,30,30,30,28,0,1,167,161,264,66,0,0,0.1,7
371,30,28,2,15,28,0,19,0,30,30,30,30,28,0,1,168,162,265,66,1,1,0.1,7
372,30,28,2,15,28,0,19,0,30,30,30,30,28,0,0,168,162,265,66,0,0,0.1,7
373,30,29,1,15,29,0,19,0,30,30,30,30,29,0,1,169,163,265,66,0,0,0.1,7
374,30,29,1,15,29,0,19,0,30,30,30,30,29,0,0,169,163,265,66,0,0,0.1,7
375,29,28,1,15,28,0,19,0,30,30,30,29,28,0,0,169,163,265,66,1,0,0.1,7
376,30,28,2,16,28,0,19,0,30,30,30,30,28,0,1,170,164,268,66,2,3,0.1,7
377,30,29,1,16,29,0,19,0,30,30,30,30,29,0,1,171,165,268,66,0,0,0.1,7
378,30,29,1,16,29,0,19,0,30,30,30,30,29,0,0,171,165,268,66,0,0,0.1,7
379,30,29,1,16,29,0,19,1,30,30,30,30,29,0,0,171,165,268,66,0,0,0.1,7
380,30,30,0,16,30,0,19,0,30,30,30,30,30,0,1,172,166,268,66,0,0,0.1,7
381,30,30,0,16,30,0,19,0,30,30,30,30,30,0,0,172,166,268,66,0,0,0.1,7
382,30,29,1,16,29,0,19,0,30,30,30,30,29,0,0,172,166,269,66,1,1,0.1,7
383,30,27,3,15,27,0,19,0,30,30,30,30,27,0,0,172,166,271,67,2,2,0.1,7
384,30,29,1,15,29,0,19,0,30,30,30,30,29,0,2,174,168,271,67,0,0,0.1,7
385,30,28,2,15,28,0,19,0,30,30,30,30,28,0,0,174,168,272,68,1,1,0.1,7
386,30,29,1,15,29,0,19,0,30,30,30,30,29,0,1,175,169,272,68,0,0,0.1,7
387,30,29,1,15,29,0,19,0,30,30,30,30,29,0,0,175,169,272,68,0,0,0.1,7
388,30,30,0,15,30,0,19,0,30,30,30,30,30,0,1,176,170,272,68,0,0,0.1,7
389,30,30,0,15,30,0,19,0,30,30,30,30,30,0,0,176,170,272,68,0,0,0.1,7
390,29,28,1,14,28,0,19,0,30,30,30,29,28,1,1,177,171,274,69,3,2,0.1,7
391,30,29,1,15,29,0,19,0,30,30,30,30,29,0,1,178,172,275,69,0,1,0.1,7
392,30,29,1,15,29,0,19,0,30,30,30,30,29,0,0,178,172,275,70,0,0,0.1,7
393,30,29,1,15,29,0,19,0,30,30,30,30,29,0,0,178,172,275,70,0,0,0.1,7
394,30,29,1,15,29,0,19,0,30,30,30,30,29,0,0,178,172,275,70,0,0,0.1,7
395,30,29,1,15,29,0,19,0,30,30,30,30,29,0,0,178,172,275,70,0,0,0.1,7
396,30,29,1,15,29,0,19,0,30,30,30,30,29,0,1,179,173,276,70,1,1,0.1,7
397,30,27,3,17,27,0,19,0,30,30,30,30,27,0,0,179,173,278,71,2,2,0.1,7
398,30,27,3,17,27,0,19,0,30,30,30,30,27,0,0,179,173,278,71,0,0,0.1,7
399,30,27,3,17,27,0,19,0,30,30,30,30,27,0,1,180,174,279,72,1,1,0.1,7
400,30,27,3,17,27,0,19,0,30,4,30,30,27,0,0,180,174,279,72,0,0,0.1,7
401,30,27,3,17,27,0,19,0,30,6,30,30,27,0,0,180,174,279,72,0,0,0.1,7
402,30,27,3,17,27,0,19,1,30,7,30,30,27,0,0,180,174,279,72,0,0,0.1,7
403,30,27,3,17,27,0,19,0,30,8,30,30,27,0,0,180,174,280,72,1,1,0.1,7
404,30,25,5,18,25,0,19,0,30,10,30,30,25,0,0,180,174,283,72,3,3,0.1,7
405,30,24,6,17,24,0,19,0,30,10,30,30,24,0,0,180,174,284,72,1,1,0.1,7
406,30,24,6,17,24,0,19,0,30,11,30,30,24,0,0,180,174,285,72,1,1,0.1,7
407,30,25,5,17,25,0,19,0,30,11,30,30,25,0,1,181,175,285,72,0,0,0.1,7
408,30,25,5,17,25,0,19,0,30,12,30,30,25,0,0,181,175,285,72,0,0,0.1,7
409,30,26,4,17,26,0,19,0,30,12,30,30,26,0,1,182,176,285,72,0,0,0.1,7
410,30,26,4,17,26,0,19,0,30,12,30,30,26,0,0,182,176,285,72,0,0,0.1,7
411,29,25,4,15,25,0,19,1,30,13,30,29,25,0,0,182,176,287,73,3,2,0.1,7
412,30,25,5,15,25,0,19,0,30,14,30,30,25,0,0,182,176,289,73,1,2,0.1,7
413,30,26,4,15,26,0,19,0,30,14,30,30,26,0,1,183,177,290,73,1,1,0.1,7
414,30,26,4,15,26,0,19,0,30,15,30,30,26,0,0,183,177,290,73,0,0,0.1,7
415,30,26,4,15,26,0,19,0,30,15,30,30,26,0,0,183,177,290,73,0,0,0.1,7
416,30,27,3,15,27,0,19,0,30,16,30,30,27,0,1,184,178,290,73,0,0,0.1,7
417,29,26,3,15,26,0,19,0,30,16,30,29,26,1,0,184,178,290,73,1,0,0.1,7
418,30,25,5,16,25,0,19,0,30,18,30,30,25,0,0,184,178,293,73,2,3,0.1,7
419,30,25,5,16,25,0,19,0,30,18,30,30,25,0,0,184,178,294,73,1,1,0.1,7
420,30,25,5,16,25,0,19,0,30,18,30,30,25,0,0,184,178,295,73,1,1,0.1,7
421,30,27,3,16,27,0,19,0,30,20,30,30,27,0,2,186,180,295,73,0,0,0.1,7
422,30,27,3,16,27,0,19,0,30,21,30,30,27,0,0,186,180,295,73,0,0,0.1,7
423,30,27,3,16,27,0,19,0,30,21,30,30,27,0,0,186,180,295,73,0,0,0.1,7
424,30,28,2,16,28,0,19,0,30,23,30,30,28,0,1,187,181,295,73,0,0,0.1,7
425,30,27,3,16,27,0,19,0,30,24,30,30,27,0,0,187,181,296,73,1,1,0.1,7
426,30,26,4,16,26,0,19,1,30,25,30,30,26,0,0,187,181,298,73,2,2,0.1,7
427,29,27,2,16,27,0,19,0,30,26,30,29,27,0,1,188,182,298,73,1,0,0.1,7
428,30,27,3,16,27,0,19,0,30,26,30,30,27,0,0,188,182,299,73,0,1,0.1,7
429,30,28,2,16,28,0,19,1,30,26,30,30,28,0,1,189,183,299,73,0,0,0.1,7
430,30,28,2,16,28,0,19,0,30,26,30,30,28,0,0,189,183,299,73,0,0,0.1,7
431,30,28,2,16,28,0,19,0,30,27,30,30,28,0,0,189,183,299,73,0,0,0.1,7
432,30,25,5,14,25,0,19,0,30,27,30,30,25,0,0,189,183,302,76,3,3,0.1,7
433,30,27,3,14,27,0,19,0,30,27,30,30,27,0,2,191,185,304,76,2,2,0.1,7
434,30,27,3,14,27,0,19,0,30,27,30,30,27,0,0,191,185,304,76,0,0,0.1,7
435,30,27,3,14,27,0,19,0,30,27,30,30,27,0,0,191,185,304,76,0,0,0.1,7
436,30,27,3,14,27,0,19,0,30,27,30,30,27,0,0,191,185,304,76,0,0,0.1,7
437,30,28,2,14,28,0,19,0,30,27,30,30,28,0,1,192,186,304,76,0,0,0.1,7
438,30,28,2,14,28,0,19,0,30,27,30,30,28,0,0,192,186,304,76,0,0,0.1,7
439,30,27,3,15,27,0,19,0,30,28,30,30,27,0,0,192,186,306,76,2,2,0.1,7
440,30,28,2,15,28,0,19,0,30,28,30,30,28,0,1,193,187,307,76,1,1,0.1,7
441,30,29,1,15,29,0,19,0,30,28,30,30,29,0,1,194,188,307,76,0,0,0.1,7
442,30,29,1,16,29,0,19,0,30,28,30,30,29,0,1,195,189,308,76,1,1,0.1,7
443,30,29,1,16,29,0,19,0,30,28,30,30,29,0,0,195,189,308,77,0,0,0.1,7
444,30,29,1,16,29,0,19,0,30,29,30,30,29,0,0,195,189,308,77,0,0,0.1,7
445,30,29,1,16,29,0,19,0,30,29,30,30,29,0,0,195,189,308,77,0,0,0.1,7
446,29,27,2,16,27,0,19,0,30,29,30,29,27,0,0,195,189,309,77,2,1,0.1,7
447,30,26,4,16,26,0,19,0,30,29,30,30,26,0,0,195,189,311,77,1,2,0.1,7
448,30,26,4,16,26,0,19,1,30,29,30,30,26,0,0,195,189,311,77,0,0,0.1,7
449,30,26,4,15,26,0,19,0,30,29,30,30,26,0,0,195,189,312,77,1,1,0.1,7
450,30,27,3,15,27,0,19,0,30,29,30,30,27,0,1,196,190,312,77,0,0,0.1,7
451,30,29,1,15,29,0,19,0,30,30,30,30,29,0,2,198,192,312,77,0,0,0.1,7
452,30,29,1,15,29,0,19,0,30,30,30,30,29,0,0,198,192,312,77,0,0,0.1,7
453,30,27,3,15,27,0,19,0,30,30,30,30,27,0,0,198,192,315,78,3,3,0.1,7
454,30,26,4,16,26,0,19,0,30,30,30,30,26,0,0,198,192,316,78,1,1,0.1,7
455,30,26,4,16,26,0,19,1,30,30,30,30,26,0,0,198,192,316,79,0,0,0.1,7
456,30,26,4,16,26,0,19,0,30,30,30,30,26,0,0,198,192,316,80,0,0,0.1,7
457,30,27,3,16,27,0,19,0,30,30,30,30,27,0,1,199,193,316,80,0,0,0.1,7
458,30,28,2,16,28,0,19,0,30,30,30,30,28,0,1,200,194,316,80,0,0,0.1,7
459,30,28,2,16,28,0,19,0,30,30,30,30,28,0,0,200,194,316,80,0,0,0.1,7
460,30,28,2,15,28,0,19,0,30,30,30,30,28,0,0,200,194,317,80,1,1,0.1,7
461,30,26,4,14,26,0,19,0,30,30,30,30,26,0,0,200,194,320,81,3,3,0.1,7
462,30,26,4,14,26,0,19,0,30,30,30,30,26,0,0,200,194,320,81,0,0,0.1,7
463,30,25,5,15,25,0,19,0,30,30,30,30,25,0,0,200,194,321,81,1,1,0.1,7
464,30,26,4,15,26,0,19,0,30,30,30,30,26,0,1,201,195,321,81,0,0,0.1,7
465,30,27,3,15,27,0,19,0,30,30,30,30,27,0,1,202,196,321,82,0,0,0.1,7
466,30,28,2,15,28,0,19,0,30,30,30,30,28,0,1,203,197,321,82,0,0,0.1,7
467,29,26,3,15,26,0,19,0,30,30,30,29,26,0,0,203,197,323,83,3,2,0.1,7
468,30,26,4,15,26,0,19,0,30,30,30,30,26,0,0,203,197,324,83,0,1,0.1,7
469,30,27,3,15,27,0,19,0,30,30,30,30,27,0,1,204,198,324,83,0,0,0.1,7
470,30,27,3,14,27,0,19,0,30,30,30,30,27,0,0,204,198,325,83,1,1,0.1,7
471,30,27,3,14,27,0,19,0,30,30,30,30,27,0,0,204,198,325,83,0,0,0.1,7
472,30,28,2,14,28,0,19,0,30,30,30,30,28,0,1,205,199,325,83,0,0,0.1,7
473,30,29,1,14,29,0,19,0,30,30,30,30,29,0,1,206,200,325,83,0,0,0.1,7
474,30,30,0,14,30,0,19,0,30,30,30,30,30,0,1,207,201,325,83,0,0,0.1,7
475,29,27,2,15,27,0,19,0,30,30,30,29,27,0,0,207,201,327,84,3,2,0.1,7
476,30,27,3,15,27,0,19,0,30,30,30,30,27,0,0,207,201,328,85,0,1,0.1,7
477,30,28,2,15,28,0,19,0,30,30,30,30,28,0,1,208,202,328,85,0,0,0.1,7
478,30,29,1,15,29,0,19,0,30,30,30,30,29,0,1,209,203,328,85,0,0,0.1,7
479,30,30,0,15,30,0,19,0,30,30,30,30,30,0,1,210,204,328,85,0,0,0.1,7
480,30,30,0,15,30,0,19,1,30,30,30,30,30,0,0,210,204,328,85,0,0,0.1,7
481,30,29,1,15,29,1,19,0,30,30,30,30,29,0,0,211,204,330,86,2,2,0.1,7
482,30,29,1,15,29,1,19,0,30,30,30,30,29,0,1,212,205,331,86,1,1,0.1,7
483,30,30,0,15,30,1,19,0,30,30,30,30,30,0,1,213,206,331,86,0,0,0.1,7
484,30,29,1,15,29,1,19,0,30,30,30,30,29,0,0,213,206,332,87,1,1,0.1,7
485,30,30,0,15,30,1,19,2,30,30,30,30,30,0,1,214,207,332,87,0,0,0.1,7
486,30,30,0,15,30,1,19,0,30,30,30,30,30,0,0,214,207,332,87,0,0,0.1,7
487,30,30,0,15,30,1,19,1,30,30,30,30,30,0,0,214,207,332,87,0,0,0.1,7
488,29,29,0,15,29,0,19,0,30,30,30,29,29,0,0,214,207,332,87,1,0,0.1,7
489,30,27,3,14,27,0,19,1,30,30,30,30,27,0,0,214,207,335,88,2,3,0.1,7
490,30,28,2,14,27,0,19,0,30,30,30,30,27,0,2,216,209,336,89,1,1,0.1,7
491,30,28,2,14,28,0,19,0,30,30,30,30,28,0,0,216,209,336,89,0,0,0.1,7
492,30,28,2,14,28,0,19,1,30,30,30,30,28,0,0,216,209,336,89,0,0,0.1,7
493,30,28,2,14,28,0,19,0,30,30,30,30,28,0,0,216,209,336,89,0,0,0.1,7
494,30,29,1,14,29,0,19,0,30,30,30,30,29,0,1,217,210,336,89,0,0,0.1,7
495,30,28,2,14,28,0,19,1,30,30,30,30,28,0,0,217,210,337,90,1,1,0.1,7
496,30,27,3,15,27,0,19,0,30,30,30,30,27,0,0,217,210,339,90,2,2,0.1,7
497,30,28,2,15,28,0,19,0,30,30,30,30,28,0,1,218,211,339,90,0,0,0.1,7
498,30,27,3,15,27,0,19,0,30,30,30,30,27,0,0,218,211,340,90,1,1,0.1,7
499,30,27,3,15,27,0,19,0,30,30,30,30,27,0,0,218,211,340,90,0,0,0.1,7
500,30,27,3,15,27,0,19,0,30,30,30,30,27,0,0,218,211,340,90,0,0,0.1,7
501,30,28,2,15,28,0,19,1,30,30,30,30,28,0,1,219,212,340,90,0,0,0.1,7
502,30,29,1,15,29,0,19,0,30,30,30,30,29,0,1,220,213,340,90,0,0,0.1,7
503,30,27,3,16,27,0,19,0,30,30,30,30,27,0,0,220,213,342,91,2,2,0.1,7
504,30,27,3,17,27,0,19,0,30,30,30,30,27,0,1,221,214,343,92,1,1,0.1,7
505,30,29,1,17,29,0,19,0,30,30,30,30,29,0,2,223,216,344,92,1,1,0.1,7
506,30,29,1,17,29,0,19,2,30,30,30,30,29,0,0,223,216,344,92,0,0,0.1,7
507,30,29,1,17,29,0,19,1,30,30,30,30,29,0,0,223,216,344,92,0,0,0.1,7
508,30,29,1,17,29,0,19,0,30,30,30,30,29,0,0,223,216,344,92,0,0,0.1,7
509,29,28,1,17,28,0,19,0,30,30,30,29,28,1,0,223,216,344,92,1,0,0.1,7
510,29,28,1,17,28,0,19,1,30,30,30,29,28,1,2,225,218,346,92,2,2,0.1,7
511,30,28,2,18,28,0,19,0,30,30,30,30,28,0,0,225,218,347,92,0,1,0.1,7
512,30,28,2,18,28,0,19,0,30,30,30,30,28,0,0,225,218,347,92,0,0,0.1,7
513,30,28,2,18,28,0,19,1,30,30,30,30,28,0,0,225,218,347,93,0,0,0.1,7
514,30,28,2,18,28,0,19,0,30,30,30,30,28,0,0,225,218,347,93,0,0,0.1,7
515,30,28,2,18,28,0,19,0,30,30,30,30,28,0,0,225,218,347,93,0,0,0.1,7
516,30,28,2,18,28,0,19,0,30,30,30,30,28,0,0,225,218,347,93,0,0,0.1,7
517,30,27,3,17,27,0,19,0,30,30,30,30,27,0,1,226,219,349,94,2,2,0.1,7
518,30,28,2,15,28,0,19,0,30,30,30,30,28,0,2,228,221,351,94,2,2,0.1,7
519,29,27,2,15,27,0,19,0,30,30,30,29,27,1,0,228,221,351,94,1,0,0.1,7
520,30,30,0,16,30,0,19,0,30,30,30,30,30,0,3,231,224,352,94,0,1,0.1,7
521,30,30,0,16,30,0,19,1,30,30,30,30,30,0,0,231,224,352,94,0,0,0.1,7
522,30,30,0,16,30,0,19,0,30,30,30,30,30,0,0,231,224,352,94,0,0,0.1,7
523,30,30,0,16,30,0,19,0,30,30,30,30,30,0,0,231,224,352,94,0,0,0.1,7
524,29,29,0,15,29,0,19,0,30,30,30,29,29,1,1,232,225,353,95,2,1,0.1,7
525,30,30,0,16,30,0,19,0,30,30,30,30,30,0,1,233,226,354,95,0,1,0.1,7
526,30,30,0,16,30,0,19,0,30,30,30,30,30,0,0,233,226,354,95,0,0,0.1,7
527,30,30,0,16,30,0,19,0,30,30,30,30,30,0,0,233,226,354,95,0,0,0.1,7
528,30,30,0,16,30,0,19,0,30,30,30,30,30,0,0,233,226,354,95,0,0,0.1,7
529,30,30,0,16,30,0,19,0,30,30,30,30,30,0,0,233,226,354,95,0,0,0.1,7
530,30,30,0,16,30,0,19,0,30,30,30,30,30,0,0,233,226,354,95,0,0,0.1,7
531,29,28,1,16,28,0,19,0,30,30,30,29,28,0,0,233,226,355,95,2,1,0.1,7
532,30,26,4,16,26,0,19,0,30,30,30,30,26,0,0,233,226,358,95,2,3,0.1,7
533,30,28,2,16,28,0,19,0,30,30,30,30,28,0,2,235,228,358,95,0,0,0.1,7
534,30,28,2,16,28,0,19,0,30,30,30,30,28,0,1,236,229,359,95,1,1,0.1,7
535,30,28,2,16,28,0,19,0,30,30,30,30,28,0,0,236,229,359,95,0,0,0.1,7
536,30,28,2,16,28,0,19,0,30,30,30,30,28,0,0,236,229,359,95,0,0,0.1,7
537,30,28,2,16,28,0,19,0,30,30,30,30,28,0,0,236,229,359,96,0,0,0.1,7
538,30,28,2,17,28,0,19,0,30,30,30,30,28,0,1,237,230,360,96,1,1,0.1,7
539,30,27,3,17,27,0,19,0,30,30,30,30,27,0,0,237,230,361,96,1,1,0.1,7
540,30,27,3,17,27,0,19,0,30,30,30,30,27,0,0,237,230,361,96,0,0,0.1,7
541,30,27,3,16,27,0,19,0,30,30,30,30,27,0,0,237,230,362,96,1,1,0.1,7
542,30,27,3,16,27,0,19,0,30,30,30,30,27,0,0,237,230,362,97,0,0,0.1,7
543,30,27,3,16,27,0,19,0,30,30,30,30,27,0,0,237,230,362,98,0,0,0.1,7
544,30,27,3,16,27,0,19,0,30,30,30,30,27,0,0,237,230,362,98,0,0,0.1,7
545,30,26,4,15,26,0,19,0,30,30,30,30,26,0,0,237,230,364,98,2,2,0.1,7
546,30,24,6,16,24,0,19,0,30,30,30,30,24,0,1,238,231,368,98,4,4,0.1,7
547,30,24,6,16,24,0,19,0,30,30,30,30,24,0,0,238,231,368,98,0,0,0.1,7
548,29,24,5,16,24,0,19,0,30,30,30,29,24,0,0,238,231,368,98,1,0,0.1,7
549,30,24,6,16,24,0,19,0,30,30,30,30,24,0,0,238,231,369,98,0,1,0.1,7
550,30,25,5,16,25,0,19,0,30,30,30,30,25,0,1,239,232,369,98,0,0,0.1,7
551,30,27,3,16,27,0,19,0,30,30,30,30,27,0,2,241,234,369,98,0,0,0.1,7
552,30,27,3,16,27,0,19,0,30,30,30,30,27,0,0,241,234,370,98,1,1,0.1,7
553,30,27,3,15,27,0,19,0,30,30,30,30,27,0,0,241,234,371,99,1,1,0.1,7
554,30,28,2,15,28,0,19,0,30,30,30,30,28,0,1,242,235,371,99,0,0,0.1,7
555,30,28,2,15,28,0,19,0,30,30,30,30,28,0,0,242,235,371,99,0,0,0.1,7
556,30,28,2,15,28,0,19,0,30,30,30,30,28,0,0,242,235,372,99,1,1,0.1,7
557,30,28,2,15,28,0,19,0,30,30,30,30,28,0,0,242,235,372,99,0,0,0.1,7
558,30,28,2,15,28,0,19,0,30,30,30,30,28,0,0,242,235,372,99,0,0,0.1,7
559,30,27,3,15,27,0,19,0,30,30,30,30,27,0,0,242,235,374,99,2,2,0.1,7
560,30,24,6,15,24,0,19,0,30,30,30,30,24,0,0,242,235,377,100,3,3,0.1,7
561,30,24,6,15,24,0,19,0,30,30,30,30,24,0,0,242,235,377,100,0,0,0.1,7
562,30,27,3,15,27,0,19,0,30,30,30,30,27,0,3,245,238,377,100,0,0,0.1,7
563,30,28,2,15,28,0,19,0,30,30,30,30,28,0,1,246,239,377,100,0,0,0.1,7
564,30,29,1,15,29,0,19,0,30,30,30,30,29,0,1,247,240,377,100,0,0,0.1,7
565,30,29,1,15,29,0,19,0,30,30,30,30,29,0,0,247,240,377,100,0,0,0.1,7
566,30,29,1,15,29,0,19,0,30,30,30,30,29,0,0,247,240,378,100,1,1,0.1,7
567,30,28,2,15,28,0,19,0,30,30,30,30,28,0,0,247,240,379,101,1,1,0.1,7
568,30,28,2,15,28,0,19,1,30,30,30,30,28,0,0,247,240,379,101,0,0,0.1,7
569,30,28,2,15,28,0,19,0,30,30,30,30,28,0,0,247,240,379,101,0,0,0.1,7
570,30,27,3,15,27,0,19,0,30,30,30,30,27,0,0,247,240,380,101,1,1,0.1,7
0,30,0,30,16,0,0,19,0,30,10,30,0,0,0,0,0,0,30,0,0,0,0.1,8
1,30,1,29,16,1,0,19,0,30,10,30,30,1,0,1,1,1,30,0,0,0,0.1,8
2,30,1,29,16,1,0,19,1,30,10,30,30,1,0,0,1,1,31,0,1,1,0.1,8
3,30,5,25,16,5,0,19,0,30,11,30,30,5,0,4,5,5,31,0,0,0,0.1,8
4,30,6,24,16,6,0,19,0,30,11,30,30,6,0,1,6,6,31,0,0,0,0.1,8
5,30,7,23,16,7,0,19,0,30,11,30,30,7,0,1,7,7,31,0,0,0,0.1,8
6,30,8,22,16,8,0,19,0,30,11,30,30,8,0,1,8,8,31,0,0,0,0.1,8
7,30,10,20,16,10,0,19,0,30,11,30,30,10,0,2,10,10,31,0,0,0,0.1,8
8,30,2,28,16,2,0,19,0,30,11,30,30,2,0,2,12,12,41,0,10,10,0.1,8
9,30,7,23,16,7,0,19,0,30,11,30,30,7,0,5,17,17,42,0,1,1,0.1,8
10,30,8,22,16,8,0,19,0,30,12,30,30,8,0,1,18,18,42,0,0,0,0.1,8
11,30,9,21,16,9,0,19,0,30,12,30,30,9,0,1,19,19,42,1,0,0,0.1,8
12,30,10,20,16,10,0,19,0,30,12,30,30,10,0,1,20,20,42,2,0,0,0.1,8
13,30,10,20,16,10,0,19,1,30,12,30,30,10,0,0,20,20,42,2,0,0,0.1,8
14,30,10,20,16,10,0,19,0,30,12,30,30,10,0,0,20,20,42,2,0,0,0.1,8
15,30,10,20,15,10,0,19,0,30,12,30,30,10,0,0,20,20,44,2,2,2,0.1,8
16,30,10,20,15,10,0,19,0,30,12,30,30,10,0,0,20,20,45,3,1,1,0.1,8
17,30,11,19,15,11,0,19,0,30,13,30,30,11,0,1,21,21,45,4,0,0,0.1,8
18,30,13,17,15,13,0,19,0,30,13,30,30,13,0,2,23,23,45,5,0,0,0.1,8
19,30,13,17,15,13,0,19,0,30,14,30,30,13,0,0,23,23,45,6,0,0,0.1,8
20,30,16,14,15,16,0,19,0,30,15,30,30,16,0,3,26,26,45,6,0,0,0.1,8
21,30,17,13,15,17,0,19,0,30,15,30,30,17,0,1,27,27,45,6,0,0,0.1,8
22,30,12,18,20,12,0,19,0,30,16,30,30,12,0,3,30,30,53,6,8,8,0.1,8
23,30,14,16,20,14,0,19,0,30,16,30,30,14,0,2,32,32,54,6,1,1,0.1,8
24,30,16,14,20,16,0,19,0,30,16,30,30,16,0,2,34,34,54,6,0,0,0.1,8
25,30,16,14,20,16,0,19,1,30,16,30,30,16,0,0,34,34,54,8,0,0,0.1,8
26,30,17,13,20,17,0,19,0,30,16,30,30,17,0,1,35,35,54,8,0,0,0.1,8
27,30,17,13,20,17,0,19,0,30,17,30,30,17,0,0,35,35,54,8,0,0,0.1,8
28,30,18,12,20,18,0,19,0,30,17,30,30,18,0,1,36,36,54,9,0,0,0.1,8
29,30,17,13,20,17,0,19,0,30,17,30,30,17,0,1,37,37,59,9,5,5,0.1,8
30,30,17,13,20,17,0,19,0,30,17,30,30,17,0,0,37,37,60,9,1,1,0.1,8
31,30,17,13,20,17,0,19,0,30,17,30,30,17,0,0,37,37,60,9,0,0,0.1,8
32,30,18,12,20,18,0,19,0,30,18,30,30,18,0,1,38,38,60,10,0,0,0.1,8
33,30,18,12,20,18,0,19,0,30,18,30,30,18,0,0,38,38,60,10,0,0,0.1,8
34,30,19,11,20,19,0,19,0,30,18,30,30,19,0,1,39,39,60,11,0,0,0.1,8
35,30,19,11,20,19,0,19,1,30,18,30,30,19,0,0,39,39,60,12,0,0,0.1,8
36,30,14,16,16,14,0,19,0,30,18,30,30,14,0,0,39,39,68,12,8,8,0.1,8
37,30,15,15,16,15,0,19,0,30,18,30,30,15,0,1,40,40,69,12,1,1,0.1,8
38,30,15,15,16,15,0,19,0,30,20,30,30,15,0,0,40,40,69,12,0,0,0.1,8
39,30,17,13,16,17,0,19,0,30,20,30,30,17,0,2,42,42,69,12,0,0,0.1,8
40,30,19,11,16,19,0,19,0,30,0,30,30,19,0,2,44,44,69,13,0,0,0.1,8
41,30,19,11,16,19,0,19,0,30,1,30,30,19,0,0,44,44,69,13,0,0,0.1,8
42,30,19,11,16,19,0,19,0,30,1,30,30,19,0,0,44,44,69,14,0,0,0.1,8
43,30,17,13,15,17,0,19,0,30,1,30,30,17,0,0,44,44,75,14,6,6,0.1,8
44,30,17,13,15,17,0,19,0,30,1,30,30,17,0,0,44,44,76,14,1,1,0.1,8
45,30,17,13,15,17,0,19,0,30,1,30,30,17,0,0,44,44,76,14,0,0,0.1,8
46,30,17,13,15,17,0,19,0,30,1,30,30,17,0,0,44,44,76,14,0,0,0.1,8
47,30,17,13,15,17,0,19,0,30,1,30,30,17,0,0,44,44,76,14,0,0,0.1,8
48,30,17,13,15,17,0,19,0,30,2,30,30,17,0,0,44,44,76,15,0,0,0.1,8
49,30,17,13,15,17,0,19,0,30,3,30,30,17,0,0,44,44,76,16,0,0,0.1,8
50,30,13,17,16,13,0,19,0,30,5,30,30,13,0,0,44,44,86,16,10,10,0.1,8
51,30,13,17,16,13,0,19,0,30,5,30,30,13,0,0,44,44,87,16,1,1,0.1,8
52,30,13,17,16,13,0,19,0,30,5,30,30,13,0,0,44,44,87,16,0,0,0.1,8
53,30,14,16,16,14,0,19,0,30,5,30,30,14,0,1,45,45,87,16,0,0,0.1,8
54,30,14,16,16,14,0,19,0,30,5,30,30,14,0,0,45,45,87,16,0,0,0.1,8
55,30,14,16,16,14,0,19,0,30,5,30,30,14,0,0,45,45,87,16,0,0,0.1,8
56,30,14,16,16,14,0,19,0,30,5,30,30,14,0,0,45,45,87,16,0,0,0.1,8
57,30,14,16,16,14,0,19,0,30,5,30,30,14,0,0,45,45,96,16,9,9,0.1,8
58,30,14,16,16,14,0,19,0,30,5,30,30,14,0,0,45,45,97,16,1,1,0.1,8
59,30,14,16,16,14,0,19,0,30,5,30,30,14,0,0,45,45,97,16,0,0,0.1,8
60,30,14,16,16,14,0,19,0,30,6,30,30,14,0,0,45,45,97,16,0,0,0.1,8
61,30,14,16,16,14,0,19,0,30,7,30,30,14,0,0,45,45,97,16,0,0,0.1,8
62,30,14,16,16,14,0,19,0,30,7,30,30,14,0,0,45,45,97,16,0,0,0.1,8
63,30,14,16,16,14,0,19,0,30,7,30,30,14,0,0,45,45,97,16,0,0,0.1,8
64,29,15,14,16,15,1,19,0,30,8,30,29,15,0,1,47,46,106,16,10,9,0.1,8
65,29,17,12,15,17,1,19,0,30,9,30,29,17,1,2,49,48,107,16,1,1,0.1,8
66,30,18,12,16,18,1,19,0,30,10,30,30,18,0,1,50,49,108,16,0,1,0.1,8
67,30,18,12,16,18,1,19,0,30,11,30,30,18,0,0,50,49,108,16,0,0,0.1,8
68,30,18,12,16,18,1,19,0,30,12,30,30,18,0,0,50,49,108,16,0,0,0.1,8
69,30,18,12,16,18,1,19,0,30,14,30,30,18,0,0,50,49,108,16,0,0,0.1,8
70,30,19,11,16,19,1,19,0,30,14,30,30,19,0,1,51,50,108,16,0,0,0.1,8
71,29,19,10,16,19,0,19,0,30,14,30,29,19,0,1,52,51,115,16,8,7,0.1,8
72,30,19,11,16,19,0,19,0,30,14,30,30,19,0,0,52,51,117,17,1,2,0.1,8
73,30,20,10,16,20,0,19,0,30,14,30,30,20,0,1,53,52,117,18,0,0,0.1,8
74,30,20,10,16,20,0,19,0,30,14,30,30,20,0,0,53,52,117,18,0,0,0.1,8
75,30,20,10,16,20,0,19,1,30,15,30,30,20,0,0,53,52,117,18,0,0,0.1,8
76,30,20,10,16,20,0,19,0,30,15,30,30,20,0,0,53,52,117,19,0,0,0.1,8
77,30,20,10,16,20,0,19,1,30,15,30,30,20,0,0,53,52,117,19,0,0,0.1,8
78,29,20,9,15,20,0,19,1,30,15,30,29,20,1,1,54,53,121,19,5,4,0.1,8
79,30,20,10,16,20,0,19,1,30,15,30,30,20,0,0,54,53,124,19,2,3,0.1,8
80,30,19,11,16,19,0,19,1,30,16,30,30,19,0,0,54,53,125,19,1,1,0.1,8
81,30,20,10,16,20,0,19,0,30,16,30,30,20,0,1,55,54,125,19,0,0,0.1,8
82,30,20,10,16,20,0,19,0,30,17,30,30,20,0,0,55,54,125,19,0,0,0.1,8
83,30,21,9,16,21,0,19,0,30,17,30,30,21,0,1,56,55,125,19,0,0,0.1,8
84,30,22,8,16,22,0,19,1,30,17,30,30,22,0,1,57,56,125,19,0,0,0.1,8
85,27,20,7,13,20,0,19,0,30,17,30,27,20,1,1,58,57,129,20,7,4,0.1,8
86,30,20,10,14,20,0,19,0,30,17,30,30,20,0,0,58,57,133,20,1,4,0.1,8
87,30,21,9,14,21,0,19,0,30,17,30,30,21,0,1,59,58,133,20,0,0,0.1,8
88,30,23,7,14,23,0,19,0,30,18,30,30,23,0,2,61,60,133,20,0,0,0.1,8
89,30,24,6,14,24,0,19,0,30,19,30,30,24,0,1,62,61,133,20,0,0,0.1,8
90,30,24,6,14,24,0,19,0,30,22,30,30,24,0,0,62,61,133,20,0,0,0.1,8
91,30,25,5,14,25,0,19,0,30,22,30,30,25,0,1,63,62,133,21,0,0,0.1,8
92,30,25,5,14,25,0,19,1,30,22,30,30,25,0,0,63,62,134,21,1,1,0.1,8
93,30,23,7,15,23,0,19,0,30,23,30,30,23,0,0,63,62,138,21,4,4,0.1,8
94,30,22,8,15,22,0,19,0,30,24,30,30,22,0,0,63,62,139,21,1,1,0.1,8
95,30,25,5,15,25,0,19,0,30,24,30,30,25,0,3,66,65,139,22,0,0,0.1,8
96,30,25,5,15,25,0,19,0,30,24,30,30,25,0,0,66,65,139,22,0,0,0.1,8
97,30,25,5,15,25,0,19,0,30,25,30,30,25,0,0,66,65,139,22,0,0,0.1,8
98,30,26,4,15,26,0,19,0,30,25,30,30,26,0,1,67,66,139,22,0,0,0.1,8
99,28,23,5,15,23,0,19,0,30,26,30,28,23,1,0,67,66,141,23,4,2,0.1,8
100,30,22,8,16,22,0,19,0,30,26,30,30,22,0,1,68,67,147,23,4,6,0.1,8
101,30,22,8,16,22,0,19,0,30,26,30,30,22,0,0,68,67,147,23,0,0,0.1,8
102,30,23,7,16,23,0,19,0,30,26,30,30,23,0,1,69,68,147,23,0,0,0.1,8
103,30,23,7,16,23,0,19,0,30,27,30,30,23,0,0,69,68,147,23,0,0,0.1,8
104,30,24,6,16,24,0,19,0,30,27,30,30,24,0,1,70,69,147,24,0,0,0.1,8
105,30,25,5,16,25,0,19,0,30,27,30,30,25,0,1,71,70,147,24,0,0,0.1,8
106,30,27,3,16,27,0,19,0,30,28,30,30,27,0,2,73,72,148,24,1,1,0.1,8
107,30,25,5,16,25,0,19,0,30,28,30,30,25,0,0,73,72,152,25,4,4,0.1,8
108,30,25,5,16,25,0,19,0,30,28,30,30,25,0,1,74,73,153,25,1,1,0.1,8
109,30,25,5,16,25,0,19,0,30,29,30,30,25,0,0,74,73,153,25,0,0,0.1,8
110,30,26,4,16,26,0,19,0,30,29,30,30,26,0,1,75,74,153,25,0,0,0.1,8
111,30,26,4,16,26,0,19,0,30,29,30,30,26,0,0,75,74,153,25,0,0,0.1,8
112,30,26,4,16,26,0,19,0,30,29,30,30,26,0,0,75,74,153,25,0,0,0.1,8
113,29,26,3,16,26,0,19,0,30,29,30,29,26,0,1,76,75,154,26,2,1,0.1,8
114,29,23,6,15,23,0,19,0,30,30,30,29,23,0,1,77,76,159,26,5,5,0.1,8
115,30,26,4,15,26,0,19,0,30,30,30,30,26,0,3,80,79,160,26,0,1,0.1,8
116,30,27,3,15,27,0,19,0,30,30,30,30,27,0,1,81,80,160,26,0,0,0.1,8
117,30,27,3,15,27,0,19,0,30,30,30,30,27,0,0,81,80,160,26,0,0,0.1,8
118,30,27,3,15,27,0,19,0,30,30,30,30,27,0,0,81,80,160,26,0,0,0.1,8
119,30,27,3,15,27,0,19,0,30,30,30,30,27,0,0,81,80,160,27,0,0,0.1,8
120,30,27,3,15,27,0,19,1,30,30,30,30,27,0,0,81,80,160,27,0,0,0.1,8
121,30,25,5,15,25,1,19,0,30,30,30,30,25,0,0,82,80,165,27,5,5,0.1,8
122,30,25,5,15,25,1,19,2,30,30,30,30,25,0,1,83,81,167,27,2,2,0.1,8
123,30,25,5,15,25,1,19,0,30,30,30,30,25,0,0,83,81,167,27,0,0,0.1,8
124,30,26,4,15,26,1,19,0,30,30,30,30,26,0,1,84,82,167,27,0,0,0.1,8
125,30,26,4,15,26,1,19,0,30,30,30,30,26,0,0,84,82,167,27,0,0,0.1,8
126,30,27,3,15,27,1,19,0,30,30,30,30,27,0,1,85,83,167,28,0,0,0.1,8
127,30,27,3,16,27,1,19,0,30,30,30,30,27,0,1,86,84,168,29,1,1,0.1,8
128,30,23,7,16,23,0,19,0,30,30,30,30,23,0,0,86,84,173,32,5,5,0.1,8
129,30,24,6,15,24,0,19,0,30,30,30,30,24,0,1,87,85,174,32,1,1,0.1,8
130,30,26,4,15,26,0,19,0,30,30,30,30,26,0,2,89,87,174,32,0,0,0.1,8
131,30,26,4,15,26,0,19,0,30,30,30,30,26,0,0,89,87,174,32,0,0,0.1,8
132,30,27,3,15,27,0,19,1,30,30,30,30,27,0,1,90,88,174,32,0,0,0.1,8
133,30,27,3,15,27,0,19,0,30,30,30,30,27,0,0,90,88,174,32,0,0,0.1,8
134,30,27,3,14,27,0,19,0,30,30,30,30,27,0,0,90,88,175,32,1,1,0.1,8
135,29,26,3,13,26,0,19,0,30,30,30,29,26,1,2,92,90,179,33,5,4,0.1,8
136,30,25,5,15,25,0,19,1,30,30,30,30,25,0,0,92,90,181,33,1,2,0.1,8
137,30,25,5,15,25,0,19,1,30,30,30,30,25,0,0,92,90,181,33,0,0,0.1,8
138,30,25,5,15,25,0,19,0,30,30,30,30,25,0,0,92,90,181,33,0,0,0.1,8
139,30,25,5,15,25,0,19,0,30,30,30,30,25,0,0,92,90,181,33,0,0,0.1,8
140,30,25,5,15,25,0,19,0,30,30,30,30,25,0,0,92,90,181,33,0,0,0.1,8
141,30,26,4,15,26,0,19,0,30,30,30,30,26,0,1,93,91,181,33,0,0,0.1,8
142,29,23,6,13,23,0,19,0,30,30,30,29,23,1,0,93,91,185,34,5,4,0.1,8
143,30,24,6,14,24,0,19,0,30,30,30,30,24,0,2,95,93,189,34,3,4,0.1,8
144,30,26,4,14,26,0,19,1,30,30,30,30,26,0,2,97,95,189,34,0,0,0.1,8
145,30,27,3,14,27,0,19,1,30,30,30,30,27,0,1,98,96,189,34,0,0,0.1,8
146,30,27,3,14,27,0,19,0,30,30,30,30,27,0,0,98,96,189,34,0,0,0.1,8
147,30,28,2,14,28,0,19,0,30,30,30,30,28,0,1,99,97,189,35,0,0,0.1,8
148,30,27,3,14,27,0,19,0,30,30,30,30,27,0,0,99,97,190,35,1,1,0.1,8
149,30,25,5,15,25,0,19,0,30,30,30,30,25,0,0,99,97,194,35,4,4,0.1,8
150,30,26,4,15,26,0,19,0,30,30,30,30,26,0,1,100,98,194,35,0,0,0.1,8
151,30,26,4,15,26,0,19,0,30,30,30,30,26,0,0,100,98,194,35,0,0,0.1,8
152,30,26,4,15,26,0,19,0,30,30,30,30,26,0,0,100,98,194,35,0,0,0.1,8
153,30,27,3,15,27,0,19,1,30,30,30,30,27,0,1,101,99,194,36,0,0,0.1,8
154,30,27,3,15,27,0,19,1,30,30,30,30,27,0,0,101,99,194,36,0,0,0.1,8
155,30,29,1,15,29,0,19,0,30,30,30,30,29,0,2,103,101,194,36,0,0,0.1,8
156,29,27,2,15,27,0,19,0,30,30,30,29,27,0,0,103,101,196,37,3,2,0.1,8
157,30,25,5,15,25,0,19,0,30,30,30,30,25,0,2,105,103,201,37,4,5,0.1,8
158,30,26,4,15,26,0,19,0,30,30,30,30,26,0,1,106,104,201,37,0,0,0.1,8
159,30,26,4,15,26,0,19,0,30,30,30,30,26,0,0,106,104,201,37,0,0,0.1,8
160,30,27,3,15,27,0,19,1,30,30,30,30,27,0,1,107,105,201,38,0,0,0.1,8
161,30,28,2,15,28,0,19,0,30,30,30,30,28,0,1,108,106,201,38,0,0,0.1,8
162,29,27,2,15,27,0,19,1,30,30,30,29,27,1,0,108,106,201,38,1,0,0.1,8
163,30,24,6,16,24,0,19,0,30,30,30,30,24,0,0,108,106,206,38,4,5,0.1,8
164,30,24,6,16,24,0,19,0,30,30,30,30,24,0,0,108,106,207,38,1,1,0.1,8
165,30,27,3,16,27,0,19,0,30,30,30,30,27,0,3,111,109,207,39,0,0,0.1,8
166,30,28,2,16,28,0,19,0,30,30,30,30,28,0,1,112,110,207,39,0,0,0.1,8
167,30,28,2,16,28,0,19,0,30,30,30,30,28,0,0,112,110,207,39,0,0,0.1,8
168,30,28,2,16,28,0,19,0,30,30,30,30,28,0,0,112,110,207,39,0,0,0.1,8
169,30,28,2,16,28,0,19,0,30,30,30,30,28,0,0,112,110,207,39,0,0,0.1,8
170,28,27,1,16,27,0,19,0,30,30,30,28,27,0,0,112,110,207,40,2,0,0.1,8
171,29,24,5,15,24,0,19,0,30,30,30,29,24,1,1,113,111,213,40,5,6,0.1,8
172,30,24,6,16,24,0,19,0,30,30,30,30,24,0,0,113,111,214,40,0,1,0.1,8
173,30,25,5,16,25,0,19,0,30,30,30,30,25,0,1,114,112,214,40,0,0,0.1,8
174,30,25,5,16,25,0,19,0,30,30,30,30,25,0,0,114,112,214,40,0,0,0.1,8
175,30,26,4,16,26,0,19,0,30,30,30,30,26,0,1,115,113,214,42,0,0,0.1,8
176,30,26,4,16,26,0,19,0,30,30,30,30,26,0,0,115,113,214,42,0,0,0.1,8
177,29,22,7,16,22,0,19,0,30,30,30,29,22,1,0,115,113,217,42,4,3,0.1,8
178,30,24,6,15,24,0,19,0,30,30,30,30,24,0,2,117,115,221,42,3,4,0.1,8
179,30,25,5,15,25,0,19,0,30,30,30,30,25,0,1,118,116,222,42,1,1,0.1,8
180,30,26,4,15,26,0,19,0,30,30,30,30,26,0,1,119,117,222,44,0,0,0.1,8
181,30,26,4,15,26,0,19,0,30,30,30,30,26,0,0,119,117,222,44,0,0,0.1,8
182,30,26,4,15,26,0,19,0,30,30,30,30,26,0,0,119,117,222,44,0,0,0.1,8
183,30,27,3,15,27,0,19,0,30,30,30,30,27,0,1,120,118,222,44,0,0,0.1,8
184,29,27,2,14,27,0,19,0,30,30,30,29,27,0,0,120,118,222,44,1,0,0.1,8
185,30,24,6,15,24,0,19,0,30,30,30,30,24,0,0,120,118,228,45,5,6,0.1,8
186,30,26,4,15,26,0,19,0,30,30,30,30,26,0,2,122,120,228,46,0,0,0.1,8
187,30,26,4,15,26,0,19,0,30,30,30,30,26,0,0,122,120,228,46,0,0,0.1,8
188,30,27,3,15,27,0,19,0,30,30,30,30,27,0,1,123,121,228,46,0,0,0.1,8
189,30,27,3,15,27,0,19,0,30,30,30,30,27,0,0,123,121,228,47,0,0,0.1,8
190,30,28,2,15,28,0,19,1,30,30,30,30,28,0,1,124,122,228,47,0,0,0.1,8
191,30,27,3,14,27,0,19,0,30,30,30,30,27,0,1,125,123,230,48,2,2,0.1,8
192,30,25,5,14,25,0,19,0,30,30,30,30,25,0,0,125,123,233,48,3,3,0.1,8
193,30,25,5,14,25,0,19,0,30,30,30,30,25,0,1,126,124,234,49,1,1,0.1,8
194,30,25,5,14,25,0,19,0,30,30,30,30,25,0,0,126,124,234,49,0,0,0.1,8
195,30,27,3,14,27,0,19,0,30,30,30,30,27,0,2,128,126,234,49,0,0,0.1,8
196,30,27,3,14,27,0,19,0,30,30,30,30,27,0,0,128,126,234,49,0,0,0.1,8
197,30,28,2,14,28,0,19,0,30,30,30,30,28,0,1,129,127,234,49,0,0,0.1,8
198,29,28,1,14,28,0,19,0,30,30,30,29,28,0,0,129,127,234,49,1,0,0.1,8
199,30,25,5,14,25,0,19,0,30,30,30,30,25,0,2,131,129,241,51,6,7,0.1,8
200,30,25,5,14,25,0,19,0,30,30,30,30,25,0,0,131,129,241,51,0,0,0.1,8
201,30,26,4,14,26,0,19,0,30,30,30,30,26,0,1,132,130,241,51,0,0,0.1,8
202,30,27,3,14,27,0,19,0,30,30,30,30,27,0,1,133,131,241,51,0,0,0.1,8
203,30,27,3,14,27,0,19,1,30,30,30,30,27,0,0,133,131,241,52,0,0,0.1,8
204,30,28,2,14,28,0,19,1,30,30,30,30,28,0,1,134,132,241,52,0,0,0.1,8
205,30,28,2,15,28,0,19,0,30,30,30,30,28,0,1,135,133,242,52,1,1,0.1,8
206,30,26,4,14,26,0,19,2,30,30,30,30,26,0,0,135,133,245,52,3,3,0.1,8
207,30,25,5,14,25,0,19,0,30,30,30,30,25,0,0,135,133,246,52,1,1,0.1,8
208,30,25,5,14,25,0,19,0,30,30,30,30,25,0,0,135,133,246,53,0,0,0.1,8
209,30,26,4,14,26,0,19,0,30,30,30,30,26,0,1,136,134,246,53,0,0,0.1,8
210,30,27,3,14,27,0,19,0,30,30,30,30,27,0,1,137,135,246,54,0,0,0.1,8
211,30,27,3,14,27,0,19,2,30,30,30,30,27,0,0,137,135,246,54,0,0,0.1,8
212,30,28,2,13,28,0,19,0,30,30,30,30,28,0,1,138,136,247,54,1,1,0.1,8
213,27,22,5,14,22,0,19,0,30,30,30,27,22,1,0,138,136,251,55,7,4,0.1,8
214,30,22,8,15,22,0,19,0,30,30,30,30,22,0,0,138,136,254,55,0,3,0.1,8
215,30,22,8,15,22,0,19,0,30,30,30,30,22,0,0,138,136,254,55,0,0,0.1,8
216,30,23,7,15,23,0,19,0,30,30,30,30,23,0,1,139,137,254,55,0,0,0.1,8
217,30,25,5,15,25,0,19,0,30,30,30,30,25,0,2,141,139,254,55,0,0,0.1,8
218,30,27,3,15,27,0,19,1,30,30,30,30,27,0,2,143,141,254,56,0,0,0.1,8
219,30,28,2,15,28,0,19,0,30,30,30,30,28,0,1,144,142,255,56,1,1,0.1,8
220,30,26,4,15,26,0,19,0,30,3,30,30,26,0,0,144,142,257,56,2,2,0.1,8
221,30,25,5,15,25,0,19,0,30,3,30,30,25,0,0,144,142,259,56,2,2,0.1,8
222,30,25,5,15,25,0,19,0,30,3,30,30,25,0,0,144,142,259,56,0,0,0.1,8
223,30,25,5,15,25,0,19,0,30,3,30,30,25,0,0,144,142,259,56,0,0,0.1,8
224,30,25,5,15,25,0,19,0,30,4,30,30,25,0,0,144,142,259,56,0,0,0.1,8
225,30,25,5,15,25,0,19,0,30,5,30,30,25,0,0,144,142,259,56,0,0,0.1,8
226,30,25,5,15,25,0,19,0,30,5,30,30,25,0,0,144,142,260,56,1,1,0.1,8
227,29,21,8,15,21,0,19,0,30,5,30,29,21,1,0,144,142,265,56,6,5,0.1,8
228,29,20,9,14,20,0,19,0,30,6,30,29,20,1,1,145,143,269,56,4,4,0.1,8
229,30,20,10,15,20,0,19,0,30,6,30,30,20,0,0,145,143,270,56,0,1,0.1,8
230,30,20,10,15,20,0,19,0,30,6,30,30,20,0,0,145,143,270,57,0,0,0.1,8
231,30,20,10,15,20,0,19,0,30,6,30,30,20,0,0,145,143,270,57,0,0,0.1,8
232,30,20,10,15,20,0,19,0,30,6,30,30,20,0,0,145,143,270,57,0,0,0.1,8
233,30,20,10,15,20,0,19,0,30,7,30,30,20,0,0,145,143,271,57,1,1,0.1,8
234,28,21,7,14,21,0,19,0,30,9,30,28,21,1,1,146,144,273,57,4,2,0.1,8
235,30,21,9,14,21,0,19,0,30,12,30,30,21,0,0,146,144,278,57,3,5,0.1,8
236,30,22,8,14,22,0,19,0,30,13,30,30,22,0,1,147,145,279,57,1,1,0.1,8
237,30,22,8,14,22,0,19,0,30,16,30,30,22,0,0,147,145,279,57,0,0,0.1,8
238,30,23,7,14,23,0,19,0,30,17,30,30,23,0,1,148,146,279,57,0,0,0.1,8
239,30,23,7,14,23,0,19,0,30,18,30,30,23,0,0,148,146,279,57,0,0,0.1,8
240,30,23,7,14,23,0,19,0,30,20,30,30,23,0,0,148,146,280,57,1,1,0.1,8
241,30,24,6,15,24,2,19,0,30,20,30,30,24,0,0,150,146,283,57,3,3,0.1,8
242,30,24,6,15,24,2,19,0,30,21,30,30,24,0,1,151,147,288,57,5,5,0.1,8
243,30,24,6,15,24,2,19,0,30,22,30,30,24,0,0,151,147,288,57,0,0,0.1,8
244,30,25,5,15,25,2,19,0,30,22,30,30,25,0,1,152,148,288,57,0,0,0.1,8
245,30,25,5,15,25,2,19,0,30,22,30,30,25,0,0,152,148,288,57,0,0,0.1,8
246,30,25,5,15,25,2,19,1,30,22,30,30,25,0,0,152,148,288,57,0,0,0.1,8
247,30,25,5,15,25,2,19,0,30,22,30,30,25,0,0,152,148,289,57,1,1,0.1,8
248,29,24,5,15,24,0,19,0,30,23,30,29,24,0,1,153,149,291,57,3,2,0.1,8
249,30,23,7,15,23,0,19,1,30,23,30,30,23,0,0,153,149,296,58,4,5,0.1,8
250,30,22,8,15,22,0,19,0,30,23,30,30,22,0,0,153,149,297,58,1,1,0.1,8
251,30,22,8,15,22,0,19,0,30,23,30,30,22,0,0,153,149,297,58,0,0,0.1,8
252,30,23,7,15,23,0,19,0,30,23,30,30,23,0,1,154,150,297,59,0,0,0.1,8
253,30,23,7,15,23,0,19,0,30,23,30,30,23,0,0,154,150,297,59,0,0,0.1,8
254,30,23,7,15,23,0,19,1,30,23,30,30,23,0,0,154,150,297,59,0,0,0.1,8
255,30,23,7,13,23,0,19,1,30,23,30,30,23,0,0,154,150,299,60,2,2,0.1,8
256,29,21,8,15,21,0,19,1,30,23,30,29,21,0,0,154,150,304,60,6,5,0.1,8
257,29,22,7,14,22,0,19,0,30,25,30,29,22,0,1,155,151,305,60,1,1,0.1,8
258,30,22,8,14,22,0,19,0,30,25,30,30,22,0,0,155,151,306,60,0,1,0.1,8
259,30,25,5,14,25,0,19,0,30,27,30,30,25,0,3,158,154,306,60,0,0,0.1,8
260,30,25,5,14,25,0,19,0,30,27,30,30,25,0,0,158,154,306,60,0,0,0.1,8
261,30,24,6,14,24,0,19,0,30,27,30,30,24,0,0,158,154,307,61,1,1,0.1,8
262,30,24,6,14,24,0,19,1,30,28,30,30,24,0,0,158,154,308,61,1,1,0.1,8
263,30,23,7,14,23,0,19,1,30,28,30,30,23,0,0,158,154,311,61,3,3,0.1,8
264,30,23,7,14,23,0,19,0,30,28,30,30,23,0,0,158,154,312,61,1,1,0.1,8
265,30,24,6,14,24,0,19,1,30,28,30,30,24,0,1,159,155,313,61,1,1,0.1,8
266,30,28,2,14,28,0,19,0,30,28,30,30,28,0,4,163,159,313,61,0,0,0.1,8
267,30,28,2,14,28,0,19,0,30,28,30,30,28,0,0,163,159,313,61,0,0,0.1,8
268,30,28,2,14,28,0,19,1,30,28,30,30,28,0,0,163,159,313,62,0,0,0.1,8
269,30,27,3,14,27,0,19,0,30,28,30,30,27,0,0,163,159,314,62,1,1,0.1,8
270,30,24,6,13,24,0,19,0,30,28,30,30,24,0,0,163,159,319,63,5,5,0.1,8
271,30,25,5,13,25,0,19,0,30,28,30,30,25,0,1,164,160,319,63,0,0,0.1,8
272,30,25,5,13,25,0,19,1,30,28,30,30,25,0,0,164,160,319,63,0,0,0.1,8
273,30,27,3,13,27,0,19,1,30,28,30,30,27,0,2,166,162,319,63,0,0,0.1,8
274,30,27,3,13,27,0,19,0,30,28,30,30,27,0,0,166,162,319,63,0,0,0.1,8
275,30,27,3,13,27,0,19,0,30,28,30,30,27,0,1,167,163,320,64,1,1,0.1,8
276,29,26,3,13,26,0,19,0,30,28,30,29,26,0,0,167,163,321,64,2,1,0.1,8
277,29,26,3,13,26,0,19,0,30,28,30,29,26,0,1,168,164,323,64,2,2,0.1,8
278,30,26,4,13,26,0,19,0,30,28,30,30,26,0,1,169,165,325,65,1,2,0.1,8
279,30,26,4,14,26,0,19,1,30,28,30,30,26,0,1,170,166,326,65,1,1,0.1,8
280,30,26,4,14,26,0,19,0,30,28,30,30,26,0,0,170,166,326,65,0,0,0.1,8
281,30,26,4,14,26,0,19,1,30,29,30,30,26,0,0,170,166,326,65,0,0,0.1,8
282,29,28,1,14,28,0,19,0,30,29,30,29,28,0,2,172,168,326,65,1,0,0.1,8
283,30,28,2,14,28,0,19,0,30,29,30,30,28,0,0,172,168,327,65,0,1,0.1,8
284,29,25,4,14,25,0,19,0,30,29,30,29,25,0,1,173,169,331,67,5,4,0.1,8
285,30,27,3,14,27,0,19,0,30,29,30,30,27,0,2,175,171,332,69,0,1,0.1,8
286,30,27,3,14,27,0,19,0,30,29,30,30,27,0,0,175,171,332,69,0,0,0.1,8
287,30,27,3,14,27,0,19,2,30,29,30,30,27,0,0,175,171,332,69,0,0,0.1,8
288,30,27,3,14,27,0,19,0,30,29,30,30,27,0,0,175,171,332,69,0,0,0.1,8
289,30,27,3,14,27,0,19,0,30,29,30,30,27,0,0,175,171,332,69,0,0,0.1,8
290,30,27,3,14,27,0,19,0,30,29,30,30,27,0,1,176,172,334,70,2,2,0.1,8
291,30,26,4,14,26,0,19,0,30,29,30,30,26,0,0,176,172,335,71,1,1,0.1,8
292,30,26,4,16,26,0,19,1,30,29,30,30,26,0,2,178,174,338,71,3,3,0.1,8
293,30,25,5,16,25,0,19,0,30,29,30,30,25,0,0,178,174,339,71,1,1,0.1,8
294,30,25,5,16,25,0,19,1,30,29,30,30,25,0,0,178,174,339,73,0,0,0.1,8
295,30,25,5,16,25,0,19,1,30,29,30,30,25,0,0,178,174,339,73,0,0,0.1,8
296,30,26,4,16,26,0,19,1,30,30,30,30,26,0,1,179,175,339,73,0,0,0.1,8
297,30,26,4,16,26,0,19,0,30,30,30,30,26,0,0,179,175,339,73,0,0,0.1,8
298,30,22,8,16,22,0,19,0,30,30,30,30,22,0,0,179,175,343,73,4,4,0.1,8
299,29,23,6,14,23,0,19,0,30,30,30,29,23,0,1,180,176,345,73,3,2,0.1,8
300,30,24,6,14,24,0,19,0,30,30,30,30,24,0,1,181,177,347,74,1,2,0.1,8
301,30,24,6,14,24,0,19,0,30,30,30,30,24,0,0,181,177,347,74,0,0,0.1,8
302,30,25,5,14,25,0,19,0,30,30,30,30,25,0,1,182,178,347,74,0,0,0.1,8
303,30,27,3,14,27,0,19,0,30,30,30,30,27,0,2,184,180,347,74,0,0,0.1,8
304,30,28,2,15,28,2,19,0,30,30,30,30,28,0,1,187,181,349,75,2,2,0.1,8
305,30,27,3,14,27,2,19,0,30,30,30,30,27,0,0,187,181,352,75,3,3,0.1,8
306,30,28,2,14,28,2,19,0,30,30,30,30,28,0,1,188,182,352,75,0,0,0.1,8
307,30,28,2,14,28,2,19,0,30,30,30,30,28,0,0,188,182,352,75,0,0,0.1,8
308,30,29,1,14,29,2,19,0,30,30,30,30,29,0,1,189,183,352,75,0,0,0.1,8
309,30,29,1,14,29,2,19,0,30,30,30,30,29,0,0,189,183,352,75,0,0,0.1,8
310,30,29,1,14,29,2,19,0,30,30,30,30,29,0,0,189,183,352,75,0,0,0.1,8
311,30,27,3,13,27,0,19,0,30,30,30,30,27,0,0,189,183,354,76,2,2,0.1,8
312,30,26,4,13,26,0,19,0,30,30,30,30,26,0,1,190,184,356,76,2,2,0.1,8
313,30,25,5,14,25,0,19,1,30,30,30,30,25,0,1,191,185,358,77,2,2,0.1,8
314,29,23,6,13,23,0,19,0,30,30,30,29,23,1,0,191,185,359,78,2,1,0.1,8
315,30,24,6,14,24,0,19,0,30,30,30,30,24,0,1,192,186,360,78,0,1,0.1,8
316,30,24,6,14,24,0,19,2,30,30,30,30,24,0,0,192,186,360,78,0,0,0.1,8
317,30,26,4,14,26,0,19,0,30,30,30,30,26,0,2,194,188,360,78,0,0,0.1,8
318,30,28,2,14,28,0,19,0,30,30,30,30,28,0,2,196,190,361,78,1,1,0.1,8
319,30,25,5,16,25,0,19,1,30,30,30,30,25,0,0,196,190,364,78,3,3,0.1,8
320,30,27,3,16,27,0,19,0,30,30,30,30,27,0,2,198,192,364,79,0,0,0.1,8
321,30,27,3,16,27,0,19,0,30,30,30,30,27,0,0,198,192,364,80,0,0,0.1,8
322,30,27,3,16,27,0,19,0,30,30,30,30,27,0,0,198,192,364,80,0,0,0.1,8
323,30,27,3,16,27,0,19,0,30,30,30,30,27,0,0,198,192,364,80,0,0,0.1,8
324,30,28,2,16,28,0,19,0,30,30,30,30,28,0,1,199,193,364,80,0,0,0.1,8
325,29,28,1,16,28,0,19,0,30,30,30,29,28,0,1,200,194,365,81,2,1,0.1,8
326,29,26,3,16,26,0,19,0,30,30,30,29,26,0,0,200,194,367,82,2,2,0.1,8
327,30,24,6,16,24,0,19,0,30,30,30,30,24,0,0,200,194,370,82,2,3,0.1,8
328,30,25,5,17,25,0,19,0,30,30,30,30,25,0,2,202,196,371,82,1,1,0.1,8
329,30,25,5,17,25,0,19,0,30,30,30,30,25,0,1,203,197,372,82,1,1,0.1,8
330,30,27,3,17,27,0,19,1,30,30,30,30,27,0,2,205,199,372,82,0,0,0.1,8
331,30,28,2,17,28,0,19,0,30,30,30,30,28,0,1,206,200,372,82,0,0,0.1,8
332,30,29,1,17,29,0,19,1,30,30,30,30,29,0,1,207,201,372,82,0,0,0.1,8
333,30,27,3,15,27,0,19,0,30,30,30,30,27,0,1,208,202,375,82,3,3,0.1,8
334,30,27,3,15,27,0,19,0,30,30,30,30,27,0,0,208,202,375,83,0,0,0.1,8
335,30,27,3,15,27,0,19,0,30,30,30,30,27,0,0,208,202,375,83,0,0,0.1,8
336,30,28,2,15,28,0,19,0,30,30,30,30,28,0,1,209,203,375,83,0,0,0.1,8
337,30,29,1,15,29,0,19,0,30,30,30,30,29,0,1,210,204,375,83,0,0,0.1,8
338,30,29,1,15,29,0,19,0,30,30,30,30,29,0,0,210,204,375,83,0,0,0.1,8
339,30,28,2,15,28,0,19,0,30,30,30,30,28,0,0,210,204,376,84,1,1,0.1,8
340,30,26,4,15,26,0,19,0,30,30,30,30,26,0,0,210,204,379,84,3,3,0.1,8
341,30,24,6,15,24,0,19,0,30,30,30,30,24,0,1,211,205,382,85,3,3,0.1,8
342,30,23,7,15,23,0,19,1,30,30,30,30,23,0,0,211,205,383,85,1,1,0.1,8
343,30,23,7,15,23,0,19,0,30,30,30,30,23,0,1,212,206,384,85,1,1,0.1,8
344,30,23,7,15,23,0,19,0,30,30,30,30,23,0,0,212,206,384,85,0,0,0.1,8
345,30,25,5,15,25,0,19,0,30,30,30,30,25,0,2,214,208,384,85,0,0,0.1,8
346,30,26,4,15,26,0,19,0,30,30,30,30,26,0,1,215,209,384,85,0,0,0.1,8
347,28,25,3,14,25,0,19,0,30,30,30,28,25,1,1,216,210,384,85,2,0,0.1,8
348,30,25,5,15,25,0,19,0,30,30,30,30,25,0,0,216,210,388,85,2,4,0.1,8
349,30,28,2,15,28,0,19,1,30,30,30,30,28,0,3,219,213,388,86,0,0,0.1,8
350,30,28,2,15,28,0,19,0,30,30,30,30,28,0,0,219,213,388,86,0,0,0.1,8
351,30,29,1,15,29,0,19,0,30,30,30,30,29,0,1,220,214,388,86,0,0,0.1,8
352,30,29,1,15,29,0,19,1,30,30,30,30,29,0,0,220,214,388,86,0,0,0.1,8
353,30,28,2,15,28,0,19,0,30,30,30,30,28,0,0,220,214,389,86,1,1,0.1,8
354,30,25,5,15,25,0,19,0,30,30,30,30,25,0,0,220,214,392,87,3,3,0.1,8
355,30,24,6,16,24,0,19,0,30,30,30,30,24,0,0,220,214,394,87,2,2,0.1,8
356,30,24,6,15,24,0,19,0,30,30,30,30,24,0,1,221,215,395,88,1,1,0.1,8
357,30,24,6,15,24,0,19,0,30,30,30,30,24,0,1,222,216,396,88,1,1,0.1,8
358,30,26,4,15,26,0,19,1,30,30,30,30,26,0,2,224,218,396,88,0,0,0.1,8
359,30,26,4,15,26,0,19,0,30,30,30,30,26,0,0,224,218,396,88,0,0,0.1,8
360,30,26,4,15,26,0,19,0,30,30,30,30,26,0,0,224,218,397,88,1,1,0.1,8
361,29,27,2,15,27,0,19,0,30,30,30,29,27,0,1,225,219,397,88,1,0,0.1,8
362,30,24,6,15,24,0,19,0,30,30,30,30,24,0,0,225,219,402,88,4,5,0.1,8
363,30,25,5,15,25,0,19,2,30,30,30,30,25,0,1,226,220,402,88,0,0,0.1,8
364,30,25,5,15,25,0,19,0,30,30,30,30,25,0,0,226,220,402,88,0,0,0.1,8
365,30,25,5,15,25,0,19,1,30,30,30,30,25,0,0,226,220,402,88,0,0,0.1,8
366,30,26,4,15,26,0,19,0,30,30,30,30,26,0,1,227,221,402,89,0,0,0.1,8
367,30,28,2,15,28,0,19,1,30,30,30,30,28,0,2,229,223,402,89,0,0,0.1,8
368,30,26,4,16,26,0,19,0,30,30,30,30,26,0,0,229,223,404,90,2,2,0.1,8
369,30,25,5,15,25,0,19,0,30,30,30,30,25,0,0,229,223,407,90,3,3,0.1,8
370,30,24,6,16,24,0,19,0,30,30,30,30,24,0,0,229,223,408,90,1,1,0.1,8
371,30,23,7,16,23,0,19,0,30,30,30,30,23,0,0,229,223,409,90,1,1,0.1,8
372,30,23,7,16,23,0,19,1,30,30,30,30,23,0,0,229,223,409,90,0,0,0.1,8
373,30,25,5,16,25,0,19,0,30,30,30,30,25,0,2,231,225,409,91,0,0,0.1,8
374,29,25,4,16,25,0,19,0,30,30,30,29,25,0,1,232,226,409,92,1,0,0.1,8
375,29,26,3,15,26,0,19,0,30,30,30,29,26,0,1,233,227,410,92,1,1,0.1,8
376,30,23,7,14,23,0,19,0,30,30,30,30,23,0,0,233,227,415,93,4,5,0.1,8
377,30,25,5,14,25,0,19,0,30,30,30,30,25,0,2,235,229,415,93,0,0,0.1,8
378,30,25,5,14,25,0,19,0,30,30,30,30,25,0,0,235,229,416,93,1,1,0.1,8
379,30,27,3,14,27,0,19,0,30,30,30,30,27,0,2,237,231,416,93,0,0,0.1,8
380,30,29,1,14,29,0,19,0,30,30,30,30,29,0,2,239,233,416,93,0,0,0.1,8
381,30,29,1,14,29,0,19,0,30,30,30,30,29,0,0,239,233,416,93,0,0,0.1,8
382,29,29,0,14,29,0,19,0,30,30,30,29,29,0,1,240,234,416,93,1,0,0.1,8
383,30,27,3,15,27,0,19,0,30,30,30,30,27,0,0,240,234,419,94,2,3,0.1,8
384,30,26,4,14,26,0,19,0,30,30,30,30,26,0,0,240,234,420,95,1,1,0.1,8
385,30,26,4,14,26,0,19,1,30,30,30,30,26,0,0,240,234,420,95,0,0,0.1,8
386,30,27,3,14,27,0,19,0,30,30,30,30,27,0,1,241,235,420,95,0,0,0.1,8
387,30,28,2,14,28,0,19,1,30,30,30,30,28,0,1,242,236,420,95,0,0,0.1,8
388,30,28,2,14,28,0,19,0,30,30,30,30,28,0,0,242,236,420,95,0,0,0.1,8
389,30,28,2,14,28,0,19,1,30,30,30,30,28,0,1,243,237,421,95,1,1,0.1,8
390,29,23,6,15,23,0,19,1,30,30,30,29,23,1,0,243,237,425,97,5,4,0.1,8
391,30,25,5,16,25,0,19,1,30,30,30,30,25,0,2,245,239,426,98,0,1,0.1,8
392,30,26,4,16,26,0,19,0,30,30,30,30,26,0,2,247,241,427,98,1,1,0.1,8
393,30,27,3,16,27,0,19,1,30,30,30,30,27,0,1,248,242,427,99,0,0,0.1,8
394,30,27,3,16,27,0,19,0,30,30,30,30,27,0,0,248,242,427,99,0,0,0.1,8
395,30,28,2,16,28,0,19,0,30,30,30,30,28,0,1,249,243,427,99,0,0,0.1,8
396,30,29,1,16,29,0,19,0,30,30,30,30,29,0,1,250,244,427,99,0,0,0.1,8
397,30,27,3,16,27,0,19,1,30,30,30,30,27,0,1,251,245,430,100,3,3,0.1,8
398,30,29,1,16,29,0,19,0,30,30,30,30,29,0,3,254,248,432,101,2,2,0.1,8
399,30,29,1,16,29,0,19,0,30,30,30,30,29,0,0,254,248,432,101,0,0,0.1,8
400,30,30,0,16,30,0,19,0,30,4,30,30,30,0,1,255,249,432,101,0,0,0.1,8
401,30,30,0,16,30,0,19,0,30,6,30,30,30,0,0,255,249,432,101,0,0,0.1,8
402,30,30,0,16,30,0,19,0,30,8,30,30,30,0,0,255,249,432,101,0,0,0.1,8
403,30,29,1,16,29,0,19,0,30,8,30,30,29,0,0,255,249,433,101,1,1,0.1,8
404,30,25,5,15,25,0,19,1,30,8,30,30,25,0,0,255,249,437,102,4,4,0.1,8
405,30,25,5,15,25,0,19,0,30,8,30,30,25,0,0,255,249,437,102,0,0,0.1,8
406,30,24,6,15,24,0,19,0,30,8,30,30,24,0,0,255,249,438,102,1,1,0.1,8
407,30,24,6,15,24,0,19,0,30,8,30,30,24,0,0,255,249,438,102,0,0,0.1,8
408,30,24,6,15,24,0,19,0,30,9,30,30,24,0,0,255,249,438,102,0,0,0.1,8
409,30,24,6,15,24,0,19,0,30,12,30,30,24,0,0,255,249,438,102,0,0,0.1,8
410,30,24,6,15,24,0,19,0,30,12,30,30,24,0,0,255,249,439,103,1,1,0.1,8
411,29,21,8,15,21,0,19,0,30,13,30,29,21,0,0,255,249,445,104,7,6,0.1,8
412,30,19,11,16,19,0,19,0,30,13,30,30,19,0,0,255,249,448,104,2,3,0.1,8
413,29,21,8,15,21,0,19,0,30,14,30,29,21,1,2,257,251,448,104,1,0,0.1,8
414,30,21,9,16,21,0,19,0,30,14,30,30,21,0,0,257,251,449,104,0,1,0.1,8
415,30,21,9,16,21,0,19,0,30,14,30,30,21,0,0,257,251,449,104,0,0,0.1,8
416,30,22,8,16,22,0,19,0,30,15,30,30,22,0,1,258,252,449,104,0,0,0.1,8
417,30,22,8,16,22,0,19,0,30,18,30,30,22,0,0,258,252,449,104,0,0,0.1,8
418,27,22,5,15,22,0,19,0,30,18,30,27,22,0,0,258,252,451,104,5,2,0.1,8
419,30,22,8,15,22,0,19,0,30,18,30,30,22,0,0,258,252,456,104,2,5,0.1,8
420,30,23,7,15,23,0,19,0,30,19,30,30,23,0,1,259,253,456,104,0,0,0.1,8
421,30,23,7,15,23,0,19,0,30,19,30,30,23,0,0,259,253,457,104,1,1,0.1,8
422,30,23,7,15,23,0,19,0,30,19,30,30,23,0,0,259,253,457,105,0,0,0.1,8
423,30,25,5,15,25,0,19,0,30,19,30,30,25,0,2,261,255,457,105,0,0,0.1,8
424,30,24,6,16,24,0,19,0,30,19,30,30,24,0,0,261,255,458,105,1,1,0.1,8
425,29,24,5,15,24,0,19,0,30,21,30,29,24,1,1,262,256,458,105,1,0,0.1,8
426,30,23,7,16,23,0,19,0,30,21,30,30,23,0,0,262,256,463,105,4,5,0.1,8
427,30,23,7,16,23,0,19,1,30,22,30,30,23,0,0,262,256,463,106,0,0,0.1,8
428,30,26,4,16,26,0,19,0,30,25,30,30,26,0,3,265,259,463,106,0,0,0.1,8
429,30,27,3,16,27,0,19,0,30,26,30,30,27,0,1,266,260,463,106,0,0,0.1,8
430,30,28,2,16,28,0,19,0,30,28,30,30,28,0,1,267,261,463,106,0,0,0.1,8
431,30,28,2,16,28,0,19,0,30,28,30,30,28,0,0,267,261,463,106,0,0,0.1,8
432,30,26,4,17,26,0,19,0,30,28,30,30,26,0,0,267,261,465,106,2,2,0.1,8
433,30,25,5,15,25,0,19,0,30,28,30,30,25,0,1,268,262,469,106,4,4,0.1,8
434,30,25,5,15,25,0,19,0,30,28,30,30,25,0,0,268,262,469,106,0,0,0.1,8
435,30,24,6,15,24,0,19,0,30,28,30,30,24,0,0,268,262,470,106,1,1,0.1,8
436,30,24,6,15,24,0,19,0,30,28,30,30,24,0,0,268,262,470,106,0,0,0.1,8
437,30,25,5,15,25,0,19,0,30,28,30,30,25,0,1,269,263,470,106,0,0,0.1,8
438,30,24,6,15,24,0,19,0,30,28,30,30,24,0,0,269,263,471,108,1,1,0.1,8
439,30,26,4,15,26,0,19,1,30,28,30,30,26,0,2,271,265,471,108,0,0,0.1,8
440,29,23,6,16,23,0,19,0,30,28,30,29,23,0,0,271,265,476,108,6,5,0.1,8
441,30,23,7,16,23,0,19,2,30,28,30,30,23,0,0,271,265,477,109,0,1,0.1,8
442,30,24,6,16,24,0,19,0,30,28,30,30,24,0,1,272,266,477,109,0,0,0.1,8
443,30,26,4,16,26,0,19,0,30,28,30,30,26,0,2,274,268,477,109,0,0,0.1,8
444,30,26,4,16,26,0,19,1,30,28,30,30,26,0,0,274,268,477,109,0,0,0.1,8
445,30,27,3,16,27,0,19,0,30,28,30,30,27,0,1,275,269,477,109,0,0,0.1,8
446,29,25,4,15,25,0,19,0,30,28,30,29,25,1,0,275,269,478,110,2,1,0.1,8
447,30,24,6,16,24,0,19,0,30,28,30,30,24,0,0,275,269,482,110,3,4,0.1,8
448,30,26,4,16,26,0,19,0,30,29,30,30,26,0,2,277,271,483,110,1,1,0.1,8
449,30,25,5,15,25,0,19,0,30,29,30,30,25,0,0,277,271,484,110,1,1,0.1,8
450,30,25,5,15,25,0,19,0,30,29,30,30,25,0,0,277,271,484,110,0,0,0.1,8
451,30,25,5,15,25,0,19,1,30,29,30,30,25,0,0,277,271,484,111,0,0,0.1,8
452,30,24,6,15,24,0,19,0,30,29,30,30,24,0,0,277,271,485,111,1,1,0.1,8
453,30,24,6,15,24,0,19,1,30,29,30,30,24,0,0,277,271,486,111,1,1,0.1,8
454,29,22,7,15,22,0,19,0,30,29,30,29,22,0,1,278,272,490,111,5,4,0.1,8
455,30,25,5,15,24,0,19,0,30,30,30,30,24,0,3,281,275,492,111,1,2,0.1,8
456,30,25,5,15,25,0,19,0,30,30,30,30,25,0,0,281,275,492,111,0,0,0.1,8
457,30,26,4,15,26,0,19,0,30,30,30,30,26,0,1,282,276,492,111,0,0,0.1,8
458,30,26,4,15,26,0,19,1,30,30,30,30,26,0,0,282,276,492,111,0,0,0.1,8
459,30,27,3,15,27,0,19,0,30,30,30,30,27,0,1,283,277,492,113,0,0,0.1,8
460,30,27,3,15,27,0,19,1,30,30,30,30,27,0,0,283,277,492,113,0,0,0.1,8
461,30,26,4,14,26,0,19,0,30,30,30,30,26,0,1,284,278,496,114,4,4,0.1,8
462,30,26,4,14,26,0,19,0,30,30,30,30,26,0,0,284,278,496,114,0,0,0.1,8
463,29,25,4,14,25,0,19,2,30,30,30,29,25,1,0,284,278,496,114,1,0,0.1,8
464,30,26,4,15,26,0,19,0,30,30,30,30,26,0,1,285,279,497,114,0,1,0.1,8
465,30,26,4,15,26,0,19,1,30,30,30,30,26,0,0,285,279,497,115,0,0,0.1,8
466,29,25,4,14,25,0,19,0,30,30,30,29,25,0,0,285,279,497,115,1,0,0.1,8
467,30,24,6,15,24,0,19,1,30,30,30,30,24,0,0,285,279,499,116,1,2,0.1,8
468,30,23,7,15,23,0,19,0,30,30,30,30,23,0,1,286,280,504,116,5,5,0.1,8
469,30,22,8,16,22,0,19,0,30,30,30,30,22,0,1,287,281,506,116,2,2,0.1,8
470,30,24,6,16,24,0,19,0,30,30,30,30,24,0,2,289,283,506,116,0,0,0.1,8
471,30,24,6,15,24,0,19,0,30,30,30,30,24,0,0,289,283,507,116,1,1,0.1,8
472,30,26,4,15,26,0,19,0,30,30,30,30,26,0,2,291,285,507,116,0,0,0.1,8
473,30,26,4,15,26,0,19,0,30,30,30,30,26,0,0,291,285,507,116,0,0,0.1,8
474,30,26,4,15,26,0,19,0,30,30,30,30,26,0,0,291,285,507,116,0,0,0.1,8
475,30,25,5,15,25,0,19,0,30,30,30,30,25,0,0,291,285,511,116,4,4,0.1,8
476,30,26,4,15,26,0,19,0,30,30,30,30,26,0,1,292,286,512,116,1,1,0.1,8
477,30,27,3,15,27,0,19,0,30,30,30,30,27,0,1,293,287,512,116,0,0,0.1,8
478,30,28,2,15,28,0,19,0,30,30,30,30,28,0,1,294,288,512,116,0,0,0.1,8
479,30,29,1,15,29,0,19,0,30,30,30,30,29,0,1,295,289,512,116,0,0,0.1,8
480,30,29,1,15,29,0,19,0,30,30,30,30,29,0,0,295,289,512,116,0,0,0.1,8
481,30,28,2,14,28,1,19,0,30,30,30,30,28,0,0,296,289,514,117,2,2,0.1,8
482,29,27,2,13,27,1,19,0,30,30,30,29,27,1,1,297,290,515,117,2,1,0.1,8
483,30,27,3,14,27,1,19,0,30,30,30,30,27,0,1,298,291,517,119,1,2,0.1,8
484,30,27,3,14,27,1,19,0,30,30,30,30,27,0,0,298,291,517,119,0,0,0.1,8
485,30,26,4,15,26,1,19,0,30,30,30,30,26,0,0,298,291,518,120,1,1,0.1,8
486,30,27,3,15,27,1,19,0,30,30,30,30,27,0,1,299,292,518,121,0,0,0.1,8
487,30,27,3,15,27,1,19,0,30,30,30,30,27,0,0,299,292,518,121,0,0,0.1,8
488,30,27,3,15,27,0,19,0,30,30,30,30,27,0,1,300,293,519,121,1,1,0.1,8
489,28,25,3,16,25,0,19,0,30,30,30,28,25,2,2,302,295,521,122,4,2,0.1,8
490,30,24,6,18,24,0,19,0,30,30,30,30,24,0,0,302,295,525,122,2,4,0.1,8
491,30,27,3,18,27,0,19,0,30,30,30,30,27,0,3,305,298,525,122,0,0,0.1,8
492,30,27,3,18,27,0,19,0,30,30,30,30,27,0,0,305,298,525,123,0,0,0.1,8
493,30,28,2,18,28,0,19,0,30,30,30,30,28,0,1,306,299,525,124,0,0,0.1,8
494,30,28,2,18,28,0,19,0,30,30,30,30,28,0,0,306,299,525,124,0,0,0.1,8
495,30,27,3,19,27,0,19,0,30,30,30,30,27,0,0,306,299,526,124,1,1,0.1,8
496,30,27,3,17,27,0,19,0,30,30,30,30,27,0,1,307,300,528,124,2,2,0.1,8
497,30,27,3,16,27,0,19,0,30,30,30,30,27,0,1,308,301,529,124,1,1,0.1,8
498,30,27,3,16,27,0,19,1,30,30,30,30,27,0,0,308,301,529,124,0,0,0.1,8
499,30,26,4,15,26,0,19,0,30,30,30,30,26,0,0,308,301,530,124,1,1,0.1,8
500,30,26,4,15,26,0,19,0,30,30,30,30,26,0,0,308,301,530,124,0,0,0.1,8
501,30,26,4,15,26,0,19,0,30,30,30,30,26,0,0,308,301,530,125,0,0,0.1,8
502,30,25,5,15,25,0,19,1,30,30,30,30,25,0,0,308,301,532,125,2,2,0.1,8
503,30,24,6,16,24,0,19,0,30,30,30,30,24,0,0,308,301,534,125,2,2,0.1,8
504,29,20,9,15,20,0,19,0,30,30,30,29,20,0,0,308,301,538,125,5,4,0.1,8
505,30,20,10,15,20,0,19,3,30,30,30,30,20,0,0,308,301,539,125,0,1,0.1,8
506,30,24,6,15,24,0,19,0,30,30,30,30,24,0,4,312,305,540,125,1,1,0.1,8
507,30,27,3,15,27,0,19,0,30,30,30,30,27,0,3,315,308,540,125,0,0,0.1,8
508,30,27,3,15,27,0,19,0,30,30,30,30,27,0,0,315,308,540,125,0,0,0.1,8
509,30,27,3,15,27,0,19,0,30,30,30,30,27,0,0,315,308,540,126,0,0,0.1,8
510,30,27,3,15,27,0,19,0,30,30,30,30,27,0,1,316,309,541,126,1,1,0.1,8
511,30,28,2,14,28,0,19,0,30,30,30,30,28,0,1,317,310,542,126,1,1,0.1,8
512,30,28,2,14,28,0,19,0,30,30,30,30,28,0,0,317,310,542,126,0,0,0.1,8
513,30,28,2,14,28,0,19,0,30,30,30,30,28,0,0,317,310,542,126,0,0,0.1,8
514,30,29,1,14,29,0,19,0,30,30,30,30,29,0,1,318,311,542,126,0,0,0.1,8
515,30,30,0,14,30,0,19,0,30,30,30,30,30,0,1,319,312,542,126,0,0,0.1,8
516,29,28,1,13,28,0,19,0,30,30,30,29,28,0,0,319,312,543,128,2,1,0.1,8
517,30,26,4,13,26,0,19,0,30,30,30,30,26,0,0,319,312,546,128,2,3,0.1,8
518,30,24,6,13,24,0,19,1,30,30,30,30,24,0,1,320,313,549,128,3,3,0.1,8
519,30,23,7,14,23,0,19,0,30,30,30,30,23,0,0,320,313,550,130,1,1,0.1,8
520,30,23,7,15,23,0,19,0,30,30,30,30,23,0,1,321,314,551,130,1,1,0.1,8
521,30,23,7,15,23,0,19,0,30,30,30,30,23,0,0,321,314,551,130,0,0,0.1,8
522,30,24,6,15,24,0,19,0,30,30,30,30,24,0,1,322,315,551,131,0,0,0.1,8
523,30,25,5,15,25,0,19,0,30,30,30,30,25,0,1,323,316,552,131,1,1,0.1,8
524,29,25,4,14,25,0,19,1,30,30,30,29,25,0,1,324,317,553,131,2,1,0.1,8
525,30,24,6,13,24,0,19,1,30,30,30,30,24,0,0,324,317,557,132,3,4,0.1,8
526,30,24,6,13,24,0,19,0,30,30,30,30,24,0,0,324,317,557,132,0,0,0.1,8
527,30,25,5,13,25,0,19,0,30,30,30,30,25,0,1,325,318,557,132,0,0,0.1,8
528,30,26,4,13,26,0,19,0,30,30,30,30,26,0,1,326,319,557,132,0,0,0.1,8
529,30,26,4,13,26,0,19,0,30,30,30,30,26,0,0,326,319,557,132,0,0,0.1,8
530,30,26,4,13,26,0,19,1,30,30,30,30,26,0,0,326,319,557,132,0,0,0.1,8
531,29,24,5,13,24,0,19,1,30,30,30,29,24,1,0,326,319,559,133,3,2,0.1,8
532,30,25,5,15,25,0,19,0,30,30,30,30,25,0,2,328,321,564,133,4,5,0.1,8
533,30,26,4,14,26,0,19,0,30,30,30,30,26,0,2,330,323,565,133,1,1,0.1,8
534,30,25,5,14,25,0,19,1,30,30,30,30,25,0,0,330,323,566,133,1,1,0.1,8
535,30,25,5,14,25,0,19,0,30,30,30,30,25,0,0,330,323,566,133,0,0,0.1,8
536,30,25,5,14,25,0,19,0,30,30,30,30,25,0,0,330,323,566,134,0,0,0.1,8
537,30,24,6,14,24,0,19,0,30,30,30,30,24,0,0,330,323,567,135,1,1,0.1,8
538,30,27,3,14,27,0,19,0,30,30,30,30,27,0,3,333,326,568,135,1,1,0.1,8
539,30,27,3,14,27,0,19,0,30,30,30,30,27,0,1,334,327,569,135,1,1,0.1,8
540,30,27,3,14,27,0,19,1,30,30,30,30,27,0,0,334,327,569,135,0,0,0.1,8
541,30,29,1,14,29,0,19,0,30,30,30,30,29,0,2,336,329,569,135,0,0,0.1,8
542,30,29,1,14,29,0,19,0,30,30,30,30,29,0,0,336,329,569,135,0,0,0.1,8
543,30,29,1,14,29,0,19,0,30,30,30,30,29,0,0,336,329,569,135,0,0,0.1,8
544,30,29,1,14,29,0,19,0,30,30,30,30,29,0,0,336,329,569,135,0,0,0.1,8
545,30,28,2,14,28,0,19,0,30,30,30,30,28,0,0,336,329,571,136,2,2,0.1,8
546,30,24,6,14,24,0,19,0,30,30,30,30,24,0,1,337,330,576,138,5,5,0.1,8
547,30,25,5,15,25,0,19,0,30,30,30,30,25,0,2,339,332,577,139,1,1,0.1,8
548,30,25,5,14,25,0,19,0,30,30,30,30,25,0,1,340,333,578,139,1,1,0.1,8
549,30,26,4,14,26,0,19,0,30,30,30,30,26,0,1,341,334,578,139,0,0,0.1,8
550,30,28,2,14,28,0,19,1,30,30,30,30,28,0,2,343,336,578,139,0,0,0.1,8
551,30,27,3,15,27,0,19,0,30,30,30,30,27,0,0,343,336,579,139,1,1,0.1,8
552,30,29,1,15,29,0,19,1,30,30,30,30,29,0,2,345,338,580,139,1,1,0.1,8
553,30,29,1,15,29,0,19,0,30,30,30,30,29,0,1,346,339,581,140,1,1,0.1,8
554,30,29,1,15,29,0,19,0,30,30,30,30,29,0,0,346,339,581,140,0,0,0.1,8
555,30,29,1,15,29,0,19,0,30,30,30,30,29,0,0,346,339,581,140,0,0,0.1,8
556,30,29,1,15,29,0,19,0,30,30,30,30,29,0,0,346,339,581,140,0,0,0.1,8
557,30,29,1,15,29,0,19,0,30,30,30,30,29,0,0,346,339,581,140,0,0,0.1,8
558,30,29,1,15,29,0,19,0,30,30,30,30,29,0,0,346,339,581,140,0,0,0.1,8
559,30,29,1,15,29,0,19,0,30,30,30,30,29,0,1,347,340,582,140,1,1,0.1,8
560,28,24,4,13,24,0,19,0,30,30,30,28,24,0,0,347,340,585,141,5,3,0.1,8
561,29,23,6,12,23,0,19,0,30,30,30,29,23,0,0,347,340,587,142,1,2,0.1,8
562,29,25,4,12,25,0,19,0,30,30,30,29,25,1,3,350,343,588,142,1,1,0.1,8
563,30,26,4,13,26,0,19,0,30,30,30,30,26,0,1,351,344,589,142,0,1,0.1,8
564,30,27,3,13,27,0,19,0,30,30,30,30,27,0,1,352,345,589,142,0,0,0.1,8
565,30,27,3,13,27,0,19,0,30,30,30,30,27,0,1,353,346,590,142,1,1,0.1,8
566,29,27,2,13,27,0,19,0,30,30,30,29,27,1,1,354,347,590,142,1,0,0.1,8
567,30,26,4,15,26,0,19,0,30,30,30,30,26,0,0,354,347,594,143,3,4,0.1,8
568,30,26,4,15,26,0,19,0,30,30,30,30,26,0,0,354,347,594,143,0,0,0.1,8
569,30,27,3,15,27,0,19,1,30,30,30,30,27,0,1,355,348,594,143,0,0,0.1,8
570,30,29,1,15,29,0,19,0,30,30,30,30,29,0,2,357,350,594,144,0,0,0.1,8
0,30,0,30,16,0,0,19,0,30,10,30,0,0,0,0,0,0,30,0,0,0,0.1,9
1,30,2,28,16,2,0,19,0,30,10,30,30,2,0,2,2,2,30,0,0,0,0.1,9
2,30,4,26,16,4,0,19,0,30,10,30,30,4,0,2,4,4,30,0,0,0,0.1,9
3,30,4,26,16,4,0,19,0,30,10,30,30,4,0,0,4,4,30,0,0,0,0.1,9
4,30,5,25,16,5,0,19,0,30,10,30,30,5,0,1,5,5,30,1,0,0,0.1,9
5,30,8,22,16,8,0,19,0,30,10,30,30,8,0,3,8,8,30,2,0,0,0.1,9
6,30,9,21,16,9,0,19,0,30,10,30,30,9,0,1,9,9,30,2,0,0,0.1,9
7,30,9,21,16,9,0,19,0,30,11,30,30,9,0,0,9,9,30,2,0,0,0.1,9
8,30,4,26,18,4,0,19,1,30,11,30,30,4,0,4,13,13,39,2,9,9,0.1,9
9,30,5,25,18,5,0,19,0,30,13,30,30,5,0,1,14,14,39,2,0,0,0.1,9
10,30,5,25,18,5,0,19,0,30,15,30,30,5,0,0,14,14,39,2,0,0,0.1,9
11,30,9,21,18,9,0,19,0,30,15,30,30,9,0,4,18,18,39,2,0,0,0.1,9
12,30,10,20,18,10,0,19,0,30,15,30,30,10,0,1,19,19,39,2,0,0,0.1,9
13,30,12,18,18,12,0,19,0,30,15,30,30,12,0,2,21,21,39,3,0,0,0.1,9
14,30,13,17,18,13,0,19,0,30,16,30,30,13,0,1,22,22,39,3,0,0,0.1,9
15,30,14,16,17,14,0,19,0,30,17,30,30,14,0,1,23,23,45,3,6,6,0.1,9
16,30,14,16,17,14,0,19,0,30,17,30,30,14,0,0,23,23,45,3,0,0,0.1,9
17,30,14,16,17,14,0,19,0,30,18,30,30,14,0,0,23,23,45,3,0,0,0.1,9
18,30,16,14,17,16,0,19,0,30,19,30,30,16,0,2,25,25,45,4,0,0,0.1,9
19,30,16,14,17,16,0,19,1,30,21,30,30,16,0,0,25,25,45,5,0,0,0.1,9
20,30,19,11,17,19,0,19,0,30,22,30,30,19,0,3,28,28,45,5,0,0,0.1,9
21,30,21,9,17,21,0,19,0,30,24,30,30,21,0,2,30,30,45,5,0,0,0.1,9
22,30,20,10,18,20,0,19,0,30,24,30,30,20,0,2,32,32,49,7,4,4,0.1,9
23,30,20,10,18,20,0,19,0,30,24,30,30,20,0,0,32,32,49,8,0,0,0.1,9
24,30,20,10,18,20,0,19,0,30,24,30,30,20,0,0,32,32,49,9,0,0,0.1,9
25,30,20,10,18,20,0,19,0,30,24,30,30,20,0,0,32,32,49,9,0,0,0.1,9
26,30,21,9,18,21,0,19,0,30,24,30,30,21,0,1,33,33,49,9,0,0,0.1,9
27,30,21,9,18,21,0,19,0,30,25,30,30,21,0,0,33,33,49,10,0,0,0.1,9
28,30,21,9,18,21,0,19,0,30,25,30,30,21,0,0,33,33,49,11,0,0,0.1,9
29,30,16,14,17,16,0,19,0,30,25,30,30,16,0,0,33,33,57,11,8,8,0.1,9
30,30,17,13,17,17,0,19,0,30,25,30,30,17,0,1,34,34,57,11,0,0,0.1,9
31,30,18,12,17,18,0,19,0,30,25,30,30,18,0,1,35,35,57,11,0,0,0.1,9
32,30,19,11,17,19,0,19,0,30,25,30,30,19,0,1,36,36,57,11,0,0,0.1,9
33,30,19,11,17,19,0,19,1,30,25,30,30,19,0,0,36,36,57,12,0,0,0.1,9
34,30,23,7,17,23,0,19,0,30,25,30,30,23,0,4,40,40,57,12,0,0,0.1,9
35,30,25,5,17,25,0,19,0,30,25,30,30,25,0,2,42,42,57,13,0,0,0.1,9
36,30,25,5,15,25,0,19,0,30,25,30,30,25,0,1,43,43,60,13,3,3,0.1,9
37,30,26,4,15,26,0,19,0,30,26,30,30,26,0,1,44,44,60,13,0,0,0.1,9
38,30,28,2,15,28,0,19,1,30,27,30,30,28,0,2,46,46,60,13,0,0,0.1,9
39,30,28,2,15,28,0,19,0,30,27,30,30,28,0,0,46,46,60,13,0,0,0.1,9
40,30,28,2,15,28,0,19,0,30,2,30,30,28,0,0,46,46,60,13,0,0,0.1,9
41,30,28,2,15,28,0,19,0,30,2,30,30,28,0,0,46,46,60,13,0,0,0.1,9
42,30,28,2,15,28,0,19,0,30,2,30,30,28,0,0,46,46,60,13,0,0,0.1,9
43,30,22,8,15,22,0,19,0,30,2,30,30,22,0,0,46,46,67,18,7,7,0.1,9
44,30,22,8,15,22,0,19,0,30,2,30,30,22,0,0,46,46,67,18,0,0,0.1,9
45,30,22,8,15,22,0,19,0,30,2,30,30,22,0,0,46,46,67,18,0,0,0.1,9
46,30,22,8,15,22,0,19,0,30,2,30,30,22,0,0,46,46,67,18,0,0,0.1,9
47,30,22,8,15,22,0,19,0,30,2,30,30,22,0,0,46,46,67,18,0,0,0.1,9
48,30,22,8,15,22,0,19,0,30,2,30,30,22,0,0,46,46,67,18,0,0,0.1,9
49,30,22,8,15,22,0,19,0,30,3,30,30,22,0,0,46,46,67,18,0,0,0.1,9
50,29,20,9,16,20,0,19,0,30,4,30,29,20,0,0,46,46,75,19,9,8,0.1,9
51,30,20,10,16,20,0,19,0,30,4,30,30,20,0,0,46,46,76,19,0,1,0.1,9
52,30,20,10,16,20,0,19,0,30,4,30,30,20,0,0,46,46,76,19,0,0,0.1,9
53,30,20,10,16,20,0,19,0,30,4,30,30,20,0,0,46,46,76,19,0,0,0.1,9
54,30,20,10,16,20,0,19,0,30,5,30,30,20,0,0,46,46,76,19,0,0,0.1,9
55,30,20,10,16,20,0,19,0,30,6,30,30,20,0,0,46,46,76,19,0,0,0.1,9
56,30,21,9,16,21,0,19,0,30,6,30,30,21,0,1,47,47,76,19,0,0,0.1,9
57,29,21,8,16,21,0,19,0,30,6,30,29,21,0,0,47,47,82,19,7,6,0.1,9
58,30,21,9,16,21,0,19,0,30,6,30,30,21,0,0,47,47,84,19,1,2,0.1,9
59,30,21,9,16,21,0,19,0,30,6,30,30,21,0,0,47,47,84,19,0,0,0.1,9
60,30,21,9,16,21,0,19,0,30,8,30,30,21,0,0,47,47,84,19,0,0,0.1,9
61,30,21,9,16,21,0,19,0,30,8,30,30,21,0,0,47,47,84,19,0,0,0.1,9
62,30,21,9,16,21,0,19,0,30,9,30,30,21,0,0,47,47,84,19,0,0,0.1,9
63,30,21,9,16,21,0,19,0,30,9,30,30,21,0,0,47,47,84,19,0,0,0.1,9
64,28,21,7,15,21,1,19,0,30,9,30,28,21,1,0,48,47,89,19,7,5,0.1,9
65,30,22,8,16,22,1,19,0,30,9,30,30,22,0,1,49,48,93,19,2,4,0.1,9
66,30,22,8,16,22,1,19,1,30,11,30,30,22,0,0,49,48,93,19,0,0,0.1,9
67,30,22,8,16,22,1,19,0,30,11,30,30,22,0,0,49,48,93,19,0,0,0.1,9
68,30,23,7,16,23,1,19,0,30,11,30,30,23,0,1,50,49,93,19,0,0,0.1,9
69,30,23,7,16,23,1,19,0,30,11,30,30,23,0,0,50,49,93,19,0,0,0.1,9
70,30,24,6,16,24,1,19,0,30,12,30,30,24,0,1,51,50,93,19,0,0,0.1,9
71,28,23,5,16,23,0,19,0,30,13,30,28,23,0,0,51,50,94,19,3,1,0.1,9
72,30,23,7,16,23,0,19,0,30,14,30,30,23,0,0,51,50,99,19,3,5,0.1,9
73,30,24,6,16,24,0,19,0,30,15,30,30,24,0,1,52,51,99,19,0,0,0.1,9
74,30,24,6,16,24,0,19,0,30,17,30,30,24,0,0,52,51,99,19,0,0,0.1,9
75,30,24,6,16,24,0,19,0,30,17,30,30,24,0,0,52,51,99,19,0,0,0.1,9
76,30,24,6,16,24,0,19,1,30,17,30,30,24,0,0,52,51,99,19,0,0,0.1,9
77,30,24,6,16,24,0,19,0,30,18,30,30,24,0,0,52,51,99,19,0,0,0.1,9
78,29,22,7,15,22,0,19,0,30,20,30,29,22,1,0,52,51,101,19,3,2,0.1,9
79,30,22,8,16,22,0,19,0,30,21,30,30,22,0,1,53,52,107,19,5,6,0.1,9
80,30,22,8,16,22,0,19,0,30,21,30,30,22,0,0,53,52,107,19,0,0,0.1,9
81,30,23,7,16,23,0,19,0,30,21,30,30,23,0,1,54,53,107,19,0,0,0.1,9
82,30,24,6,16,24,0,19,1,30,22,30,30,24,0,1,55,54,107,19,0,0,0.1,9
83,30,25,5,16,25,0,19,1,30,22,30,30,25,0,1,56,55,107,19,0,0,0.1,9
84,30,25,5,16,25,0,19,0,30,22,30,30,25,0,0,56,55,107,19,0,0,0.1,9
85,30,25,5,16,25,0,19,0,30,22,30,30,25,0,0,56,55,108,19,1,1,0.1,9
86,30,24,6,16,24,0,19,0,30,22,30,30,24,0,0,56,55,112,19,4,4,0.1,9
87,30,24,6,16,24,0,19,0,30,22,30,30,24,0,0,56,55,112,19,0,0,0.1,9
88,30,25,5,16,25,0,19,1,30,22,30,30,25,0,1,57,56,112,19,0,0,0.1,9
89,30,26,4,16,26,0,19,0,30,23,30,30,26,0,1,58,57,112,19,0,0,0.1,9
90,30,26,4,16,26,0,19,0,30,23,30,30,26,0,0,58,57,112,19,0,0,0.1,9
91,30,26,4,16,26,0,19,0,30,24,30,30,26,0,0,58,57,112,19,0,0,0.1,9
92,30,25,5,16,25,0,19,0,30,24,30,30,25,0,0,58,57,113,19,1,1,0.1,9
93,30,22,8,16,22,0,19,0,30,25,30,30,22,0,0,58,57,119,20,6,6,0.1,9
94,30,23,7,16,23,0,19,0,30,25,30,30,23,0,1,59,58,119,20,0,0,0.1,9
95,30,24,6,16,24,0,19,0,30,25,30,30,24,0,1,60,59,119,20,0,0,0.1,9
96,30,25,5,16,25,0,19,0,30,25,30,30,25,0,1,61,60,119,21,0,0,0.1,9
97,30,25,5,16,25,0,19,0,30,25,30,30,25,0,0,61,60,119,21,0,0,0.1,9
98,30,25,5,16,25,0,19,0,30,26,30,30,25,0,0,61,60,119,21,0,0,0.1,9
99,30,24,6,16,24,0,19,0,30,27,30,30,24,0,0,61,60,120,21,1,1,0.1,9
100,29,24,5,15,24,0,19,0,30,27,30,29,24,0,1,62,61,124,22,5,4,0.1,9
101,30,25,5,15,25,0,19,0,30,27,30,30,25,0,1,63,62,125,22,0,1,0.1,9
102,30,25,5,15,25,0,19,0,30,27,30,30,25,0,0,63,62,125,22,0,0,0.1,9
103,30,26,4,15,26,0,19,0,30,27,30,30,26,0,1,64,63,125,22,0,0,0.1,9
104,30,26,4,15,26,0,19,0,30,29,30,30,26,0,0,64,63,125,22,0,0,0.1,9
105,30,26,4,15,26,0,19,0,30,29,30,30,26,0,0,64,63,125,22,0,0,0.1,9
106,30,28,2,15,28,0,19,0,30,29,30,30,28,0,2,66,65,126,22,1,1,0.1,9
107,30,25,5,15,25,0,19,0,30,30,30,30,25,0,0,66,65,130,23,4,4,0.1,9
108,30,27,3,15,27,0,19,0,30,30,30,30,27,0,2,68,67,130,23,0,0,0.1,9
109,30,27,3,15,27,0,19,0,30,30,30,30,27,0,0,68,67,130,23,0,0,0.1,9
110,30,27,3,15,27,0,19,0,30,30,30,30,27,0,0,68,67,130,23,0,0,0.1,9
111,30,28,2,15,28,0,19,0,30,30,30,30,28,0,1,69,68,130,24,0,0,0.1,9
112,30,28,2,15,28,0,19,0,30,30,30,30,28,0,0,69,68,130,24,0,0,0.1,9
113,30,29,1,15,29,0,19,0,30,30,30,30,29,0,1,70,69,130,24,0,0,0.1,9
114,30,26,4,14,26,0,19,0,30,30,30,30,26,0,0,70,69,134,26,4,4,0.1,9
115,30,25,5,14,25,0,19,0,30,30,30,30,25,0,0,70,69,135,27,1,1,0.1,9
116,30,26,4,14,26,0,19,1,30,30,30,30,26,0,1,71,70,135,27,0,0,0.1,9
117,30,26,4,14,26,0,19,0,30,30,30,30,26,0,0,71,70,135,27,0,0,0.1,9
118,30,26,4,14,26,0,19,0,30,30,30,30,26,0,0,71,70,135,27,0,0,0.1,9
119,30,27,3,14,27,0,19,0,30,30,30,30,27,0,1,72,71,135,27,0,0,0.1,9
120,29,27,2,14,27,0,19,0,30,30,30,29,27,0,1,73,72,135,27,1,0,0.1,9
121,29,25,4,15,25,1,19,0,30,30,30,29,25,1,0,74,72,140,27,5,5,0.1,9
122,30,26,4,16,26,1,19,0,30,30,30,30,26,0,1,75,73,141,27,0,1,0.1,9
123,30,26,4,16,26,1,19,0,30,30,30,30,26,0,0,75,73,141,27,0,0,0.1,9
124,30,28,2,16,28,1,19,0,30,30,30,30,28,0,2,77,75,141,28,0,0,0.1,9
125,30,28,2,16,28,1,19,0,30,30,30,30,28,0,0,77,75,141,28,0,0,0.1,9
126,30,29,1,16,29,1,19,0,30,30,30,30,29,0,1,78,76,141,28,0,0,0.1,9
127,30,29,1,16,29,1,19,1,30,30,30,30,29,0,0,78,76,141,28,0,0,0.1,9
128,30,26,4,16,26,0,19,0,30,30,30,30,26,0,0,78,76,145,29,4,4,0.1,9
129,30,27,3,17,27,0,19,0,30,30,30,30,27,0,2,80,78,146,29,1,1,0.1,9
130,30,27,3,17,27,0,19,0,30,30,30,30,27,0,0,80,78,146,29,0,0,0.1,9
131,30,28,2,17,28,0,19,0,30,30,30,30,28,0,1,81,79,146,29,0,0,0.1,9
132,30,28,2,17,28,0,19,0,30,30,30,30,28,0,0,81,79,146,29,0,0,0.1,9
133,30,28,2,17,28,0,19,1,30,30,30,30,28,0,0,81,79,146,29,0,0,0.1,9
134,30,28,2,17,28,0,19,1,30,30,30,30,28,0,0,81,79,146,30,0,0,0.1,9
135,29,25,4,16,25,0,19,0,30,30,30,29,25,0,0,81,79,149,31,4,3,0.1,9
136,30,25,5,15,25,0,19,0,30,30,30,30,25,0,1,82,80,152,31,2,3,0.1,9
137,30,26,4,15,26,0,19,0,30,30,30,30,26,0,1,83,81,152,31,0,0,0.1,9
138,30,29,1,15,29,0,19,1,30,30,30,30,29,0,3,86,84,152,31,0,0,0.1,9
139,30,29,1,15,29,0,19,0,30,30,30,30,29,0,0,86,84,152,31,0,0,0.1,9
140,30,29,1,15,29,0,19,0,30,30,30,30,29,0,0,86,84,152,31,0,0,0.1,9
141,30,29,1,15,29,0,19,0,30,30,30,30,29,0,0,86,84,152,31,0,0,0.1,9
142,30,26,4,15,26,0,19,0,30,30,30,30,26,0,0,86,84,155,33,3,3,0.1,9
143,30,27,3,15,27,0,19,0,30,30,30,30,27,0,1,87,85,156,33,1,1,0.1,9
144,30,28,2,15,28,0,19,0,30,30,30,30,28,0,1,88,86,156,33,0,0,0.1,9
145,30,28,2,15,28,0,19,1,30,30,30,30,28,0,0,88,86,156,33,0,0,0.1,9
146,30,29,1,15,29,0,19,0,30,30,30,30,29,0,1,89,87,156,33,0,0,0.1,9
147,30,29,1,15,29,0,19,0,30,30,30,30,29,0,0,89,87,156,33,0,0,0.1,9
148,30,29,1,15,29,0,19,0,30,30,30,30,29,0,0,89,87,156,33,0,0,0.1,9
149,30,26,4,15,26,0,19,0,30,30,30,30,26,0,0,89,87,159,33,3,3,0.1,9
150,30,24,6,14,24,0,19,0,30,30,30,30,24,0,0,89,87,162,35,3,3,0.1,9
151,30,26,4,14,26,0,19,0,30,30,30,30,26,0,2,91,89,162,35,0,0,0.1,9
152,30,26,4,14,26,0,19,0,30,30,30,30,26,0,0,91,89,162,35,0,0,0.1,9
153,30,26,4,14,26,0,19,0,30,30,30,30,26,0,0,91,89,162,35,0,0,0.1,9
154,30,26,4,14,26,0,19,0,30,30,30,30,26,0,0,91,89,162,35,0,0,0.1,9
155,30,28,2,14,28,0,19,0,30,30,30,30,28,0,2,93,91,162,35,0,0,0.1,9
156,30,25,5,15,25,0,19,0,30,30,30,30,25,0,0,93,91,165,37,3,3,0.1,9
157,30,28,2,15,28,0,19,0,30,30,30,30,28,0,3,96,94,166,37,1,1,0.1,9
158,30,28,2,15,28,0,19,0,30,30,30,30,28,0,0,96,94,166,38,0,0,0.1,9
159,30,28,2,15,28,0,19,0,30,30,30,30,28,0,0,96,94,166,38,0,0,0.1,9
160,30,28,2,15,28,0,19,0,30,30,30,30,28,0,0,96,94,166,38,0,0,0.1,9
161,30,28,2,15,28,0,19,0,30,30,30,30,28,0,0,96,94,166,38,0,0,0.1,9
162,30,28,2,15,28,0,19,1,30,30,30,30,28,0,0,96,94,166,38,0,0,0.1,9
163,30,25,5,14,25,0,19,0,30,30,30,30,25,0,0,96,94,170,39,4,4,0.1,9
164,30,26,4,15,26,0,19,1,30,30,30,30,26,0,3,99,97,173,39,3,3,0.1,9
165,30,26,4,15,26,0,19,0,30,30,30,30,26,0,0,99,97,173,40,0,0,0.1,9
166,30,26,4,15,26,0,19,0,30,30,30,30,26,0,0,99,97,173,40,0,0,0.1,9
167,30,27,3,15,27,0,19,0,30,30,30,30,27,0,1,100,98,173,40,0,0,0.1,9
168,30,27,3,15,27,0,19,0,30,30,30,30,27,0,0,100,98,173,40,0,0,0.1,9
169,30,28,2,15,28,0,19,0,30,30,30,30,28,0,1,101,99,173,40,0,0,0.1,9
170,30,26,4,16,26,0,19,0,30,30,30,30,26,0,0,101,99,177,41,4,4,0.1,9
171,30,27,3,16,27,0,19,0,30,30,30,30,27,0,1,102,100,177,41,0,0,0.1,9
172,30,27,3,16,27,0,19,1,30,30,30,30,27,0,0,102,100,177,41,0,0,0.1,9
173,30,27,3,16,27,0,19,0,30,30,30,30,27,0,0,102,100,177,41,0,0,0.1,9
174,30,28,2,16,28,0,19,0,30,30,30,30,28,0,1,103,101,177,41,0,0,0.1,9
175,30,29,1,16,29,0,19,0,30,30,30,30,29,0,1,104,102,177,41,0,0,0.1,9
176,30,29,1,16,29,0,19,0,30,30,30,30,29,0,0,104,102,177,41,0,0,0.1,9
177,29,27,2,16,27,0,19,0,30,30,30,29,27,0,0,104,102,179,41,3,2,0.1,9
178,29,24,5,16,24,0,19,0,30,30,30,29,24,0,0,104,102,182,41,3,3,0.1,9
179,30,24,6,16,24,0,19,0,30,30,30,30,24,0,0,104,102,183,41,0,1,0.1,9
180,30,24,6,16,24,0,19,0,30,30,30,30,24,0,0,104,102,183,41,0,0,0.1,9
181,30,27,3,16,27,0,19,0,30,30,30,30,27,0,3,107,105,183,41,0,0,0.1,9
182,30,28,2,16,28,0,19,0,30,30,30,30,28,0,1,108,106,183,41,0,0,0.1,9
183,30,28,2,16,28,0,19,0,30,30,30,30,28,0,0,108,106,183,41,0,0,0.1,9
184,30,25,5,15,25,0,19,0,30,30,30,30,25,0,0,108,106,186,43,3,3,0.1,9
185,30,25,5,15,25,0,19,0,30,30,30,30,25,0,0,108,106,187,43,1,1,0.1,9
186,30,25,5,15,25,0,19,0,30,30,30,30,25,0,0,108,106,188,43,1,1,0.1,9
187,30,26,4,15,26,0,19,0,30,30,30,30,26,0,1,109,107,188,43,0,0,0.1,9
188,30,26,4,15,26,0,19,0,30,30,30,30,26,0,0,109,107,188,43,0,0,0.1,9
189,30,26,4,15,26,0,19,0,30,30,30,30,26,0,0,109,107,188,43,0,0,0.1,9
190,30,28,2,15,28,0,19,0,30,30,30,30,28,0,2,111,109,188,43,0,0,0.1,9
191,28,26,2,15,26,0,19,0,30,30,30,28,26,0,0,111,109,189,44,3,1,0.1,9
192,28,24,4,14,24,0,19,0,30,30,30,28,24,2,0,111,109,191,44,2,2,0.1,9
193,30,24,6,16,24,0,19,0,30,30,30,30,24,0,0,111,109,194,44,1,3,0.1,9
194,30,26,4,16,26,0,19,0,30,30,30,30,26,0,2,113,111,194,45,0,0,0.1,9
195,30,27,3,16,27,0,19,0,30,30,30,30,27,0,1,114,112,194,45,0,0,0.1,9
196,30,27,3,16,27,0,19,0,30,30,30,30,27,0,0,114,112,194,45,0,0,0.1,9
197,30,29,1,16,29,0,19,0,30,30,30,30,29,0,2,116,114,194,45,0,0,0.1,9
198,29,28,1,16,28,0,19,0,30,30,30,29,28,1,1,117,115,195,45,2,1,0.1,9
199,30,28,2,17,28,0,19,0,30,30,30,30,28,0,1,118,116,197,46,1,2,0.1,9
200,30,30,0,17,30,0,19,1,30,30,30,30,30,0,2,120,118,197,46,0,0,0.1,9
201,30,30,0,17,30,0,19,0,30,30,30,30,30,0,0,120,118,197,46,0,0,0.1,9
202,30,30,0,17,30,0,19,0,30,30,30,30,30,0,0,120,118,197,46,0,0,0.1,9
203,30,30,0,17,30,0,19,1,30,30,30,30,30,0,0,120,118,197,46,0,0,0.1,9
204,30,30,0,17,30,0,19,0,30,30,30,30,30,0,0,120,118,197,46,0,0,0.1,9
205,30,29,1,17,29,0,19,0,30,30,30,30,29,0,0,120,118,198,46,1,1,0.1,9
206,30,28,2,17,28,0,19,0,30,30,30,30,28,0,1,121,119,200,46,2,2,0.1,9
207,30,26,4,16,26,0,19,0,30,30,30,30,26,0,1,122,120,203,47,3,3,0.1,9
208,30,26,4,16,26,0,19,0,30,30,30,30,26,0,0,122,120,203,47,0,0,0.1,9
209,30,27,3,16,27,0,19,0,30,30,30,30,27,0,1,123,121,203,47,0,0,0.1,9
210,30,29,1,16,29,0,19,0,30,30,30,30,29,0,2,125,123,203,47,0,0,0.1,9
211,30,29,1,16,29,0,19,0,30,30,30,30,29,0,0,125,123,203,47,0,0,0.1,9
212,30,28,2,16,28,0,19,1,30,30,30,30,28,0,0,125,123,204,48,1,1,0.1,9
213,29,27,2,15,27,0,19,0,30,30,30,29,27,0,1,126,124,205,49,2,1,0.1,9
214,30,28,2,15,28,0,19,1,30,30,30,30,28,0,1,127,125,206,49,0,1,0.1,9
215,30,28,2,15,28,0,19,0,30,30,30,30,28,0,0,127,125,206,49,0,0,0.1,9
216,30,28,2,15,28,0,19,0,30,30,30,30,28,0,0,127,125,206,49,0,0,0.1,9
217,30,29,1,15,29,0,19,0,30,30,30,30,29,0,1,128,126,206,49,0,0,0.1,9
218,30,29,1,15,29,0,19,0,30,30,30,30,29,0,0,128,126,206,49,0,0,0.1,9
219,29,28,1,15,28,0,19,0,30,30,30,29,28,0,0,128,126,206,50,1,0,0.1,9
220,30,27,3,15,27,0,19,1,30,4,30,30,27,0,1,129,127,210,51,3,4,0.1,9
221,30,24,6,16,24,0,19,0,30,5,30,30,24,0,0,129,127,213,51,3,3,0.1,9
222,30,24,6,16,24,0,19,0,30,5,30,30,24,0,0,129,127,213,51,0,0,0.1,9
223,30,24,6,16,24,0,19,0,30,5,30,30,24,0,0,129,127,213,51,0,0,0.1,9
224,30,24,6,16,24,0,19,0,30,6,30,30,24,0,0,129,127,213,51,0,0,0.1,9
225,30,24,6,16,24,0,19,0,30,7,30,30,24,0,0,129,127,213,51,0,0,0.1,9
226,29,24,5,16,24,0,19,0,30,9,30,29,24,1,1,130,128,213,52,1,0,0.1,9
227,30,24,6,17,24,0,19,0,30,9,30,30,24,0,0,130,128,216,52,2,3,0.1,9
228,30,24,6,17,24,0,19,1,30,9,30,30,24,0,1,131,129,219,53,3,3,0.1,9
229,30,24,6,17,24,0,19,0,30,9,30,30,24,0,0,131,129,219,53,0,0,0.1,9
230,30,24,6,17,24,0,19,1,30,10,30,30,24,0,0,131,129,219,54,0,0,0.1,9
231,30,24,6,17,24,0,19,0,30,10,30,30,24,0,0,131,129,219,54,0,0,0.1,9
232,30,24,6,17,24,0,19,0,30,11,30,30,24,0,0,131,129,219,54,0,0,0.1,9
233,30,25,5,17,25,0,19,0,30,13,30,30,25,0,1,132,130,219,54,0,0,0.1,9
234,30,23,7,18,23,0,19,0,30,15,30,30,23,0,0,132,130,224,54,5,5,0.1,9
235,30,22,8,17,22,0,19,0,30,15,30,30,22,0,0,132,130,227,54,3,3,0.1,9
236,30,23,7,17,23,0,19,0,30,16,30,30,23,0,1,133,131,227,54,0,0,0.1,9
237,30,23,7,17,23,0,19,0,30,16,30,30,23,0,0,133,131,227,54,0,0,0.1,9
238,30,23,7,17,23,0,19,0,30,16,30,30,23,0,0,133,131,227,54,0,0,0.1,9
239,30,23,7,17,23,0,19,0,30,16,30,30,23,0,0,133,131,227,54,0,0,0.1,9
240,30,24,6,17,24,0,19,0,30,17,30,30,24,0,1,134,132,227,54,0,0,0.1,9
241,30,26,4,17,26,2,19,0,30,18,30,30,26,0,0,136,132,231,54,4,4,0.1,9
242,30,25,5,16,25,2,19,0,30,18,30,30,25,0,0,136,132,234,54,3,3,0.1,9
243,30,25,5,16,25,2,19,0,30,18,30,30,25,0,0,136,132,234,54,0,0,0.1,9
244,30,25,5,16,25,2,19,0,30,18,30,30,25,0,0,136,132,234,54,0,0,0.1,9
245,30,26,4,16,26,2,19,0,30,18,30,30,26,0,1,137,133,234,55,0,0,0.1,9
246,30,26,4,16,26,2,19,0,30,18,30,30,26,0,0,137,133,234,55,0,0,0.1,9
247,30,27,3,16,27,2,19,0,30,19,30,30,27,0,1,138,134,234,55,0,0,0.1,9
248,30,25,5,17,25,0,19,0,30,20,30,30,25,0,1,139,135,238,55,4,4,0.1,9
249,30,24,6,17,24,0,19,0,30,20,30,30,24,0,0,139,135,240,55,2,2,0.1,9
250,30,24,6,17,24,0,19,0,30,21,30,30,24,0,0,139,135,240,55,0,0,0.1,9
251,30,24,6,17,24,0,19,0,30,21,30,30,24,0,0,139,135,240,55,0,0,0.1,9
252,30,24,6,17,24,0,19,0,30,21,30,30,24,0,0,139,135,240,56,0,0,0.1,9
253,30,25,5,17,25,0,19,0,30,22,30,30,25,0,1,140,136,240,56,0,0,0.1,9
254,30,25,5,17,25,0,19,0,30,22,30,30,25,0,0,140,136,240,56,0,0,0.1,9
255,29,25,4,16,25,0,19,0,30,22,30,29,25,0,1,141,137,242,56,3,2,0.1,9
256,30,23,7,17,23,0,19,0,30,22,30,30,23,0,0,141,137,247,56,4,5,0.1,9
257,30,24,6,17,24,0,19,0,30,22,30,30,24,0,1,142,138,247,56,0,0,0.1,9
258,30,26,4,17,26,0,19,0,30,22,30,30,26,0,2,144,140,247,56,0,0,0.1,9
259,30,27,3,17,27,0,19,0,30,22,30,30,27,0,1,145,141,247,56,0,0,0.1,9
260,30,27,3,17,27,0,19,0,30,22,30,30,27,0,0,145,141,247,56,0,0,0.1,9
261,30,27,3,17,27,0,19,0,30,22,30,30,27,0,0,145,141,247,56,0,0,0.1,9
262,30,25,5,15,25,0,19,0,30,23,30,30,25,0,0,145,141,250,57,3,3,0.1,9
263,30,26,4,15,26,0,19,0,30,23,30,30,26,0,1,146,142,252,57,2,2,0.1,9
264,30,26,4,15,26,0,19,0,30,23,30,30,26,0,0,146,142,252,57,0,0,0.1,9
265,30,26,4,15,26,0,19,0,30,24,30,30,26,0,0,146,142,252,57,0,0,0.1,9
266,30,26,4,15,26,0,19,0,30,24,30,30,26,0,0,146,142,252,57,0,0,0.1,9
267,30,26,4,15,26,0,19,0,30,24,30,30,26,0,0,146,142,252,57,0,0,0.1,9
268,30,26,4,15,26,0,19,1,30,24,30,30,26,0,0,146,142,252,57,0,0,0.1,9
269,29,25,4,15,25,0,19,0,30,25,30,29,25,0,0,146,142,254,57,3,2,0.1,9
270,29,22,7,14,22,0,19,0,30,25,30,29,22,1,0,146,142,259,58,5,5,0.1,9
271,30,23,7,15,23,0,19,0,30,25,30,30,23,0,1,147,143,260,58,0,1,0.1,9
272,30,23,7,15,23,0,19,0,30,25,30,30,23,0,0,147,143,260,58,0,0,0.1,9
273,30,25,5,15,25,0,19,0,30,25,30,30,25,0,2,149,145,260,58,0,0,0.1,9
274,30,26,4,15,26,0,19,0,30,27,30,30,26,0,1,150,146,260,59,0,0,0.1,9
275,30,26,4,15,26,0,19,0,30,27,30,30,26,0,0,150,146,260,59,0,0,0.1,9
276,30,27,3,16,27,0,19,0,30,27,30,30,27,0,2,152,148,261,59,1,1,0.1,9
277,29,27,2,16,27,0,19,0,30,27,30,29,27,0,0,152,148,262,59,2,1,0.1,9
278,30,27,3,16,27,0,19,1,30,27,30,30,27,0,0,152,148,263,59,0,1,0.1,9
279,30,27,3,16,27,0,19,0,30,27,30,30,27,0,0,152,148,263,59,0,0,0.1,9
280,30,29,1,16,29,0,19,0,30,27,30,30,29,0,2,154,150,263,59,0,0,0.1,9
281,30,29,1,16,29,0,19,0,30,27,30,30,29,0,0,154,150,263,59,0,0,0.1,9
282,30,29,1,16,29,0,19,0,30,27,30,30,29,0,0,154,150,263,59,0,0,0.1,9
283,30,27,3,16,27,0,19,0,30,27,30,30,27,0,0,154,150,265,59,2,2,0.1,9
284,30,24,6,17,24,0,19,1,30,27,30,30,24,0,0,154,150,269,60,4,4,0.1,9
285,30,23,7,16,23,0,19,0,30,27,30,30,23,0,0,154,150,270,61,1,1,0.1,9
286,30,24,6,16,24,0,19,0,30,27,30,30,24,0,1,155,151,270,61,0,0,0.1,9
287,30,24,6,16,24,0,19,0,30,28,30,30,24,0,0,155,151,270,61,0,0,0.1,9
288,30,26,4,16,26,0,19,0,30,28,30,30,26,0,2,157,153,270,61,0,0,0.1,9
289,30,26,4,16,26,0,19,0,30,28,30,30,26,0,0,157,153,270,61,0,0,0.1,9
290,30,26,4,16,26,0,19,1,30,28,30,30,26,0,1,158,154,272,61,2,2,0.1,9
291,30,27,3,16,27,0,19,0,30,28,30,30,27,0,1,159,155,274,61,2,2,0.1,9
292,30,28,2,17,28,0,19,0,30,28,30,30,28,0,2,161,157,275,61,1,1,0.1,9
293,30,29,1,17,29,0,19,0,30,28,30,30,29,0,1,162,158,275,61,0,0,0.1,9
294,30,29,1,17,29,0,19,0,30,28,30,30,29,0,0,162,158,275,61,0,0,0.1,9
295,30,29,1,17,29,0,19,1,30,28,30,30,29,0,0,162,158,275,61,0,0,0.1,9
296,30,29,1,17,29,0,19,0,30,28,30,30,29,0,0,162,158,275,61,0,0,0.1,9
297,30,28,2,17,28,0,19,0,30,28,30,30,28,0,0,162,158,276,61,1,1,0.1,9
298,30,27,3,16,27,0,19,1,30,28,30,30,27,0,1,163,159,279,61,3,3,0.1,9
299,30,28,2,16,28,0,19,0,30,28,30,30,28,0,2,165,161,280,61,1,1,0.1,9
300,30,29,1,16,29,0,19,0,30,28,30,30,29,0,1,166,162,280,61,0,0,0.1,9
301,30,29,1,16,29,0,19,0,30,28,30,30,29,0,0,166,162,280,61,0,0,0.1,9
302,30,30,0,16,30,0,19,0,30,28,30,30,30,0,1,167,163,280,61,0,0,0.1,9
303,30,30,0,16,30,0,19,1,30,28,30,30,30,0,0,167,163,280,61,0,0,0.1,9
304,29,29,0,15,29,1,19,0,30,28,30,29,29,0,0,168,163,281,62,2,1,0.1,9
305,29,29,0,15,29,2,19,0,30,28,30,29,29,0,0,169,163,282,62,1,1,0.1,9
306,30,28,2,14,28,2,19,0,30,28,30,30,28,0,0,169,163,284,63,1,2,0.1,9
307,30,29,1,14,29,2,19,1,30,28,30,30,29,0,1,170,164,284,63,0,0,0.1,9
308,30,29,1,14,29,2,19,0,30,28,30,30,29,0,0,170,164,284,63,0,0,0.1,9
309,30,29,1,14,29,2,19,0,30,29,30,30,29,0,0,170,164,284,63,0,0,0.1,9
310,30,29,1,14,29,2,19,0,30,29,30,30,29,0,0,170,164,284,63,0,0,0.1,9
311,29,27,2,14,27,1,19,0,30,29,30,29,27,0,0,170,164,285,63,2,1,0.1,9
312,30,25,5,15,25,0,19,0,30,29,30,30,25,0,2,172,166,290,63,4,5,0.1,9
313,30,25,5,16,25,0,19,0,30,29,30,30,25,0,1,173,167,291,63,1,1,0.1,9
314,30,27,3,16,27,0,19,0,30,29,30,30,27,0,2,175,169,291,64,0,0,0.1,9
315,30,27,3,16,27,0,19,0,30,29,30,30,27,0,0,175,169,291,64,0,0,0.1,9
316,30,29,1,16,29,0,19,0,30,29,30,30,29,0,2,177,171,291,64,0,0,0.1,9
317,30,29,1,16,29,0,19,0,30,29,30,30,29,0,0,177,171,291,64,0,0,0.1,9
318,30,29,1,16,29,0,19,0,30,29,30,30,29,0,0,177,171,291,64,0,0,0.1,9
319,30,30,0,16,30,0,19,0,30,29,30,30,30,0,1,178,172,292,64,1,1,0.1,9
320,29,28,1,16,28,0,19,0,30,29,30,29,28,0,0,178,172,293,64,2,1,0.1,9
321,30,29,1,16,29,0,19,0,30,29,30,30,29,0,1,179,173,294,64,0,1,0.1,9
322,30,29,1,16,29,0,19,0,30,29,30,30,29,0,0,179,173,294,64,0,0,0.1,9
323,30,29,1,16,29,0,19,0,30,29,30,30,29,0,0,179,173,294,64,0,0,0.1,9
324,30,29,1,16,29,0,19,0,30,29,30,30,29,0,0,179,173,294,64,0,0,0.1,9
325,29,28,1,16,28,0,19,0,30,29,30,29,28,0,0,179,173,294,64,1,0,0.1,9
326,30,25,5,15,25,0,19,1,30,29,30,30,25,0,1,180,174,299,66,4,5,0.1,9
327,30,28,2,14,28,0,19,0,30,29,30,30,28,0,4,184,178,300,66,1,1,0.1,9
328,30,28,2,14,28,0,19,0,30,29,30,30,28,0,0,184,178,300,66,0,0,0.1,9
329,30,28,2,14,28,0,19,0,30,29,30,30,28,0,0,184,178,300,66,0,0,0.1,9
330,30,28,2,14,28,0,19,0,30,29,30,30,28,0,0,184,178,300,66,0,0,0.1,9
331,30,29,1,14,29,0,19,0,30,29,30,30,29,0,1,185,179,300,66,0,0,0.1,9
332,30,29,1,14,29,0,19,0,30,29,30,30,29,0,0,185,179,300,66,0,0,0.1,9
333,30,29,1,14,29,0,19,0,30,29,30,30,29,0,1,186,180,301,67,1,1,0.1,9
334,30,28,2,14,28,0,19,0,30,29,30,30,28,0,0,186,180,302,68,1,1,0.1,9
335,30,27,3,14,27,0,19,1,30,29,30,30,27,0,0,186,180,303,68,1,1,0.1,9
336,30,28,2,14,28,0,19,0,30,29,30,30,28,0,1,187,181,303,68,0,0,0.1,9
337,30,28,2,14,28,0,19,0,30,29,30,30,28,0,0,187,181,303,68,0,0,0.1,9
338,30,29,1,14,29,0,19,0,30,29,30,30,29,0,1,188,182,303,68,0,0,0.1,9
339,30,29,1,14,29,0,19,0,30,29,30,30,29,0,0,188,182,303,68,0,0,0.1,9
340,30,25,5,14,25,0,19,0,30,29,30,30,25,0,1,189,183,309,70,6,6,0.1,9
341,30,25,5,15,25,0,19,0,30,29,30,30,25,0,1,190,184,310,70,1,1,0.1,9
342,30,26,4,15,26,0,19,0,30,29,30,30,26,0,1,191,185,310,70,0,0,0.1,9
343,30,26,4,15,26,0,19,1,30,29,30,30,26,0,0,191,185,310,70,0,0,0.1,9
344,30,27,3,15,27,0,19,0,30,29,30,30,27,0,1,192,186,310,70,0,0,0.1,9
345,30,27,3,15,27,0,19,0,30,29,30,30,27,0,0,192,186,310,70,0,0,0.1,9
346,30,27,3,15,27,0,19,0,30,29,30,30,27,0,0,192,186,310,70,0,0,0.1,9
347,29,28,1,15,28,0,19,0,30,29,30,29,28,0,1,193,187,312,70,3,2,0.1,9
348,30,27,3,15,27,0,19,0,30,30,30,30,27,0,0,193,187,314,71,1,2,0.1,9
349,30,29,1,15,29,0,19,0,30,30,30,30,29,0,3,196,190,315,71,1,1,0.1,9
350,30,29,1,15,29,0,19,0,30,30,30,30,29,0,0,196,190,315,71,0,0,0.1,9
351,30,29,1,15,29,0,19,0,30,30,30,30,29,0,0,196,190,315,71,0,0,0.1,9
352,30,29,1,15,29,0,19,1,30,30,30,30,29,0,0,196,190,315,71,0,0,0.1,9
353,30,30,0,15,30,0,19,0,30,30,30,30,30,0,1,197,191,315,71,0,0,0.1,9
354,30,27,3,15,27,0,19,0,30,30,30,30,27,0,0,197,191,318,72,3,3,0.1,9
355,29,26,3,14,26,0,19,0,30,30,30,29,26,0,0,197,191,318,73,1,0,0.1,9
356,30,27,3,14,27,0,19,1,30,30,30,30,27,0,1,198,192,319,73,0,1,0.1,9
357,30,27,3,14,27,0,19,0,30,30,30,30,27,0,0,198,192,319,73,0,0,0.1,9
358,30,27,3,14,27,0,19,0,30,30,30,30,27,0,0,198,192,319,73,0,0,0.1,9
359,30,28,2,14,28,0,19,0,30,30,30,30,28,0,1,199,193,319,73,0,0,0.1,9
360,30,28,2,14,28,0,19,0,30,30,30,30,28,0,0,199,193,319,73,0,0,0.1,9
361,30,26,4,14,26,0,19,0,30,30,30,30,26,0,0,199,193,322,74,3,3,0.1,9
362,30,26,4,14,26,0,19,0,30,30,30,30,26,0,2,201,195,324,75,2,2,0.1,9
363,30,25,5,15,25,0,19,0,30,30,30,30,25,0,0,201,195,325,75,1,1,0.1,9
364,30,25,5,15,25,0,19,1,30,30,30,30,25,0,0,201,195,325,75,0,0,0.1,9
365,30,25,5,15,25,0,19,0,30,30,30,30,25,0,0,201,195,325,75,0,0,0.1,9
366,30,26,4,15,26,0,19,1,30,30,30,30,26,0,1,202,196,325,76,0,0,0.1,9
367,30,28,2,15,28,0,19,0,30,30,30,30,28,0,2,204,198,325,76,0,0,0.1,9
368,30,27,3,16,27,0,19,2,30,30,30,30,27,0,1,205,199,327,76,2,2,0.1,9
369,30,27,3,16,27,0,19,0,30,30,30,30,27,0,0,205,199,327,76,0,0,0.1,9
370,30,27,3,17,27,0,19,0,30,30,30,30,27,0,1,206,200,328,76,1,1,0.1,9
371,30,27,3,17,27,0,19,1,30,30,30,30,27,0,0,206,200,328,76,0,0,0.1,9
372,30,29,1,17,29,0,19,0,30,30,30,30,29,0,2,208,202,328,77,0,0,0.1,9
373,30,29,1,17,29,0,19,0,30,30,30,30,29,0,0,208,202,328,77,0,0,0.1,9
374,30,30,0,17,30,0,19,0,30,30,30,30,30,0,1,209,203,328,77,0,0,0.1,9
375,30,27,3,17,27,0,19,0,30,30,30,30,27,0,0,209,203,331,79,3,3,0.1,9
376,30,25,5,17,25,0,19,0,30,30,30,30,25,0,0,209,203,333,80,2,2,0.1,9
377,30,26,4,16,26,0,19,1,30,30,30,30,26,0,2,211,205,334,80,1,1,0.1,9
378,30,27,3,16,27,0,19,2,30,30,30,30,27,0,1,212,206,334,80,0,0,0.1,9
379,30,28,2,16,28,0,19,0,30,30,30,30,28,0,1,213,207,334,80,0,0,0.1,9
380,30,28,2,16,28,0,19,1,30,30,30,30,28,0,0,213,207,334,80,0,0,0.1,9
381,30,28,2,16,28,0,19,0,30,30,30,30,28,0,0,213,207,334,80,0,0,0.1,9
382,30,27,3,16,27,0,19,0,30,30,30,30,27,0,1,214,208,337,80,3,3,0.1,9
383,30,27,3,16,27,0,19,0,30,30,30,30,27,0,0,214,208,337,81,0,0,0.1,9
384,30,26,4,16,26,0,19,0,30,30,30,30,26,0,0,214,208,338,81,1,1,0.1,9
385,30,26,4,16,26,0,19,1,30,30,30,30,26,0,0,214,208,338,81,0,0,0.1,9
386,30,27,3,16,27,0,19,0,30,30,30,30,27,0,1,215,209,338,81,0,0,0.1,9
387,30,27,3,16,27,0,19,0,30,30,30,30,27,0,0,215,209,338,81,0,0,0.1,9
388,30,27,3,16,27,0,19,1,30,30,30,30,27,0,0,215,209,338,81,0,0,0.1,9
389,30,25,5,15,25,0,19,0,30,30,30,30,25,0,0,215,209,343,81,5,5,0.1,9
390,29,23,6,15,23,0,19,1,30,30,30,29,23,0,0,215,209,344,81,2,1,0.1,9
391,30,23,7,16,23,0,19,1,30,30,30,30,23,0,1,216,210,346,81,1,2,0.1,9
392,30,26,4,16,26,0,19,0,30,30,30,30,26,0,3,219,213,346,81,0,0,0.1,9
393,30,26,4,16,26,0,19,0,30,30,30,30,26,0,0,219,213,346,81,0,0,0.1,9
394,30,28,2,16,28,0,19,1,30,30,30,30,28,0,2,221,215,346,81,0,0,0.1,9
395,30,29,1,16,29,0,19,0,30,30,30,30,29,0,1,222,216,346,81,0,0,0.1,9
396,30,29,1,16,29,0,19,0,30,30,30,30,29,0,0,222,216,347,81,1,1,0.1,9
397,30,29,1,16,29,0,19,0,30,30,30,30,29,0,0,222,216,347,81,0,0,0.1,9
398,30,28,2,15,28,0,19,0,30,30,30,30,28,0,0,222,216,348,82,1,1,0.1,9
399,30,28,2,15,28,0,19,1,30,30,30,30,28,0,0,222,216,348,82,0,0,0.1,9
400,30,28,2,15,28,0,19,0,30,4,30,30,28,0,0,222,216,348,82,0,0,0.1,9
401,30,28,2,15,28,0,19,0,30,5,30,30,28,0,0,222,216,348,82,0,0,0.1,9
402,30,28,2,15,28,0,19,0,30,7,30,30,28,0,0,222,216,348,82,0,0,0.1,9
403,28,24,4,15,24,0,19,0,30,8,30,28,24,1,0,222,216,351,83,5,3,0.1,9
404,30,23,7,15,23,0,19,0,30,8,30,30,23,0,0,222,216,354,84,1,3,0.1,9
405,30,21,9,16,21,0,19,0,30,8,30,30,21,0,0,222,216,357,84,3,3,0.1,9
406,30,23,7,16,23,0,19,0,30,9,30,30,23,0,2,224,218,357,84,0,0,0.1,9
407,30,24,6,16,24,0,19,1,30,10,30,30,24,0,1,225,219,357,84,0,0,0.1,9
408,30,25,5,16,25,0,19,0,30,10,30,30,25,0,1,226,220,357,85,0,0,0.1,9
409,30,25,5,16,25,0,19,0,30,10,30,30,25,0,0,226,220,357,86,0,0,0.1,9
410,30,25,5,16,25,0,19,0,30,10,30,30,25,0,0,226,220,358,86,1,1,0.1,9
411,30,26,4,16,26,0,19,0,30,11,30,30,26,0,1,227,221,360,86,2,2,0.1,9
412,30,27,3,16,27,0,19,0,30,12,30,30,27,0,1,228,222,360,86,0,0,0.1,9
413,30,27,3,16,27,0,19,0,30,13,30,30,27,0,0,228,222,360,86,0,0,0.1,9
414,30,27,3,16,27,0,19,0,30,14,30,30,27,0,0,228,222,360,86,0,0,0.1,9
415,30,27,3,16,27,0,19,0,30,14,30,30,27,0,0,228,222,360,86,0,0,0.1,9
416,30,27,3,16,27,0,19,0,30,14,30,30,27,0,0,228,222,360,86,0,0,0.1,9
417,30,25,5,16,25,0,19,0,30,14,30,30,25,0,0,228,222,363,87,3,3,0.1,9
418,30,24,6,17,24,0,19,0,30,16,30,30,24,0,0,228,222,366,87,3,3,0.1,9
419,30,22,8,16,22,0,19,1,30,18,30,30,22,0,1,229,223,369,87,3,3,0.1,9
420,30,23,7,16,23,0,19,0,30,19,30,30,23,0,1,230,224,369,87,0,0,0.1,9
421,30,23,7,16,23,0,19,0,30,20,30,30,23,0,0,230,224,369,87,0,0,0.1,9
422,30,27,3,16,27,0,19,0,30,22,30,30,27,0,4,234,228,369,87,0,0,0.1,9
423,30,28,2,16,28,0,19,0,30,23,30,30,28,0,1,235,229,369,87,0,0,0.1,9
424,29,28,1,16,28,0,19,1,30,23,30,29,28,0,0,235,229,369,87,1,0,0.1,9
425,29,28,1,16,28,0,19,0,30,24,30,29,28,0,0,235,229,370,87,1,1,0.1,9
426,30,28,2,16,28,0,19,0,30,24,30,30,28,0,0,235,229,371,87,0,1,0.1,9
427,30,28,2,16,28,0,19,0,30,24,30,30,28,0,0,235,229,371,87,0,0,0.1,9
428,30,28,2,16,28,0,19,0,30,25,30,30,28,0,0,235,229,371,87,0,0,0.1,9
429,30,28,2,16,28,0,19,0,30,25,30,30,28,0,0,235,229,371,87,0,0,0.1,9
430,30,29,1,16,29,0,19,0,30,26,30,30,29,0,1,236,230,371,87,0,0,0.1,9
431,29,28,1,16,28,0,19,0,30,27,30,29,28,0,1,237,231,372,87,2,1,0.1,9
432,30,27,3,15,27,0,19,0,30,27,30,30,27,0,1,238,232,375,88,2,3,0.1,9
433,29,25,4,14,25,0,19,1,30,27,30,29,25,1,1,239,233,377,90,3,2,0.1,9
434,30,25,5,14,25,0,19,0,30,27,30,30,25,0,0,239,233,378,91,0,1,0.1,9
435,30,26,4,14,26,0,19,0,30,28,30,30,26,0,1,240,234,378,91,0,0,0.1,9
436,30,26,4,14,26,0,19,0,30,28,30,30,26,0,0,240,234,378,91,0,0,0.1,9
437,30,26,4,14,26,0,19,0,30,28,30,30,26,0,0,240,234,378,91,0,0,0.1,9
438,30,26,4,14,26,0,19,0,30,28,30,30,26,0,0,240,234,378,91,0,0,0.1,9
439,30,27,3,14,27,0,19,0,30,28,30,30,27,0,2,242,236,380,91,2,2,0.1,9
440,30,26,4,14,26,0,19,1,30,28,30,30,26,0,0,242,236,382,92,2,2,0.1,9
441,30,27,3,14,27,0,19,0,30,28,30,30,27,0,1,243,237,382,92,0,0,0.1,9
442,30,27,3,14,27,0,19,0,30,28,30,30,27,0,0,243,237,382,92,0,0,0.1,9
443,30,28,2,14,28,0,19,0,30,29,30,30,28,0,1,244,238,382,92,0,0,0.1,9
444,30,28,2,14,28,0,19,0,30,29,30,30,28,0,0,244,238,382,92,0,0,0.1,9
445,30,27,3,14,27,0,19,0,30,29,30,30,27,0,0,244,238,383,93,1,1,0.1,9
446,29,26,3,16,26,0,19,0,30,29,30,29,26,0,1,245,239,385,94,3,2,0.1,9
447,30,25,5,17,25,0,19,0,30,29,30,30,25,0,0,245,239,387,95,1,2,0.1,9
448,30,25,5,17,25,0,19,0,30,29,30,30,25,0,1,246,240,388,95,1,1,0.1,9
449,30,26,4,17,26,0,19,0,30,29,30,30,26,0,1,247,241,388,96,0,0,0.1,9
450,30,28,2,17,28,0,19,0,30,29,30,30,28,0,2,249,243,388,96,0,0,0.1,9
451,30,28,2,17,28,0,19,0,30,29,30,30,28,0,0,249,243,388,96,0,0,0.1,9
452,30,28,2,17,28,0,19,0,30,29,30,30,28,0,0,249,243,388,96,0,0,0.1,9
453,29,27,2,16,27,0,19,0,30,29,30,29,27,0,0,249,243,389,97,2,1,0.1,9
454,30,25,5,15,25,0,19,1,30,29,30,30,25,0,0,249,243,393,98,3,4,0.1,9
455,30,26,4,15,26,0,19,0,30,29,30,30,26,0,1,250,244,393,98,0,0,0.1,9
456,30,26,4,15,26,0,19,0,30,29,30,30,26,0,0,250,244,393,98,0,0,0.1,9
457,30,27,3,15,27,0,19,0,30,29,30,30,27,0,1,251,245,393,98,0,0,0.1,9
458,30,27,3,15,27,0,19,1,30,29,30,30,27,0,0,251,245,393,98,0,0,0.1,9
459,30,26,4,16,26,0,19,0,30,29,30,30,26,0,0,251,245,394,98,1,1,0.1,9
460,30,27,3,15,27,0,19,1,30,29,30,30,27,0,2,253,247,395,99,1,1,0.1,9
461,30,28,2,15,28,0,19,0,30,30,30,30,28,0,2,255,249,396,100,1,1,0.1,9
462,30,27,3,15,27,0,19,0,30,30,30,30,27,0,0,255,249,397,101,1,1,0.1,9
463,30,28,2,15,28,0,19,0,30,30,30,30,28,0,1,256,250,397,101,0,0,0.1,9
464,30,28,2,15,28,0,19,0,30,30,30,30,28,0,0,256,250,397,101,0,0,0.1,9
465,30,28,2,15,28,0,19,0,30,30,30,30,28,0,0,256,250,397,101,0,0,0.1,9
466,29,28,1,14,28,0,19,0,30,30,30,29,28,0,0,256,250,397,101,1,0,0.1,9
467,30,27,3,14,27,0,19,0,30,30,30,30,27,0,0,256,250,399,101,1,2,0.1,9
468,29,23,6,14,23,0,19,0,30,30,30,29,23,0,0,256,250,403,102,5,4,0.1,9
469,30,24,6,14,24,0,19,0,30,30,30,30,24,0,1,257,251,404,102,0,1,0.1,9
470,30,25,5,14,25,0,19,0,30,30,30,30,25,0,1,258,252,404,102,0,0,0.1,9
471,30,27,3,14,27,0,19,0,30,30,30,30,27,0,2,260,254,404,102,0,0,0.1,9
472,30,29,1,14,29,0,19,0,30,30,30,30,29,0,2,262,256,404,102,0,0,0.1,9
473,30,29,1,14,29,0,19,0,30,30,30,30,29,0,0,262,256,404,102,0,0,0.1,9
474,30,28,2,15,28,0,19,0,30,30,30,30,28,0,0,262,256,405,102,1,1,0.1,9
475,30,29,1,15,29,0,19,0,30,30,30,30,29,0,1,263,257,405,102,0,0,0.1,9
476,30,28,2,16,28,0,19,0,30,30,30,30,28,0,0,263,257,406,102,1,1,0.1,9
477,30,28,2,16,28,0,19,0,30,30,30,30,28,0,0,263,257,406,102,0,0,0.1,9
478,30,29,1,16,29,0,19,0,30,30,30,30,29,0,1,264,258,406,103,0,0,0.1,9
479,30,29,1,16,29,0,19,1,30,30,30,30,29,0,0,264,258,406,103,0,0,0.1,9
480,30,29,1,16,29,0,19,0,30,30,30,30,29,0,0,264,258,406,103,0,0,0.1,9
481,30,28,2,15,28,1,19,0,30,30,30,30,28,0,0,265,258,409,103,3,3,0.1,9
482,30,24,6,16,24,1,19,0,30,30,30,30,24,0,0,265,258,413,104,4,4,0.1,9
483,30,24,6,16,24,1,19,0,30,30,30,30,24,0,1,266,259,414,104,1,1,0.1,9
484,30,25,5,16,25,1,19,0,30,30,30,30,25,0,1,267,260,414,104,0,0,0.1,9
485,30,26,4,16,26,1,19,0,30,30,30,30,26,0,1,268,261,414,104,0,0,0.1,9
486,30,27,3,16,27,1,19,0,30,30,30,30,27,0,1,269,262,414,105,0,0,0.1,9
487,30,28,2,16,28,1,19,0,30,30,30,30,28,0,1,270,263,414,105,0,0,0.1,9
488,30,27,3,16,27,0,19,0,30,30,30,30,27,0,0,270,263,415,105,1,1,0.1,9
489,29,29,0,16,29,0,19,0,30,30,30,29,29,0,2,272,265,415,105,1,0,0.1,9
490,30,28,2,15,28,0,19,0,30,30,30,30,28,0,0,272,265,417,106,1,2,0.1,9
491,30,28,2,15,28,0,19,0,30,30,30,30,28,0,0,272,265,417,106,0,0,0.1,9
492,30,29,1,15,29,0,19,0,30,30,30,30,29,0,1,273,266,417,106,0,0,0.1,9
493,30,29,1,15,29,0,19,0,30,30,30,30,29,0,0,273,266,417,106,0,0,0.1,9
494,30,30,0,15,30,0,19,1,30,30,30,30,30,0,1,274,267,417,106,0,0,0.1,9
495,30,28,2,15,28,0,19,0,30,30,30,30,28,0,0,274,267,419,108,2,2,0.1,9
496,29,26,3,14,26,0,19,0,30,30,30,29,26,0,1,275,268,421,110,3,2,0.1,9
497,30,26,4,14,26,0,19,0,30,30,30,30,26,0,1,276,269,423,110,1,2,0.1,9
498,30,27,3,14,27,0,19,0,30,30,30,30,27,0,1,277,270,423,110,0,0,0.1,9
499,30,29,1,14,29,0,19,0,30,30,30,30,29,0,2,279,272,423,110,0,0,0.1,9
500,30,29,1,14,29,0,19,0,30,30,30,30,29,0,0,279,272,423,110,0,0,0.1,9
501,30,29,1,14,29,0,19,0,30,30,30,30,29,0,0,279,272,423,110,0,0,0.1,9
502,30,29,1,14,29,0,19,0,30,30,30,30,29,0,1,280,273,424,111,1,1,0.1,9
503,30,30,0,14,30,0,19,0,30,30,30,30,30,0,1,281,274,424,111,0,0,0.1,9
504,30,29,1,14,29,0,19,0,30,30,30,30,29,0,1,282,275,426,113,2,2,0.1,9
505,30,29,1,14,29,0,19,1,30,30,30,30,29,0,0,282,275,426,113,0,0,0.1,9
506,30,29,1,14,29,0,19,2,30,30,30,30,29,0,0,282,275,426,113,0,0,0.1,9
507,30,29,1,14,29,0,19,0,30,30,30,30,29,0,0,282,275,426,113,0,0,0.1,9
508,30,29,1,14,29,0,19,1,30,30,30,30,29,0,0,282,275,426,113,0,0,0.1,9
509,29,27,2,14,27,0,19,0,30,30,30,29,27,0,0,282,275,427,114,2,1,0.1,9
510,30,26,4,14,26,0,19,1,30,30,30,30,26,0,1,283,276,430,114,2,3,0.1,9
511,30,24,6,15,24,0,19,1,30,30,30,30,24,0,0,283,276,433,114,3,3,0.1,9
512,30,25,5,15,25,0,19,0,30,30,30,30,25,0,1,284,277,433,114,0,0,0.1,9
513,30,25,5,15,25,0,19,0,30,30,30,30,25,0,0,284,277,433,114,0,0,0.1,9
514,30,26,4,15,26,0,19,0,30,30,30,30,26,0,1,285,278,433,115,0,0,0.1,9
515,30,26,4,15,26,0,19,0,30,30,30,30,26,0,0,285,278,433,115,0,0,0.1,9
516,30,25,5,15,25,0,19,0,30,30,30,30,25,0,0,285,278,434,116,1,1,0.1,9
517,30,26,4,15,26,0,19,0,30,30,30,30,26,0,1,286,279,436,116,2,2,0.1,9
518,30,26,4,14,26,0,19,0,30,30,30,30,26,0,1,287,280,439,117,3,3,0.1,9
519,30,26,4,14,26,0,19,0,30,30,30,30,26,0,0,287,280,439,117,0,0,0.1,9
520,30,27,3,14,27,0,19,0,30,30,30,30,27,0,1,288,281,439,117,0,0,0.1,9
521,30,29,1,14,29,0,19,0,30,30,30,30,29,0,2,290,283,439,117,0,0,0.1,9
522,30,29,1,14,29,0,19,1,30,30,30,30,29,0,0,290,283,439,117,0,0,0.1,9
523,29,29,0,14,29,0,19,1,30,30,30,29,29,0,1,291,284,439,118,1,0,0.1,9
524,30,28,2,14,28,0,19,0,30,30,30,30,28,0,0,291,284,441,118,1,2,0.1,9
525,30,28,2,14,28,0,19,0,30,30,30,30,28,0,1,292,285,442,119,1,1,0.1,9
526,30,28,2,14,28,0,19,0,30,30,30,30,28,0,0,292,285,442,119,0,0,0.1,9
527,30,28,2,14,28,0,19,0,30,30,30,30,28,0,0,292,285,442,119,0,0,0.1,9
528,30,28,2,14,28,0,19,0,30,30,30,30,28,0,0,292,285,442,119,0,0,0.1,9
529,30,28,2,14,28,0,19,0,30,30,30,30,28,0,0,292,285,442,119,0,0,0.1,9
530,29,29,0,14,29,0,19,0,30,30,30,29,29,0,2,294,287,442,119,1,0,0.1,9
531,30,27,3,14,27,0,19,1,30,30,30,30,27,0,0,294,287,445,120,2,3,0.1,9
532,30,25,5,16,25,0,19,1,30,30,30,30,25,0,1,295,288,448,120,3,3,0.1,9
533,30,26,4,16,26,0,19,0,30,30,30,30,26,0,1,296,289,448,120,0,0,0.1,9
534,30,26,4,16,26,0,19,0,30,30,30,30,26,0,0,296,289,448,121,0,0,0.1,9
535,30,27,3,16,27,0,19,0,30,30,30,30,27,0,1,297,290,448,122,0,0,0.1,9
536,30,28,2,16,28,0,19,0,30,30,30,30,28,0,1,298,291,448,122,0,0,0.1,9
537,30,28,2,16,28,0,19,0,30,30,30,30,28,0,0,298,291,448,122,0,0,0.1,9
538,30,26,4,16,26,0,19,0,30,30,30,30,26,0,0,298,291,451,123,3,3,0.1,9
539,30,25,5,15,25,0,19,0,30,30,30,30,25,0,0,298,291,453,124,2,2,0.1,9
540,30,25,5,15,25,0,19,0,30,30,30,30,25,0,0,298,291,453,124,0,0,0.1,9
541,30,28,2,15,28,0,19,0,30,30,30,30,28,0,3,301,294,453,124,0,0,0.1,9
542,30,28,2,15,28,0,19,0,30,30,30,30,28,0,0,301,294,453,124,0,0,0.1,9
543,30,29,1,15,29,0,19,1,30,30,30,30,29,0,1,302,295,453,124,0,0,0.1,9
544,30,29,1,15,29,0,19,0,30,30,30,30,29,0,0,302,295,453,124,0,0,0.1,9
545,30,27,3,15,27,0,19,0,30,30,30,30,27,0,0,302,295,456,125,3,3,0.1,9
546,30,25,5,14,25,0,19,0,30,30,30,30,25,0,0,302,295,458,126,2,2,0.1,9
547,30,28,2,14,28,0,19,0,30,30,30,30,28,0,3,305,298,458,126,0,0,0.1,9
548,30,29,1,14,29,0,19,0,30,30,30,30,29,0,1,306,299,458,126,0,0,0.1,9
549,30,29,1,14,29,0,19,0,30,30,30,30,29,0,0,306,299,458,126,0,0,0.1,9
550,30,29,1,14,29,0,19,0,30,30,30,30,29,0,0,306,299,458,126,0,0,0.1,9
551,30,29,1,14,29,0,19,0,30,30,30,30,29,0,0,306,299,458,126,0,0,0.1,9
552,30,28,2,14,28,0,19,1,30,30,30,30,28,0,1,307,300,460,127,2,2,0.1,9
553,30,26,4,15,26,0,19,0,30,30,30,30,26,0,0,307,300,463,128,3,3,0.1,9
554,30,27,3,15,27,0,19,1,30,30,30,30,27,0,1,308,301,463,128,0,0,0.1,9
555,30,28,2,15,28,0,19,1,30,30,30,30,28,0,1,309,302,463,128,0,0,0.1,9
556,30,28,2,15,28,0,19,0,30,30,30,30,28,0,0,309,302,463,128,0,0,0.1,9
557,30,28,2,15,28,0,19,1,30,30,30,30,28,0,0,309,302,463,128,0,0,0.1,9
558,30,29,1,15,29,0,19,0,30,30,30,30,29,0,1,310,303,463,128,0,0,0.1,9
559,30,27,3,15,27,0,19,1,30,30,30,30,27,0,1,311,304,466,128,3,3,0.1,9
560,30,27,3,16,27,0,19,0,30,30,30,30,27,0,1,312,305,467,128,1,1,0.1,9
561,30,28,2,16,28,0,19,1,30,30,30,30,28,0,1,313,306,467,128,0,0,0.1,9
562,30,28,2,16,28,0,19,1,30,30,30,30,28,0,0,313,306,467,128,0,0,0.1,9
563,30,29,1,16,29,0,19,0,30,30,30,30,29,0,1,314,307,467,128,0,0,0.1,9
564,30,30,0,16,30,0,19,0,30,30,30,30,30,0,1,315,308,467,128,0,0,0.1,9
565,30,30,0,16,30,0,19,1,30,30,30,30,30,0,0,315,308,467,128,0,0,0.1,9
566,30,28,2,16,28,0,19,0,30,30,30,30,28,0,0,315,308,469,128,2,2,0.1,9
567,29,25,4,15,25,0,19,0,30,30,30,29,25,0,0,315,308,471,129,3,2,0.1,9
568,30,27,3,15,27,0,19,0,30,30,30,30,27,0,2,317,310,472,129,0,1,0.1,9
569,30,29,1,15,29,0,19,1,30,30,30,30,29,0,2,319,312,472,129,0,0,0.1,9
570,30,29,1,15,29,0,19,0,30,30,30,30,29,0,0,319,312,472,129,0,0,0.1,9
0,30,0,30,16,0,0,19,0,30,10,30,0,0,0,0,0,0,30,0,0,0,0.1,10
1,30,1,29,16,1,0,19,0,30,10,30,30,1,0,1,1,1,30,0,0,0,0.1,10
2,30,3,27,16,3,0,19,0,30,10,30,30,3,0,2,3,3,30,0,0,0,0.1,10
3,30,4,26,16,4,0,19,0,30,10,30,30,4,0,1,4,4,30,0,0,0,0.1,10
4,30,5,25,16,5,0,19,0,30,10,30,30,5,0,1,5,5,30,0,0,0,0.1,10
5,30,7,23,16,7,0,19,0,30,10,30,30,7,0,2,7,7,30,0,0,0,0.1,10
6,30,9,21,16,9,0,19,0,30,10,30,30,9,0,2,9,9,30,0,0,0,0.1,10
7,30,9,21,16,9,0,19,0,30,12,30,30,9,0,0,9,9,30,0,0,0,0.1,10
8,30,0,30,16,0,0,19,0,30,12,30,30,0,0,0,9,9,39,0,9,9,0.1,10
9,30,1,29,16,1,0,19,0,30,12,30,30,1,0,1,10,10,39,0,0,0,0.1,10
10,30,3,27,16,3,0,19,0,30,12,30,30,3,0,2,12,12,39,0,0,0,0.1,10
11,30,4,26,16,4,0,19,0,30,12,30,30,4,0,1,13,13,39,0,0,0,0.1,10
12,30,5,25,16,5,0,19,0,30,14,30,30,5,0,1,14,14,39,0,0,0,0.1,10
13,30,7,23,16,7,0,19,0,30,14,30,30,7,0,2,16,16,39,2,0,0,0.1,10
14,30,8,22,16,8,0,19,0,30,14,30,30,8,0,1,17,17,39,2,0,0,0.1,10
15,30,8,22,14,8,0,19,0,30,15,30,30,8,0,0,17,17,43,3,4,4,0.1,10
16,30,8,22,14,8,0,19,0,30,15,30,30,8,0,0,17,17,43,4,0,0,0.1,10
17,30,11,19,14,11,0,19,0,30,15,30,30,11,0,3,20,20,43,4,0,0,0.1,10
18,30,11,19,14,11,0,19,1,30,15,30,30,11,0,0,20,20,43,4,0,0,0.1,10
19,30,12,18,14,12,0,19,0,30,15,30,30,12,0,1,21,21,43,4,0,0,0.1,10
20,30,14,16,14,14,0,19,1,30,15,30,30,14,0,2,23,23,43,5,0,0,0.1,10
21,30,14,16,14,14,0,19,0,30,16,30,30,14,0,0,23,23,43,5,0,0,0.1,10
22,30,11,19,19,11,0,19,1,30,16,30,30,11,0,2,25,25,49,6,6,6,0.1,10
23,30,13,17,19,13,0,19,0,30,17,30,30,13,0,2,27,27,49,6,0,0,0.1,10
24,30,14,16,19,14,0,19,0,30,17,30,30,14,0,1,28,28,49,6,0,0,0.1,10
25,30,16,14,19,16,0,19,0,30,18,30,30,16,0,2,30,30,49,6,0,0,0.1,10
26,30,16,14,19,16,0,19,0,30,18,30,30,16,0,0,30,30,49,6,0,0,0.1,10
27,30,16,14,19,16,0,19,0,30,18,30,30,16,0,0,30,30,49,7,0,0,0.1,10
28,30,17,13,19,17,0,19,0,30,18,30,30,17,0,1,31,31,49,7,0,0,0.1,10
29,30,14,16,20,14,0,19,0,30,19,30,30,14,0,0,31,31,53,7,4,4,0.1,10
30,30,15,15,20,15,0,19,0,30,19,30,30,15,0,1,32,32,53,9,0,0,0.1,10
31,30,16,14,20,16,0,19,0,30,19,30,30,16,0,1,33,33,53,10,0,0,0.1,10
32,30,17,13,20,17,0,19,0,30,19,30,30,17,0,1,34,34,53,10,0,0,0.1,10
33,30,17,13,20,17,0,19,0,30,19,30,30,17,0,0,34,34,53,10,0,0,0.1,10
34,30,17,13,20,17,0,19,0,30,19,30,30,17,0,0,34,34,53,10,0,0,0.1,10
35,30,18,12,20,18,0,19,0,30,19,30,30,18,0,1,35,35,53,10,0,0,0.1,10
36,30,13,17,19,13,0,19,0,30,19,30,30,13,0,0,35,35,60,10,7,7,0.1,10
37,30,14,16,19,14,0,19,0,30,19,30,30,14,0,1,36,36,60,10,0,0,0.1,10
38,30,17,13,19,17,0,19,0,30,20,30,30,17,0,3,39,39,60,11,0,0,0.1,10
39,30,18,12,19,18,0,19,0,30,20,30,30,18,0,1,40,40,60,12,0,0,0.1,10
40,30,18,12,19,18,0,19,0,30,1,30,30,18,0,0,40,40,60,12,0,0,0.1,10
41,30,18,12,19,18,0,19,0,30,1,30,30,18,0,0,40,40,60,12,0,0,0.1,10
42,30,19,11,19,19,0,19,0,30,1,30,30,19,0,1,41,41,60,12,0,0,0.1,10
43,30,17,13,17,17,0,19,0,30,3,30,30,17,0,0,41,41,64,13,4,4,0.1,10
44,30,18,12,17,18,0,19,0,30,5,30,30,18,0,1,42,42,64,13,0,0,0.1,10
45,30,18,12,17,18,0,19,0,30,6,30,30,18,0,0,42,42,64,13,0,0,0.1,10
46,30,18,12,17,18,0,19,0,30,6,30,30,18,0,0,42,42,64,13,0,0,0.1,10
47,30,18,12,17,18,0,19,0,30,6,30,30,18,0,0,42,42,64,13,0,0,0.1,10
48,30,18,12,17,18,0,19,0,30,6,30,30,18,0,0,42,42,64,13,0,0,0.1,10
49,30,18,12,17,18,0,19,0,30,8,30,30,18,0,0,42,42,64,13,0,0,0.1,10
50,29,14,15,18,14,0,19,0,30,9,30,29,14,1,1,43,43,72,14,9,8,0.1,10
51,30,15,15,19,15,0,19,0,30,9,30,30,15,0,1,44,44,73,14,0,1,0.1,10
52,30,15,15,19,15,0,19,1,30,9,30,30,15,0,0,44,44,73,14,0,0,0.1,10
53,30,15,15,19,15,0,19,0,30,10,30,30,15,0,0,44,44,73,15,0,0,0.1,10
54,30,16,14,19,16,0,19,1,30,10,30,30,16,0,1,45,45,73,15,0,0,0.1,10
55,30,17,13,19,17,0,19,0,30,11,30,30,17,0,1,46,46,73,15,0,0,0.1,10
56,30,18,12,19,18,0,19,0,30,11,30,30,18,0,1,47,47,73,15,0,0,0.1,10
57,28,18,10,18,18,0,19,0,30,12,30,28,18,0,0,47,47,77,15,6,4,0.1,10
58,30,19,11,18,19,0,19,0,30,12,30,30,19,0,1,48,48,80,15,1,3,0.1,10
59,30,20,10,18,20,0,19,0,30,13,30,30,20,0,1,49,49,80,15,0,0,0.1,10
60,30,21,9,18,21,0,19,0,30,14,30,30,21,0,1,50,50,80,16,0,0,0.1,10
61,30,21,9,18,21,0,19,0,30,14,30,30,21,0,0,50,50,80,16,0,0,0.1,10
62,30,21,9,18,21,0,19,0,30,14,30,30,21,0,0,50,50,80,16,0,0,0.1,10
63,30,21,9,18,21,0,19,0,30,16,30,30,21,0,0,50,50,80,16,0,0,0.1,10
64,30,21,9,19,21,1,19,0,30,17,30,30,21,0,1,52,51,85,16,5,5,0.1,10
65,30,21,9,19,21,1,19,0,30,18,30,30,21,0,0,52,51,88,16,3,3,0.1,10
66,30,23,7,19,23,1,19,0,30,20,30,30,23,0,2,54,53,88,16,0,0,0.1,10
67,30,23,7,19,23,1,19,0,30,20,30,30,23,0,0,54,53,88,16,0,0,0.1,10
68,30,23,7,19,23,1,19,0,30,20,30,30,23,0,0,54,53,88,16,0,0,0.1,10
69,30,23,7,19,23,1,19,0,30,20,30,30,23,0,0,54,53,88,17,0,0,0.1,10
70,30,23,7,19,23,1,19,0,30,20,30,30,23,0,0,54,53,88,18,0,0,0.1,10
71,29,22,7,16,22,0,19,0,30,20,30,29,22,0,1,55,54,92,19,5,4,0.1,10
72,30,23,7,15,23,0,19,0,30,22,30,30,23,0,1,56,55,95,19,2,3,0.1,10
73,30,24,6,15,24,0,19,0,30,22,30,30,24,0,1,57,56,95,19,0,0,0.1,10
74,30,25,5,15,25,0,19,0,30,23,30,30,25,0,1,58,57,95,19,0,0,0.1,10
75,30,25,5,15,25,0,19,0,30,23,30,30,25,0,0,58,57,95,19,0,0,0.1,10
76,30,26,4,15,26,0,19,0,30,24,30,30,26,0,1,59,58,95,19,0,0,0.1,10
77,30,28,2,15,28,0,19,0,30,24,30,30,28,0,2,61,60,95,19,0,0,0.1,10
78,29,27,2,15,27,0,19,0,30,24,30,29,27,1,0,61,60,96,19,2,1,0.1,10
79,30,26,4,15,26,0,19,0,30,24,30,30,26,0,0,61,60,99,21,2,3,0.1,10
80,30,27,3,15,27,0,19,0,30,24,30,30,27,0,1,62,61,99,21,0,0,0.1,10
81,30,28,2,15,28,0,19,0,30,24,30,30,28,0,1,63,62,99,21,0,0,0.1,10
82,30,28,2,15,28,0,19,0,30,25,30,30,28,0,0,63,62,99,21,0,0,0.1,10
83,30,28,2,15,28,0,19,0,30,25,30,30,28,0,0,63,62,99,21,0,0,0.1,10
84,30,29,1,15,29,0,19,0,30,26,30,30,29,0,1,64,63,99,21,0,0,0.1,10
85,30,26,4,14,26,0,19,0,30,27,30,30,26,0,0,64,63,102,23,3,3,0.1,10
86,29,25,4,14,25,0,19,1,30,27,30,29,25,0,1,65,64,104,25,3,2,0.1,10
87,30,26,4,14,26,0,19,0,30,27,30,30,26,0,1,66,65,105,25,0,1,0.1,10
88,30,26,4,14,26,0,19,0,30,27,30,30,26,0,0,66,65,105,25,0,0,0.1,10
89,30,26,4,14,26,0,19,0,30,27,30,30,26,0,0,66,65,105,25,0,0,0.1,10
90,30,26,4,14,26,0,19,0,30,27,30,30,26,0,0,66,65,105,25,0,0,0.1,10
91,30,26,4,14,26,0,19,1,30,27,30,30,26,0,0,66,65,105,25,0,0,0.1,10
92,29,27,2,14,27,0,19,0,30,28,30,29,27,0,2,68,67,106,26,2,1,0.1,10
93,30,26,4,15,26,0,19,0,30,28,30,30,26,0,1,69,68,109,27,2,3,0.1,10
94,30,26,4,15,26,0,19,0,30,28,30,30,26,0,0,69,68,110,28,1,1,0.1,10
95,30,29,1,15,29,0,19,1,30,28,30,30,29,0,3,72,71,110,28,0,0,0.1,10
96,30,29,1,15,29,0,19,0,30,28,30,30,29,0,0,72,71,110,28,0,0,0.1,10
97,30,29,1,15,29,0,19,0,30,28,30,30,29,0,0,72,71,110,28,0,0,0.1,10
98,30,29,1,15,29,0,19,0,30,28,30,30,29,0,0,72,71,110,28,0,0,0.1,10
99,30,27,3,15,27,0,19,0,30,28,30,30,27,0,0,72,71,112,29,2,2,0.1,10
100,29,26,3,15,26,0,19,1,30,29,30,29,26,0,1,73,72,113,31,2,1,0.1,10
101,30,28,2,15,28,0,19,1,30,29,30,30,28,0,2,75,74,115,31,1,2,0.1,10
102,30,29,1,15,29,0,19,0,30,30,30,30,29,0,1,76,75,115,31,0,0,0.1,10
103,30,30,0,15,30,0,19,0,30,30,30,30,30,0,1,77,76,115,31,0,0,0.1,10
104,30,30,0,15,30,0,19,0,30,30,30,30,30,0,0,77,76,115,31,0,0,0.1,10
105,30,30,0,15,30,0,19,0,30,30,30,30,30,0,0,77,76,115,31,0,0,0.1,10
106,30,29,1,15,29,0,19,0,30,30,30,30,29,0,0,77,76,116,32,1,1,0.1,10
107,30,27,3,14,27,0,19,0,30,30,30,30,27,0,1,78,77,119,34,3,3,0.1,10
108,30,27,3,14,27,0,19,0,30,30,30,30,27,0,0,78,77,119,34,0,0,0.1,10
109,30,29,1,14,29,0,19,0,30,30,30,30,29,0,2,80,79,119,34,0,0,0.1,10
110,30,29,1,14,29,0,19,0,30,30,30,30,29,0,0,80,79,119,34,0,0,0.1,10
111,30,29,1,14,29,0,19,0,30,30,30,30,29,0,0,80,79,119,34,0,0,0.1,10
112,30,30,0,14,30,0,19,1,30,30,30,30,30,0,1,81,80,119,34,0,0,0.1,10
113,30,28,2,14,28,0,19,0,30,30,30,30,28,0,0,81,80,121,35,2,2,0.1,10
114,29,27,2,14,27,0,19,0,30,30,30,29,27,0,0,81,80,121,36,1,0,0.1,10
115,30,25,5,14,25,0,19,0,30,30,30,30,25,0,0,81,80,124,37,2,3,0.1,10
116,30,26,4,14,26,0,19,0,30,30,30,30,26,0,1,82,81,124,37,0,0,0.1,10
117,30,26,4,14,26,0,19,0,30,30,30,30,26,0,0,82,81,124,37,0,0,0.1,10
118,30,27,3,14,27,0,19,0,30,30,30,30,27,0,1,83,82,124,37,0,0,0.1,10
119,30,27,3,14,27,0,19,0,30,30,30,30,27,0,0,83,82,124,37,0,0,0.1,10
120,30,27,3,14,27,0,19,0,30,30,30,30,27,0,1,84,83,126,37,2,2,0.1,10
121,30,26,4,15,26,1,19,0,30,30,30,30,26,0,1,86,84,129,38,3,3,0.1,10
122,30,26,4,15,26,1,19,0,30,30,30,30,26,0,0,86,84,130,38,1,1,0.1,10
123,30,28,2,15,28,1,19,1,30,30,30,30,28,0,2,88,86,130,38,0,0,0.1,10
124,30,28,2,15,28,1,19,0,30,30,30,30,28,0,0,88,86,130,38,0,0,0.1,10
125,30,29,1,15,29,1,19,0,30,30,30,30,29,0,1,89,87,130,38,0,0,0.1,10
126,30,29,1,15,29,1,19,0,30,30,30,30,29,0,0,89,87,130,38,0,0,0.1,10
127,30,29,1,15,29,1,19,0,30,30,30,30,29,0,1,90,88,131,38,1,1,0.1,10
128,30,28,2,15,28,0,19,0,30,30,30,30,28,0,0,90,88,132,38,1,1,0.1,10
129,30,26,4,15,26,0,19,0,30,30,30,30,26,0,0,90,88,134,39,2,2,0.1,10
130,30,26,4,15,26,0,19,0,30,30,30,30,26,0,0,90,88,134,39,0,0,0.1,10
131,30,26,4,15,26,0,19,0,30,30,30,30,26,0,0,90,88,134,39,0,0,0.1,10
132,30,26,4,15,26,0,19,0,30,30,30,30,26,0,0,90,88,134,39,0,0,0.1,10
133,30,27,3,15,27,0,19,0,30,30,30,30,27,0,1,91,89,134,39,0,0,0.1,10
134,27,25,2,15,25,0,19,0,30,30,30,27,25,0,0,91,89,134,40,3,0,0.1,10
135,30,25,5,15,25,0,19,0,30,30,30,30,25,0,2,93,91,139,40,2,5,0.1,10
136,30,25,5,16,25,0,19,0,30,30,30,30,25,0,1,94,92,142,41,3,3,0.1,10
137,30,26,4,16,26,0,19,0,30,30,30,30,26,0,1,95,93,142,41,0,0,0.1,10
138,30,26,4,16,26,0,19,0,30,30,30,30,26,0,0,95,93,142,41,0,0,0.1,10
139,30,26,4,16,26,0,19,0,30,30,30,30,26,0,0,95,93,142,41,0,0,0.1,10
140,30,26,4,16,26,0,19,0,30,30,30,30,26,0,0,95,93,142,41,0,0,0.1,10
141,30,26,4,16,26,0,19,0,30,30,30,30,26,0,0,95,93,142,41,0,0,0.1,10
142,30,25,5,16,25,0,19,0,30,30,30,30,25,0,0,95,93,144,41,2,2,0.1,10
143,30,25,5,15,25,0,19,0,30,30,30,30,25,0,0,95,93,147,41,3,3,0.1,10
144,30,25,5,15,25,0,19,0,30,30,30,30,25,0,0,95,93,147,41,0,0,0.1,10
145,30,27,3,15,27,0,19,0,30,30,30,30,27,0,2,97,95,147,41,0,0,0.1,10
146,30,28,2,15,28,0,19,0,30,30,30,30,28,0,1,98,96,147,41,0,0,0.1,10
147,30,28,2,15,28,0,19,0,30,30,30,30,28,0,0,98,96,147,41,0,0,0.1,10
148,30,29,1,15,29,0,19,0,30,30,30,30,29,0,1,99,97,147,41,0,0,0.1,10
149,29,25,4,15,25,0,19,0,30,30,30,29,25,1,0,99,97,150,42,4,3,0.1,10
150,30,26,4,16,26,0,19,1,30,30,30,30,26,0,1,100,98,152,42,1,2,0.1,10
151,30,27,3,16,27,0,19,0,30,30,30,30,27,0,1,101,99,152,42,0,0,0.1,10
152,30,27,3,16,27,0,19,0,30,30,30,30,27,0,0,101,99,152,42,0,0,0.1,10
153,30,28,2,16,28,0,19,0,30,30,30,30,28,0,1,102,100,152,42,0,0,0.1,10
154,30,28,2,16,28,0,19,0,30,30,30,30,28,0,0,102,100,152,42,0,0,0.1,10
155,30,28,2,16,28,0,19,0,30,30,30,30,28,0,0,102,100,152,43,0,0,0.1,10
156,30,27,3,16,27,0,19,0,30,30,30,30,27,0,1,103,101,155,44,3,3,0.1,10
157,29,26,3,16,26,0,19,0,30,30,30,29,26,0,1,104,102,157,44,3,2,0.1,10
158,30,27,3,16,27,0,19,0,30,30,30,30,27,0,1,105,103,158,45,0,1,0.1,10
159,30,28,2,16,28,0,19,0,30,30,30,30,28,0,1,106,104,158,45,0,0,0.1,10
160,30,29,1,16,29,0,19,2,30,30,30,30,29,0,1,107,105,158,45,0,0,0.1,10
161,30,29,1,16,29,0,19,0,30,30,30,30,29,0,0,107,105,158,45,0,0,0.1,10
162,30,29,1,16,29,0,19,0,30,30,30,30,29,0,0,107,105,158,45,0,0,0.1,10
163,29,28,1,15,28,0,19,1,30,30,30,29,28,0,1,108,106,160,47,3,2,0.1,10
164,30,27,3,15,27,0,19,0,30,30,30,30,27,0,0,108,106,162,48,1,2,0.1,10
165,30,27,3,15,27,0,19,0,30,30,30,30,27,0,0,108,106,162,48,0,0,0.1,10
166,30,28,2,15,28,0,19,0,30,30,30,30,28,0,1,109,107,162,48,0,0,0.1,10
167,30,28,2,15,28,0,19,0,30,30,30,30,28,0,0,109,107,162,48,0,0,0.1,10
168,30,29,1,15,29,0,19,1,30,30,30,30,29,0,1,110,108,162,48,0,0,0.1,10
169,30,29,1,15,29,0,19,0,30,30,30,30,29,0,0,110,108,162,48,0,0,0.1,10
170,30,27,3,15,27,0,19,1,30,30,30,30,27,0,0,110,108,164,50,2,2,0.1,10
171,30,26,4,15,26,0,19,0,30,30,30,30,26,0,1,111,109,167,51,3,3,0.1,10
172,30,26,4,16,26,0,19,0,30,30,30,30,26,0,1,112,110,168,51,1,1,0.1,10
173,30,27,3,16,27,0,19,0,30,30,30,30,27,0,1,113,111,168,52,0,0,0.1,10
174,30,28,2,16,28,0,19,0,30,30,30,30,28,0,1,114,112,168,52,0,0,0.1,10
175,30,29,1,16,29,0,19,0,30,30,30,30,29,0,1,115,113,168,52,0,0,0.1,10
176,30,29,1,16,29,0,19,0,30,30,30,30,29,0,0,115,113,168,52,0,0,0.1,10
177,30,27,3,16,27,0,19,0,30,30,30,30,27,0,0,115,113,170,54,2,2,0.1,10
178,30,28,2,16,28,0,19,0,30,30,30,30,28,0,2,117,115,171,54,1,1,0.1,10
179,30,29,1,15,29,0,19,0,30,30,30,30,29,0,1,118,116,172,54,1,1,0.1,10
180,30,29,1,15,29,0,19,0,30,30,30,30,29,0,0,118,116,172,54,0,0,0.1,10
181,30,29,1,15,29,0,19,0,30,30,30,30,29,0,0,118,116,172,54,0,0,0.1,10
182,30,29,1,15,29,0,19,1,30,30,30,30,29,0,0,118,116,172,54,0,0,0.1,10
183,30,29,1,15,29,0,19,0,30,30,30,30,29,0,0,118,116,172,54,0,0,0.1,10
184,30,27,3,15,27,0,19,0,30,30,30,30,27,0,0,118,116,174,55,2,2,0.1,10
185,30,25,5,14,25,0,19,0,30,30,30,30,25,0,1,119,117,178,57,4,4,0.1,10
186,30,26,4,14,26,0,19,0,30,30,30,30,26,0,1,120,118,178,57,0,0,0.1,10
187,30,26,4,14,26,0,19,0,30,30,30,30,26,0,0,120,118,178,57,0,0,0.1,10
188,30,26,4,14,26,0,19,0,30,30,30,30,26,0,0,120,118,178,57,0,0,0.1,10
189,30,27,3,14,27,0,19,0,30,30,30,30,27,0,1,121,119,178,57,0,0,0.1,10
190,30,27,3,14,27,0,19,0,30,30,30,30,27,0,0,121,119,178,57,0,0,0.1,10
191,30,27,3,15,27,0,19,0,30,30,30,30,27,0,2,123,121,180,58,2,2,0.1,10
192,30,27,3,15,27,0,19,0,30,30,30,30,27,0,0,123,121,181,58,1,1,0.1,10
193,30,26,4,15,26,0,19,0,30,30,30,30,26,0,0,123,121,182,60,1,1,0.1,10
194,30,27,3,15,27,0,19,0,30,30,30,30,27,0,1,124,122,182,60,0,0,0.1,10
195,30,28,2,15,28,0,19,0,30,30,30,30,28,0,1,125,123,182,60,0,0,0.1,10
196,30,28,2,15,28,0,19,2,30,30,30,30,28,0,0,125,123,182,60,0,0,0.1,10
197,30,28,2,15,28,0,19,0,30,30,30,30,28,0,0,125,123,182,60,0,0,0.1,10
198,29,27,2,15,27,0,19,0,30,30,30,29,27,0,1,126,124,183,61,2,1,0.1,10
199,30,25,5,16,25,0,19,0,30,30,30,30,25,0,1,127,125,188,62,4,5,0.1,10
200,30,26,4,16,26,0,19,0,30,30,30,30,26,0,1,128,126,188,62,0,0,0.1,10
201,30,27,3,16,27,0,19,0,30,30,30,30,27,0,1,129,127,188,62,0,0,0.1,10
202,30,27,3,16,27,0,19,0,30,30,30,30,27,0,0,129,127,188,63,0,0,0.1,10
203,30,27,3,16,27,0,19,1,30,30,30,30,27,0,0,129,127,188,63,0,0,0.1,10
204,30,27,3,16,27,0,19,1,30,30,30,30,27,0,0,129,127,188,63,0,0,0.1,10
205,30,25,5,16,25,0,19,0,30,30,30,30,25,0,0,129,127,191,63,3,3,0.1,10
206,30,27,3,15,27,0,19,1,30,30,30,30,27,0,2,131,129,193,63,2,2,0.1,10
207,30,26,4,15,26,0,19,0,30,30,30,30,26,0,0,131,129,194,63,1,1,0.1,10
208,30,27,3,15,27,0,19,1,30,30,30,30,27,0,1,132,130,194,63,0,0,0.1,10
209,30,28,2,15,28,0,19,0,30,30,30,30,28,0,1,133,131,194,63,0,0,0.1,10
210,30,28,2,15,28,0,19,0,30,30,30,30,28,0,0,133,131,194,63,0,0,0.1,10
211,30,28,2,15,28,0,19,0,30,30,30,30,28,0,0,133,131,194,63,0,0,0.1,10
212,29,29,0,15,29,0,19,0,30,30,30,29,29,0,1,134,132,194,63,1,0,0.1,10
213,30,26,4,15,26,0,19,0,30,30,30,30,26,0,0,134,132,198,65,3,4,0.1,10
214,30,27,3,15,27,0,19,0,30,30,30,30,27,0,1,135,133,198,65,0,0,0.1,10
215,30,27,3,15,27,0,19,0,30,30,30,30,27,0,0,135,133,198,65,0,0,0.1,10
216,30,28,2,15,28,0,19,0,30,30,30,30,28,0,1,136,134,198,65,0,0,0.1,10
217,30,29,1,15,29,0,19,0,30,30,30,30,29,0,1,137,135,198,65,0,0,0.1,10
218,30,29,1,15,29,0,19,0,30,30,30,30,29,0,0,137,135,198,65,0,0,0.1,10
219,29,28,1,14,28,0,19,0,30,30,30,29,28,0,1,138,136,199,66,2,1,0.1,10
220,29,26,3,14,26,0,19,0,30,2,30,29,26,0,0,138,136,201,67,2,2,0.1,10
221,29,25,4,14,25,0,19,0,30,2,30,29,25,0,0,138,136,202,68,1,1,0.1,10
222,30,25,5,14,25,0,19,0,30,3,30,30,25,0,0,138,136,203,68,0,1,0.1,10
223,30,25,5,14,25,0,19,0,30,4,30,30,25,0,0,138,136,203,68,0,0,0.1,10
224,30,26,4,14,26,0,19,0,30,5,30,30,26,0,1,139,137,203,68,0,0,0.1,10
225,30,26,4,14,26,0,19,0,30,5,30,30,26,0,0,139,137,203,68,0,0,0.1,10
226,30,26,4,14,26,0,19,0,30,6,30,30,26,0,0,139,137,204,68,1,1,0.1,10
227,30,22,8,16,22,0,19,0,30,6,30,30,22,0,0,139,137,209,70,5,5,0.1,10
228,30,23,7,16,23,0,19,0,30,8,30,30,23,0,1,140,138,210,70,1,1,0.1,10
229,30,23,7,16,23,0,19,0,30,9,30,30,23,0,0,140,138,211,70,1,1,0.1,10
230,30,23,7,16,23,0,19,0,30,10,30,30,23,0,0,140,138,211,70,0,0,0.1,10
231,30,24,6,16,24,0,19,0,30,10,30,30,24,0,1,141,139,211,71,0,0,0.1,10
232,30,24,6,16,24,0,19,0,30,10,30,30,24,0,0,141,139,211,71,0,0,0.1,10
233,30,25,5,16,25,0,19,0,30,11,30,30,25,0,1,142,140,212,72,1,1,0.1,10
234,29,24,5,15,24,0,19,0,30,13,30,29,24,0,0,142,140,215,73,4,3,0.1,10
235,30,24,6,15,24,0,19,0,30,13,30,30,24,0,0,142,140,217,73,1,2,0.1,10
236,30,26,4,15,26,0,19,0,30,13,30,30,26,0,2,144,142,217,73,0,0,0.1,10
237,30,26,4,15,26,0,19,0,30,13,30,30,26,0,0,144,142,217,73,0,0,0.1,10
238,30,26,4,15,26,0,19,0,30,13,30,30,26,0,0,144,142,217,73,0,0,0.1,10
239,30,27,3,15,27,0,19,0,30,13,30,30,27,0,1,145,143,217,73,0,0,0.1,10
240,30,28,2,15,28,0,19,0,30,15,30,30,28,0,1,146,144,218,73,1,1,0.1,10
241,29,28,1,14,28,2,19,0,30,15,30,29,28,0,0,148,144,220,74,3,2,0.1,10
242,30,28,2,14,28,2,19,0,30,15,30,30,28,0,0,148,144,221,74,0,1,0.1,10
243,30,28,2,15,28,2,19,0,30,15,30,30,28,0,1,149,145,222,74,1,1,0.1,10
244,30,28,2,15,28,2,19,0,30,17,30,30,28,0,0,149,145,222,75,0,0,0.1,10
245,30,28,2,15,28,2,19,0,30,17,30,30,28,0,0,149,145,222,75,0,0,0.1,10
246,30,28,2,15,28,2,19,0,30,17,30,30,28,0,0,149,145,222,75,0,0,0.1,10
247,30,29,1,15,29,2,19,0,30,20,30,30,29,0,1,150,146,222,75,0,0,0.1,10
248,30,25,5,15,25,0,19,2,30,21,30,30,25,0,0,150,146,226,75,4,4,0.1,10
249,30,24,6,15,24,0,19,0,30,21,30,30,24,0,1,151,147,228,76,2,2,0.1,10
250,30,24,6,14,24,0,19,0,30,21,30,30,24,0,0,151,147,229,76,1,1,0.1,10
251,30,26,4,14,26,0,19,0,30,21,30,30,26,0,2,153,149,229,76,0,0,0.1,10
252,30,26,4,14,26,0,19,0,30,22,30,30,26,0,0,153,149,229,76,0,0,0.1,10
253,30,26,4,14,26,0,19,0,30,22,30,30,26,0,0,153,149,229,76,0,0,0.1,10
254,29,25,4,14,25,0,19,1,30,22,30,29,25,1,0,153,149,229,76,1,0,0.1,10
255,30,26,4,15,26,0,19,0,30,22,30,30,26,0,1,154,150,231,77,1,2,0.1,10
256,30,25,5,16,25,0,19,0,30,22,30,30,25,0,0,154,150,233,77,2,2,0.1,10
257,30,25,5,16,25,0,19,0,30,22,30,30,25,0,0,154,150,234,77,1,1,0.1,10
258,30,27,3,16,27,0,19,0,30,22,30,30,27,0,2,156,152,234,78,0,0,0.1,10
259,30,29,1,16,29,0,19,0,30,22,30,30,29,0,2,158,154,234,78,0,0,0.1,10
260,30,29,1,16,29,0,19,0,30,22,30,30,29,0,0,158,154,234,78,0,0,0.1,10
261,30,29,1,16,29,0,19,0,30,22,30,30,29,0,0,158,154,234,78,0,0,0.1,10
262,28,26,2,16,26,0,19,0,30,25,30,28,26,1,0,158,154,235,80,3,1,0.1,10
263,30,26,4,18,26,0,19,0,30,25,30,30,26,0,1,159,155,239,81,2,4,0.1,10
264,30,26,4,18,26,0,19,0,30,25,30,30,26,0,0,159,155,239,81,0,0,0.1,10
265,30,26,4,18,26,0,19,0,30,26,30,30,26,0,0,159,155,239,82,0,0,0.1,10
266,30,26,4,18,26,0,19,0,30,26,30,30,26,0,0,159,155,239,82,0,0,0.1,10
267,30,28,2,18,28,0,19,1,30,26,30,30,28,0,2,161,157,239,82,0,0,0.1,10
268,30,28,2,18,28,0,19,0,30,26,30,30,28,0,0,161,157,239,82,0,0,0.1,10
269,30,28,2,17,28,0,19,0,30,26,30,30,28,0,2,163,159,241,83,2,2,0.1,10
270,30,27,3,16,27,0,19,0,30,27,30,30,27,0,0,163,159,242,83,1,1,0.1,10
271,30,27,3,17,27,0,19,0,30,27,30,30,27,0,1,164,160,243,83,1,1,0.1,10
272,30,27,3,17,27,0,19,0,30,27,30,30,27,0,0,164,160,243,83,0,0,0.1,10
273,30,27,3,17,27,0,19,0,30,27,30,30,27,0,0,164,160,243,84,0,0,0.1,10
274,30,27,3,17,27,0,19,0,30,27,30,30,27,0,0,164,160,243,84,0,0,0.1,10
275,30,28,2,17,28,0,19,0,30,27,30,30,28,0,1,165,161,243,84,0,0,0.1,10
276,30,28,2,17,28,0,19,0,30,27,30,30,28,0,1,166,162,245,85,2,2,0.1,10
277,30,24,6,16,24,0,19,0,30,27,30,30,24,0,0,166,162,249,86,4,4,0.1,10
278,30,25,5,16,25,0,19,0,30,27,30,30,25,0,1,167,163,249,86,0,0,0.1,10
279,30,26,4,16,26,0,19,0,30,27,30,30,26,0,1,168,164,249,86,0,0,0.1,10
280,30,26,4,16,26,0,19,0,30,27,30,30,26,0,0,168,164,249,87,0,0,0.1,10
281,30,27,3,16,27,0,19,0,30,27,30,30,27,0,1,169,165,249,87,0,0,0.1,10
282,30,28,2,16,28,0,19,0,30,27,30,30,28,0,1,170,166,249,87,0,0,0.1,10
283,30,28,2,16,28,0,19,0,30,27,30,30,28,0,1,171,167,250,87,1,1,0.1,10
284,30,28,2,16,28,0,19,0,30,27,30,30,28,0,1,172,168,252,88,2,2,0.1,10
285,30,28,2,15,28,0,19,0,30,27,30,30,28,0,1,173,169,253,88,1,1,0.1,10
286,30,29,1,15,29,0,19,0,30,27,30,30,29,0,1,174,170,253,88,0,0,0.1,10
287,30,29,1,15,29,0,19,1,30,27,30,30,29,0,0,174,170,253,88,0,0,0.1,10
288,30,29,1,15,29,0,19,0,30,27,30,30,29,0,0,174,170,253,88,0,0,0.1,10
289,30,29,1,15,29,0,19,0,30,27,30,30,29,0,0,174,170,253,88,0,0,0.1,10
290,30,28,2,15,28,0,19,1,30,27,30,30,28,0,1,175,171,255,89,2,2,0.1,10
291,30,26,4,14,26,0,19,0,30,27,30,30,26,0,1,176,172,258,90,3,3,0.1,10
292,30,27,3,14,27,0,19,0,30,27,30,30,27,0,1,177,173,258,90,0,0,0.1,10
293,30,28,2,14,28,0,19,1,30,27,30,30,28,0,1,178,174,258,90,0,0,0.1,10
294,30,28,2,14,28,0,19,0,30,27,30,30,28,0,0,178,174,258,90,0,0,0.1,10
295,30,28,2,14,28,0,19,1,30,27,30,30,28,0,0,178,174,258,90,0,0,0.1,10
296,30,28,2,14,28,0,19,1,30,27,30,30,28,0,0,178,174,258,90,0,0,0.1,10
297,30,28,2,14,27,0,19,0,30,27,30,30,27,0,1,179,175,259,91,1,1,0.1,10
298,29,26,3,14,26,0,19,0,30,28,30,29,26,0,0,179,175,262,92,4,3,0.1,10
299,30,25,5,14,25,0,19,0,30,28,30,30,25,0,0,179,175,264,93,1,2,0.1,10
300,30,26,4,14,26,0,19,0,30,28,30,30,26,0,1,180,176,264,93,0,0,0.1,10
301,30,26,4,14,26,0,19,0,30,28,30,30,26,0,0,180,176,264,93,0,0,0.1,10
302,30,27,3,14,27,0,19,0,30,28,30,30,27,0,1,181,177,264,93,0,0,0.1,10
303,30,29,1,14,29,0,19,0,30,28,30,30,29,0,2,183,179,264,93,0,0,0.1,10
304,30,29,1,14,29,2,19,0,30,28,30,30,29,0,0,185,179,266,95,2,2,0.1,10
305,30,28,2,14,28,2,19,1,30,28,30,30,28,0,0,185,179,268,95,2,2,0.1,10
306,30,28,2,14,28,2,19,1,30,28,30,30,28,0,0,185,179,268,95,0,0,0.1,10
307,30,28,2,14,28,2,19,0,30,28,30,30,28,0,0,185,179,268,95,0,0,0.1,10
308,30,29,1,14,29,2,19,0,30,28,30,30,29,0,1,186,180,268,95,0,0,0.1,10
309,30,29,1,14,29,2,19,0,30,28,30,30,29,0,0,186,180,268,95,0,0,0.1,10
310,30,29,1,14,29,2,19,1,30,28,30,30,29,0,0,186,180,268,95,0,0,0.1,10
311,29,27,2,14,27,0,19,0,30,28,30,29,27,0,1,187,181,270,96,3,2,0.1,10
312,30,26,4,15,26,0,19,0,30,29,30,30,26,0,1,188,182,273,96,2,3,0.1,10
313,30,24,6,15,24,0,19,0,30,29,30,30,24,0,0,188,182,275,96,2,2,0.1,10
314,30,26,4,15,26,0,19,0,30,29,30,30,26,0,2,190,184,275,96,0,0,0.1,10
315,30,27,3,15,27,0,19,0,30,29,30,30,27,0,1,191,185,275,96,0,0,0.1,10
316,30,29,1,15,29,0,19,1,30,29,30,30,29,0,2,193,187,275,96,0,0,0.1,10
317,30,30,0,15,30,0,19,0,30,29,30,30,30,0,1,194,188,275,96,0,0,0.1,10
318,30,30,0,15,30,0,19,0,30,29,30,30,30,0,0,194,188,275,96,0,0,0.1,10
319,30,28,2,15,28,0,19,0,30,29,30,30,28,0,0,194,188,277,97,2,2,0.1,10
320,30,28,2,15,28,0,19,0,30,29,30,30,28,0,0,194,188,277,97,0,0,0.1,10
321,30,29,1,15,29,0,19,0,30,29,30,30,29,0,1,195,189,277,97,0,0,0.1,10
322,30,29,1,15,29,0,19,0,30,29,30,30,29,0,0,195,189,277,97,0,0,0.1,10
323,30,29,1,15,29,0,19,0,30,29,30,30,29,0,0,195,189,277,97,0,0,0.1,10
324,30,30,0,15,30,0,19,0,30,29,30,30,30,0,1,196,190,277,97,0,0,0.1,10
325,29,28,1,15,28,0,19,0,30,29,30,29,28,0,0,196,190,278,98,2,1,0.1,10
326,30,26,4,14,26,0,19,0,30,29,30,30,26,0,1,197,191,282,99,3,4,0.1,10
327,29,24,5,14,24,0,19,0,30,29,30,29,24,0,0,197,191,283,100,2,1,0.1,10
328,30,25,5,14,25,0,19,0,30,29,30,30,25,0,1,198,192,284,100,0,1,0.1,10
329,30,25,5,14,25,0,19,0,30,29,30,30,25,0,0,198,192,284,100,0,0,0.1,10
330,30,26,4,14,26,0,19,0,30,29,30,30,26,0,1,199,193,284,100,0,0,0.1,10
331,30,27,3,14,27,0,19,0,30,29,30,30,27,0,1,200,194,284,100,0,0,0.1,10
332,30,27,3,14,27,0,19,0,30,29,30,30,27,0,0,200,194,284,100,0,0,0.1,10
333,30,25,5,16,25,0,19,0,30,29,30,30,25,0,0,200,194,288,100,4,4,0.1,10
334,30,25,5,16,25,0,19,0,30,29,30,30,25,0,0,200,194,288,100,0,0,0.1,10
335,30,25,5,16,25,0,19,0,30,29,30,30,25,0,0,200,194,289,102,1,1,0.1,10
336,30,28,2,16,28,0,19,1,30,30,30,30,28,0,3,203,197,289,102,0,0,0.1,10
337,30,28,2,16,28,0,19,0,30,30,30,30,28,0,0,203,197,289,102,0,0,0.1,10
338,30,28,2,16,28,0,19,1,30,30,30,30,28,0,0,203,197,289,102,0,0,0.1,10
339,30,28,2,16,28,0,19,0,30,30,30,30,28,0,1,204,198,290,102,1,1,0.1,10
340,30,26,4,16,26,0,19,0,30,30,30,30,26,0,0,204,198,293,103,3,3,0.1,10
341,30,25,5,17,25,0,19,0,30,30,30,30,25,0,0,204,198,294,103,1,1,0.1,10
342,30,27,3,17,27,0,19,0,30,30,30,30,27,0,2,206,200,294,103,0,0,0.1,10
343,30,28,2,17,28,0,19,0,30,30,30,30,28,0,1,207,201,294,104,0,0,0.1,10
344,30,28,2,17,28,0,19,0,30,30,30,30,28,0,0,207,201,294,104,0,0,0.1,10
345,30,29,1,17,29,0,19,0,30,30,30,30,29,0,1,208,202,294,104,0,0,0.1,10
346,30,29,1,17,29,0,19,0,30,30,30,30,29,0,0,208,202,294,104,0,0,0.1,10
347,30,26,4,16,26,0,19,0,30,30,30,30,26,0,0,208,202,298,105,4,4,0.1,10
348,30,29,1,16,29,0,19,0,30,30,30,30,29,0,3,211,205,298,105,0,0,0.1,10
349,30,28,2,16,28,0,19,0,30,30,30,30,28,0,0,211,205,299,106,1,1,0.1,10
350,30,28,2,16,28,0,19,0,30,30,30,30,28,0,0,211,205,299,106,0,0,0.1,10
351,30,28,2,16,28,0,19,0,30,30,30,30,28,0,0,211,205,299,106,0,0,0.1,10
352,30,29,1,16,29,0,19,0,30,30,30,30,29,0,1,212,206,299,106,0,0,0.1,10
353,30,28,2,16,28,0,19,0,30,30,30,30,28,0,0,212,206,300,107,1,1,0.1,10
354,30,26,4,15,26,0,19,0,30,30,30,30,26,0,0,212,206,302,109,2,2,0.1,10
355,30,25,5,14,25,0,19,0,30,30,30,30,25,0,0,212,206,303,109,1,1,0.1,10
356,30,25,5,14,25,0,19,0,30,30,30,30,25,0,0,212,206,304,109,1,1,0.1,10
357,30,25,5,14,25,0,19,0,30,30,30,30,25,0,0,212,206,304,109,0,0,0.1,10
358,30,27,3,14,27,0,19,0,30,30,30,30,27,0,2,214,208,304,109,0,0,0.1,10
359,30,27,3,14,27,0,19,0,30,30,30,30,27,0,0,214,208,304,109,0,0,0.1,10
360,30,28,2,14,28,0,19,0,30,30,30,30,28,0,1,215,209,304,109,0,0,0.1,10
361,29,24,5,15,24,0,19,0,30,30,30,29,24,1,0,215,209,309,110,6,5,0.1,10
362,30,26,4,16,26,0,19,0,30,30,30,30,26,0,2,217,211,310,111,0,1,0.1,10
363,30,26,4,16,26,0,19,0,30,30,30,30,26,0,0,217,211,310,111,0,0,0.1,10
364,30,26,4,16,26,0,19,0,30,30,30,30,26,0,0,217,211,310,111,0,0,0.1,10
365,30,27,3,16,27,0,19,1,30,30,30,30,27,0,1,218,212,310,111,0,0,0.1,10
366,30,29,1,16,29,0,19,0,30,30,30,30,29,0,2,220,214,310,111,0,0,0.1,10
367,29,28,1,16,28,0,19,1,30,30,30,29,28,0,0,220,214,310,112,1,0,0.1,10
368,30,28,2,16,28,0,19,0,30,30,30,30,28,0,0,220,214,312,112,1,2,0.1,10
369,30,28,2,16,28,0,19,0,30,30,30,30,28,0,1,221,215,313,112,1,1,0.1,10
370,30,27,3,17,27,0,19,0,30,30,30,30,27,0,0,221,215,314,112,1,1,0.1,10
371,30,28,2,17,28,0,19,0,30,30,30,30,28,0,1,222,216,314,113,0,0,0.1,10
372,30,28,2,17,28,0,19,0,30,30,30,30,28,0,0,222,216,314,113,0,0,0.1,10
373,30,28,2,17,28,0,19,0,30,30,30,30,28,0,0,222,216,314,113,0,0,0.1,10
374,30,28,2,17,28,0,19,1,30,30,30,30,28,0,0,222,216,314,113,0,0,0.1,10
375,29,24,5,17,24,0,19,0,30,30,30,29,24,1,0,222,216,318,114,5,4,0.1,10
376,30,24,6,17,24,0,19,0,30,30,30,30,24,0,1,223,217,321,114,2,3,0.1,10
377,30,25,5,17,25,0,19,1,30,30,30,30,25,0,1,224,218,321,114,0,0,0.1,10
378,30,28,2,17,28,0,19,1,30,30,30,30,28,0,3,227,221,321,115,0,0,0.1,10
379,30,28,2,17,28,0,19,0,30,30,30,30,28,0,0,227,221,321,115,0,0,0.1,10
380,30,28,2,17,28,0,19,1,30,30,30,30,28,0,0,227,221,321,115,0,0,0.1,10
381,30,28,2,17,28,0,19,0,30,30,30,30,28,0,0,227,221,321,116,0,0,0.1,10
382,29,28,1,16,28,0,19,0,30,30,30,29,28,0,1,228,222,322,116,2,1,0.1,10
383,30,28,2,16,28,0,19,0,30,30,30,30,28,0,0,228,222,323,116,0,1,0.1,10
384,30,28,2,15,28,0,19,0,30,30,30,30,28,0,1,229,223,324,116,1,1,0.1,10
385,30,28,2,15,28,0,19,0,30,30,30,30,28,0,0,229,223,324,116,0,0,0.1,10
386,30,28,2,15,28,0,19,0,30,30,30,30,28,0,0,229,223,324,116,0,0,0.1,10
387,30,28,2,15,28,0,19,0,30,30,30,30,28,0,0,229,223,324,116,0,0,0.1,10
388,30,28,2,15,28,0,19,0,30,30,30,30,28,0,0,229,223,324,116,0,0,0.1,10
389,30,25,5,15,25,0,19,2,30,30,30,30,25,0,0,229,223,328,116,4,4,0.1,10
390,30,23,7,16,23,0,19,0,30,30,30,30,23,0,1,230,224,331,116,3,3,0.1,10
391,30,24,6,16,24,0,19,0,30,30,30,30,24,0,1,231,225,332,117,1,1,0.1,10
392,30,26,4,16,26,0,19,0,30,30,30,30,26,0,2,233,227,332,117,0,0,0.1,10
393,30,27,3,16,27,0,19,0,30,30,30,30,27,0,1,234,228,332,117,0,0,0.1,10
394,30,27,3,16,27,0,19,0,30,30,30,30,27,0,0,234,228,332,117,0,0,0.1,10
395,30,27,3,16,27,0,19,0,30,30,30,30,27,0,0,234,228,332,117,0,0,0.1,10
396,30,28,2,16,28,0,19,1,30,30,30,30,28,0,1,235,229,332,117,0,0,0.1,10
397,30,28,2,16,28,0,19,0,30,30,30,30,28,0,1,236,230,334,118,2,2,0.1,10
398,30,30,0,16,29,0,19,0,30,30,30,30,29,0,2,238,232,334,118,0,0,0.1,10
399,30,30,0,16,30,0,19,0,30,30,30,30,30,0,0,238,232,334,118,0,0,0.1,10
400,30,30,0,16,30,0,19,0,30,4,30,30,30,0,0,238,232,334,118,0,0,0.1,10
401,30,30,0,16,30,0,19,0,30,4,30,30,30,0,0,238,232,334,118,0,0,0.1,10
402,30,30,0,16,30,0,19,0,30,5,30,30,30,0,0,238,232,334,118,0,0,0.1,10
403,29,26,3,16,26,0,19,0,30,5,30,29,26,0,0,238,232,337,119,4,3,0.1,10
404,30,24,6,15,24,0,19,0,30,5,30,30,24,0,0,238,232,340,119,2,3,0.1,10
405,30,23,7,15,23,0,19,0,30,7,30,30,23,0,0,238,232,341,119,1,1,0.1,10
406,30,23,7,15,23,0,19,0,30,10,30,30,23,0,0,238,232,341,119,0,0,0.1,10
407,30,23,7,15,23,0,19,0,30,12,30,30,23,0,0,238,232,341,119,0,0,0.1,10
408,30,24,6,15,24,0,19,0,30,12,30,30,24,0,1,239,233,341,119,0,0,0.1,10
409,30,24,6,15,24,0,19,0,30,13,30,30,24,0,0,239,233,341,120,0,0,0.1,10
410,29,26,3,15,26,0,19,0,30,13,30,29,26,0,2,241,235,342,120,2,1,0.1,10
411,30,24,6,16,24,0,19,0,30,13,30,30,24,0,0,241,235,347,120,4,5,0.1,10
412,30,24,6,16,24,0,19,0,30,13,30,30,24,0,0,241,235,347,120,0,0,0.1,10
413,30,24,6,16,24,0,19,0,30,13,30,30,24,0,0,241,235,347,121,0,0,0.1,10
414,30,24,6,16,24,0,19,0,30,14,30,30,24,0,0,241,235,347,122,0,0,0.1,10
415,30,25,5,16,25,0,19,0,30,14,30,30,25,0,1,242,236,347,122,0,0,0.1,10
416,30,25,5,16,25,0,19,0,30,14,30,30,25,0,0,242,236,347,122,0,0,0.1,10
417,29,24,5,16,24,0,19,0,30,14,30,29,24,0,0,242,236,348,122,2,1,0.1,10
418,30,23,7,15,23,0,19,0,30,14,30,30,23,0,0,242,236,354,122,5,6,0.1,10
419,30,23,7,16,23,0,19,0,30,16,30,30,23,0,1,243,237,355,122,1,1,0.1,10
420,30,23,7,16,23,0,19,0,30,16,30,30,23,0,0,243,237,355,122,0,0,0.1,10
421,30,23,7,16,23,0,19,0,30,16,30,30,23,0,0,243,237,355,122,0,0,0.1,10
422,30,24,6,16,24,0,19,1,30,17,30,30,24,0,1,244,238,355,123,0,0,0.1,10
423,30,24,6,16,24,0,19,0,30,17,30,30,24,0,0,244,238,355,124,0,0,0.1,10
424,30,25,5,16,25,0,19,0,30,17,30,30,25,0,1,245,239,355,124,0,0,0.1,10
425,28,24,4,15,24,0,19,0,30,17,30,28,24,1,0,245,239,359,124,6,4,0.1,10
426,30,24,6,16,24,0,19,0,30,17,30,30,24,0,0,245,239,361,124,0,2,0.1,10
427,30,25,5,16,25,0,19,0,30,17,30,30,25,0,1,246,240,361,124,0,0,0.1,10
428,30,25,5,16,25,0,19,0,30,18,30,30,25,0,0,246,240,361,124,0,0,0.1,10
429,30,25,5,16,25,0,19,0,30,18,30,30,25,0,0,246,240,361,124,0,0,0.1,10
430,30,25,5,16,25,0,19,1,30,18,30,30,25,0,0,246,240,361,124,0,0,0.1,10
431,29,25,4,16,25,0,19,0,30,20,30,29,25,0,1,247,241,361,124,1,0,0.1,10
432,30,24,6,17,24,0,19,0,30,20,30,30,24,0,0,247,241,365,124,3,4,0.1,10
433,30,23,7,16,23,0,19,0,30,21,30,30,23,0,0,247,241,368,124,3,3,0.1,10
434,30,25,5,16,25,0,19,1,30,21,30,30,25,0,2,249,243,368,124,0,0,0.1,10
435,30,26,4,16,26,0,19,0,30,21,30,30,26,0,1,250,244,368,124,0,0,0.1,10
436,30,27,3,16,27,0,19,0,30,21,30,30,27,0,1,251,245,368,124,0,0,0.1,10
437,30,27,3,16,27,0,19,0,30,21,30,30,27,0,0,251,245,368,125,0,0,0.1,10
438,30,27,3,16,27,0,19,0,30,21,30,30,27,0,0,251,245,368,125,0,0,0.1,10
439,30,25,5,16,25,0,19,1,30,21,30,30,25,0,0,251,245,372,125,4,4,0.1,10
440,30,25,5,15,25,0,19,0,30,21,30,30,25,0,0,251,245,373,125,1,1,0.1,10
441,30,27,3,15,27,0,19,0,30,22,30,30,27,0,2,253,247,373,125,0,0,0.1,10
442,30,27,3,15,27,0,19,0,30,22,30,30,27,0,0,253,247,373,125,0,0,0.1,10
443,30,27,3,15,27,0,19,0,30,22,30,30,27,0,0,253,247,373,125,0,0,0.1,10
444,30,27,3,15,27,0,19,0,30,22,30,30,27,0,0,253,247,373,125,0,0,0.1,10
445,30,28,2,15,28,0,19,0,30,22,30,30,28,0,1,254,248,373,125,0,0,0.1,10
446,30,27,3,14,27,0,19,0,30,22,30,30,27,0,1,255,249,377,127,4,4,0.1,10
447,30,25,5,15,25,0,19,0,30,22,30,30,25,0,0,255,249,379,129,2,2,0.1,10
448,30,25,5,15,25,0,19,0,30,23,30,30,25,0,0,255,249,379,129,0,0,0.1,10
449,30,26,4,15,26,0,19,0,30,24,30,30,26,0,1,256,250,379,129,0,0,0.1,10
450,30,27,3,15,27,0,19,0,30,24,30,30,27,0,1,257,251,379,129,0,0,0.1,10
451,30,27,3,15,27,0,19,0,30,24,30,30,27,0,0,257,251,379,129,0,0,0.1,10
452,30,28,2,15,28,0,19,0,30,25,30,30,28,0,1,258,252,379,129,0,0,0.1,10
453,30,26,4,16,26,0,19,1,30,26,30,30,26,0,0,258,252,383,130,4,4,0.1,10
454,30,25,5,16,25,0,19,0,30,26,30,30,25,0,0,258,252,384,130,1,1,0.1,10
455,30,26,4,16,26,0,19,0,30,26,30,30,26,0,1,259,253,384,131,0,0,0.1,10
456,30,26,4,16,26,0,19,0,30,26,30,30,26,0,0,259,253,384,131,0,0,0.1,10
457,30,26,4,16,26,0,19,0,30,26,30,30,26,0,0,259,253,384,131,0,0,0.1,10
458,30,26,4,16,26,0,19,0,30,27,30,30,26,0,0,259,253,384,131,0,0,0.1,10
459,30,27,3,16,27,0,19,1,30,27,30,30,27,0,1,260,254,384,131,0,0,0.1,10
460,30,25,5,17,25,0,19,0,30,27,30,30,25,0,0,260,254,388,131,4,4,0.1,10
461,30,24,6,17,24,0,19,0,30,27,30,30,24,0,1,261,255,391,131,3,3,0.1,10
462,30,25,5,17,25,0,19,0,30,27,30,30,25,0,1,262,256,391,131,0,0,0.1,10
463,30,25,5,17,25,0,19,0,30,27,30,30,25,0,0,262,256,391,132,0,0,0.1,10
464,30,26,4,17,26,0,19,0,30,27,30,30,26,0,1,263,257,391,132,0,0,0.1,10
465,30,26,4,17,26,0,19,0,30,27,30,30,26,0,0,263,257,391,132,0,0,0.1,10
466,30,27,3,17,27,0,19,0,30,28,30,30,27,0,1,264,258,391,132,0,0,0.1,10
467,30,25,5,16,25,0,19,0,30,28,30,30,25,0,0,264,258,395,132,4,4,0.1,10
468,30,26,4,16,26,0,19,0,30,29,30,30,26,0,1,265,259,395,132,0,0,0.1,10
469,30,26,4,16,26,0,19,0,30,29,30,30,26,0,0,265,259,395,133,0,0,0.1,10
470,30,26,4,16,26,0,19,0,30,29,30,30,26,0,0,265,259,395,133,0,0,0.1,10
471,30,26,4,16,26,0,19,0,30,29,30,30,26,0,0,265,259,395,133,0,0,0.1,10
472,30,27,3,16,27,0,19,1,30,29,30,30,27,0,1,266,260,395,133,0,0,0.1,10
473,30,27,3,16,27,0,19,2,30,29,30,30,27,0,0,266,260,395,133,0,0,0.1,10
474,30,26,4,16,26,0,19,0,30,30,30,30,26,0,1,267,261,399,133,4,4,0.1,10
475,29,24,5,16,24,0,19,0,30,30,30,29,24,1,1,268,262,401,134,3,2,0.1,10
476,30,25,5,17,25,0,19,0,30,30,30,30,25,0,1,269,263,402,134,0,1,0.1,10
477,30,26,4,17,26,0,19,0,30,30,30,30,26,0,1,270,264,402,135,0,0,0.1,10
478,30,27,3,17,27,0,19,0,30,30,30,30,27,0,1,271,265,402,136,0,0,0.1,10
479,30,27,3,17,27,0,19,0,30,30,30,30,27,0,0,271,265,402,136,0,0,0.1,10
480,30,27,3,17,27,0,19,0,30,30,30,30,27,0,0,271,265,402,136,0,0,0.1,10
481,30,26,4,16,26,1,19,0,30,30,30,30,26,0,0,272,265,405,136,3,3,0.1,10
482,30,27,3,15,27,1,19,0,30,30,30,30,27,0,1,273,266,406,136,1,1,0.1,10
483,30,28,2,14,28,1,19,0,30,30,30,30,28,0,1,274,267,407,136,1,1,0.1,10
484,30,29,1,14,29,1,19,1,30,30,30,30,29,0,1,275,268,407,136,0,0,0.1,10
485,30,29,1,14,29,1,19,0,30,30,30,30,29,0,0,275,268,407,136,0,0,0.1,10
486,30,29,1,14,29,1,19,0,30,30,30,30,29,0,0,275,268,407,136,0,0,0.1,10
487,30,29,1,14,29,1,19,0,30,30,30,30,29,0,0,275,268,407,136,0,0,0.1,10
488,28,25,3,14,25,0,19,0,30,30,30,28,25,0,0,275,268,410,138,5,3,0.1,10
489,30,27,3,14,27,0,19,0,30,30,30,30,27,0,3,278,271,413,139,1,3,0.1,10
490,30,27,3,14,27,0,19,0,30,30,30,30,27,0,0,278,271,413,139,0,0,0.1,10
491,30,29,1,14,29,0,19,0,30,30,30,30,29,0,2,280,273,413,139,0,0,0.1,10
492,30,29,1,14,29,0,19,0,30,30,30,30,29,0,0,280,273,413,139,0,0,0.1,10
493,30,29,1,14,29,0,19,0,30,30,30,30,29,0,0,280,273,413,139,0,0,0.1,10
494,30,29,1,14,29,0,19,0,30,30,30,30,29,0,0,280,273,413,139,0,0,0.1,10
495,29,28,1,14,28,0,19,0,30,30,30,29,28,0,0,280,273,413,140,1,0,0.1,10
496,30,27,3,14,27,0,19,0,30,30,30,30,27,0,0,280,273,416,140,2,3,0.1,10
497,30,26,4,14,26,0,19,1,30,30,30,30,26,0,0,280,273,417,141,1,1,0.1,10
498,30,28,2,14,28,0,19,0,30,30,30,30,28,0,2,282,275,417,141,0,0,0.1,10
499,30,29,1,14,29,0,19,0,30,30,30,30,29,0,1,283,276,417,141,0,0,0.1,10
500,30,30,0,14,30,0,19,1,30,30,30,30,30,0,1,284,277,417,141,0,0,0.1,10
501,30,30,0,14,30,0,19,0,30,30,30,30,30,0,0,284,277,417,141,0,0,0.1,10
502,30,27,3,14,27,0,19,0,30,30,30,30,27,0,0,284,277,420,143,3,3,0.1,10
503,30,25,5,15,25,0,19,0,30,30,30,30,25,0,0,284,277,422,143,2,2,0.1,10
504,30,27,3,15,27,0,19,0,30,30,30,30,27,0,2,286,279,422,143,0,0,0.1,10
505,30,27,3,15,27,0,19,0,30,30,30,30,27,0,0,286,279,422,143,0,0,0.1,10
506,30,27,3,15,27,0,19,1,30,30,30,30,27,0,0,286,279,422,143,0,0,0.1,10
507,30,29,1,15,29,0,19,0,30,30,30,30,29,0,2,288,281,422,143,0,0,0.1,10
508,30,29,1,15,29,0,19,1,30,30,30,30,29,0,0,288,281,422,143,0,0,0.1,10
509,30,29,1,15,29,0,19,0,30,30,30,30,29,0,0,288,281,423,143,1,1,0.1,10
510,30,27,3,15,27,0,19,0,30,30,30,30,27,0,1,289,282,426,143,3,3,0.1,10
511,30,27,3,15,27,0,19,1,30,30,30,30,27,0,1,290,283,427,144,1,1,0.1,10
512,30,28,2,15,28,0,19,0,30,30,30,30,28,0,1,291,284,427,144,0,0,0.1,10
513,30,28,2,15,28,0,19,0,30,30,30,30,28,0,0,291,284,427,144,0,0,0.1,10
514,30,29,1,15,29,0,19,0,30,30,30,30,29,0,1,292,285,427,144,0,0,0.1,10
515,30,29,1,15,29,0,19,0,30,30,30,30,29,0,0,292,285,427,144,0,0,0.1,10
516,30,27,3,15,27,0,19,0,30,30,30,30,27,0,0,292,285,429,145,2,2,0.1,10
517,30,25,5,14,25,0,19,0,30,30,30,30,25,0,0,292,285,432,146,3,3,0.1,10
518,30,25,5,14,25,0,19,0,30,30,30,30,25,0,0,292,285,432,146,0,0,0.1,10
519,30,25,5,14,25,0,19,0,30,30,30,30,25,0,0,292,285,432,146,0,0,0.1,10
520,30,27,3,14,27,0,19,0,30,30,30,30,27,0,2,294,287,432,146,0,0,0.1,10
521,30,28,2,14,28,0,19,0,30,30,30,30,28,0,1,295,288,432,146,0,0,0.1,10
522,30,29,1,14,29,0,19,0,30,30,30,30,29,0,1,296,289,432,146,0,0,0.1,10
523,29,28,1,14,28,0,19,1,30,30,30,29,28,0,0,296,289,433,147,2,1,0.1,10
524,30,26,4,16,26,0,19,0,30,30,30,30,26,0,0,296,289,436,147,2,3,0.1,10
525,30,27,3,16,27,0,19,0,30,30,30,30,27,0,2,298,291,437,147,1,1,0.1,10
526,30,28,2,16,28,0,19,0,30,30,30,30,28,0,1,299,292,437,147,0,0,0.1,10
527,30,28,2,16,28,0,19,1,30,30,30,30,28,0,0,299,292,437,148,0,0,0.1,10
528,30,28,2,16,28,0,19,0,30,30,30,30,28,0,0,299,292,437,148,0,0,0.1,10
529,30,28,2,16,28,0,19,0,30,30,30,30,28,0,0,299,292,437,148,0,0,0.1,10
530,29,27,2,16,27,0,19,0,30,30,30,29,27,0,0,299,292,437,148,1,0,0.1,10
531,29,25,4,16,25,0,19,1,30,30,30,29,25,0,1,300,293,440,149,3,3,0.1,10
532,30,26,4,16,26,0,19,0,30,30,30,30,26,0,1,301,294,441,149,0,1,0.1,10
533,30,27,3,16,27,0,19,0,30,30,30,30,27,0,1,302,295,441,149,0,0,0.1,10
534,30,27,3,16,27,0,19,0,30,30,30,30,27,0,0,302,295,441,149,0,0,0.1,10
535,30,28,2,16,28,0,19,0,30,30,30,30,28,0,1,303,296,441,149,0,0,0.1,10
536,30,28,2,16,28,0,19,1,30,30,30,30,28,0,0,303,296,441,149,0,0,0.1,10
537,29,27,2,16,27,0,19,0,30,30,30,29,27,0,0,303,296,441,150,1,0,0.1,10
538,29,24,5,14,24,0,19,0,30,30,30,29,24,0,0,303,296,446,151,5,5,0.1,10
539,30,26,4,15,26,0,19,1,30,30,30,30,26,0,3,306,299,448,151,1,2,0.1,10
540,30,26,4,15,26,0,19,0,30,30,30,30,26,0,0,306,299,448,151,0,0,0.1,10
541,30,27,3,15,27,0,19,0,30,30,30,30,27,0,1,307,300,448,151,0,0,0.1,10
542,30,29,1,15,29,0,19,1,30,30,30,30,29,0,2,309,302,448,151,0,0,0.1,10
543,30,29,1,15,29,0,19,1,30,30,30,30,29,0,0,309,302,448,151,0,0,0.1,10
544,30,30,0,15,30,0,19,0,30,30,30,30,30,0,1,310,303,448,151,0,0,0.1,10
545,30,29,1,15,29,0,19,1,30,30,30,30,29,0,0,310,303,449,151,1,1,0.1,10
546,30,28,2,15,28,0,19,0,30,30,30,30,28,0,0,310,303,450,152,1,1,0.1,10
547,30,28,2,15,28,0,19,0,30,30,30,30,28,0,0,310,303,450,152,0,0,0.1,10
548,30,28,2,15,28,0,19,0,30,30,30,30,28,0,0,310,303,450,152,0,0,0.1,10
549,30,28,2,15,28,0,19,0,30,30,30,30,28,0,0,310,303,450,152,0,0,0.1,10
550,30,29,1,15,29,0,19,1,30,30,30,30,29,0,1,311,304,450,152,0,0,0.1,10
551,30,30,0,15,30,0,19,1,30,30,30,30,30,0,1,312,305,450,152,0,0,0.1,10
552,30,25,5,15,25,0,19,0,30,30,30,30,25,0,0,312,305,455,154,5,5,0.1,10
553,30,23,7,15,23,0,19,1,30,30,30,30,23,0,0,312,305,457,155,2,2,0.1,10
554,30,25,5,15,25,0,19,0,30,30,30,30,25,0,2,314,307,457,155,0,0,0.1,10
555,30,27,3,15,27,0,19,0,30,30,30,30,27,0,2,316,309,457,155,0,0,0.1,10
556,30,27,3,15,27,0,19,0,30,30,30,30,27,0,0,316,309,457,155,0,0,0.1,10
557,30,27,3,15,27,0,19,1,30,30,30,30,27,0,0,316,309,457,155,0,0,0.1,10
558,30,27,3,15,27,0,19,0,30,30,30,30,27,0,0,316,309,457,155,0,0,0.1,10
559,30,27,3,15,27,0,19,0,30,30,30,30,27,0,1,317,310,461,156,4,4,0.1,10
560,30,27,3,15,27,0,19,0,30,30,30,30,27,0,1,318,311,462,157,1,1,0.1,10
561,30,29,1,15,29,0,19,0,30,30,30,30,29,0,2,320,313,462,157,0,0,0.1,10
562,30,29,1,15,29,0,19,1,30,30,30,30,29,0,0,320,313,462,157,0,0,0.1,10
563,30,29,1,15,29,0,19,1,30,30,30,30,29,0,0,320,313,462,157,0,0,0.1,10
564,30,29,1,15,29,0,19,1,30,30,30,30,29,0,0,320,313,462,157,0,0,0.1,10
565,30,29,1,15,29,0,19,0,30,30,30,30,29,0,0,320,313,462,157,0,0,0.1,10
566,30,27,3,15,27,0,19,0,30,30,30,30,27,0,0,320,313,465,157,3,3,0.1,10
567,30,26,4,14,26,0,19,0,30,30,30,30,26,0,1,321,314,467,159,2,2,0.1,10
568,30,26,4,14,26,0,19,0,30,30,30,30,26,0,0,321,314,467,159,0,0,0.1,10
569,30,26,4,14,26,0,19,0,30,30,30,30,26,0,0,321,314,467,159,0,0,0.1,10
570,30,26,4,14,26,0,19,0,30,30,30,30,26,0,0,321,314,467,159,0,0,0.1,10
