day,patients,patient_C,patient_S,patient_isolated,patient_positive,patient_preinfection,hcws,hcw_C,goo,goo_C,beds,filled_beds,filled_sick_beds,empty_isolated_beds,daily_hcw_infections,cumulative_sick_patients,cumulative_sick_patients_by_HCW,cumulative_patients,move2isol,daily_discharges,daily_admissions,prob_transmission,iteration
0,30,0,30,16,0,0,19,0,30,10,30,0,0,0,0,0,0,30,0,0,0,0.05,1
1,30,0,30,16,0,0,19,0,30,10,30,30,0,0,0,0,0,30,0,0,0,0.05,1
2,30,1,29,16,1,0,19,0,30,10,30,30,1,0,1,1,1,32,0,2,2,0.05,1
3,30,1,29,16,1,0,19,0,30,10,30,30,1,0,0,1,1,32,0,0,0,0.05,1
4,30,1,29,16,1,0,19,0,30,10,30,30,1,0,0,1,1,32,0,0,0,0.05,1
5,30,1,29,16,1,0,19,0,30,10,30,30,1,0,0,1,1,32,0,0,0,0.05,1
6,30,3,27,16,3,0,19,0,30,10,30,30,3,0,2,3,3,32,0,0,0,0.05,1
7,30,3,27,16,3,0,19,0,30,10,30,30,3,0,0,3,3,32,0,0,0,0.05,1
8,30,0,30,16,0,0,19,0,30,10,30,30,0,0,0,3,3,35,0,3,3,0.05,1
9,30,1,29,16,1,0,19,0,30,10,30,30,1,0,1,4,4,37,0,2,2,0.05,1
10,30,1,29,16,1,0,19,0,30,10,30,30,1,0,0,4,4,37,0,0,0,0.05,1
11,30,1,29,16,1,0,19,0,30,10,30,30,1,0,0,4,4,37,0,0,0,0.05,1
12,30,1,29,16,1,0,19,0,30,10,30,30,1,0,0,4,4,37,0,0,0,0.05,1
13,30,1,29,16,1,0,19,0,30,10,30,30,1,0,0,4,4,37,0,0,0,0.05,1
14,30,1,29,16,1,0,19,0,30,10,30,30,1,0,0,4,4,37,0,0,0,0.05,1
15,30,1,29,16,1,0,19,0,30,10,30,30,1,0,0,4,4,39,0,2,2,0.05,1
16,30,3,27,16,3,0,19,0,30,10,30,30,3,0,2,6,6,41,0,2,2,0.05,1
17,30,3,27,16,3,0,19,0,30,10,30,30,3,0,0,6,6,41,1,0,0,0.05,1
18,30,3,27,16,3,0,19,0,30,10,30,30,3,0,0,6,6,41,1,0,0,0.05,1
19,30,3,27,16,3,0,19,0,30,10,30,30,3,0,0,6,6,41,1,0,0,0.05,1
20,30,3,27,16,3,0,19,0,30,10,30,30,3,0,0,6,6,41,2,0,0,0.05,1
21,30,3,27,16,3,0,19,0,30,10,30,30,3,0,0,6,6,41,2,0,0,0.05,1
22,30,3,27,16,3,0,19,0,30,10,30,30,3,0,1,7,7,44,3,3,3,0.05,1
23,30,3,27,16,3,0,19,0,30,10,30,30,3,0,0,7,7,46,3,2,2,0.05,1
24,30,3,27,16,3,0,19,0,30,10,30,30,3,0,0,7,7,46,3,0,0,0.05,1
25,30,4,26,16,4,0,19,0,30,10,30,30,4,0,1,8,8,46,3,0,0,0.05,1
26,30,4,26,16,4,0,19,0,30,10,30,30,4,0,0,8,8,46,3,0,0,0.05,1
27,30,5,25,16,5,0,19,0,30,10,30,30,5,0,1,9,9,46,3,0,0,0.05,1
28,30,5,25,16,5,0,19,0,30,10,30,30,5,0,0,9,9,46,3,0,0,0.05,1
29,30,5,25,15,5,0,19,0,30,10,30,30,5,0,0,9,9,48,3,2,2,0.05,1
30,30,6,24,15,6,0,19,0,30,10,30,30,6,0,1,10,10,50,3,2,2,0.05,1
31,30,6,24,15,6,0,19,0,30,10,30,30,6,0,0,10,10,50,4,0,0,0.05,1
32,30,6,24,15,6,0,19,0,30,10,30,30,6,0,0,10,10,50,4,0,0,0.05,1
33,30,6,24,15,6,0,19,0,30,10,30,30,6,0,0,10,10,50,7,0,0,0.05,1
34,30,6,24,15,6,0,19,0,30,10,30,30,6,0,0,10,10,50,7,0,0,0.05,1
35,30,7,23,15,7,0,19,0,30,10,30,30,7,0,1,11,11,50,7,0,0,0.05,1
36,30,6,24,16,6,0,19,0,30,10,30,30,6,0,0,11,11,51,7,1,1,0.05,1
37,30,6,24,15,6,0,19,0,30,10,30,30,6,0,0,11,11,53,8,2,2,0.05,1
38,30,6,24,15,6,0,19,0,30,11,30,30,6,0,0,11,11,53,8,0,0,0.05,1
39,30,6,24,15,6,0,19,0,30,11,30,30,6,0,0,11,11,53,8,0,0,0.05,1
40,30,6,24,15,6,0,19,0,30,0,30,30,6,0,0,11,11,53,8,0,0,0.05,1
41,30,6,24,15,6,0,19,0,30,0,30,30,6,0,0,11,11,53,8,0,0,0.05,1
42,30,6,24,15,6,0,19,0,30,0,30,30,6,0,0,11,11,53,8,0,0,0.05,1
43,30,4,26,16,4,0,19,0,30,0,30,30,4,0,0,11,11,56,8,3,3,0.05,1
44,30,4,26,16,4,0,19,0,30,0,30,30,4,0,0,11,11,58,8,2,2,0.05,1
45,30,4,26,16,4,0,19,0,30,0,30,30,4,0,0,11,11,58,8,0,0,0.05,1
46,30,4,26,16,4,0,19,0,30,0,30,30,4,0,0,11,11,58,8,0,0,0.05,1
47,30,4,26,16,4,0,19,0,30,0,30,30,4,0,0,11,11,58,8,0,0,0.05,1
48,30,4,26,16,4,0,19,0,30,0,30,30,4,0,0,11,11,58,8,0,0,0.05,1
49,30,4,26,16,4,0,19,0,30,0,30,30,4,0,0,11,11,58,8,0,0,0.05,1
50,29,4,25,15,4,0,19,0,30,0,30,29,4,1,0,11,11,60,8,3,2,0.05,1
51,30,4,26,16,4,0,19,0,30,0,30,30,4,0,0,11,11,63,8,2,3,0.05,1
52,30,4,26,16,4,0,19,0,30,0,30,30,4,0,0,11,11,63,8,0,0,0.05,1
53,30,4,26,16,4,0,19,0,30,1,30,30,4,0,0,11,11,63,8,0,0,0.05,1
54,30,4,26,16,4,0,19,0,30,1,30,30,4,0,0,11,11,63,8,0,0,0.05,1
55,30,4,26,16,4,0,19,0,30,1,30,30,4,0,0,11,11,63,8,0,0,0.05,1
56,30,4,26,16,4,0,19,0,30,1,30,30,4,0,0,11,11,63,8,0,0,0.05,1
57,30,4,26,16,4,0,19,0,30,2,30,30,4,0,0,11,11,65,8,2,2,0.05,1
58,30,4,26,16,4,0,19,0,30,2,30,30,4,0,0,11,11,68,8,3,3,0.05,1
59,30,4,26,16,4,0,19,0,30,2,30,30,4,0,0,11,11,68,8,0,0,0.05,1
60,30,4,26,16,4,0,19,0,30,2,30,30,4,0,0,11,11,68,8,0,0,0.05,1
61,30,4,26,16,4,0,19,0,30,2,30,30,4,0,0,11,11,68,8,0,0,0.05,1
62,30,4,26,16,4,0,19,0,30,2,30,30,4,0,0,11,11,68,8,0,0,0.05,1
63,30,4,26,16,4,0,19,0,30,2,30,30,4,0,0,11,11,68,8,0,0,0.05,1
64,29,5,24,16,5,1,19,0,30,2,30,29,5,0,0,12,11,69,8,2,1,0.05,1
65,28,5,23,15,5,1,19,0,30,2,30,28,5,1,0,12,11,71,8,3,2,0.05,1
66,30,5,25,16,5,1,19,0,30,2,30,30,5,0,0,12,11,73,8,0,2,0.05,1
67,30,5,25,16,5,1,19,0,30,2,30,30,5,0,0,12,11,73,8,0,0,0.05,1
68,30,5,25,16,5,1,19,0,30,2,30,30,5,0,0,12,11,73,8,0,0,0.05,1
69,30,5,25,16,5,1,19,0,30,2,30,30,5,0,0,12,11,73,8,0,0,0.05,1
70,30,5,25,16,5,1,19,0,30,2,30,30,5,0,0,12,11,73,8,0,0,0.05,1
71,30,4,26,16,4,0,19,0,30,2,30,30,4,0,0,12,11,74,8,1,1,0.05,1
72,30,4,26,16,4,0,19,0,30,2,30,30,4,0,0,12,11,76,8,2,2,0.05,1
73,30,4,26,16,4,0,19,0,30,2,30,30,4,0,0,12,11,78,8,2,2,0.05,1
74,30,4,26,16,4,0,19,0,30,2,30,30,4,0,0,12,11,78,8,0,0,0.05,1
75,30,4,26,16,4,0,19,0,30,2,30,30,4,0,0,12,11,78,8,0,0,0.05,1
76,30,4,26,16,4,0,19,0,30,2,30,30,4,0,0,12,11,78,8,0,0,0.05,1
77,30,4,26,16,4,0,19,0,30,2,30,30,4,0,0,12,11,78,8,0,0,0.05,1
78,29,4,25,15,4,0,19,0,30,2,30,29,4,1,0,12,11,78,8,1,0,0.05,1
79,30,4,26,16,4,0,19,0,30,2,30,30,4,0,0,12,11,81,8,2,3,0.05,1
80,30,4,26,16,4,0,19,0,30,2,30,30,4,0,0,12,11,83,8,2,2,0.05,1
81,30,4,26,16,4,0,19,0,30,2,30,30,4,0,0,12,11,83,8,0,0,0.05,1
82,30,4,26,16,4,0,19,0,30,2,30,30,4,0,0,12,11,83,8,0,0,0.05,1
83,30,4,26,16,4,0,19,0,30,2,30,30,4,0,0,12,11,83,8,0,0,0.05,1
84,30,4,26,16,4,0,19,0,30,2,30,30,4,0,0,12,11,83,8,0,0,0.05,1
85,30,4,26,16,4,0,19,0,30,2,30,30,4,0,0,12,11,83,8,0,0,0.05,1
86,30,4,26,16,4,0,19,0,30,2,30,30,4,0,0,12,11,86,8,3,3,0.05,1
87,30,4,26,16,4,0,19,0,30,2,30,30,4,0,0,12,11,88,8,2,2,0.05,1
88,30,4,26,16,4,0,19,0,30,2,30,30,4,0,0,12,11,88,8,0,0,0.05,1
89,30,4,26,16,4,0,19,0,30,2,30,30,4,0,0,12,11,88,8,0,0,0.05,1
90,30,4,26,16,4,0,19,0,30,2,30,30,4,0,0,12,11,88,8,0,0,0.05,1
91,30,4,26,16,4,0,19,0,30,2,30,30,4,0,0,12,11,88,8,0,0,0.05,1
92,30,4,26,16,4,0,19,0,30,2,30,30,4,0,0,12,11,88,8,0,0,0.05,1
93,30,4,26,16,4,0,19,0,30,2,30,30,4,0,0,12,11,91,8,3,3,0.05,1
94,30,4,26,16,4,0,19,0,30,2,30,30,4,0,0,12,11,93,8,2,2,0.05,1
95,30,4,26,16,4,0,19,0,30,2,30,30,4,0,0,12,11,93,8,0,0,0.05,1
96,30,4,26,16,4,0,19,0,30,2,30,30,4,0,0,12,11,93,8,0,0,0.05,1
97,30,4,26,16,4,0,19,0,30,2,30,30,4,0,0,12,11,93,8,0,0,0.05,1
98,30,4,26,16,4,0,19,0,30,2,30,30,4,0,0,12,11,93,8,0,0,0.05,1
99,30,4,26,16,4,0,19,0,30,2,30,30,4,0,0,12,11,93,8,0,0,0.05,1
100,29,4,25,15,4,0,19,0,30,2,30,29,4,1,0,12,11,95,8,3,2,0.05,1
101,30,4,26,16,4,0,19,0,30,2,30,30,4,0,0,12,11,98,8,2,3,0.05,1
102,30,4,26,16,4,0,19,0,30,2,30,30,4,0,0,12,11,98,8,0,0,0.05,1
103,30,4,26,16,4,0,19,0,30,2,30,30,4,0,0,12,11,98,8,0,0,0.05,1
104,30,4,26,16,4,0,19,0,30,2,30,30,4,0,0,12,11,98,8,0,0,0.05,1
105,30,4,26,16,4,0,19,0,30,2,30,30,4,0,0,12,11,98,8,0,0,0.05,1
106,30,4,26,16,4,0,19,0,30,2,30,30,4,0,0,12,11,98,8,0,0,0.05,1
107,30,4,26,16,4,0,19,0,30,2,30,30,4,0,0,12,11,100,8,2,2,0.05,1
108,30,4,26,16,4,0,19,0,30,2,30,30,4,0,0,12,11,103,8,3,3,0.05,1
109,30,4,26,16,4,0,19,0,30,2,30,30,4,0,0,12,11,103,8,0,0,0.05,1
110,30,4,26,16,4,0,19,0,30,2,30,30,4,0,0,12,11,103,8,0,0,0.05,1
111,30,4,26,16,4,0,19,0,30,2,30,30,4,0,0,12,11,103,8,0,0,0.05,1
112,30,4,26,16,4,0,19,0,30,2,30,30,4,0,0,12,11,103,8,0,0,0.05,1
113,30,4,26,16,4,0,19,0,30,2,30,30,4,0,0,12,11,103,8,0,0,0.05,1
114,30,4,26,16,4,0,19,0,30,2,30,30,4,0,0,12,11,105,8,2,2,0.05,1
115,30,4,26,16,4,0,19,0,30,2,30,30,4,0,0,12,11,108,8,3,3,0.05,1
116,30,4,26,16,4,0,19,0,30,2,30,30,4,0,0,12,11,108,8,0,0,0.05,1
117,30,4,26,16,4,0,19,0,30,2,30,30,4,0,0,12,11,108,8,0,0,0.05,1
118,30,4,26,16,4,0,19,0,30,2,30,30,4,0,0,12,11,108,8,0,0,0.05,1
119,30,4,26,16,4,0,19,0,30,2,30,30,4,0,0,12,11,108,8,0,0,0.05,1
120,30,4,26,16,4,0,19,0,30,2,30,30,4,0,0,12,11,108,8,0,0,0.05,1
121,30,5,25,16,5,1,19,0,30,2,30,30,5,0,0,13,11,110,8,2,2,0.05,1
122,29,5,24,15,5,1,19,0,30,2,30,29,5,1,0,13,11,112,8,3,2,0.05,1
123,30,5,25,16,5,1,19,0,30,2,30,30,5,0,0,13,11,113,8,0,1,0.05,1
124,30,5,25,16,5,1,19,0,30,2,30,30,5,0,0,13,11,113,8,0,0,0.05,1
125,30,5,25,16,5,1,19,0,30,2,30,30,5,0,0,13,11,113,8,0,0,0.05,1
126,30,5,25,16,5,1,19,0,30,2,30,30,5,0,0,13,11,113,8,0,0,0.05,1
127,30,5,25,16,5,1,19,0,30,2,30,30,5,0,0,13,11,113,8,0,0,0.05,1
128,30,4,26,16,4,0,19,0,30,2,30,30,4,0,0,13,11,115,8,2,2,0.05,1
129,30,4,26,16,4,0,19,0,30,2,30,30,4,0,0,13,11,117,8,2,2,0.05,1
130,30,4,26,16,4,0,19,0,30,2,30,30,4,0,0,13,11,118,8,1,1,0.05,1
131,30,4,26,16,4,0,19,0,30,2,30,30,4,0,0,13,11,118,8,0,0,0.05,1
132,30,4,26,16,4,0,19,0,30,3,30,30,4,0,0,13,11,118,8,0,0,0.05,1
133,30,4,26,16,4,0,19,0,30,3,30,30,4,0,0,13,11,118,8,0,0,0.05,1
134,30,4,26,16,4,0,19,0,30,3,30,30,4,0,0,13,11,118,8,0,0,0.05,1
135,30,4,26,16,4,0,19,0,30,4,30,30,4,0,0,13,11,120,8,2,2,0.05,1
136,29,4,25,15,4,0,19,0,30,4,30,29,4,1,0,13,11,121,8,2,1,0.05,1
137,30,4,26,16,4,0,19,0,30,4,30,30,4,0,0,13,11,123,8,1,2,0.05,1
138,30,4,26,16,4,0,19,0,30,4,30,30,4,0,0,13,11,123,8,0,0,0.05,1
139,30,4,26,16,4,0,19,0,30,4,30,30,4,0,0,13,11,123,8,0,0,0.05,1
140,30,4,26,16,4,0,19,0,30,4,30,30,4,0,0,13,11,123,8,0,0,0.05,1
141,30,4,26,16,4,0,19,0,30,4,30,30,4,0,0,13,11,123,8,0,0,0.05,1
142,30,4,26,16,4,0,19,0,30,4,30,30,4,0,0,13,11,125,8,2,2,0.05,1
143,30,4,26,16,4,0,19,0,30,4,30,30,4,0,0,13,11,126,8,1,1,0.05,1
144,30,5,25,16,5,0,19,0,30,5,30,30,5,0,1,14,12,128,8,2,2,0.05,1
145,30,5,25,16,5,0,19,0,30,5,30,30,5,0,0,14,12,128,8,0,0,0.05,1
146,30,5,25,16,5,0,19,0,30,5,30,30,5,0,0,14,12,128,8,0,0,0.05,1
147,30,5,25,16,5,0,19,0,30,6,30,30,5,0,0,14,12,128,8,0,0,0.05,1
148,30,5,25,16,5,0,19,0,30,6,30,30,5,0,0,14,12,128,8,0,0,0.05,1
149,30,5,25,16,5,0,19,0,30,6,30,30,5,0,0,14,12,130,8,2,2,0.05,1
150,29,5,24,16,5,0,19,0,30,6,30,29,5,0,0,14,12,130,8,1,0,0.05,1
151,30,5,25,16,5,0,19,0,30,6,30,30,5,0,0,14,12,133,8,2,3,0.05,1
152,30,5,25,16,5,0,19,0,30,7,30,30,5,0,0,14,12,133,8,0,0,0.05,1
153,30,5,25,16,5,0,19,0,30,7,30,30,5,0,0,14,12,133,8,0,0,0.05,1
154,30,5,25,16,5,0,19,0,30,7,30,30,5,0,0,14,12,133,8,0,0,0.05,1
155,30,5,25,16,5,0,19,0,30,7,30,30,5,0,0,14,12,133,8,0,0,0.05,1
156,29,5,24,16,5,0,19,0,30,7,30,29,5,0,0,14,12,134,8,2,1,0.05,1
157,30,5,25,16,5,0,19,0,30,7,30,30,5,0,0,14,12,135,8,0,1,0.05,1
158,29,5,24,15,5,0,19,0,30,7,30,29,5,1,0,14,12,137,8,3,2,0.05,1
159,30,5,25,16,5,0,19,0,30,7,30,30,5,0,0,14,12,138,8,0,1,0.05,1
160,30,5,25,16,5,0,19,0,30,7,30,30,5,0,0,14,12,138,8,0,0,0.05,1
161,30,5,25,16,5,0,19,0,30,7,30,30,5,0,0,14,12,138,8,0,0,0.05,1
162,30,5,25,16,5,0,19,0,30,7,30,30,5,0,0,14,12,138,8,0,0,0.05,1
163,29,5,24,15,5,0,19,0,30,7,30,29,5,1,0,14,12,138,8,1,0,0.05,1
164,30,5,25,16,5,0,19,0,30,7,30,30,5,0,0,14,12,140,8,1,2,0.05,1
165,30,5,25,16,5,0,19,0,30,7,30,30,5,0,0,14,12,142,8,2,2,0.05,1
166,30,5,25,16,5,0,19,0,30,7,30,30,5,0,0,14,12,143,8,1,1,0.05,1
167,30,5,25,16,5,0,19,0,30,7,30,30,5,0,0,14,12,143,8,0,0,0.05,1
168,30,6,24,16,6,0,19,0,30,7,30,30,6,0,1,15,13,143,8,0,0,0.05,1
169,30,7,23,16,7,0,19,0,30,7,30,30,7,0,1,16,14,143,8,0,0,0.05,1
170,30,7,23,16,7,0,19,0,30,7,30,30,7,0,0,16,14,143,8,0,0,0.05,1
171,30,7,23,16,7,0,19,0,30,7,30,30,7,0,0,16,14,145,8,2,2,0.05,1
172,29,7,22,16,7,0,19,0,30,7,30,29,7,0,0,16,14,145,8,1,0,0.05,1
173,30,7,23,16,7,0,19,0,30,7,30,30,7,0,0,16,14,147,8,1,2,0.05,1
174,30,7,23,16,7,0,19,0,30,7,30,30,7,0,0,16,14,147,8,0,0,0.05,1
175,30,8,22,16,8,0,19,0,30,7,30,30,8,0,1,17,15,147,8,0,0,0.05,1
176,30,8,22,16,8,0,19,0,30,7,30,30,8,0,0,17,15,147,8,0,0,0.05,1
177,30,8,22,16,8,0,19,0,30,7,30,30,8,0,0,17,15,147,8,0,0,0.05,1
178,30,8,22,16,8,0,19,0,30,7,30,30,8,0,0,17,15,149,8,2,2,0.05,1
179,30,7,23,16,7,0,19,0,30,7,30,30,7,0,0,17,15,150,8,1,1,0.05,1
180,30,7,23,16,7,0,19,0,30,7,30,30,7,0,0,17,15,152,8,2,2,0.05,1
181,30,7,23,16,7,0,19,0,30,7,30,30,7,0,0,17,15,152,8,0,0,0.05,1
182,30,7,23,16,7,0,19,0,30,7,30,30,7,0,0,17,15,152,8,0,0,0.05,1
183,30,7,23,16,7,0,19,0,30,8,30,30,7,0,0,17,15,152,8,0,0,0.05,1
184,30,7,23,16,7,0,19,0,30,8,30,30,7,0,0,17,15,152,8,0,0,0.05,1
185,29,7,22,16,7,0,19,0,30,8,30,29,7,0,0,17,15,153,8,2,1,0.05,1
186,29,8,21,15,8,0,19,0,30,9,30,29,8,1,1,18,16,154,8,1,1,0.05,1
187,30,8,22,16,8,0,19,0,30,9,30,30,8,0,0,18,16,157,9,2,3,0.05,1
188,30,8,22,16,8,0,19,0,30,9,30,30,8,0,0,18,16,157,9,0,0,0.05,1
189,30,8,22,16,8,0,19,0,30,9,30,30,8,0,0,18,16,157,9,0,0,0.05,1
190,30,8,22,16,8,0,19,0,30,9,30,30,8,0,0,18,16,157,9,0,0,0.05,1
191,30,8,22,16,8,0,19,0,30,9,30,30,8,0,0,18,16,157,9,0,0,0.05,1
192,30,8,22,15,8,0,19,0,30,9,30,30,8,0,0,18,16,158,9,1,1,0.05,1
193,30,8,22,15,8,0,19,0,30,9,30,30,8,0,0,18,16,159,9,1,1,0.05,1
194,30,8,22,14,8,0,19,0,30,9,30,30,8,0,0,18,16,162,10,3,3,0.05,1
195,30,8,22,14,8,0,19,0,30,9,30,30,8,0,0,18,16,162,10,0,0,0.05,1
196,30,8,22,14,8,0,19,0,30,9,30,30,8,0,0,18,16,162,10,0,0,0.05,1
197,30,8,22,14,8,0,19,0,30,9,30,30,8,0,0,18,16,162,10,0,0,0.05,1
198,30,8,22,14,8,0,19,0,30,9,30,30,8,0,0,18,16,162,10,0,0,0.05,1
199,30,9,21,14,9,0,19,0,30,9,30,30,9,0,1,19,17,163,10,1,1,0.05,1
200,30,9,21,14,9,0,19,0,30,9,30,30,9,0,0,19,17,164,10,1,1,0.05,1
201,30,9,21,14,9,0,19,0,30,9,30,30,9,0,0,19,17,167,10,3,3,0.05,1
202,30,9,21,14,9,0,19,0,30,9,30,30,9,0,0,19,17,167,10,0,0,0.05,1
203,30,9,21,14,9,0,19,0,30,9,30,30,9,0,0,19,17,167,10,0,0,0.05,1
204,30,9,21,14,9,0,19,0,30,9,30,30,9,0,0,19,17,167,10,0,0,0.05,1
205,30,9,21,14,9,0,19,0,30,9,30,30,9,0,0,19,17,167,10,0,0,0.05,1
206,30,9,21,14,9,0,19,0,30,9,30,30,9,0,0,19,17,168,10,1,1,0.05,1
207,30,9,21,14,9,0,19,0,30,9,30,30,9,0,0,19,17,169,10,1,1,0.05,1
208,30,9,21,14,9,0,19,0,30,9,30,30,9,0,0,19,17,172,10,3,3,0.05,1
209,30,9,21,14,9,0,19,0,30,9,30,30,9,0,0,19,17,172,10,0,0,0.05,1
210,30,9,21,14,9,0,19,0,30,9,30,30,9,0,0,19,17,172,10,0,0,0.05,1
211,30,9,21,14,9,0,19,0,30,9,30,30,9,0,0,19,17,172,10,0,0,0.05,1
212,30,9,21,14,9,0,19,0,30,9,30,30,9,0,0,19,17,172,10,0,0,0.05,1
213,29,9,20,14,9,0,19,0,30,9,30,29,9,0,0,19,17,172,10,1,0,0.05,1
214,30,9,21,14,9,0,19,0,30,9,30,30,9,0,0,19,17,174,10,1,2,0.05,1
215,30,9,21,14,9,0,19,0,30,9,30,30,9,0,0,19,17,177,10,3,3,0.05,1
216,30,9,21,14,9,0,19,0,30,9,30,30,9,0,0,19,17,177,10,0,0,0.05,1
217,30,9,21,14,9,0,19,0,30,9,30,30,9,0,0,19,17,177,10,0,0,0.05,1
218,30,10,20,14,10,0,19,0,30,9,30,30,10,0,1,20,18,177,10,0,0,0.05,1
219,30,10,20,14,10,0,19,0,30,9,30,30,10,0,0,20,18,177,10,0,0,0.05,1
220,30,10,20,14,10,0,19,0,30,2,30,30,10,0,0,20,18,177,10,0,0,0.05,1
221,29,10,19,14,10,0,19,0,30,2,30,29,10,0,0,20,18,177,10,1,0,0.05,1
222,30,10,20,14,10,0,19,0,30,2,30,30,10,0,0,20,18,181,10,3,4,0.05,1
223,30,10,20,14,10,0,19,0,30,2,30,30,10,0,0,20,18,181,10,0,0,0.05,1
224,30,10,20,14,10,0,19,0,30,2,30,30,10,0,0,20,18,181,10,0,0,0.05,1
225,30,10,20,14,10,0,19,0,30,2,30,30,10,0,0,20,18,181,10,0,0,0.05,1
226,30,10,20,14,10,0,19,0,30,2,30,30,10,0,0,20,18,181,11,0,0,0.05,1
227,30,10,20,14,10,0,19,0,30,2,30,30,10,0,0,20,18,181,11,0,0,0.05,1
228,30,9,21,15,9,0,19,0,30,2,30,30,9,0,0,20,18,182,11,1,1,0.05,1
229,29,9,20,15,9,0,19,0,30,2,30,29,9,0,0,20,18,185,11,4,3,0.05,1
230,30,9,21,15,9,0,19,0,30,2,30,30,9,0,0,20,18,186,11,0,1,0.05,1
231,30,9,21,15,9,0,19,0,30,2,30,30,9,0,0,20,18,186,11,0,0,0.05,1
232,30,9,21,15,9,0,19,0,30,2,30,30,9,0,0,20,18,186,11,0,0,0.05,1
233,30,9,21,15,9,0,19,0,30,2,30,30,9,0,0,20,18,186,11,0,0,0.05,1
234,30,9,21,15,9,0,19,0,30,2,30,30,9,0,0,20,18,186,11,0,0,0.05,1
235,30,9,21,15,9,0,19,0,30,2,30,30,9,0,0,20,18,187,11,1,1,0.05,1
236,30,9,21,15,9,0,19,0,30,2,30,30,9,0,0,20,18,190,11,3,3,0.05,1
237,30,9,21,15,9,0,19,0,30,2,30,30,9,0,0,20,18,191,11,1,1,0.05,1
238,30,9,21,15,9,0,19,0,30,2,30,30,9,0,0,20,18,191,11,0,0,0.05,1
239,30,9,21,15,9,0,19,0,30,2,30,30,9,0,0,20,18,191,11,0,0,0.05,1
240,30,9,21,15,9,0,19,0,30,3,30,30,9,0,0,20,18,191,11,0,0,0.05,1
241,30,9,21,15,9,0,19,0,30,3,30,30,9,0,0,20,18,191,11,0,0,0.05,1
242,30,10,20,15,10,1,19,0,30,3,30,30,10,0,0,21,18,192,11,1,1,0.05,1
243,30,11,19,15,11,2,19,0,30,3,30,30,11,0,0,22,18,195,11,3,3,0.05,1
244,30,12,18,15,12,2,19,0,30,4,30,30,12,0,1,23,19,196,11,1,1,0.05,1
245,30,12,18,15,12,2,19,0,30,4,30,30,12,0,0,23,19,196,11,0,0,0.05,1
246,30,12,18,15,12,2,19,0,30,4,30,30,12,0,0,23,19,196,11,0,0,0.05,1
247,30,12,18,15,12,2,19,0,30,4,30,30,12,0,0,23,19,196,11,0,0,0.05,1
248,30,12,18,15,12,2,19,0,30,4,30,30,12,0,0,23,19,196,11,0,0,0.05,1
249,30,11,19,15,11,1,19,0,30,4,30,30,11,0,0,23,19,197,11,1,1,0.05,1
250,28,10,18,14,10,0,19,0,30,4,30,28,10,1,0,23,19,197,11,2,0,0.05,1
251,30,10,20,15,10,0,19,0,30,4,30,30,10,0,0,23,19,200,11,1,3,0.05,1
252,30,10,20,15,10,0,19,0,30,4,30,30,10,0,0,23,19,200,11,0,0,0.05,1
253,30,11,19,15,11,0,19,0,30,4,30,30,11,0,1,24,20,200,12,0,0,0.05,1
254,30,11,19,15,11,0,19,0,30,4,30,30,11,0,0,24,20,200,12,0,0,0.05,1
255,30,11,19,15,11,0,19,0,30,5,30,30,11,0,0,24,20,200,12,0,0,0.05,1
256,30,11,19,15,11,0,19,0,30,5,30,30,11,0,0,24,20,200,12,0,0,0.05,1
257,29,10,19,15,10,0,19,0,30,5,30,29,10,1,0,24,20,200,12,1,0,0.05,1
258,30,10,20,16,10,0,19,0,30,5,30,30,10,0,0,24,20,204,12,3,4,0.05,1
259,30,10,20,16,10,0,19,0,30,5,30,30,10,0,0,24,20,204,12,0,0,0.05,1
260,30,10,20,16,10,0,19,0,30,5,30,30,10,0,0,24,20,204,12,0,0,0.05,1
261,30,10,20,16,10,0,19,0,30,5,30,30,10,0,0,24,20,204,12,0,0,0.05,1
262,30,10,20,16,10,0,19,0,30,5,30,30,10,0,0,24,20,204,12,0,0,0.05,1
263,30,9,21,15,9,0,19,0,30,5,30,30,9,0,0,24,20,205,12,1,1,0.05,1
264,30,9,21,15,9,0,19,0,30,5,30,30,9,0,0,24,20,205,12,0,0,0.05,1
265,30,9,21,15,9,0,19,0,30,5,30,30,9,0,0,24,20,209,12,4,4,0.05,1
266,30,9,21,15,9,0,19,0,30,5,30,30,9,0,0,24,20,209,12,0,0,0.05,1
267,30,9,21,15,9,0,19,0,30,5,30,30,9,0,0,24,20,209,12,0,0,0.05,1
268,30,9,21,15,9,0,19,0,30,5,30,30,9,0,0,24,20,209,12,0,0,0.05,1
269,30,9,21,15,9,0,19,0,30,5,30,30,9,0,0,24,20,209,12,0,0,0.05,1
270,30,9,21,15,9,0,19,0,30,5,30,30,9,0,0,24,20,210,12,1,1,0.05,1
271,30,9,21,15,9,0,19,0,30,5,30,30,9,0,0,24,20,210,12,0,0,0.05,1
272,30,9,21,15,9,0,19,0,30,5,30,30,9,0,0,24,20,214,12,4,4,0.05,1
273,30,9,21,15,9,0,19,0,30,5,30,30,9,0,0,24,20,214,12,0,0,0.05,1
274,30,9,21,15,9,0,19,0,30,5,30,30,9,0,0,24,20,214,12,0,0,0.05,1
275,30,9,21,15,9,0,19,0,30,5,30,30,9,0,0,24,20,214,12,0,0,0.05,1
276,30,10,20,15,10,0,19,0,30,5,30,30,10,0,1,25,21,214,12,0,0,0.05,1
277,30,10,20,15,10,0,19,0,30,5,30,30,10,0,0,25,21,215,12,1,1,0.05,1
278,30,10,20,15,10,0,19,0,30,5,30,30,10,0,0,25,21,215,12,0,0,0.05,1
279,29,10,19,14,10,0,19,0,30,6,30,29,10,1,0,25,21,218,12,4,3,0.05,1
280,30,10,20,15,10,0,19,0,30,6,30,30,10,0,0,25,21,219,12,0,1,0.05,1
281,30,10,20,15,10,0,19,0,30,6,30,30,10,0,0,25,21,219,12,0,0,0.05,1
282,30,10,20,15,10,0,19,0,30,6,30,30,10,0,0,25,21,219,12,0,0,0.05,1
283,30,10,20,15,10,0,19,0,30,6,30,30,10,0,0,25,21,219,12,0,0,0.05,1
284,30,10,20,15,10,0,19,0,30,6,30,30,10,0,0,25,21,220,12,1,1,0.05,1
285,30,10,20,15,10,0,19,0,30,6,30,30,10,0,0,25,21,220,12,0,0,0.05,1
286,29,10,19,15,10,0,19,0,30,6,30,29,10,0,0,25,21,222,12,3,2,0.05,1
287,30,10,20,15,10,0,19,0,30,6,30,30,10,0,0,25,21,224,12,1,2,0.05,1
288,30,10,20,15,10,0,19,0,30,6,30,30,10,0,0,25,21,224,12,0,0,0.05,1
289,30,10,20,15,10,0,19,0,30,6,30,30,10,0,0,25,21,224,12,0,0,0.05,1
290,30,11,19,15,11,0,19,0,30,7,30,30,11,0,1,26,22,224,12,0,0,0.05,1
291,30,11,19,15,11,0,19,0,30,7,30,30,11,0,0,26,22,225,12,1,1,0.05,1
292,30,11,19,15,11,0,19,0,30,7,30,30,11,0,0,26,22,225,12,0,0,0.05,1
293,30,11,19,15,11,0,19,0,30,7,30,30,11,0,0,26,22,227,12,2,2,0.05,1
294,30,11,19,15,11,0,19,0,30,7,30,30,11,0,0,26,22,229,12,2,2,0.05,1
295,30,11,19,15,11,0,19,0,30,7,30,30,11,0,0,26,22,229,12,0,0,0.05,1
296,30,11,19,15,11,0,19,0,30,7,30,30,11,0,0,26,22,229,12,0,0,0.05,1
297,30,11,19,15,11,0,19,0,30,7,30,30,11,0,0,26,22,229,12,0,0,0.05,1
298,30,11,19,15,11,0,19,0,30,8,30,30,11,0,0,26,22,230,12,1,1,0.05,1
299,30,11,19,15,11,0,19,0,30,8,30,30,11,0,0,26,22,230,12,0,0,0.05,1
300,30,11,19,15,11,0,19,0,30,8,30,30,11,0,0,26,22,232,12,2,2,0.05,1
301,30,13,17,15,13,2,19,0,30,8,30,30,13,0,0,28,22,234,12,2,2,0.05,1
302,30,13,17,15,13,2,19,0,30,8,30,30,13,0,0,28,22,234,12,0,0,0.05,1
303,30,13,17,15,13,2,19,0,30,8,30,30,13,0,0,28,22,234,12,0,0,0.05,1
304,30,13,17,15,13,2,19,0,30,8,30,30,13,0,0,28,22,234,12,0,0,0.05,1
305,29,13,16,15,13,2,19,0,30,9,30,29,13,0,0,28,22,234,12,1,0,0.05,1
306,30,13,17,15,13,2,19,0,30,9,30,30,13,0,0,28,22,235,12,0,1,0.05,1
307,29,13,16,15,13,2,19,0,30,9,30,29,13,0,0,28,22,236,12,2,1,0.05,1
308,30,11,19,15,11,0,19,0,30,9,30,30,11,0,0,28,22,239,12,2,3,0.05,1
309,30,11,19,15,11,0,19,0,30,9,30,30,11,0,0,28,22,239,12,0,0,0.05,1
310,30,11,19,15,11,0,19,0,30,9,30,30,11,0,0,28,22,239,12,0,0,0.05,1
311,30,11,19,15,11,0,19,0,30,10,30,30,11,0,0,28,22,239,12,0,0,0.05,1
312,30,11,19,15,11,0,19,0,30,10,30,30,11,0,0,28,22,239,12,0,0,0.05,1
313,30,11,19,15,11,0,19,0,30,10,30,30,11,0,0,28,22,240,12,1,1,0.05,1
314,30,11,19,15,11,0,19,0,30,10,30,30,11,0,0,28,22,241,12,1,1,0.05,1
315,30,11,19,15,11,0,19,0,30,10,30,30,11,0,0,28,22,244,12,3,3,0.05,1
316,30,11,19,15,11,0,19,0,30,11,30,30,11,0,0,28,22,244,12,0,0,0.05,1
317,30,11,19,15,11,0,19,0,30,11,30,30,11,0,0,28,22,244,12,0,0,0.05,1
318,30,11,19,15,11,0,19,1,30,11,30,30,11,0,0,28,22,244,12,0,0,0.05,1
319,30,11,19,15,11,0,19,0,30,11,30,30,11,0,0,28,22,244,12,0,0,0.05,1
320,30,11,19,15,11,0,19,0,30,11,30,30,11,0,0,28,22,245,12,1,1,0.05,1
321,30,11,19,15,11,0,19,0,30,11,30,30,11,0,0,28,22,246,12,1,1,0.05,1
322,28,11,17,14,11,0,19,0,30,11,30,28,11,1,0,28,22,247,12,3,1,0.05,1
323,30,11,19,15,11,0,19,0,30,11,30,30,11,0,0,28,22,249,12,0,2,0.05,1
324,30,11,19,15,11,0,19,0,30,12,30,30,11,0,0,28,22,249,12,0,0,0.05,1
325,30,12,18,15,12,0,19,0,30,12,30,30,12,0,1,29,23,249,12,0,0,0.05,1
326,30,12,18,15,12,0,19,0,30,12,30,30,12,0,0,29,23,249,12,0,0,0.05,1
327,30,12,18,15,12,0,19,0,30,12,30,30,12,0,0,29,23,250,12,1,1,0.05,1
328,30,12,18,15,12,0,19,0,30,12,30,30,12,0,0,29,23,250,12,0,0,0.05,1
329,30,13,17,15,13,0,19,0,30,12,30,30,13,0,1,30,24,251,12,1,1,0.05,1
330,30,13,17,15,13,0,19,0,30,12,30,30,13,0,0,30,24,252,12,1,1,0.05,1
331,30,13,17,15,13,0,19,0,30,12,30,30,13,0,0,30,24,252,12,0,0,0.05,1
332,30,13,17,15,13,0,19,0,30,13,30,30,13,0,0,30,24,252,12,0,0,0.05,1
333,30,13,17,15,13,0,19,0,30,13,30,30,13,0,0,30,24,252,12,0,0,0.05,1
334,30,13,17,15,13,0,19,0,30,13,30,30,13,0,0,30,24,253,12,1,1,0.05,1
335,30,12,18,15,12,0,19,0,30,14,30,30,12,0,0,30,24,254,12,1,1,0.05,1
336,30,12,18,15,12,0,19,0,30,15,30,30,12,0,0,30,24,255,12,1,1,0.05,1
337,30,11,19,15,11,0,19,0,30,15,30,30,11,0,0,30,24,257,12,2,2,0.05,1
338,30,12,18,15,12,0,19,0,30,15,30,30,12,0,1,31,25,257,12,0,0,0.05,1
339,30,12,18,15,12,0,19,0,30,15,30,30,12,0,0,31,25,257,12,0,0,0.05,1
340,30,13,17,15,13,0,19,0,30,15,30,30,13,0,1,32,26,257,12,0,0,0.05,1
341,30,13,17,15,13,0,19,0,30,15,30,30,13,0,0,32,26,257,12,0,0,0.05,1
342,29,13,16,14,13,0,19,0,30,15,30,29,13,1,0,32,26,257,12,1,0,0.05,1
343,30,13,17,15,13,0,19,0,30,15,30,30,13,0,0,32,26,259,12,1,2,0.05,1
344,30,13,17,15,13,0,19,0,30,15,30,30,13,0,0,32,26,260,12,1,1,0.05,1
345,30,14,16,15,14,0,19,0,30,15,30,30,14,0,1,33,27,260,12,0,0,0.05,1
346,30,14,16,15,14,0,19,0,30,15,30,30,14,0,0,33,27,260,12,0,0,0.05,1
347,30,14,16,15,14,0,19,0,30,15,30,30,14,0,0,33,27,260,13,0,0,0.05,1
348,30,13,17,16,13,0,19,0,30,15,30,30,13,0,0,33,27,261,13,1,1,0.05,1
349,30,14,16,16,14,0,19,0,30,15,30,30,14,0,1,34,28,261,15,0,0,0.05,1
350,30,15,15,15,15,0,19,0,30,15,30,30,15,0,1,35,29,263,15,2,2,0.05,1
351,30,14,16,15,14,0,19,0,30,15,30,30,14,0,0,35,29,265,15,2,2,0.05,1
352,30,15,15,15,15,0,19,0,30,15,30,30,15,0,1,36,30,265,15,0,0,0.05,1
353,30,15,15,15,15,0,19,0,30,15,30,30,15,0,0,36,30,265,15,0,0,0.05,1
354,30,15,15,15,15,0,19,0,30,15,30,30,15,0,0,36,30,265,15,0,0,0.05,1
355,30,15,15,15,15,0,19,0,30,15,30,30,15,0,0,36,30,265,15,0,0,0.05,1
356,30,15,15,15,15,0,19,0,30,15,30,30,15,0,0,36,30,265,16,0,0,0.05,1
357,30,16,14,15,16,0,19,0,30,15,30,30,16,0,1,37,31,266,16,1,1,0.05,1
358,30,16,14,14,16,0,19,0,30,15,30,30,16,0,0,37,31,268,16,2,2,0.05,1
359,30,16,14,14,16,0,19,0,30,15,30,30,16,0,0,37,31,268,16,0,0,0.05,1
360,30,16,14,14,16,0,19,0,30,15,30,30,16,0,0,37,31,268,16,0,0,0.05,1
361,30,17,13,14,17,0,19,0,30,15,30,30,17,0,1,38,32,268,16,0,0,0.05,1
362,30,16,14,13,16,0,19,0,30,16,30,30,16,0,0,38,32,269,16,1,1,0.05,1
363,30,17,13,13,17,0,19,0,30,16,30,30,17,0,1,39,33,269,16,0,0,0.05,1
364,30,16,14,14,16,0,19,0,30,16,30,30,16,0,0,39,33,270,16,1,1,0.05,1
365,29,16,13,14,16,0,19,0,30,16,30,29,16,0,0,39,33,270,16,1,0,0.05,1
366,30,16,14,14,16,0,19,0,30,16,30,30,16,0,0,39,33,271,17,0,1,0.05,1
367,30,16,14,14,16,0,19,0,30,16,30,30,16,0,0,39,33,271,17,0,0,0.05,1
368,30,16,14,14,16,0,19,0,30,16,30,30,16,0,0,39,33,271,17,0,0,0.05,1
369,30,16,14,14,16,0,19,1,30,16,30,30,16,0,0,39,33,272,17,1,1,0.05,1
370,30,16,14,14,16,0,19,0,30,16,30,30,16,0,0,39,33,272,18,0,0,0.05,1
371,30,16,14,14,16,0,19,0,30,16,30,30,16,0,1,40,34,274,18,2,2,0.05,1
372,30,15,15,15,15,0,19,1,30,16,30,30,15,0,0,40,34,275,18,1,1,0.05,1
373,30,15,15,15,15,0,19,0,30,17,30,30,15,0,0,40,34,276,18,1,1,0.05,1
374,30,15,15,15,15,0,19,0,30,17,30,30,15,0,0,40,34,276,18,0,0,0.05,1
375,30,15,15,15,15,0,19,0,30,17,30,30,15,0,0,40,34,276,18,0,0,0.05,1
376,29,15,14,15,15,0,19,0,30,17,30,29,15,0,0,40,34,276,18,1,0,0.05,1
377,30,15,15,15,15,0,19,0,30,17,30,30,15,0,0,40,34,277,19,0,1,0.05,1
378,30,15,15,15,15,0,19,0,30,17,30,30,15,0,0,40,34,278,19,1,1,0.05,1
379,30,15,15,14,15,0,19,0,30,18,30,30,15,0,0,40,34,279,19,1,1,0.05,1
380,30,15,15,14,15,0,19,0,30,18,30,30,15,0,0,40,34,280,19,1,1,0.05,1
381,30,16,14,14,16,0,19,0,30,19,30,30,16,0,1,41,35,280,19,0,0,0.05,1
382,30,16,14,14,16,0,19,0,30,19,30,30,16,0,0,41,35,280,20,0,0,0.05,1
383,30,17,13,14,17,0,19,0,30,19,30,30,17,0,1,42,36,280,20,0,0,0.05,1
384,30,17,13,14,17,0,19,1,30,19,30,30,17,0,0,42,36,281,20,1,1,0.05,1
385,30,17,13,14,17,0,19,0,30,19,30,30,17,0,1,43,37,283,20,2,2,0.05,1
386,30,17,13,14,17,0,19,0,30,20,30,30,17,0,0,43,37,283,20,0,0,0.05,1
387,30,17,13,14,17,0,19,0,30,20,30,30,17,0,0,43,37,283,20,0,0,0.05,1
388,30,17,13,14,17,0,19,1,30,20,30,30,17,0,0,43,37,283,20,0,0,0.05,1
389,30,18,12,14,18,0,19,0,30,20,30,30,18,0,1,44,38,283,20,0,0,0.05,1
390,30,18,12,14,18,0,19,0,30,20,30,30,18,0,0,44,38,283,20,0,0,0.05,1
391,30,18,12,14,18,0,19,0,30,20,30,30,18,0,0,44,38,284,21,1,1,0.05,1
392,29,18,11,14,18,0,19,0,30,20,30,29,18,0,0,44,38,284,21,1,0,0.05,1
393,30,17,13,14,17,0,19,0,30,20,30,30,17,0,0,44,38,286,21,1,2,0.05,1
394,30,16,14,15,16,0,19,0,30,20,30,30,16,0,0,44,38,287,21,1,1,0.05,1
395,30,16,14,15,16,0,19,0,30,20,30,30,16,0,0,44,38,287,21,0,0,0.05,1
396,30,16,14,15,16,0,19,0,30,20,30,30,16,0,0,44,38,287,21,0,0,0.05,1
397,30,17,13,15,17,0,19,0,30,20,30,30,17,0,1,45,39,287,21,0,0,0.05,1
398,30,17,13,15,17,0,19,1,30,20,30,30,17,0,0,45,39,288,21,1,1,0.05,1
399,30,16,14,15,16,0,19,0,30,20,30,30,16,0,0,45,39,289,21,1,1,0.05,1
400,30,16,14,15,16,0,19,0,30,1,30,30,16,0,0,45,39,291,21,2,2,0.05,1
401,30,16,14,15,16,0,19,0,30,1,30,30,16,0,0,45,39,292,21,1,1,0.05,1
402,30,16,14,15,16,0,19,0,30,1,30,30,16,0,0,45,39,292,21,0,0,0.05,1
403,30,16,14,15,16,0,19,0,30,1,30,30,16,0,0,45,39,292,21,0,0,0.05,1
404,30,16,14,15,16,0,19,0,30,1,30,30,16,0,0,45,39,292,21,0,0,0.05,1
405,30,16,14,15,16,0,19,0,30,1,30,30,16,0,0,45,39,293,21,1,1,0.05,1
406,30,16,14,15,16,0,19,0,30,1,30,30,16,0,0,45,39,294,21,1,1,0.05,1
407,29,16,13,15,16,0,19,0,30,1,30,29,16,0,0,45,39,295,21,2,1,0.05,1
408,30,16,14,15,16,0,19,0,30,1,30,30,16,0,0,45,39,297,21,1,2,0.05,1
409,30,16,14,15,16,0,19,0,30,1,30,30,16,0,0,45,39,297,21,0,0,0.05,1
410,30,16,14,15,16,0,19,0,30,1,30,30,16,0,0,45,39,297,21,0,0,0.05,1
411,30,16,14,15,16,0,19,0,30,1,30,30,16,0,0,45,39,297,21,0,0,0.05,1
412,30,16,14,15,16,0,19,0,30,1,30,30,16,0,0,45,39,298,21,1,1,0.05,1
413,30,16,14,15,16,0,19,0,30,1,30,30,16,0,0,45,39,299,21,1,1,0.05,1
414,29,16,13,15,16,0,19,0,30,1,30,29,16,0,0,45,39,299,21,1,0,0.05,1
415,29,16,13,14,16,0,19,0,30,1,30,29,16,1,0,45,39,301,21,2,2,0.05,1
416,30,16,14,15,16,0,19,0,30,1,30,30,16,0,0,45,39,302,21,0,1,0.05,1
417,30,16,14,15,16,0,19,0,30,1,30,30,16,0,0,45,39,302,21,0,0,0.05,1
418,30,16,14,15,16,0,19,0,30,1,30,30,16,0,0,45,39,302,21,0,0,0.05,1
419,30,16,14,15,16,0,19,0,30,1,30,30,16,0,0,45,39,303,21,1,1,0.05,1
420,30,16,14,15,16,0,19,0,30,1,30,30,16,0,0,45,39,304,21,1,1,0.05,1
421,30,16,14,15,16,0,19,0,30,1,30,30,16,0,0,45,39,304,21,0,0,0.05,1
422,30,16,14,15,16,0,19,0,30,1,30,30,16,0,0,45,39,306,21,2,2,0.05,1
423,30,16,14,15,16,0,19,0,30,1,30,30,16,0,0,45,39,307,21,1,1,0.05,1
424,30,16,14,15,16,0,19,0,30,2,30,30,16,0,0,45,39,307,21,0,0,0.05,1
425,30,16,14,15,16,0,19,0,30,2,30,30,16,0,0,45,39,307,21,0,0,0.05,1
426,30,16,14,15,16,0,19,0,30,2,30,30,16,0,0,45,39,308,21,1,1,0.05,1
427,30,16,14,15,16,0,19,0,30,2,30,30,16,0,0,45,39,309,21,1,1,0.05,1
428,30,16,14,15,16,0,19,0,30,2,30,30,16,0,0,45,39,309,21,0,0,0.05,1
429,30,16,14,15,16,0,19,0,30,2,30,30,16,0,0,45,39,311,21,2,2,0.05,1
430,30,16,14,15,16,0,19,0,30,2,30,30,16,0,0,45,39,312,21,1,1,0.05,1
431,30,16,14,15,16,0,19,0,30,2,30,30,16,0,0,45,39,312,21,0,0,0.05,1
432,30,16,14,15,16,0,19,0,30,2,30,30,16,0,0,45,39,312,21,0,0,0.05,1
433,30,16,14,15,16,0,19,0,30,2,30,30,16,0,0,45,39,313,21,1,1,0.05,1
434,30,16,14,15,16,0,19,0,30,2,30,30,16,0,0,45,39,314,21,1,1,0.05,1
435,30,16,14,15,16,0,19,0,30,2,30,30,16,0,0,45,39,314,21,0,0,0.05,1
436,29,16,13,15,16,0,19,0,30,2,30,29,16,0,0,45,39,315,21,2,1,0.05,1
437,30,16,14,15,16,0,19,0,30,2,30,30,16,0,0,45,39,317,21,1,2,0.05,1
438,30,16,14,15,16,0,19,0,30,2,30,30,16,0,0,45,39,317,21,0,0,0.05,1
439,30,16,14,15,16,0,19,0,30,2,30,30,16,0,0,45,39,317,21,0,0,0.05,1
440,29,16,13,15,16,0,19,0,30,2,30,29,16,0,0,45,39,317,21,1,0,0.05,1
441,29,16,13,14,16,0,19,0,30,2,30,29,16,1,0,45,39,318,21,1,1,0.05,1
442,30,16,14,15,16,0,19,0,30,2,30,30,16,0,0,45,39,319,21,0,1,0.05,1
443,30,16,14,15,16,0,19,0,30,2,30,30,16,0,0,45,39,320,21,1,1,0.05,1
444,30,16,14,15,16,0,19,0,30,2,30,30,16,0,0,45,39,322,21,2,2,0.05,1
445,30,17,13,15,17,0,19,0,30,2,30,30,17,0,1,46,40,322,21,0,0,0.05,1
446,30,17,13,15,17,0,19,0,30,2,30,30,17,0,0,46,40,322,21,0,0,0.05,1
447,30,17,13,15,17,0,19,0,30,3,30,30,17,0,0,46,40,322,21,0,0,0.05,1
448,30,17,13,15,17,0,19,0,30,3,30,30,17,0,0,46,40,323,21,1,1,0.05,1
449,30,17,13,15,17,0,19,0,30,3,30,30,17,0,0,46,40,324,22,1,1,0.05,1
450,30,17,13,15,17,0,19,0,30,3,30,30,17,0,0,46,40,325,22,1,1,0.05,1
451,29,17,12,14,17,0,19,0,30,3,30,29,17,1,0,46,40,326,22,2,1,0.05,1
452,30,17,13,15,17,0,19,0,30,3,30,30,17,0,0,46,40,327,22,0,1,0.05,1
453,30,17,13,15,17,0,19,0,30,3,30,30,17,0,0,46,40,327,22,0,0,0.05,1
454,30,17,13,15,17,0,19,0,30,3,30,30,17,0,0,46,40,327,22,0,0,0.05,1
455,30,17,13,15,17,0,19,0,30,4,30,30,17,0,0,46,40,328,22,1,1,0.05,1
456,30,17,13,14,17,0,19,0,30,4,30,30,17,0,0,46,40,329,22,1,1,0.05,1
457,30,17,13,14,17,0,19,1,30,4,30,30,17,0,0,46,40,330,22,1,1,0.05,1
458,30,17,13,14,17,0,19,0,30,5,30,30,17,0,0,46,40,331,22,1,1,0.05,1
459,30,17,13,14,17,0,19,0,30,5,30,30,17,0,0,46,40,332,22,1,1,0.05,1
460,30,17,13,14,17,0,19,0,30,5,30,30,17,0,0,46,40,332,22,0,0,0.05,1
461,30,17,13,14,17,0,19,0,30,5,30,30,17,0,0,46,40,332,22,0,0,0.05,1
462,30,17,13,14,17,0,19,0,30,5,30,30,17,0,0,46,40,333,22,1,1,0.05,1
463,30,17,13,14,17,0,19,0,30,5,30,30,17,0,0,46,40,334,22,1,1,0.05,1
464,30,18,12,14,18,0,19,0,30,5,30,30,18,0,1,47,41,335,22,1,1,0.05,1
465,30,18,12,14,18,0,19,0,30,5,30,30,18,0,0,47,41,336,22,1,1,0.05,1
466,30,18,12,14,18,0,19,0,30,5,30,30,18,0,0,47,41,337,22,1,1,0.05,1
467,30,18,12,14,18,0,19,0,30,5,30,30,18,0,0,47,41,337,22,0,0,0.05,1
468,30,18,12,14,18,0,19,0,30,5,30,30,18,0,0,47,41,337,22,0,0,0.05,1
469,30,18,12,14,18,0,19,0,30,5,30,30,18,0,0,47,41,338,23,1,1,0.05,1
470,30,18,12,14,18,0,19,0,30,6,30,30,18,0,0,47,41,338,23,0,0,0.05,1
471,30,18,12,14,18,0,19,0,30,6,30,30,18,0,0,47,41,339,23,1,1,0.05,1
472,30,18,12,14,18,0,19,0,30,7,30,30,18,0,0,47,41,340,23,1,1,0.05,1
473,30,19,11,14,19,0,19,0,30,7,30,30,19,0,1,48,42,340,23,0,0,0.05,1
474,30,19,11,14,19,0,19,0,30,7,30,30,19,0,0,48,42,340,23,0,0,0.05,1
475,30,19,11,14,19,0,19,0,30,7,30,30,19,0,0,48,42,340,23,0,0,0.05,1
476,30,19,11,14,19,0,19,0,30,7,30,30,19,0,0,48,42,341,23,1,1,0.05,1
477,30,18,12,15,18,0,19,0,30,7,30,30,18,0,0,48,42,342,23,1,1,0.05,1
478,30,18,12,15,18,0,19,0,30,7,30,30,18,0,0,48,42,343,23,1,1,0.05,1
479,30,18,12,15,18,0,19,0,30,7,30,30,18,0,0,48,42,344,23,1,1,0.05,1
480,30,17,13,14,17,0,19,0,30,7,30,30,17,0,0,48,42,345,23,1,1,0.05,1
481,30,17,13,14,17,0,19,0,30,7,30,30,17,0,0,48,42,345,23,0,0,0.05,1
482,30,17,13,14,17,0,19,0,30,7,30,30,17,0,0,48,42,345,23,0,0,0.05,1
483,30,18,12,14,18,1,19,0,30,8,30,30,18,0,0,49,42,346,23,1,1,0.05,1
484,30,18,12,14,18,1,19,0,30,8,30,30,18,0,0,49,42,347,23,1,1,0.05,1
485,29,18,11,14,18,1,19,0,30,8,30,29,18,0,0,49,42,347,23,1,0,0.05,1
486,30,19,11,14,19,1,19,0,30,8,30,30,19,0,1,50,43,349,23,1,2,0.05,1
487,30,19,11,14,19,1,19,0,30,8,30,30,19,0,0,50,43,349,23,0,0,0.05,1
488,30,19,11,14,19,1,19,0,30,10,30,30,19,0,0,50,43,349,23,0,0,0.05,1
489,30,19,11,14,19,1,19,0,30,10,30,30,19,0,0,50,43,349,23,0,0,0.05,1
490,29,19,10,14,19,0,19,0,30,10,30,29,19,0,1,51,44,349,23,1,0,0.05,1
491,30,19,11,14,19,0,19,0,30,10,30,30,19,0,0,51,44,350,23,0,1,0.05,1
492,30,19,11,14,19,0,19,0,30,10,30,30,19,0,0,51,44,350,24,0,0,0.05,1
493,30,19,11,14,19,0,19,0,30,12,30,30,19,0,0,51,44,352,24,2,2,0.05,1
494,30,18,12,15,18,0,19,0,30,12,30,30,18,0,0,51,44,353,24,1,1,0.05,1
495,30,18,12,15,18,0,19,0,30,12,30,30,18,0,0,51,44,353,24,0,0,0.05,1
496,30,19,11,15,19,0,19,0,30,12,30,30,19,0,1,52,45,353,24,0,0,0.05,1
497,30,20,10,15,20,0,19,0,30,12,30,30,20,0,1,53,46,353,24,0,0,0.05,1
498,30,19,11,15,19,0,19,0,30,12,30,30,19,0,0,53,46,355,24,2,2,0.05,1
499,30,19,11,15,19,0,19,0,30,13,30,30,19,0,0,53,46,355,24,0,0,0.05,1
500,30,19,11,15,19,0,19,0,30,13,30,30,19,0,0,53,46,357,24,2,2,0.05,1
501,30,19,11,15,19,0,19,0,30,13,30,30,19,0,0,53,46,358,24,1,1,0.05,1
502,30,19,11,15,19,0,19,0,30,13,30,30,19,0,0,53,46,358,24,0,0,0.05,1
503,30,19,11,15,19,0,19,0,30,13,30,30,19,0,0,53,46,358,24,0,0,0.05,1
504,30,19,11,15,19,0,19,0,30,13,30,30,19,0,0,53,46,358,24,0,0,0.05,1
505,30,19,11,15,19,0,19,0,30,13,30,30,19,0,0,53,46,360,24,2,2,0.05,1
506,30,19,11,15,19,0,19,0,30,13,30,30,19,0,0,53,46,360,24,0,0,0.05,1
507,30,19,11,15,19,0,19,0,30,13,30,30,19,0,0,53,46,362,24,2,2,0.05,1
508,29,22,7,14,22,0,19,0,30,13,30,29,22,1,3,56,49,362,25,1,0,0.05,1
509,30,22,8,15,22,0,19,0,30,13,30,30,22,0,0,56,49,363,25,0,1,0.05,1
510,30,22,8,15,22,0,19,0,30,13,30,30,22,0,0,56,49,363,25,0,0,0.05,1
511,30,22,8,15,22,0,19,0,30,13,30,30,22,0,0,56,49,363,26,0,0,0.05,1
512,30,22,8,15,22,0,19,0,30,13,30,30,22,0,0,56,49,364,26,1,1,0.05,1
513,30,22,8,15,22,0,19,0,30,13,30,30,22,0,0,56,49,364,26,0,0,0.05,1
514,30,22,8,15,22,0,19,1,30,13,30,30,22,0,0,56,49,366,26,2,2,0.05,1
515,30,22,8,15,22,0,19,0,30,13,30,30,22,0,0,56,49,366,26,0,0,0.05,1
516,30,22,8,14,22,0,19,1,30,13,30,30,22,0,0,56,49,367,26,1,1,0.05,1
517,30,22,8,14,22,0,19,0,30,13,30,30,22,0,0,56,49,367,26,0,0,0.05,1
518,30,22,8,14,22,0,19,1,30,13,30,30,22,0,0,56,49,367,26,0,0,0.05,1
519,29,21,8,13,21,0,19,0,30,14,30,29,21,0,0,56,49,368,26,2,1,0.05,1
520,30,21,9,13,21,0,19,0,30,14,30,30,21,0,0,56,49,369,26,0,1,0.05,1
521,30,21,9,13,21,0,19,0,30,15,30,30,21,0,0,56,49,371,26,2,2,0.05,1
522,30,21,9,13,21,0,19,0,30,15,30,30,21,0,0,56,49,371,26,0,0,0.05,1
523,30,21,9,13,21,0,19,0,30,16,30,30,21,0,0,56,49,372,26,1,1,0.05,1
524,30,21,9,13,21,0,19,0,30,17,30,30,21,0,0,56,49,372,26,0,0,0.05,1
525,30,22,8,13,22,0,19,0,30,18,30,30,22,0,1,57,50,372,26,0,0,0.05,1
526,30,22,8,13,22,0,19,0,30,19,30,30,22,0,0,57,50,372,26,0,0,0.05,1
527,30,22,8,13,22,0,19,0,30,19,30,30,22,0,0,57,50,373,26,1,1,0.05,1
528,29,22,7,13,22,0,19,0,30,20,30,29,22,0,0,57,50,374,26,2,1,0.05,1
529,30,22,8,13,22,0,19,0,30,20,30,30,22,0,0,57,50,375,26,0,1,0.05,1
530,30,22,8,13,22,0,19,0,30,20,30,30,22,0,0,57,50,376,26,1,1,0.05,1
531,30,22,8,13,22,0,19,0,30,20,30,30,22,0,0,57,50,376,26,0,0,0.05,1
532,30,22,8,13,22,0,19,0,30,20,30,30,22,0,0,57,50,376,26,0,0,0.05,1
533,30,21,9,13,21,0,19,0,30,20,30,30,21,0,0,57,50,377,26,1,1,0.05,1
534,30,22,8,13,22,0,19,0,30,20,30,30,22,0,1,58,51,378,26,1,1,0.05,1
535,30,23,7,13,23,0,19,0,30,20,30,30,23,0,1,59,52,378,26,0,0,0.05,1
536,30,23,7,13,23,0,19,0,30,20,30,30,23,0,0,59,52,379,26,1,1,0.05,1
537,30,23,7,13,23,0,19,1,30,20,30,30,23,0,0,59,52,380,26,1,1,0.05,1
538,30,23,7,13,23,0,19,0,30,20,30,30,23,0,0,59,52,380,26,0,0,0.05,1
539,30,23,7,13,23,0,19,0,30,20,30,30,23,0,0,59,52,380,26,0,0,0.05,1
540,30,23,7,13,23,0,19,0,30,20,30,30,23,0,0,59,52,381,26,1,1,0.05,1
541,30,24,6,13,24,0,19,0,30,20,30,30,24,0,1,60,53,381,26,0,0,0.05,1
542,29,23,6,13,23,0,19,1,30,20,30,29,23,0,0,60,53,381,26,1,0,0.05,1
543,30,23,7,13,23,0,19,0,30,20,30,30,23,0,0,60,53,383,26,1,2,0.05,1
544,30,23,7,13,23,0,19,0,30,20,30,30,23,0,0,60,53,383,26,0,0,0.05,1
545,30,23,7,13,23,0,19,0,30,20,30,30,23,0,0,60,53,383,26,0,0,0.05,1
546,30,23,7,13,23,0,19,0,30,20,30,30,23,0,0,60,53,383,26,0,0,0.05,1
547,29,23,6,13,23,0,19,1,30,20,30,29,23,0,0,60,53,383,26,1,0,0.05,1
548,30,22,8,13,22,0,19,1,30,20,30,30,22,0,0,60,53,385,26,1,2,0.05,1
549,30,22,8,13,22,0,19,0,30,20,30,30,22,0,0,60,53,385,26,0,0,0.05,1
550,30,22,8,13,22,0,19,0,30,20,30,30,22,0,0,60,53,387,26,2,2,0.05,1
551,30,21,9,13,21,0,19,0,30,20,30,30,21,0,0,60,53,388,26,1,1,0.05,1
552,30,21,9,13,21,0,19,0,30,20,30,30,21,0,0,60,53,388,26,0,0,0.05,1
553,30,21,9,13,21,0,19,0,30,20,30,30,21,0,0,60,53,388,26,0,0,0.05,1
554,30,21,9,13,21,0,19,0,30,20,30,30,21,0,0,60,53,388,26,0,0,0.05,1
555,29,21,8,13,21,0,19,0,30,20,30,29,21,0,0,60,53,389,26,2,1,0.05,1
556,30,21,9,13,21,0,19,0,30,20,30,30,21,0,0,60,53,390,26,0,1,0.05,1
557,30,21,9,13,21,0,19,0,30,20,30,30,21,0,0,60,53,392,26,2,2,0.05,1
558,30,21,9,13,21,0,19,0,30,20,30,30,21,0,0,60,53,393,26,1,1,0.05,1
559,30,22,8,13,22,0,19,0,30,20,30,30,22,0,1,61,54,393,26,0,0,0.05,1
560,30,22,8,13,22,0,19,0,30,20,30,30,22,0,0,61,54,393,26,0,0,0.05,1
561,30,22,8,13,22,0,19,0,30,20,30,30,22,0,0,61,54,393,26,0,0,0.05,1
562,30,22,8,13,22,0,19,0,30,20,30,30,22,0,0,61,54,394,26,1,1,0.05,1
563,30,22,8,13,22,0,19,0,30,20,30,30,22,0,0,61,54,395,26,1,1,0.05,1
564,30,22,8,13,22,0,19,0,30,20,30,30,22,0,0,61,54,397,26,2,2,0.05,1
565,30,23,7,13,23,0,19,0,30,21,30,30,23,0,1,62,55,398,26,1,1,0.05,1
566,30,23,7,13,23,0,19,0,30,21,30,30,23,0,0,62,55,398,26,0,0,0.05,1
567,30,23,7,13,23,0,19,0,30,21,30,30,23,0,0,62,55,398,26,0,0,0.05,1
568,30,24,6,13,24,0,19,1,30,21,30,30,24,0,1,63,56,398,26,0,0,0.05,1
569,30,25,5,13,25,0,19,0,30,21,30,30,25,0,1,64,57,398,26,0,0,0.05,1
570,30,25,5,13,25,0,19,0,30,21,30,30,25,0,0,64,57,398,26,0,0,0.05,1
0,30,0,30,16,0,0,19,0,30,10,30,0,0,0,0,0,0,30,0,0,0,0.05,2
1,30,1,29,16,1,0,19,0,30,10,30,30,1,0,1,1,1,30,0,0,0,0.05,2
2,30,1,29,16,1,0,19,0,30,10,30,30,1,0,0,1,1,31,0,1,1,0.05,2
3,30,1,29,16,1,0,19,0,30,10,30,30,1,0,0,1,1,31,0,0,0,0.05,2
4,30,1,29,16,1,0,19,0,30,10,30,30,1,0,0,1,1,31,0,0,0,0.05,2
5,30,1,29,16,1,0,19,1,30,10,30,30,1,0,0,1,1,31,0,0,0,0.05,2
6,30,1,29,16,1,0,19,0,30,10,30,30,1,0,0,1,1,31,0,0,0,0.05,2
7,30,1,29,16,1,0,19,0,30,10,30,30,1,0,0,1,1,31,0,0,0,0.05,2
8,30,0,30,16,0,0,19,0,30,10,30,30,0,0,0,1,1,32,0,1,1,0.05,2
9,30,1,29,16,1,0,19,0,30,10,30,30,1,0,1,2,2,33,0,1,1,0.05,2
10,30,2,28,16,2,0,19,0,30,10,30,30,2,0,1,3,3,33,0,0,0,0.05,2
11,30,2,28,16,2,0,19,0,30,10,30,30,2,0,0,3,3,33,2,0,0,0.05,2
12,30,2,28,16,2,0,19,0,30,10,30,30,2,0,0,3,3,33,2,0,0,0.05,2
13,30,2,28,16,2,0,19,0,30,10,30,30,2,0,0,3,3,33,2,0,0,0.05,2
14,30,3,27,16,3,0,19,0,30,10,30,30,3,0,1,4,4,33,2,0,0,0.05,2
15,30,3,27,15,3,0,19,0,30,10,30,30,3,0,0,4,4,34,2,1,1,0.05,2
16,30,3,27,15,3,0,19,0,30,10,30,30,3,0,0,4,4,35,2,1,1,0.05,2
17,30,3,27,15,3,0,19,0,30,10,30,30,3,0,0,4,4,35,2,0,0,0.05,2
18,30,3,27,15,3,0,19,0,30,10,30,30,3,0,0,4,4,35,2,0,0,0.05,2
19,30,3,27,15,3,0,19,0,30,10,30,30,3,0,0,4,4,35,2,0,0,0.05,2
20,30,4,26,15,4,0,19,0,30,10,30,30,4,0,1,5,5,35,2,0,0,0.05,2
21,30,4,26,15,4,0,19,1,30,10,30,30,4,0,0,5,5,35,2,0,0,0.05,2
22,30,5,25,15,5,0,19,0,30,10,30,30,5,0,1,6,6,36,4,1,1,0.05,2
23,30,5,25,15,5,0,19,0,30,10,30,30,5,0,0,6,6,37,4,1,1,0.05,2
24,30,5,25,15,5,0,19,0,30,10,30,30,5,0,0,6,6,37,4,0,0,0.05,2
25,30,5,25,15,5,0,19,0,30,11,30,30,5,0,0,6,6,37,4,0,0,0.05,2
26,30,5,25,15,5,0,19,0,30,11,30,30,5,0,0,6,6,37,4,0,0,0.05,2
27,30,5,25,15,5,0,19,0,30,11,30,30,5,0,0,6,6,37,4,0,0,0.05,2
28,30,5,25,15,5,0,19,1,30,11,30,30,5,0,0,6,6,37,4,0,0,0.05,2
29,30,5,25,15,5,0,19,0,30,11,30,30,5,0,0,6,6,38,4,1,1,0.05,2
30,30,5,25,15,5,0,19,0,30,11,30,30,5,0,0,6,6,39,4,1,1,0.05,2
31,30,5,25,15,5,0,19,0,30,11,30,30,5,0,0,6,6,39,4,0,0,0.05,2
32,30,5,25,15,5,0,19,0,30,11,30,30,5,0,0,6,6,39,4,0,0,0.05,2
33,30,6,24,15,6,0,19,0,30,11,30,30,6,0,1,7,7,39,4,0,0,0.05,2
34,30,7,23,15,7,0,19,0,30,11,30,30,7,0,1,8,8,39,4,0,0,0.05,2
35,30,7,23,15,7,0,19,0,30,11,30,30,7,0,0,8,8,39,4,0,0,0.05,2
36,30,7,23,15,7,0,19,0,30,11,30,30,7,0,0,8,8,39,4,0,0,0.05,2
37,30,7,23,15,7,0,19,0,30,11,30,30,7,0,0,8,8,40,4,1,1,0.05,2
38,30,7,23,15,7,0,19,0,30,11,30,30,7,0,0,8,8,40,4,0,0,0.05,2
39,30,7,23,15,7,0,19,0,30,11,30,30,7,0,0,8,8,40,4,0,0,0.05,2
40,30,7,23,15,7,0,19,0,30,3,30,30,7,0,0,8,8,40,4,0,0,0.05,2
41,30,7,23,15,7,0,19,0,30,3,30,30,7,0,0,8,8,40,4,0,0,0.05,2
42,30,7,23,15,7,0,19,0,30,3,30,30,7,0,0,8,8,40,5,0,0,0.05,2
43,30,6,24,15,6,0,19,0,30,3,30,30,6,0,0,8,8,41,5,1,1,0.05,2
44,30,6,24,15,6,0,19,0,30,3,30,30,6,0,0,8,8,42,5,1,1,0.05,2
45,30,6,24,15,6,0,19,0,30,3,30,30,6,0,0,8,8,42,5,0,0,0.05,2
46,30,6,24,15,6,0,19,0,30,3,30,30,6,0,0,8,8,42,5,0,0,0.05,2
47,30,6,24,15,6,0,19,0,30,3,30,30,6,0,0,8,8,42,5,0,0,0.05,2
48,30,6,24,15,6,0,19,0,30,3,30,30,6,0,0,8,8,42,5,0,0,0.05,2
49,30,7,23,15,7,0,19,0,30,3,30,30,7,0,1,9,9,42,5,0,0,0.05,2
50,30,7,23,15,7,0,19,0,30,3,30,30,7,0,0,9,9,43,5,1,1,0.05,2
51,30,7,23,15,7,0,19,0,30,3,30,30,7,0,0,9,9,44,5,1,1,0.05,2
52,30,7,23,15,7,0,19,0,30,3,30,30,7,0,0,9,9,44,5,0,0,0.05,2
53,30,7,23,15,7,0,19,0,30,3,30,30,7,0,0,9,9,44,5,0,0,0.05,2
54,30,7,23,15,7,0,19,0,30,3,30,30,7,0,0,9,9,44,5,0,0,0.05,2
55,30,7,23,15,7,0,19,0,30,3,30,30,7,0,0,9,9,44,5,0,0,0.05,2
56,30,8,22,15,8,0,19,0,30,3,30,30,8,0,1,10,10,44,5,0,0,0.05,2
57,30,8,22,15,8,0,19,0,30,3,30,30,8,0,0,10,10,45,5,1,1,0.05,2
58,30,8,22,15,8,0,19,0,30,3,30,30,8,0,0,10,10,46,5,1,1,0.05,2
59,30,8,22,15,8,0,19,0,30,3,30,30,8,0,0,10,10,46,5,0,0,0.05,2
60,30,8,22,15,8,0,19,0,30,3,30,30,8,0,0,10,10,46,5,0,0,0.05,2
61,30,8,22,15,8,0,19,0,30,3,30,30,8,0,0,10,10,46,5,0,0,0.05,2
62,30,8,22,15,8,0,19,0,30,3,30,30,8,0,0,10,10,46,6,0,0,0.05,2
63,30,8,22,15,8,0,19,0,30,3,30,30,8,0,0,10,10,46,6,0,0,0.05,2
64,30,9,21,15,9,1,19,0,30,3,30,30,9,0,0,11,10,47,6,1,1,0.05,2
65,29,9,20,15,9,1,19,0,30,3,30,29,9,0,0,11,10,47,6,1,0,0.05,2
66,30,9,21,15,9,1,19,0,30,3,30,30,9,0,0,11,10,48,6,0,1,0.05,2
67,30,9,21,15,9,1,19,0,30,3,30,30,9,0,0,11,10,48,6,0,0,0.05,2
68,30,9,21,15,9,1,19,0,30,3,30,30,9,0,0,11,10,48,6,0,0,0.05,2
69,30,9,21,15,9,1,19,0,30,3,30,30,9,0,0,11,10,48,6,0,0,0.05,2
70,30,9,21,15,9,1,19,0,30,3,30,30,9,0,0,11,10,48,6,0,0,0.05,2
71,30,8,22,15,8,0,19,0,30,3,30,30,8,0,0,11,10,49,6,1,1,0.05,2
72,30,8,22,15,8,0,19,0,30,3,30,30,8,0,0,11,10,49,6,0,0,0.05,2
73,30,8,22,15,8,0,19,0,30,3,30,30,8,0,0,11,10,50,6,1,1,0.05,2
74,30,8,22,15,8,0,19,0,30,3,30,30,8,0,0,11,10,50,6,0,0,0.05,2
75,30,8,22,15,8,0,19,0,30,3,30,30,8,0,0,11,10,50,6,0,0,0.05,2
76,30,8,22,15,8,0,19,0,30,3,30,30,8,0,0,11,10,50,6,0,0,0.05,2
77,30,8,22,15,8,0,19,0,30,3,30,30,8,0,0,11,10,50,6,0,0,0.05,2
78,30,8,22,15,8,0,19,0,30,3,30,30,8,0,0,11,10,51,6,1,1,0.05,2
79,30,8,22,15,8,0,19,0,30,3,30,30,8,0,0,11,10,51,6,0,0,0.05,2
80,30,8,22,15,8,0,19,0,30,3,30,30,8,0,0,11,10,52,6,1,1,0.05,2
81,30,8,22,15,8,0,19,0,30,3,30,30,8,0,0,11,10,52,6,0,0,0.05,2
82,30,8,22,15,8,0,19,0,30,3,30,30,8,0,0,11,10,52,6,0,0,0.05,2
83,30,8,22,15,8,0,19,0,30,4,30,30,8,0,0,11,10,52,6,0,0,0.05,2
84,30,8,22,15,8,0,19,0,30,4,30,30,8,0,0,11,10,52,6,0,0,0.05,2
85,30,8,22,15,8,0,19,0,30,4,30,30,8,0,0,11,10,53,6,1,1,0.05,2
86,30,8,22,15,8,0,19,0,30,4,30,30,8,0,0,11,10,53,6,0,0,0.05,2
87,30,8,22,15,8,0,19,0,30,4,30,30,8,0,0,11,10,54,6,1,1,0.05,2
88,30,8,22,15,8,0,19,0,30,4,30,30,8,0,0,11,10,54,6,0,0,0.05,2
89,30,8,22,15,8,0,19,0,30,4,30,30,8,0,0,11,10,54,6,0,0,0.05,2
90,30,8,22,15,8,0,19,0,30,4,30,30,8,0,0,11,10,54,6,0,0,0.05,2
91,30,8,22,15,8,0,19,0,30,4,30,30,8,0,0,11,10,54,6,0,0,0.05,2
92,29,8,21,15,8,0,19,0,30,4,30,29,8,0,0,11,10,54,6,1,0,0.05,2
93,30,8,22,15,8,0,19,0,30,4,30,30,8,0,0,11,10,55,6,0,1,0.05,2
94,30,8,22,15,8,0,19,0,30,4,30,30,8,0,0,11,10,56,6,1,1,0.05,2
95,30,8,22,15,8,0,19,0,30,4,30,30,8,0,0,11,10,56,6,0,0,0.05,2
96,30,8,22,15,8,0,19,0,30,4,30,30,8,0,0,11,10,56,6,0,0,0.05,2
97,30,8,22,15,8,0,19,0,30,4,30,30,8,0,0,11,10,56,6,0,0,0.05,2
98,30,8,22,15,8,0,19,0,30,4,30,30,8,0,0,11,10,56,6,0,0,0.05,2
99,30,8,22,15,8,0,19,0,30,4,30,30,8,0,0,11,10,56,6,0,0,0.05,2
100,30,8,22,15,8,0,19,0,30,4,30,30,8,0,0,11,10,57,6,1,1,0.05,2
101,30,8,22,15,8,0,19,0,30,4,30,30,8,0,0,11,10,58,6,1,1,0.05,2
102,30,8,22,15,8,0,19,0,30,4,30,30,8,0,0,11,10,58,6,0,0,0.05,2
103,30,8,22,15,8,0,19,0,30,4,30,30,8,0,0,11,10,58,6,0,0,0.05,2
104,30,8,22,15,8,0,19,0,30,4,30,30,8,0,0,11,10,58,6,0,0,0.05,2
105,30,8,22,15,8,0,19,0,30,4,30,30,8,0,0,11,10,58,6,0,0,0.05,2
106,30,8,22,15,8,0,19,0,30,4,30,30,8,0,0,11,10,58,6,0,0,0.05,2
107,30,8,22,15,8,0,19,0,30,4,30,30,8,0,0,11,10,59,6,1,1,0.05,2
108,30,8,22,15,8,0,19,0,30,4,30,30,8,0,0,11,10,60,6,1,1,0.05,2
109,30,8,22,15,8,0,19,0,30,4,30,30,8,0,0,11,10,60,6,0,0,0.05,2
110,30,8,22,15,8,0,19,0,30,4,30,30,8,0,0,11,10,60,6,0,0,0.05,2
111,30,8,22,15,8,0,19,0,30,4,30,30,8,0,0,11,10,60,6,0,0,0.05,2
112,30,9,21,15,9,0,19,0,30,4,30,30,9,0,1,12,11,60,6,0,0,0.05,2
113,30,9,21,15,9,0,19,0,30,4,30,30,9,0,0,12,11,60,6,0,0,0.05,2
114,30,9,21,15,9,0,19,0,30,4,30,30,9,0,0,12,11,61,6,1,1,0.05,2
115,29,9,20,15,9,0,19,0,30,4,30,29,9,0,0,12,11,61,6,1,0,0.05,2
116,30,9,21,15,9,0,19,0,30,4,30,30,9,0,0,12,11,62,6,0,1,0.05,2
117,30,9,21,15,9,0,19,0,30,4,30,30,9,0,0,12,11,62,6,0,0,0.05,2
118,30,9,21,15,9,0,19,0,30,4,30,30,9,0,0,12,11,62,6,0,0,0.05,2
119,30,9,21,15,9,0,19,0,30,4,30,30,9,0,0,12,11,62,6,0,0,0.05,2
120,30,9,21,15,9,0,19,0,30,4,30,30,9,0,0,12,11,62,6,0,0,0.05,2
121,30,10,20,15,10,1,19,0,30,4,30,30,10,0,0,13,11,63,6,1,1,0.05,2
122,30,10,20,15,10,1,19,0,30,4,30,30,10,0,0,13,11,63,6,0,0,0.05,2
123,30,10,20,15,10,1,19,0,30,4,30,30,10,0,0,13,11,64,6,1,1,0.05,2
124,30,11,19,15,11,1,19,0,30,5,30,30,11,0,1,14,12,64,6,0,0,0.05,2
125,30,11,19,15,11,1,19,0,30,5,30,30,11,0,0,14,12,64,6,0,0,0.05,2
126,30,11,19,15,11,1,19,0,30,5,30,30,11,0,0,14,12,64,6,0,0,0.05,2
127,30,11,19,15,11,1,19,0,30,5,30,30,11,0,0,14,12,64,6,0,0,0.05,2
128,30,10,20,15,10,0,19,0,30,5,30,30,10,0,0,14,12,65,6,1,1,0.05,2
129,30,10,20,15,10,0,19,0,30,5,30,30,10,0,0,14,12,65,6,0,0,0.05,2
130,30,10,20,15,10,0,19,0,30,5,30,30,10,0,0,14,12,66,6,1,1,0.05,2
131,30,10,20,15,10,0,19,0,30,5,30,30,10,0,0,14,12,66,6,0,0,0.05,2
132,30,10,20,15,10,0,19,0,30,5,30,30,10,0,0,14,12,66,6,0,0,0.05,2
133,30,10,20,15,10,0,19,0,30,5,30,30,10,0,0,14,12,66,6,0,0,0.05,2
134,30,10,20,15,10,0,19,0,30,5,30,30,10,0,0,14,12,66,6,0,0,0.05,2
135,30,10,20,15,10,0,19,0,30,5,30,30,10,0,0,14,12,67,6,1,1,0.05,2
136,30,10,20,15,10,0,19,0,30,5,30,30,10,0,0,14,12,67,6,0,0,0.05,2
137,30,10,20,15,10,0,19,0,30,5,30,30,10,0,0,14,12,68,6,1,1,0.05,2
138,30,10,20,15,10,0,19,0,30,5,30,30,10,0,0,14,12,68,6,0,0,0.05,2
139,30,10,20,15,10,0,19,0,30,5,30,30,10,0,0,14,12,68,6,0,0,0.05,2
140,30,10,20,15,10,0,19,0,30,5,30,30,10,0,0,14,12,68,6,0,0,0.05,2
141,30,10,20,15,10,0,19,0,30,5,30,30,10,0,0,14,12,68,6,0,0,0.05,2
142,30,10,20,15,10,0,19,0,30,5,30,30,10,0,0,14,12,69,6,1,1,0.05,2
143,30,10,20,15,10,0,19,0,30,5,30,30,10,0,0,14,12,69,6,0,0,0.05,2
144,30,10,20,15,10,0,19,0,30,5,30,30,10,0,0,14,12,70,6,1,1,0.05,2
145,30,10,20,15,10,0,19,0,30,5,30,30,10,0,0,14,12,70,6,0,0,0.05,2
146,30,10,20,15,10,0,19,0,30,5,30,30,10,0,0,14,12,70,6,0,0,0.05,2
147,30,10,20,15,10,0,19,0,30,5,30,30,10,0,0,14,12,70,6,0,0,0.05,2
148,30,10,20,15,10,0,19,0,30,5,30,30,10,0,0,14,12,70,6,0,0,0.05,2
149,30,10,20,15,10,0,19,0,30,5,30,30,10,0,0,14,12,71,6,1,1,0.05,2
150,30,10,20,15,10,0,19,0,30,5,30,30,10,0,0,14,12,71,6,0,0,0.05,2
151,30,10,20,15,10,0,19,0,30,5,30,30,10,0,0,14,12,72,6,1,1,0.05,2
152,30,10,20,15,10,0,19,0,30,5,30,30,10,0,0,14,12,72,6,0,0,0.05,2
153,30,10,20,15,10,0,19,0,30,5,30,30,10,0,0,14,12,72,6,0,0,0.05,2
154,30,10,20,15,10,0,19,0,30,5,30,30,10,0,0,14,12,72,6,0,0,0.05,2
155,30,10,20,15,10,0,19,0,30,5,30,30,10,0,0,14,12,72,6,0,0,0.05,2
156,29,10,19,15,10,0,19,0,30,5,30,29,10,0,0,14,12,72,6,1,0,0.05,2
157,30,10,20,15,10,0,19,0,30,5,30,30,10,0,0,14,12,73,6,0,1,0.05,2
158,30,10,20,15,10,0,19,0,30,5,30,30,10,0,0,14,12,74,6,1,1,0.05,2
159,30,10,20,15,10,0,19,0,30,5,30,30,10,0,0,14,12,74,6,0,0,0.05,2
160,30,10,20,15,10,0,19,0,30,5,30,30,10,0,0,14,12,74,6,0,0,0.05,2
161,30,10,20,15,10,0,19,0,30,5,30,30,10,0,0,14,12,74,6,0,0,0.05,2
162,30,10,20,15,10,0,19,0,30,5,30,30,10,0,0,14,12,74,6,0,0,0.05,2
163,30,10,20,15,10,0,19,0,30,5,30,30,10,0,0,14,12,74,6,0,0,0.05,2
164,30,10,20,15,10,0,19,0,30,5,30,30,10,0,0,14,12,75,6,1,1,0.05,2
165,30,10,20,15,10,0,19,0,30,5,30,30,10,0,0,14,12,76,6,1,1,0.05,2
166,30,11,19,15,11,0,19,0,30,5,30,30,11,0,1,15,13,76,6,0,0,0.05,2
167,30,11,19,15,11,0,19,0,30,6,30,30,11,0,0,15,13,76,6,0,0,0.05,2
168,30,11,19,15,11,0,19,0,30,6,30,30,11,0,0,15,13,76,6,0,0,0.05,2
169,30,11,19,15,11,0,19,0,30,6,30,30,11,0,0,15,13,76,6,0,0,0.05,2
170,30,11,19,15,11,0,19,0,30,6,30,30,11,0,0,15,13,76,6,0,0,0.05,2
171,30,11,19,15,11,0,19,0,30,7,30,30,11,0,0,15,13,77,6,1,1,0.05,2
172,29,11,18,15,11,0,19,0,30,7,30,29,11,0,0,15,13,77,6,1,0,0.05,2
173,30,11,19,15,11,0,19,0,30,7,30,30,11,0,0,15,13,78,6,0,1,0.05,2
174,30,11,19,15,11,0,19,0,30,7,30,30,11,0,0,15,13,78,6,0,0,0.05,2
175,30,11,19,15,11,0,19,0,30,7,30,30,11,0,0,15,13,78,6,0,0,0.05,2
176,30,11,19,15,11,0,19,0,30,7,30,30,11,0,0,15,13,78,6,0,0,0.05,2
177,30,11,19,15,11,0,19,0,30,8,30,30,11,0,0,15,13,78,6,0,0,0.05,2
178,30,11,19,15,11,0,19,0,30,8,30,30,11,0,0,15,13,79,6,1,1,0.05,2
179,30,11,19,15,11,0,19,0,30,8,30,30,11,0,0,15,13,79,6,0,0,0.05,2
180,30,11,19,15,11,0,19,0,30,8,30,30,11,0,0,15,13,80,6,1,1,0.05,2
181,30,11,19,15,11,0,19,1,30,8,30,30,11,0,0,15,13,80,6,0,0,0.05,2
182,30,11,19,15,11,0,19,0,30,8,30,30,11,0,0,15,13,80,6,0,0,0.05,2
183,30,11,19,15,11,0,19,0,30,8,30,30,11,0,0,15,13,80,6,0,0,0.05,2
184,30,11,19,15,11,0,19,0,30,8,30,30,11,0,0,15,13,80,6,0,0,0.05,2
185,29,11,18,15,11,0,19,1,30,8,30,29,11,0,0,15,13,80,6,1,0,0.05,2
186,30,11,19,15,11,0,19,1,30,8,30,30,11,0,0,15,13,81,6,0,1,0.05,2
187,29,11,18,15,11,0,19,0,30,8,30,29,11,0,0,15,13,81,6,1,0,0.05,2
188,30,11,19,15,11,0,19,0,30,8,30,30,11,0,0,15,13,82,6,0,1,0.05,2
189,30,11,19,15,11,0,19,0,30,8,30,30,11,0,0,15,13,82,6,0,0,0.05,2
190,30,11,19,15,11,0,19,0,30,8,30,30,11,0,0,15,13,82,6,0,0,0.05,2
191,30,11,19,15,11,0,19,0,30,8,30,30,11,0,0,15,13,82,6,0,0,0.05,2
192,30,11,19,15,11,0,19,0,30,8,30,30,11,0,0,15,13,82,6,0,0,0.05,2
193,30,11,19,15,11,0,19,0,30,9,30,30,11,0,0,15,13,83,6,1,1,0.05,2
194,30,11,19,15,11,0,19,0,30,9,30,30,11,0,0,15,13,83,6,0,0,0.05,2
195,30,11,19,15,11,0,19,0,30,9,30,30,11,0,0,15,13,84,6,1,1,0.05,2
196,30,11,19,15,11,0,19,0,30,9,30,30,11,0,0,15,13,84,6,0,0,0.05,2
197,30,11,19,15,11,0,19,0,30,9,30,30,11,0,0,15,13,84,6,0,0,0.05,2
198,30,11,19,15,11,0,19,0,30,9,30,30,11,0,0,15,13,84,6,0,0,0.05,2
199,30,11,19,15,11,0,19,0,30,9,30,30,11,0,0,15,13,84,6,0,0,0.05,2
200,30,11,19,15,11,0,19,0,30,9,30,30,11,0,0,15,13,85,6,1,1,0.05,2
201,30,11,19,15,11,0,19,0,30,9,30,30,11,0,0,15,13,85,6,0,0,0.05,2
202,30,11,19,15,11,0,19,0,30,9,30,30,11,0,0,15,13,86,6,1,1,0.05,2
203,30,11,19,15,11,0,19,0,30,10,30,30,11,0,0,15,13,86,6,0,0,0.05,2
204,30,11,19,15,11,0,19,0,30,10,30,30,11,0,0,15,13,86,6,0,0,0.05,2
205,30,11,19,15,11,0,19,0,30,10,30,30,11,0,0,15,13,86,6,0,0,0.05,2
206,30,11,19,15,11,0,19,0,30,11,30,30,11,0,0,15,13,86,6,0,0,0.05,2
207,30,11,19,15,11,0,19,0,30,11,30,30,11,0,0,15,13,87,6,1,1,0.05,2
208,30,11,19,15,11,0,19,0,30,11,30,30,11,0,0,15,13,87,6,0,0,0.05,2
209,29,11,18,15,11,0,19,0,30,11,30,29,11,0,0,15,13,87,6,1,0,0.05,2
210,30,11,19,15,11,0,19,0,30,11,30,30,11,0,0,15,13,88,6,0,1,0.05,2
211,30,11,19,15,11,0,19,0,30,11,30,30,11,0,0,15,13,88,6,0,0,0.05,2
212,30,11,19,15,11,0,19,0,30,11,30,30,11,0,0,15,13,88,6,0,0,0.05,2
213,30,11,19,15,11,0,19,0,30,11,30,30,11,0,0,15,13,88,6,0,0,0.05,2
214,30,11,19,15,11,0,19,0,30,11,30,30,11,0,0,15,13,89,6,1,1,0.05,2
215,30,11,19,15,11,0,19,0,30,11,30,30,11,0,0,15,13,89,6,0,0,0.05,2
216,30,11,19,15,11,0,19,0,30,11,30,30,11,0,0,15,13,89,6,0,0,0.05,2
217,30,11,19,15,11,0,19,0,30,11,30,30,11,0,0,15,13,90,6,1,1,0.05,2
218,30,12,18,15,12,0,19,0,30,11,30,30,12,0,1,16,14,90,6,0,0,0.05,2
219,30,12,18,15,12,0,19,0,30,11,30,30,12,0,0,16,14,90,6,0,0,0.05,2
220,30,12,18,15,12,0,19,0,30,1,30,30,12,0,0,16,14,90,6,0,0,0.05,2
221,30,12,18,15,12,0,19,0,30,1,30,30,12,0,0,16,14,91,7,1,1,0.05,2
222,30,12,18,15,12,0,19,0,30,1,30,30,12,0,0,16,14,91,7,0,0,0.05,2
223,30,12,18,15,12,0,19,0,30,1,30,30,12,0,0,16,14,91,7,0,0,0.05,2
224,30,12,18,15,12,0,19,0,30,1,30,30,12,0,0,16,14,92,7,1,1,0.05,2
225,30,12,18,15,12,0,19,0,30,1,30,30,12,0,0,16,14,92,7,0,0,0.05,2
226,30,12,18,15,12,0,19,0,30,1,30,30,12,0,0,16,14,92,7,0,0,0.05,2
227,30,12,18,15,12,0,19,0,30,1,30,30,12,0,0,16,14,92,7,0,0,0.05,2
228,30,12,18,15,12,0,19,0,30,1,30,30,12,0,0,16,14,93,7,1,1,0.05,2
229,30,12,18,15,12,0,19,0,30,1,30,30,12,0,0,16,14,93,7,0,0,0.05,2
230,30,12,18,15,12,0,19,0,30,2,30,30,12,0,0,16,14,93,7,0,0,0.05,2
231,30,12,18,15,12,0,19,0,30,3,30,30,12,0,0,16,14,94,7,1,1,0.05,2
232,30,12,18,15,12,0,19,0,30,3,30,30,12,0,0,16,14,94,7,0,0,0.05,2
233,30,12,18,15,12,0,19,0,30,3,30,30,12,0,0,16,14,94,7,0,0,0.05,2
234,30,12,18,15,12,0,19,0,30,3,30,30,12,0,0,16,14,94,7,0,0,0.05,2
235,30,12,18,15,12,0,19,0,30,3,30,30,12,0,0,16,14,95,7,1,1,0.05,2
236,30,12,18,15,12,0,19,0,30,4,30,30,12,0,0,16,14,95,7,0,0,0.05,2
237,30,12,18,15,12,0,19,0,30,4,30,30,12,0,0,16,14,95,7,0,0,0.05,2
238,30,12,18,15,12,0,19,0,30,4,30,30,12,0,0,16,14,96,7,1,1,0.05,2
239,30,12,18,15,12,0,19,0,30,5,30,30,12,0,0,16,14,96,7,0,0,0.05,2
240,30,12,18,15,12,0,19,0,30,5,30,30,12,0,0,16,14,96,7,0,0,0.05,2
241,30,12,18,15,12,0,19,1,30,5,30,30,12,0,0,16,14,96,7,0,0,0.05,2
242,30,13,17,15,13,1,19,0,30,5,30,30,13,0,0,17,14,97,7,1,1,0.05,2
243,30,13,17,15,13,1,19,0,30,6,30,30,13,0,0,17,14,97,7,0,0,0.05,2
244,30,13,17,15,13,1,19,0,30,6,30,30,13,0,0,17,14,97,7,0,0,0.05,2
245,30,14,16,15,14,2,19,0,30,6,30,30,14,0,0,18,14,98,7,1,1,0.05,2
246,30,14,16,15,14,2,19,0,30,7,30,30,14,0,0,18,14,98,7,0,0,0.05,2
247,30,14,16,15,14,2,19,0,30,7,30,30,14,0,0,18,14,98,7,0,0,0.05,2
248,30,14,16,15,14,2,19,0,30,7,30,30,14,0,0,18,14,98,7,0,0,0.05,2
249,29,13,16,15,13,1,19,0,30,7,30,29,13,0,0,18,14,98,7,1,0,0.05,2
250,30,13,17,15,13,1,19,0,30,7,30,30,13,0,0,18,14,99,7,0,1,0.05,2
251,30,13,17,15,13,1,19,0,30,8,30,30,13,0,0,18,14,99,7,0,0,0.05,2
252,30,12,18,15,12,0,19,0,30,8,30,30,12,0,0,18,14,100,7,1,1,0.05,2
253,30,13,17,15,13,0,19,0,30,8,30,30,13,0,1,19,15,100,7,0,0,0.05,2
254,30,13,17,15,13,0,19,0,30,8,30,30,13,0,0,19,15,100,7,0,0,0.05,2
255,30,13,17,15,13,0,19,0,30,8,30,30,13,0,0,19,15,100,7,0,0,0.05,2
256,30,13,17,15,13,0,19,0,30,8,30,30,13,0,0,19,15,100,7,0,0,0.05,2
257,30,13,17,15,13,0,19,0,30,8,30,30,13,0,0,19,15,101,7,1,1,0.05,2
258,30,13,17,15,13,0,19,0,30,8,30,30,13,0,0,19,15,101,7,0,0,0.05,2
259,29,13,16,15,13,0,19,0,30,8,30,29,13,0,0,19,15,101,7,1,0,0.05,2
260,30,13,17,15,13,0,19,0,30,8,30,30,13,0,0,19,15,102,7,0,1,0.05,2
261,30,13,17,15,13,0,19,0,30,8,30,30,13,0,0,19,15,102,7,0,0,0.05,2
262,30,13,17,15,13,0,19,0,30,8,30,30,13,0,0,19,15,102,7,0,0,0.05,2
263,30,13,17,15,13,0,19,0,30,8,30,30,13,0,0,19,15,102,7,0,0,0.05,2
264,30,13,17,15,13,0,19,0,30,8,30,30,13,0,0,19,15,103,7,1,1,0.05,2
265,30,13,17,15,13,0,19,0,30,8,30,30,13,0,0,19,15,103,7,0,0,0.05,2
266,30,13,17,15,13,0,19,0,30,8,30,30,13,0,0,19,15,103,7,0,0,0.05,2
267,30,13,17,15,13,0,19,0,30,8,30,30,13,0,0,19,15,104,7,1,1,0.05,2
268,30,13,17,15,13,0,19,0,30,8,30,30,13,0,0,19,15,104,7,0,0,0.05,2
269,30,13,17,15,13,0,19,0,30,8,30,30,13,0,0,19,15,104,7,0,0,0.05,2
270,30,13,17,15,13,0,19,0,30,8,30,30,13,0,0,19,15,104,7,0,0,0.05,2
271,30,13,17,15,13,0,19,0,30,9,30,30,13,0,0,19,15,105,7,1,1,0.05,2
272,30,13,17,15,13,0,19,0,30,10,30,30,13,0,0,19,15,105,7,0,0,0.05,2
273,30,13,17,15,13,0,19,0,30,10,30,30,13,0,0,19,15,105,7,0,0,0.05,2
274,30,13,17,15,13,0,19,0,30,10,30,30,13,0,0,19,15,106,7,1,1,0.05,2
275,30,13,17,15,13,0,19,0,30,11,30,30,13,0,0,19,15,106,7,0,0,0.05,2
276,30,13,17,15,13,0,19,0,30,11,30,30,13,0,0,19,15,106,7,0,0,0.05,2
277,30,13,17,15,13,0,19,0,30,11,30,30,13,0,0,19,15,106,7,0,0,0.05,2
278,30,13,17,15,13,0,19,0,30,11,30,30,13,0,0,19,15,107,7,1,1,0.05,2
279,30,13,17,15,13,0,19,0,30,11,30,30,13,0,0,19,15,107,7,0,0,0.05,2
280,30,13,17,15,13,0,19,0,30,11,30,30,13,0,0,19,15,107,7,0,0,0.05,2
281,30,13,17,15,13,0,19,0,30,11,30,30,13,0,0,19,15,108,7,1,1,0.05,2
282,30,13,17,15,13,0,19,0,30,12,30,30,13,0,0,19,15,108,7,0,0,0.05,2
283,30,13,17,15,13,0,19,0,30,12,30,30,13,0,0,19,15,108,7,0,0,0.05,2
284,30,13,17,15,13,0,19,0,30,12,30,30,13,0,0,19,15,108,7,0,0,0.05,2
285,30,13,17,15,13,0,19,0,30,12,30,30,13,0,0,19,15,109,7,1,1,0.05,2
286,30,13,17,15,13,0,19,0,30,12,30,30,13,0,0,19,15,109,7,0,0,0.05,2
287,30,13,17,15,13,0,19,0,30,12,30,30,13,0,0,19,15,109,7,0,0,0.05,2
288,30,13,17,15,13,0,19,0,30,12,30,30,13,0,0,19,15,110,7,1,1,0.05,2
289,30,13,17,15,13,0,19,0,30,12,30,30,13,0,0,19,15,110,7,0,0,0.05,2
290,30,13,17,15,13,0,19,0,30,12,30,30,13,0,0,19,15,110,7,0,0,0.05,2
291,30,13,17,15,13,0,19,0,30,13,30,30,13,0,0,19,15,110,7,0,0,0.05,2
292,30,13,17,15,13,0,19,0,30,13,30,30,13,0,0,19,15,111,7,1,1,0.05,2
293,30,13,17,15,13,0,19,0,30,13,30,30,13,0,0,19,15,111,7,0,0,0.05,2
294,30,13,17,15,13,0,19,0,30,13,30,30,13,0,0,19,15,111,7,0,0,0.05,2
295,30,13,17,15,13,0,19,0,30,13,30,30,13,0,0,19,15,112,7,1,1,0.05,2
296,30,13,17,15,13,0,19,0,30,14,30,30,13,0,0,19,15,112,7,0,0,0.05,2
297,30,13,17,15,13,0,19,0,30,14,30,30,13,0,0,19,15,112,7,0,0,0.05,2
298,30,13,17,15,13,0,19,0,30,14,30,30,13,0,0,19,15,112,7,0,0,0.05,2
299,30,13,17,15,13,0,19,0,30,14,30,30,13,0,0,19,15,113,7,1,1,0.05,2
300,30,13,17,15,13,0,19,0,30,14,30,30,13,0,0,19,15,113,7,0,0,0.05,2
301,30,13,17,15,13,0,19,0,30,14,30,30,13,0,0,19,15,113,7,0,0,0.05,2
302,30,15,15,15,15,1,19,0,30,14,30,30,15,0,1,21,16,114,7,1,1,0.05,2
303,30,15,15,15,15,1,19,0,30,14,30,30,15,0,0,21,16,114,7,0,0,0.05,2
304,30,15,15,15,15,1,19,0,30,14,30,30,15,0,0,21,16,114,7,0,0,0.05,2
305,30,15,15,15,15,1,19,0,30,14,30,30,15,0,0,21,16,114,7,0,0,0.05,2
306,30,15,15,15,15,1,19,0,30,14,30,30,15,0,0,21,16,114,7,0,0,0.05,2
307,30,15,15,15,15,1,19,0,30,14,30,30,15,0,0,21,16,114,7,0,0,0.05,2
308,30,15,15,15,15,1,19,0,30,14,30,30,15,0,0,21,16,114,7,0,0,0.05,2
309,30,15,15,15,15,1,19,0,30,14,30,30,15,0,0,22,16,115,7,1,1,0.05,2
310,30,15,15,15,15,1,19,0,30,14,30,30,15,0,0,22,16,115,7,0,0,0.05,2
311,30,15,15,15,15,1,19,0,30,15,30,30,15,0,0,22,16,115,7,0,0,0.05,2
312,30,15,15,15,15,1,19,0,30,16,30,30,15,0,0,22,16,115,7,0,0,0.05,2
313,29,14,15,15,14,1,19,0,30,16,30,29,14,0,0,22,16,115,7,1,0,0.05,2
314,30,14,16,15,14,1,19,0,30,16,30,30,14,0,0,22,16,116,7,0,1,0.05,2
315,30,15,15,15,15,1,19,0,30,16,30,30,15,0,1,23,17,116,7,0,0,0.05,2
316,30,14,16,15,14,0,19,0,30,16,30,30,14,0,0,23,17,117,7,1,1,0.05,2
317,30,14,16,15,14,0,19,0,30,16,30,30,14,0,0,23,17,117,7,0,0,0.05,2
318,30,15,15,15,15,0,19,0,30,16,30,30,15,0,1,24,18,117,7,0,0,0.05,2
319,30,15,15,15,15,0,19,0,30,16,30,30,15,0,0,24,18,117,7,0,0,0.05,2
320,30,15,15,15,15,0,19,0,30,16,30,30,15,0,0,24,18,117,7,0,0,0.05,2
321,30,15,15,15,15,0,19,0,30,17,30,30,15,0,0,24,18,117,7,0,0,0.05,2
322,30,15,15,15,15,0,19,0,30,17,30,30,15,0,0,24,18,117,7,0,0,0.05,2
323,29,15,14,15,15,0,19,0,30,17,30,29,15,0,0,24,18,117,7,1,0,0.05,2
324,30,15,15,15,15,0,19,0,30,18,30,30,15,0,0,24,18,118,7,0,1,0.05,2
325,30,17,13,15,17,0,19,0,30,18,30,30,17,0,2,26,20,118,8,0,0,0.05,2
326,30,17,13,15,17,0,19,0,30,18,30,30,17,0,0,26,20,118,9,0,0,0.05,2
327,30,17,13,15,17,0,19,0,30,18,30,30,17,0,0,26,20,118,9,0,0,0.05,2
328,30,16,14,16,16,0,19,0,30,18,30,30,16,0,0,26,20,119,9,1,1,0.05,2
329,30,17,13,16,17,0,19,0,30,18,30,30,17,0,1,27,21,119,9,0,0,0.05,2
330,30,18,12,16,18,0,19,0,30,18,30,30,18,0,1,28,22,119,9,0,0,0.05,2
331,30,19,11,16,19,0,19,0,30,18,30,30,19,0,1,29,23,120,9,1,1,0.05,2
332,30,19,11,16,19,0,19,0,30,19,30,30,19,0,0,29,23,120,9,0,0,0.05,2
333,30,19,11,16,19,0,19,0,30,19,30,30,19,0,0,29,23,120,9,0,0,0.05,2
334,30,19,11,16,19,0,19,0,30,19,30,30,19,0,0,29,23,120,9,0,0,0.05,2
335,30,19,11,16,19,0,19,0,30,19,30,30,19,0,0,29,23,121,9,1,1,0.05,2
336,30,19,11,16,19,0,19,0,30,19,30,30,19,0,0,29,23,121,9,0,0,0.05,2
337,30,19,11,16,19,0,19,0,30,19,30,30,19,0,0,29,23,121,9,0,0,0.05,2
338,30,19,11,16,19,0,19,0,30,19,30,30,19,0,0,29,23,122,10,1,1,0.05,2
339,30,19,11,16,19,0,19,0,30,19,30,30,19,0,0,29,23,122,10,0,0,0.05,2
340,30,19,11,16,19,0,19,0,30,19,30,30,19,0,0,29,23,122,10,0,0,0.05,2
341,30,19,11,16,19,0,19,0,30,19,30,30,19,0,0,29,23,122,10,0,0,0.05,2
342,30,20,10,15,20,0,19,0,30,19,30,30,20,0,1,30,24,123,10,1,1,0.05,2
343,30,20,10,15,20,0,19,0,30,19,30,30,20,0,0,30,24,123,10,0,0,0.05,2
344,30,22,8,15,22,0,19,0,30,19,30,30,22,0,2,32,26,123,11,0,0,0.05,2
345,30,22,8,15,22,0,19,0,30,19,30,30,22,0,0,32,26,124,11,1,1,0.05,2
346,30,22,8,15,22,0,19,0,30,19,30,30,22,0,0,32,26,124,11,0,0,0.05,2
347,30,22,8,15,22,0,19,0,30,19,30,30,22,0,0,32,26,124,11,0,0,0.05,2
348,30,22,8,15,22,0,19,0,30,19,30,30,22,0,0,32,26,124,11,0,0,0.05,2
349,30,22,8,15,22,0,19,0,30,19,30,30,22,0,0,32,26,124,12,0,0,0.05,2
350,30,22,8,15,22,0,19,0,30,19,30,30,22,0,0,32,26,124,12,0,0,0.05,2
351,30,22,8,15,22,0,19,0,30,19,30,30,22,0,0,32,26,124,12,0,0,0.05,2
352,29,22,7,15,22,0,19,0,30,19,30,29,22,0,0,32,26,124,12,1,0,0.05,2
353,30,22,8,15,22,0,19,0,30,19,30,30,22,0,0,32,26,125,12,0,1,0.05,2
354,30,22,8,15,22,0,19,0,30,19,30,30,22,0,0,32,26,125,12,0,0,0.05,2
355,30,22,8,15,22,0,19,0,30,19,30,30,22,0,0,32,26,125,12,0,0,0.05,2
356,30,21,9,16,21,0,19,0,30,19,30,30,21,0,0,32,26,126,12,1,1,0.05,2
357,30,21,9,16,21,0,19,1,30,19,30,30,21,0,0,32,26,126,12,0,0,0.05,2
358,30,21,9,16,21,0,19,0,30,19,30,30,21,0,0,32,26,126,12,0,0,0.05,2
359,30,22,8,16,22,0,19,0,30,20,30,30,22,0,1,33,27,126,12,0,0,0.05,2
360,30,23,7,16,23,0,19,0,30,20,30,30,23,0,1,34,28,126,12,0,0,0.05,2
361,30,23,7,16,23,0,19,0,30,20,30,30,23,0,0,34,28,126,13,0,0,0.05,2
362,30,23,7,16,23,0,19,0,30,20,30,30,23,0,0,34,28,126,13,0,0,0.05,2
363,30,23,7,15,23,0,19,0,30,20,30,30,23,0,0,34,28,127,13,1,1,0.05,2
364,30,23,7,15,23,0,19,0,30,20,30,30,23,0,0,34,28,127,13,0,0,0.05,2
365,30,23,7,15,23,0,19,0,30,20,30,30,23,0,0,34,28,127,13,0,0,0.05,2
366,30,23,7,15,23,0,19,0,30,20,30,30,23,0,0,34,28,127,13,0,0,0.05,2
367,30,22,8,16,22,0,19,0,30,20,30,30,22,0,0,34,28,128,13,1,1,0.05,2
368,30,22,8,16,22,0,19,0,30,20,30,30,22,0,0,34,28,128,13,0,0,0.05,2
369,30,22,8,16,22,0,19,0,30,20,30,30,22,0,0,34,28,128,13,0,0,0.05,2
370,30,22,8,16,22,0,19,0,30,20,30,30,22,0,0,34,28,129,13,1,1,0.05,2
371,30,22,8,16,22,0,19,0,30,20,30,30,22,0,0,34,28,129,13,0,0,0.05,2
372,30,22,8,16,22,0,19,0,30,20,30,30,22,0,0,34,28,129,13,0,0,0.05,2
373,30,22,8,16,22,0,19,0,30,20,30,30,22,0,0,34,28,129,13,0,0,0.05,2
374,30,22,8,16,22,0,19,0,30,21,30,30,22,0,0,34,28,130,13,1,1,0.05,2
375,30,22,8,16,22,0,19,0,30,21,30,30,22,0,0,34,28,130,13,0,0,0.05,2
376,30,22,8,16,22,0,19,0,30,21,30,30,22,0,0,34,28,130,13,0,0,0.05,2
377,29,22,7,16,22,0,19,0,30,21,30,29,22,0,0,34,28,130,13,1,0,0.05,2
378,30,22,8,16,22,0,19,0,30,21,30,30,22,0,0,34,28,131,13,0,1,0.05,2
379,30,22,8,16,22,0,19,1,30,21,30,30,22,0,0,34,28,131,13,0,0,0.05,2
380,30,22,8,16,22,0,19,0,30,21,30,30,22,0,0,34,28,131,13,0,0,0.05,2
381,30,22,8,16,22,0,19,0,30,21,30,30,22,0,0,34,28,132,13,1,1,0.05,2
382,30,22,8,16,22,0,19,0,30,21,30,30,22,0,0,34,28,132,13,0,0,0.05,2
383,30,22,8,16,22,0,19,0,30,21,30,30,22,0,0,34,28,132,13,0,0,0.05,2
384,30,22,8,16,22,0,19,0,30,21,30,30,22,0,0,34,28,132,13,0,0,0.05,2
385,30,22,8,16,22,0,19,0,30,21,30,30,22,0,0,34,28,133,13,1,1,0.05,2
386,30,22,8,16,22,0,19,0,30,22,30,30,22,0,0,34,28,133,13,0,0,0.05,2
387,30,23,7,16,23,0,19,1,30,22,30,30,23,0,1,35,29,133,13,0,0,0.05,2
388,29,23,6,15,23,0,19,0,30,23,30,29,23,1,0,35,29,133,13,1,0,0.05,2
389,30,23,7,16,23,0,19,0,30,23,30,30,23,0,0,35,29,134,13,0,1,0.05,2
390,30,23,7,16,23,0,19,0,30,23,30,30,23,0,0,35,29,134,13,0,0,0.05,2
391,30,23,7,16,23,0,19,0,30,23,30,30,23,0,0,35,29,134,13,0,0,0.05,2
392,30,23,7,16,23,0,19,0,30,23,30,30,23,0,0,35,29,135,13,1,1,0.05,2
393,30,23,7,16,23,0,19,0,30,23,30,30,23,0,0,35,29,135,13,0,0,0.05,2
394,30,23,7,16,23,0,19,0,30,23,30,30,23,0,0,35,29,135,13,0,0,0.05,2
395,30,23,7,16,23,0,19,0,30,23,30,30,23,0,0,35,29,135,13,0,0,0.05,2
396,30,23,7,16,23,0,19,0,30,23,30,30,23,0,0,35,29,136,13,1,1,0.05,2
397,30,23,7,16,23,0,19,0,30,23,30,30,23,0,0,35,29,136,13,0,0,0.05,2
398,30,23,7,16,23,0,19,0,30,23,30,30,23,0,0,35,29,136,14,0,0,0.05,2
399,30,23,7,16,23,0,19,0,30,23,30,30,23,0,0,35,29,137,14,1,1,0.05,2
400,30,23,7,16,23,0,19,0,30,2,30,30,23,0,0,35,29,137,14,0,0,0.05,2
401,30,23,7,16,23,0,19,0,30,3,30,30,23,0,0,35,29,137,14,0,0,0.05,2
402,30,23,7,16,23,0,19,0,30,3,30,30,23,0,0,35,29,137,14,0,0,0.05,2
403,30,24,6,15,24,0,19,0,30,3,30,30,24,0,1,36,30,138,14,1,1,0.05,2
404,30,24,6,15,24,0,19,0,30,3,30,30,24,0,0,36,30,138,14,0,0,0.05,2
405,30,24,6,15,24,0,19,0,30,3,30,30,24,0,0,36,30,138,14,0,0,0.05,2
406,30,24,6,15,24,0,19,0,30,4,30,30,24,0,0,36,30,139,14,1,1,0.05,2
407,30,24,6,15,24,0,19,0,30,4,30,30,24,0,0,36,30,139,14,0,0,0.05,2
408,30,24,6,15,24,0,19,0,30,4,30,30,24,0,0,36,30,139,14,0,0,0.05,2
409,30,24,6,15,24,0,19,0,30,4,30,30,24,0,0,36,30,139,14,0,0,0.05,2
410,30,24,6,15,24,0,19,0,30,4,30,30,24,0,0,36,30,140,14,1,1,0.05,2
411,30,24,6,15,24,0,19,0,30,4,30,30,24,0,0,36,30,140,14,0,0,0.05,2
412,30,24,6,15,24,0,19,0,30,4,30,30,24,0,0,36,30,140,14,0,0,0.05,2
413,30,24,6,15,24,0,19,0,30,4,30,30,24,0,0,36,30,141,14,1,1,0.05,2
414,30,24,6,15,24,0,19,0,30,4,30,30,24,0,0,36,30,141,14,0,0,0.05,2
415,30,24,6,15,24,0,19,0,30,4,30,30,24,0,0,36,30,141,14,0,0,0.05,2
416,30,24,6,15,24,0,19,0,30,4,30,30,24,0,0,36,30,141,14,0,0,0.05,2
417,30,24,6,15,24,0,19,0,30,4,30,30,24,0,0,36,30,142,14,1,1,0.05,2
418,30,24,6,15,24,0,19,0,30,5,30,30,24,0,0,36,30,142,14,0,0,0.05,2
419,30,24,6,15,24,0,19,0,30,5,30,30,24,0,0,36,30,142,14,0,0,0.05,2
420,30,24,6,15,24,0,19,1,30,6,30,30,24,0,0,36,30,143,14,1,1,0.05,2
421,30,24,6,15,24,0,19,0,30,6,30,30,24,0,0,36,30,143,14,0,0,0.05,2
422,30,24,6,15,24,0,19,0,30,8,30,30,24,0,0,36,30,143,14,0,0,0.05,2
423,30,24,6,15,24,0,19,0,30,8,30,30,24,0,0,36,30,143,14,0,0,0.05,2
424,30,24,6,15,24,0,19,0,30,8,30,30,24,0,0,36,30,144,14,1,1,0.05,2
425,30,24,6,15,24,0,19,0,30,8,30,30,24,0,0,36,30,144,14,0,0,0.05,2
426,30,24,6,15,24,0,19,1,30,8,30,30,24,0,0,36,30,144,14,0,0,0.05,2
427,30,24,6,15,24,0,19,0,30,8,30,30,24,0,0,36,30,145,14,1,1,0.05,2
428,30,24,6,15,24,0,19,0,30,8,30,30,24,0,0,36,30,145,14,0,0,0.05,2
429,30,24,6,15,24,0,19,0,30,8,30,30,24,0,0,36,30,145,14,0,0,0.05,2
430,30,24,6,15,24,0,19,1,30,8,30,30,24,0,0,36,30,145,14,0,0,0.05,2
431,30,24,6,15,24,0,19,0,30,8,30,30,24,0,0,36,30,146,14,1,1,0.05,2
432,30,24,6,15,24,0,19,0,30,8,30,30,24,0,0,36,30,146,14,0,0,0.05,2
433,30,24,6,15,24,0,19,0,30,9,30,30,24,0,0,36,30,146,14,0,0,0.05,2
434,30,24,6,15,24,0,19,0,30,9,30,30,24,0,0,36,30,147,14,1,1,0.05,2
435,30,24,6,15,24,0,19,0,30,9,30,30,24,0,0,36,30,147,14,0,0,0.05,2
436,30,24,6,15,24,0,19,0,30,9,30,30,24,0,0,36,30,147,14,0,0,0.05,2
437,30,24,6,15,24,0,19,0,30,9,30,30,24,0,0,36,30,147,14,0,0,0.05,2
438,30,24,6,15,24,0,19,0,30,9,30,30,24,0,0,36,30,148,14,1,1,0.05,2
439,30,24,6,15,24,0,19,0,30,9,30,30,24,0,0,36,30,148,14,0,0,0.05,2
440,30,24,6,15,24,0,19,0,30,9,30,30,24,0,0,36,30,148,14,0,0,0.05,2
441,30,24,6,15,24,0,19,0,30,9,30,30,24,0,0,36,30,149,14,1,1,0.05,2
442,30,24,6,15,24,0,19,0,30,9,30,30,24,0,0,36,30,149,14,0,0,0.05,2
443,30,24,6,15,24,0,19,0,30,9,30,30,24,0,0,36,30,149,14,0,0,0.05,2
444,30,24,6,15,24,0,19,0,30,10,30,30,24,0,0,36,30,149,14,0,0,0.05,2
445,30,24,6,15,24,0,19,0,30,10,30,30,24,0,0,36,30,150,14,1,1,0.05,2
446,30,24,6,15,24,0,19,0,30,10,30,30,24,0,0,36,30,150,14,0,0,0.05,2
447,30,24,6,15,24,0,19,0,30,10,30,30,24,0,0,36,30,150,14,0,0,0.05,2
448,29,24,5,15,24,0,19,0,30,10,30,29,24,0,0,36,30,150,14,1,0,0.05,2
449,30,24,6,15,24,0,19,0,30,10,30,30,24,0,0,36,30,151,14,0,1,0.05,2
450,30,24,6,15,24,0,19,1,30,10,30,30,24,0,0,36,30,151,14,0,0,0.05,2
451,30,24,6,15,24,0,19,0,30,11,30,30,24,0,0,36,30,151,14,0,0,0.05,2
452,30,24,6,15,24,0,19,0,30,11,30,30,24,0,0,36,30,152,14,1,1,0.05,2
453,30,24,6,15,24,0,19,0,30,12,30,30,24,0,0,36,30,152,14,0,0,0.05,2
454,30,24,6,15,24,0,19,0,30,12,30,30,24,0,0,36,30,152,14,0,0,0.05,2
455,30,24,6,15,24,0,19,0,30,12,30,30,24,0,0,36,30,152,14,0,0,0.05,2
456,30,24,6,15,24,0,19,0,30,12,30,30,24,0,0,36,30,153,14,1,1,0.05,2
457,30,24,6,15,24,0,19,0,30,13,30,30,24,0,0,36,30,153,14,0,0,0.05,2
458,30,24,6,15,24,0,19,0,30,13,30,30,24,0,0,36,30,153,14,0,0,0.05,2
459,30,24,6,15,24,0,19,0,30,13,30,30,24,0,0,36,30,154,14,1,1,0.05,2
460,30,24,6,15,24,0,19,0,30,15,30,30,24,0,0,36,30,154,14,0,0,0.05,2
461,30,24,6,15,24,0,19,0,30,15,30,30,24,0,0,36,30,154,14,0,0,0.05,2
462,30,24,6,15,24,0,19,0,30,16,30,30,24,0,0,36,30,154,14,0,0,0.05,2
463,30,24,6,15,24,0,19,0,30,16,30,30,24,0,0,36,30,155,14,1,1,0.05,2
464,30,24,6,15,24,0,19,1,30,16,30,30,24,0,0,36,30,155,14,0,0,0.05,2
465,30,24,6,15,24,0,19,1,30,17,30,30,24,0,0,36,30,155,14,0,0,0.05,2
466,30,24,6,15,24,0,19,0,30,17,30,30,24,0,0,36,30,156,14,1,1,0.05,2
467,30,24,6,15,24,0,19,2,30,17,30,30,24,0,0,36,30,156,14,0,0,0.05,2
468,30,24,6,15,24,0,19,0,30,17,30,30,24,0,0,36,30,156,14,0,0,0.05,2
469,30,24,6,15,24,0,19,0,30,17,30,30,24,0,0,36,30,156,14,0,0,0.05,2
470,30,24,6,15,24,0,19,0,30,17,30,30,24,0,0,36,30,157,14,1,1,0.05,2
471,30,24,6,15,24,0,19,1,30,17,30,30,24,0,0,36,30,157,14,0,0,0.05,2
472,30,24,6,15,24,0,19,0,30,17,30,30,24,0,0,36,30,157,14,0,0,0.05,2
473,29,24,5,15,24,0,19,0,30,17,30,29,24,0,0,36,30,157,14,1,0,0.05,2
474,30,24,6,15,24,0,19,0,30,17,30,30,24,0,0,36,30,158,14,0,1,0.05,2
475,30,24,6,15,24,0,19,0,30,17,30,30,24,0,0,36,30,158,14,0,0,0.05,2
476,30,24,6,15,24,0,19,0,30,17,30,30,24,0,0,36,30,158,14,0,0,0.05,2
477,30,25,5,15,25,0,19,0,30,17,30,30,25,0,1,37,31,158,14,0,0,0.05,2
478,30,25,5,15,25,0,19,0,30,17,30,30,25,0,0,37,31,158,14,0,0,0.05,2
479,30,26,4,15,26,0,19,0,30,18,30,30,26,0,1,38,32,158,14,0,0,0.05,2
480,30,26,4,15,26,0,19,0,30,18,30,30,26,0,0,38,32,158,14,0,0,0.05,2
481,30,27,3,15,27,1,19,0,30,18,30,30,27,0,0,39,32,159,14,1,1,0.05,2
482,30,27,3,15,27,1,19,0,30,18,30,30,27,0,0,39,32,159,14,0,0,0.05,2
483,30,27,3,15,27,1,19,0,30,18,30,30,27,0,0,39,32,159,14,0,0,0.05,2
484,30,26,4,15,26,1,19,0,30,18,30,30,26,0,0,39,32,160,14,1,1,0.05,2
485,30,26,4,15,26,1,19,0,30,18,30,30,26,0,0,39,32,160,14,0,0,0.05,2
486,30,27,3,15,27,1,19,0,30,18,30,30,27,0,1,40,33,160,14,0,0,0.05,2
487,30,27,3,15,27,1,19,0,30,18,30,30,27,0,0,40,33,160,14,0,0,0.05,2
488,30,26,4,15,26,0,19,0,30,18,30,30,26,0,0,40,33,161,14,1,1,0.05,2
489,30,26,4,15,26,0,19,0,30,18,30,30,26,0,0,40,33,161,14,0,0,0.05,2
490,30,26,4,15,26,0,19,0,30,19,30,30,26,0,0,40,33,161,14,0,0,0.05,2
491,30,26,4,15,26,0,19,0,30,19,30,30,26,0,0,40,33,162,14,1,1,0.05,2
492,30,26,4,15,26,0,19,0,30,19,30,30,26,0,0,40,33,162,14,0,0,0.05,2
493,30,26,4,15,26,0,19,0,30,19,30,30,26,0,0,40,33,162,14,0,0,0.05,2
494,30,26,4,15,26,0,19,0,30,19,30,30,26,0,0,40,33,162,14,0,0,0.05,2
495,30,26,4,15,26,0,19,0,30,19,30,30,26,0,0,40,33,163,14,1,1,0.05,2
496,30,26,4,15,26,0,19,0,30,19,30,30,26,0,0,40,33,163,14,0,0,0.05,2
497,30,27,3,15,27,0,19,0,30,19,30,30,27,0,1,41,34,163,14,0,0,0.05,2
498,30,27,3,15,27,0,19,0,30,19,30,30,27,0,0,41,34,163,14,0,0,0.05,2
499,30,27,3,15,27,0,19,0,30,19,30,30,27,0,0,41,34,163,14,0,0,0.05,2
500,30,27,3,15,27,0,19,0,30,19,30,30,27,0,0,41,34,163,14,0,0,0.05,2
501,30,27,3,15,27,0,19,0,30,19,30,30,27,0,0,41,34,163,14,0,0,0.05,2
502,30,27,3,15,27,0,19,0,30,19,30,30,27,0,0,41,34,164,14,1,1,0.05,2
503,30,27,3,15,27,0,19,0,30,19,30,30,27,0,0,41,34,164,14,0,0,0.05,2
504,30,27,3,15,27,0,19,0,30,19,30,30,27,0,0,41,34,164,14,0,0,0.05,2
505,30,26,4,15,26,0,19,0,30,20,30,30,26,0,0,41,34,165,14,1,1,0.05,2
506,30,26,4,15,26,0,19,0,30,20,30,30,26,0,0,41,34,165,14,0,0,0.05,2
507,30,26,4,15,26,0,19,0,30,20,30,30,26,0,0,41,34,165,14,0,0,0.05,2
508,30,26,4,15,26,0,19,0,30,20,30,30,26,0,0,41,34,165,14,0,0,0.05,2
509,29,26,3,15,26,0,19,0,30,20,30,29,26,0,0,41,34,165,14,1,0,0.05,2
510,30,26,4,15,26,0,19,0,30,20,30,30,26,0,0,41,34,166,14,0,1,0.05,2
511,30,26,4,15,26,0,19,0,30,21,30,30,26,0,0,41,34,166,14,0,0,0.05,2
512,30,26,4,15,26,0,19,0,30,21,30,30,26,0,0,41,34,167,14,1,1,0.05,2
513,30,26,4,15,26,0,19,0,30,21,30,30,26,0,0,41,34,167,14,0,0,0.05,2
514,30,26,4,15,26,0,19,0,30,21,30,30,26,0,0,41,34,167,14,0,0,0.05,2
515,30,26,4,15,26,0,19,0,30,21,30,30,26,0,0,41,34,167,14,0,0,0.05,2
516,30,26,4,15,26,0,19,0,30,22,30,30,26,0,0,41,34,167,14,0,0,0.05,2
517,30,26,4,15,26,0,19,0,30,22,30,30,26,0,0,41,34,168,14,1,1,0.05,2
518,30,27,3,15,27,0,19,0,30,22,30,30,27,0,1,42,35,168,14,0,0,0.05,2
519,30,27,3,15,27,0,19,0,30,23,30,30,27,0,0,42,35,168,14,0,0,0.05,2
520,30,27,3,15,27,0,19,1,30,23,30,30,27,0,0,42,35,168,14,0,0,0.05,2
521,30,27,3,15,27,0,19,0,30,23,30,30,27,0,0,42,35,168,14,0,0,0.05,2
522,30,27,3,15,27,0,19,0,30,23,30,30,27,0,0,42,35,168,14,0,0,0.05,2
523,30,27,3,15,27,0,19,0,30,23,30,30,27,0,0,42,35,168,14,0,0,0.05,2
524,30,27,3,15,27,0,19,0,30,23,30,30,27,0,0,42,35,169,14,1,1,0.05,2
525,30,27,3,15,27,0,19,0,30,23,30,30,27,0,0,42,35,169,14,0,0,0.05,2
526,30,26,4,15,26,0,19,0,30,23,30,30,26,0,0,42,35,170,14,1,1,0.05,2
527,30,26,4,15,26,0,19,0,30,23,30,30,26,0,0,42,35,170,14,0,0,0.05,2
528,30,26,4,15,26,0,19,1,30,23,30,30,26,0,0,42,35,170,14,0,0,0.05,2
529,30,27,3,15,27,0,19,0,30,23,30,30,27,0,1,43,36,170,14,0,0,0.05,2
530,30,27,3,15,27,0,19,1,30,25,30,30,27,0,0,43,36,170,14,0,0,0.05,2
531,30,27,3,15,27,0,19,0,30,26,30,30,27,0,0,43,36,171,14,1,1,0.05,2
532,30,27,3,15,27,0,19,1,30,26,30,30,27,0,0,43,36,171,14,0,0,0.05,2
533,30,27,3,15,27,0,19,0,30,26,30,30,27,0,0,43,36,171,14,0,0,0.05,2
534,30,27,3,15,27,0,19,0,30,26,30,30,27,0,0,43,36,171,14,0,0,0.05,2
535,30,27,3,15,27,0,19,0,30,26,30,30,27,0,0,43,36,171,14,0,0,0.05,2
536,30,27,3,15,27,0,19,0,30,26,30,30,27,0,0,43,36,171,14,0,0,0.05,2
537,30,27,3,15,27,0,19,0,30,26,30,30,27,0,0,43,36,171,14,0,0,0.05,2
538,29,27,2,15,27,0,19,0,30,26,30,29,27,0,0,43,36,171,14,1,0,0.05,2
539,30,27,3,15,27,0,19,0,30,26,30,30,27,0,0,43,36,172,14,0,1,0.05,2
540,30,26,4,15,26,0,19,0,30,26,30,30,26,0,0,43,36,173,14,1,1,0.05,2
541,30,26,4,15,26,0,19,0,30,26,30,30,26,0,0,43,36,173,14,0,0,0.05,2
542,30,26,4,15,26,0,19,0,30,26,30,30,26,0,0,43,36,173,14,0,0,0.05,2
543,30,26,4,15,26,0,19,0,30,26,30,30,26,0,0,43,36,173,14,0,0,0.05,2
544,30,26,4,15,26,0,19,0,30,26,30,30,26,0,0,43,36,173,14,0,0,0.05,2
545,30,26,4,15,26,0,19,0,30,26,30,30,26,0,0,43,36,173,14,0,0,0.05,2
546,30,26,4,15,26,0,19,0,30,26,30,30,26,0,0,43,36,174,14,1,1,0.05,2
547,29,26,3,15,26,0,19,0,30,26,30,29,26,0,0,43,36,174,14,1,0,0.05,2
548,30,26,4,15,26,0,19,0,30,26,30,30,26,0,0,43,36,175,14,0,1,0.05,2
549,30,26,4,15,26,0,19,0,30,26,30,30,26,0,0,43,36,175,14,0,0,0.05,2
550,30,26,4,15,26,0,19,1,30,26,30,30,26,0,0,43,36,175,14,0,0,0.05,2
551,30,27,3,15,27,0,19,0,30,26,30,30,27,0,1,44,37,175,14,0,0,0.05,2
552,30,27,3,15,27,0,19,0,30,26,30,30,27,0,0,44,37,175,14,0,0,0.05,2
553,30,27,3,15,27,0,19,0,30,26,30,30,27,0,0,44,37,175,14,0,0,0.05,2
554,30,27,3,15,27,0,19,0,30,26,30,30,27,0,0,44,37,175,14,0,0,0.05,2
555,30,27,3,15,27,0,19,0,30,26,30,30,27,0,0,44,37,176,14,1,1,0.05,2
556,30,27,3,15,27,0,19,0,30,26,30,30,27,0,0,44,37,176,14,0,0,0.05,2
557,30,27,3,15,27,0,19,0,30,26,30,30,27,0,0,44,37,176,14,0,0,0.05,2
558,30,27,3,15,27,0,19,0,30,26,30,30,27,0,0,44,37,176,14,0,0,0.05,2
559,30,27,3,15,27,0,19,1,30,27,30,30,27,0,0,44,37,176,14,0,0,0.05,2
560,30,26,4,15,26,0,19,0,30,27,30,30,26,0,0,44,37,177,14,1,1,0.05,2
561,30,26,4,15,26,0,19,0,30,27,30,30,26,0,0,44,37,177,14,0,0,0.05,2
562,30,26,4,15,26,0,19,0,30,27,30,30,26,0,0,44,37,178,14,1,1,0.05,2
563,30,27,3,15,27,0,19,0,30,27,30,30,27,0,1,45,38,178,14,0,0,0.05,2
564,30,27,3,15,27,0,19,0,30,28,30,30,27,0,0,45,38,178,14,0,0,0.05,2
565,30,27,3,15,27,0,19,1,30,28,30,30,27,0,0,45,38,178,14,0,0,0.05,2
566,30,27,3,15,27,0,19,0,30,28,30,30,27,0,0,45,38,178,14,0,0,0.05,2
567,30,27,3,15,27,0,19,0,30,28,30,30,27,0,0,45,38,179,14,1,1,0.05,2
568,30,27,3,15,27,0,19,0,30,28,30,30,27,0,0,45,38,179,14,0,0,0.05,2
569,30,28,2,15,28,0,19,0,30,28,30,30,28,0,1,46,39,180,14,1,1,0.05,2
570,30,28,2,15,28,0,19,1,30,28,30,30,28,0,0,46,39,180,14,0,0,0.05,2
0,30,0,30,16,0,0,19,0,30,10,30,0,0,0,0,0,0,30,0,0,0,0.05,3
1,30,0,30,16,0,0,19,0,30,10,30,30,0,0,0,0,0,30,0,0,0,0.05,3
2,30,2,28,16,2,0,19,0,30,10,30,30,2,0,2,2,2,30,0,0,0,0.05,3
3,30,3,27,16,3,0,19,0,30,10,30,30,3,0,1,3,3,30,0,0,0,0.05,3
4,30,3,27,16,3,0,19,0,30,10,30,30,3,0,0,3,3,30,0,0,0,0.05,3
5,30,3,27,16,3,0,19,0,30,10,30,30,3,0,0,3,3,30,0,0,0,0.05,3
6,30,4,26,16,4,0,19,0,30,10,30,30,4,0,1,4,4,30,0,0,0,0.05,3
7,30,4,26,16,4,0,19,0,30,10,30,30,4,0,0,4,4,30,0,0,0,0.05,3
8,30,0,30,16,0,0,19,0,30,10,30,30,0,0,0,4,4,34,0,4,4,0.05,3
9,30,1,29,16,1,0,19,0,30,10,30,30,1,0,1,5,5,34,0,0,0,0.05,3
10,30,1,29,16,1,0,19,0,30,10,30,30,1,0,0,5,5,34,0,0,0,0.05,3
11,30,1,29,16,1,0,19,0,30,10,30,30,1,0,0,5,5,34,0,0,0,0.05,3
12,30,1,29,16,1,0,19,0,30,10,30,30,1,0,0,5,5,34,0,0,0,0.05,3
13,30,2,28,16,2,0,19,0,30,10,30,30,2,0,1,6,6,34,0,0,0,0.05,3
14,30,2,28,16,2,0,19,0,30,10,30,30,2,0,0,6,6,34,0,0,0,0.05,3
15,30,2,28,16,2,0,19,0,30,10,30,30,2,0,0,6,6,37,0,3,3,0.05,3
16,30,2,28,16,2,0,19,0,30,10,30,30,2,0,0,6,6,37,0,0,0,0.05,3
17,30,3,27,16,3,0,19,0,30,10,30,30,3,0,1,7,7,37,0,0,0,0.05,3
18,30,4,26,16,4,0,19,0,30,10,30,30,4,0,1,8,8,37,0,0,0,0.05,3
19,30,4,26,16,4,0,19,0,30,10,30,30,4,0,0,8,8,37,0,0,0,0.05,3
20,30,4,26,16,4,0,19,0,30,10,30,30,4,0,0,8,8,37,1,0,0,0.05,3
21,30,4,26,16,4,0,19,0,30,10,30,30,4,0,0,8,8,37,2,0,0,0.05,3
22,30,5,25,15,5,0,19,0,30,10,30,30,5,0,2,10,10,40,2,3,3,0.05,3
23,30,5,25,15,5,0,19,0,30,10,30,30,5,0,0,10,10,40,3,0,0,0.05,3
24,30,6,24,15,6,0,19,0,30,10,30,30,6,0,1,11,11,40,3,0,0,0.05,3
25,30,8,22,15,8,0,19,0,30,10,30,30,8,0,2,13,13,40,3,0,0,0.05,3
26,30,8,22,15,8,0,19,0,30,10,30,30,8,0,0,13,13,40,3,0,0,0.05,3
27,30,8,22,15,8,0,19,0,30,10,30,30,8,0,0,13,13,40,3,0,0,0.05,3
28,30,8,22,15,8,0,19,0,30,10,30,30,8,0,0,13,13,40,3,0,0,0.05,3
29,30,7,23,15,7,0,19,0,30,10,30,30,7,0,0,13,13,43,3,3,3,0.05,3
30,30,7,23,15,7,0,19,0,30,11,30,30,7,0,0,13,13,43,4,0,0,0.05,3
31,30,8,22,15,8,0,19,0,30,11,30,30,8,0,1,14,14,43,4,0,0,0.05,3
32,30,8,22,15,8,0,19,0,30,11,30,30,8,0,0,14,14,43,4,0,0,0.05,3
33,30,8,22,15,8,0,19,0,30,11,30,30,8,0,0,14,14,43,5,0,0,0.05,3
34,30,8,22,15,8,0,19,0,30,11,30,30,8,0,0,14,14,43,5,0,0,0.05,3
35,30,8,22,15,8,0,19,0,30,11,30,30,8,0,0,14,14,43,5,0,0,0.05,3
36,30,7,23,16,7,0,19,0,30,11,30,30,7,0,0,14,14,46,5,3,3,0.05,3
37,30,7,23,16,7,0,19,0,30,11,30,30,7,0,0,14,14,46,5,0,0,0.05,3
38,30,7,23,16,7,0,19,0,30,11,30,30,7,0,0,14,14,46,5,0,0,0.05,3
39,30,7,23,16,7,0,19,0,30,11,30,30,7,0,0,14,14,46,5,0,0,0.05,3
40,30,7,23,16,7,0,19,0,30,0,30,30,7,0,0,14,14,46,5,0,0,0.05,3
41,30,7,23,16,7,0,19,0,30,0,30,30,7,0,0,14,14,46,5,0,0,0.05,3
42,30,8,22,16,8,0,19,0,30,0,30,30,8,0,1,15,15,46,6,0,0,0.05,3
43,30,7,23,17,7,0,19,0,30,0,30,30,7,0,0,15,15,49,6,3,3,0.05,3
44,30,7,23,17,7,0,19,0,30,0,30,30,7,0,0,15,15,49,6,0,0,0.05,3
45,30,7,23,17,7,0,19,0,30,1,30,30,7,0,0,15,15,49,6,0,0,0.05,3
46,30,7,23,17,7,0,19,0,30,1,30,30,7,0,0,15,15,49,6,0,0,0.05,3
47,30,7,23,17,7,0,19,0,30,1,30,30,7,0,0,15,15,49,6,0,0,0.05,3
48,30,7,23,17,7,0,19,0,30,1,30,30,7,0,0,15,15,49,6,0,0,0.05,3
49,30,7,23,17,7,0,19,0,30,1,30,30,7,0,0,15,15,49,6,0,0,0.05,3
50,29,6,23,16,6,0,19,0,30,1,30,29,6,0,0,15,15,52,6,4,3,0.05,3
51,30,6,24,16,6,0,19,0,30,1,30,30,6,0,0,15,15,53,6,0,1,0.05,3
52,30,6,24,16,6,0,19,0,30,1,30,30,6,0,0,15,15,53,6,0,0,0.05,3
53,30,6,24,16,6,0,19,0,30,1,30,30,6,0,0,15,15,53,6,0,0,0.05,3
54,30,6,24,16,6,0,19,0,30,1,30,30,6,0,0,15,15,53,6,0,0,0.05,3
55,30,6,24,16,6,0,19,0,30,1,30,30,6,0,0,15,15,53,6,0,0,0.05,3
56,30,6,24,16,6,0,19,0,30,1,30,30,6,0,0,15,15,53,6,0,0,0.05,3
57,29,6,23,15,6,0,19,0,30,1,30,29,6,1,0,15,15,55,6,3,2,0.05,3
58,30,6,24,16,6,0,19,0,30,2,30,30,6,0,0,15,15,57,6,1,2,0.05,3
59,30,6,24,16,6,0,19,0,30,2,30,30,6,0,0,15,15,57,6,0,0,0.05,3
60,30,6,24,16,6,0,19,0,30,2,30,30,6,0,0,15,15,57,6,0,0,0.05,3
61,30,6,24,16,6,0,19,0,30,2,30,30,6,0,0,15,15,57,6,0,0,0.05,3
62,30,6,24,16,6,0,19,0,30,2,30,30,6,0,0,15,15,57,6,0,0,0.05,3
63,30,6,24,16,6,0,19,0,30,2,30,30,6,0,0,15,15,57,6,0,0,0.05,3
64,30,7,23,16,7,1,19,0,30,2,30,30,7,0,0,16,15,59,6,2,2,0.05,3
65,30,7,23,16,7,1,19,0,30,2,30,30,7,0,0,16,15,61,6,2,2,0.05,3
66,30,7,23,16,7,1,19,0,30,2,30,30,7,0,0,16,15,61,6,0,0,0.05,3
67,30,7,23,16,7,1,19,0,30,2,30,30,7,0,0,16,15,61,6,0,0,0.05,3
68,30,7,23,16,7,1,19,0,30,2,30,30,7,0,0,16,15,61,6,0,0,0.05,3
69,30,7,23,16,7,1,19,0,30,2,30,30,7,0,0,16,15,61,6,0,0,0.05,3
70,30,7,23,16,7,1,19,0,30,2,30,30,7,0,0,16,15,61,6,0,0,0.05,3
71,30,6,24,16,6,0,19,0,30,2,30,30,6,0,0,16,15,63,6,2,2,0.05,3
72,30,6,24,16,6,0,19,0,30,2,30,30,6,0,0,16,15,65,6,2,2,0.05,3
73,30,6,24,16,6,0,19,0,30,2,30,30,6,0,0,16,15,65,6,0,0,0.05,3
74,30,6,24,16,6,0,19,0,30,2,30,30,6,0,0,16,15,65,6,0,0,0.05,3
75,30,6,24,16,6,0,19,0,30,2,30,30,6,0,0,16,15,65,6,0,0,0.05,3
76,30,6,24,16,6,0,19,0,30,2,30,30,6,0,0,16,15,65,6,0,0,0.05,3
77,30,6,24,16,6,0,19,0,30,2,30,30,6,0,0,16,15,65,6,0,0,0.05,3
78,29,6,23,16,6,0,19,0,30,2,30,29,6,0,0,16,15,66,6,2,1,0.05,3
79,30,6,24,16,6,0,19,0,30,2,30,30,6,0,0,16,15,69,6,2,3,0.05,3
80,30,6,24,16,6,0,19,0,30,2,30,30,6,0,0,16,15,69,6,0,0,0.05,3
81,30,6,24,16,6,0,19,0,30,2,30,30,6,0,0,16,15,69,6,0,0,0.05,3
82,30,6,24,16,6,0,19,0,30,2,30,30,6,0,0,16,15,69,6,0,0,0.05,3
83,30,6,24,16,6,0,19,0,30,2,30,30,6,0,0,16,15,69,6,0,0,0.05,3
84,30,6,24,16,6,0,19,0,30,2,30,30,6,0,0,16,15,69,6,0,0,0.05,3
85,29,6,23,16,6,0,19,0,30,2,30,29,6,0,0,16,15,69,6,1,0,0.05,3
86,30,6,24,16,6,0,19,0,30,2,30,30,6,0,0,16,15,73,6,3,4,0.05,3
87,30,6,24,16,6,0,19,0,30,2,30,30,6,0,0,16,15,73,6,0,0,0.05,3
88,30,6,24,16,6,0,19,0,30,2,30,30,6,0,0,16,15,73,6,0,0,0.05,3
89,30,6,24,16,6,0,19,0,30,2,30,30,6,0,0,16,15,73,6,0,0,0.05,3
90,30,6,24,16,6,0,19,0,30,2,30,30,6,0,0,16,15,73,6,0,0,0.05,3
91,30,6,24,16,6,0,19,0,30,2,30,30,6,0,0,16,15,73,6,0,0,0.05,3
92,30,6,24,16,6,0,19,0,30,2,30,30,6,0,0,16,15,73,6,0,0,0.05,3
93,30,6,24,16,6,0,19,0,30,2,30,30,6,0,0,16,15,77,6,4,4,0.05,3
94,30,6,24,16,6,0,19,0,30,2,30,30,6,0,0,16,15,77,6,0,0,0.05,3
95,30,6,24,16,6,0,19,0,30,2,30,30,6,0,0,16,15,77,6,0,0,0.05,3
96,30,6,24,16,6,0,19,0,30,2,30,30,6,0,0,16,15,77,6,0,0,0.05,3
97,30,6,24,16,6,0,19,0,30,2,30,30,6,0,0,16,15,77,6,0,0,0.05,3
98,30,6,24,16,6,0,19,0,30,2,30,30,6,0,0,16,15,77,6,0,0,0.05,3
99,30,6,24,16,6,0,19,0,30,2,30,30,6,0,0,16,15,77,6,0,0,0.05,3
100,29,6,23,15,6,0,19,0,30,2,30,29,6,1,0,16,15,80,6,4,3,0.05,3
101,30,6,24,16,6,0,19,0,30,3,30,30,6,0,0,16,15,81,6,0,1,0.05,3
102,30,6,24,16,6,0,19,0,30,3,30,30,6,0,0,16,15,81,6,0,0,0.05,3
103,30,6,24,16,6,0,19,0,30,3,30,30,6,0,0,16,15,81,6,0,0,0.05,3
104,30,6,24,16,6,0,19,0,30,3,30,30,6,0,0,16,15,81,6,0,0,0.05,3
105,30,6,24,16,6,0,19,0,30,3,30,30,6,0,0,16,15,81,6,0,0,0.05,3
106,30,6,24,16,6,0,19,0,30,3,30,30,6,0,0,16,15,81,6,0,0,0.05,3
107,30,6,24,16,6,0,19,0,30,3,30,30,6,0,0,16,15,84,6,3,3,0.05,3
108,30,6,24,16,6,0,19,0,30,3,30,30,6,0,0,16,15,85,6,1,1,0.05,3
109,30,6,24,16,6,0,19,0,30,3,30,30,6,0,0,16,15,85,6,0,0,0.05,3
110,30,6,24,16,6,0,19,0,30,3,30,30,6,0,0,16,15,85,6,0,0,0.05,3
111,30,6,24,16,6,0,19,0,30,3,30,30,6,0,0,16,15,85,6,0,0,0.05,3
112,30,6,24,16,6,0,19,0,30,3,30,30,6,0,0,16,15,85,6,0,0,0.05,3
113,30,6,24,16,6,0,19,0,30,3,30,30,6,0,0,16,15,85,6,0,0,0.05,3
114,29,6,23,16,6,0,19,0,30,3,30,29,6,0,0,16,15,87,6,3,2,0.05,3
115,30,6,24,16,6,0,19,0,30,3,30,30,6,0,0,16,15,89,6,1,2,0.05,3
116,30,6,24,16,6,0,19,0,30,3,30,30,6,0,0,16,15,89,6,0,0,0.05,3
117,30,6,24,16,6,0,19,0,30,3,30,30,6,0,0,16,15,89,6,0,0,0.05,3
118,30,6,24,16,6,0,19,0,30,3,30,30,6,0,0,16,15,89,6,0,0,0.05,3
119,30,6,24,16,6,0,19,0,30,3,30,30,6,0,0,16,15,89,6,0,0,0.05,3
120,30,6,24,16,6,0,19,0,30,3,30,30,6,0,0,16,15,89,6,0,0,0.05,3
121,29,7,22,16,7,1,19,0,30,3,30,29,7,0,0,17,15,90,6,2,1,0.05,3
122,30,7,23,16,7,1,19,0,30,3,30,30,7,0,0,17,15,93,6,2,3,0.05,3
123,30,7,23,16,7,1,19,0,30,3,30,30,7,0,0,17,15,93,6,0,0,0.05,3
124,30,7,23,16,7,1,19,0,30,3,30,30,7,0,0,17,15,93,6,0,0,0.05,3
125,30,7,23,16,7,1,19,0,30,3,30,30,7,0,0,17,15,93,6,0,0,0.05,3
126,30,7,23,16,7,1,19,0,30,3,30,30,7,0,0,17,15,93,6,0,0,0.05,3
127,30,7,23,16,7,1,19,0,30,3,30,30,7,0,0,17,15,93,6,0,0,0.05,3
128,30,6,24,16,6,0,19,0,30,3,30,30,6,0,0,17,15,94,6,1,1,0.05,3
129,30,6,24,16,6,0,19,0,30,3,30,30,6,0,0,17,15,97,6,3,3,0.05,3
130,30,6,24,16,6,0,19,0,30,3,30,30,6,0,0,17,15,97,6,0,0,0.05,3
131,30,6,24,16,6,0,19,0,30,3,30,30,6,0,0,17,15,97,6,0,0,0.05,3
132,30,6,24,16,6,0,19,0,30,3,30,30,6,0,0,17,15,97,6,0,0,0.05,3
133,30,6,24,16,6,0,19,0,30,3,30,30,6,0,0,17,15,97,6,0,0,0.05,3
134,30,6,24,16,6,0,19,0,30,3,30,30,6,0,0,17,15,97,6,0,0,0.05,3
135,29,6,23,16,6,0,19,0,30,3,30,29,6,0,0,17,15,97,6,1,0,0.05,3
136,30,6,24,16,6,0,19,0,30,3,30,30,6,0,0,17,15,101,6,3,4,0.05,3
137,30,6,24,16,6,0,19,0,30,3,30,30,6,0,0,17,15,101,6,0,0,0.05,3
138,30,6,24,16,6,0,19,0,30,3,30,30,6,0,0,17,15,101,6,0,0,0.05,3
139,30,6,24,16,6,0,19,0,30,3,30,30,6,0,0,17,15,101,6,0,0,0.05,3
140,30,6,24,16,6,0,19,0,30,3,30,30,6,0,0,17,15,101,6,0,0,0.05,3
141,30,6,24,16,6,0,19,0,30,3,30,30,6,0,0,17,15,101,6,0,0,0.05,3
142,30,6,24,16,6,0,19,0,30,3,30,30,6,0,0,17,15,101,6,0,0,0.05,3
143,30,6,24,16,6,0,19,0,30,3,30,30,6,0,0,17,15,105,6,4,4,0.05,3
144,30,6,24,16,6,0,19,0,30,4,30,30,6,0,0,17,15,105,6,0,0,0.05,3
145,30,6,24,16,6,0,19,0,30,4,30,30,6,0,0,17,15,105,6,0,0,0.05,3
146,30,7,23,16,7,0,19,0,30,4,30,30,7,0,1,18,16,105,6,0,0,0.05,3
147,30,7,23,16,7,0,19,0,30,4,30,30,7,0,0,18,16,105,6,0,0,0.05,3
148,30,7,23,16,7,0,19,0,30,4,30,30,7,0,0,18,16,105,6,0,0,0.05,3
149,30,7,23,16,7,0,19,0,30,4,30,30,7,0,0,18,16,105,6,0,0,0.05,3
150,30,7,23,16,7,0,19,0,30,4,30,30,7,0,0,18,16,108,6,3,3,0.05,3
151,30,7,23,16,7,0,19,0,30,4,30,30,7,0,0,18,16,108,6,0,0,0.05,3
152,30,7,23,16,7,0,19,0,30,4,30,30,7,0,0,18,16,108,6,0,0,0.05,3
153,30,7,23,16,7,0,19,1,30,4,30,30,7,0,0,18,16,108,6,0,0,0.05,3
154,30,7,23,16,7,0,19,0,30,4,30,30,7,0,0,18,16,108,6,0,0,0.05,3
155,30,7,23,16,7,0,19,0,30,4,30,30,7,0,0,18,16,108,6,0,0,0.05,3
156,30,7,23,16,7,0,19,0,30,4,30,30,7,0,0,18,16,108,6,0,0,0.05,3
157,30,6,24,16,6,0,19,0,30,4,30,30,6,0,0,18,16,112,6,4,4,0.05,3
158,30,6,24,16,6,0,19,0,30,4,30,30,6,0,0,18,16,112,6,0,0,0.05,3
159,30,6,24,16,6,0,19,0,30,4,30,30,6,0,0,18,16,112,6,0,0,0.05,3
160,30,6,24,16,6,0,19,0,30,4,30,30,6,0,0,18,16,112,6,0,0,0.05,3
161,30,6,24,16,6,0,19,0,30,4,30,30,6,0,0,18,16,112,6,0,0,0.05,3
162,30,6,24,16,6,0,19,0,30,4,30,30,6,0,0,18,16,112,6,0,0,0.05,3
163,30,6,24,16,6,0,19,0,30,4,30,30,6,0,0,18,16,112,6,0,0,0.05,3
164,29,6,23,15,6,0,19,0,30,4,30,29,6,1,0,18,16,115,6,4,3,0.05,3
165,30,6,24,16,6,0,19,0,30,5,30,30,6,0,0,18,16,116,6,0,1,0.05,3
166,30,6,24,16,6,0,19,0,30,5,30,30,6,0,0,18,16,116,6,0,0,0.05,3
167,30,6,24,16,6,0,19,0,30,5,30,30,6,0,0,18,16,116,6,0,0,0.05,3
168,30,6,24,16,6,0,19,0,30,5,30,30,6,0,0,18,16,116,6,0,0,0.05,3
169,30,6,24,16,6,0,19,0,30,5,30,30,6,0,0,18,16,116,6,0,0,0.05,3
170,30,6,24,16,6,0,19,0,30,5,30,30,6,0,0,18,16,116,6,0,0,0.05,3
171,29,6,23,16,6,0,19,0,30,5,30,29,6,0,0,18,16,118,6,3,2,0.05,3
172,30,6,24,16,6,0,19,0,30,5,30,30,6,0,0,18,16,120,6,1,2,0.05,3
173,30,6,24,16,6,0,19,0,30,5,30,30,6,0,0,18,16,120,6,0,0,0.05,3
174,30,7,23,16,7,0,19,0,30,5,30,30,7,0,1,19,17,120,6,0,0,0.05,3
175,30,7,23,16,7,0,19,0,30,5,30,30,7,0,0,19,17,120,6,0,0,0.05,3
176,30,7,23,16,7,0,19,0,30,5,30,30,7,0,0,19,17,120,6,0,0,0.05,3
177,30,7,23,16,7,0,19,0,30,5,30,30,7,0,0,19,17,120,6,0,0,0.05,3
178,30,7,23,16,7,0,19,0,30,5,30,30,7,0,0,19,17,122,6,2,2,0.05,3
179,30,7,23,16,7,0,19,0,30,5,30,30,7,0,0,19,17,123,6,1,1,0.05,3
180,30,7,23,16,7,0,19,0,30,5,30,30,7,0,0,19,17,123,6,0,0,0.05,3
181,30,7,23,16,7,0,19,0,30,5,30,30,7,0,0,19,17,123,6,0,0,0.05,3
182,30,7,23,16,7,0,19,0,30,5,30,30,7,0,0,19,17,123,6,0,0,0.05,3
183,30,7,23,16,7,0,19,0,30,5,30,30,7,0,0,19,17,123,6,0,0,0.05,3
184,30,7,23,16,7,0,19,0,30,5,30,30,7,0,0,19,17,123,6,0,0,0.05,3
185,30,7,23,16,7,0,19,0,30,5,30,30,7,0,0,19,17,125,6,2,2,0.05,3
186,30,6,24,16,6,0,19,0,30,5,30,30,6,0,0,19,17,127,6,2,2,0.05,3
187,30,6,24,16,6,0,19,0,30,5,30,30,6,0,0,19,17,127,6,0,0,0.05,3
188,30,6,24,16,6,0,19,0,30,5,30,30,6,0,0,19,17,127,6,0,0,0.05,3
189,30,6,24,16,6,0,19,0,30,5,30,30,6,0,0,19,17,127,6,0,0,0.05,3
190,30,6,24,16,6,0,19,0,30,5,30,30,6,0,0,19,17,127,6,0,0,0.05,3
191,30,6,24,16,6,0,19,0,30,5,30,30,6,0,0,19,17,127,6,0,0,0.05,3
192,29,6,23,16,6,0,19,0,30,5,30,29,6,0,0,19,17,128,6,2,1,0.05,3
193,30,6,24,16,6,0,19,0,30,5,30,30,6,0,0,19,17,131,6,2,3,0.05,3
194,30,6,24,16,6,0,19,0,30,5,30,30,6,0,0,19,17,131,6,0,0,0.05,3
195,30,6,24,16,6,0,19,0,30,5,30,30,6,0,0,19,17,131,6,0,0,0.05,3
196,30,6,24,16,6,0,19,0,30,5,30,30,6,0,0,19,17,131,6,0,0,0.05,3
197,30,6,24,16,6,0,19,0,30,5,30,30,6,0,0,19,17,131,6,0,0,0.05,3
198,30,6,24,16,6,0,19,0,30,5,30,30,6,0,0,19,17,131,6,0,0,0.05,3
199,30,6,24,16,6,0,19,0,30,5,30,30,6,0,0,19,17,132,6,1,1,0.05,3
200,29,6,23,15,6,0,19,0,30,5,30,29,6,1,0,19,17,134,6,3,2,0.05,3
201,30,6,24,16,6,0,19,0,30,5,30,30,6,0,0,19,17,135,6,0,1,0.05,3
202,30,6,24,16,6,0,19,0,30,5,30,30,6,0,0,19,17,135,6,0,0,0.05,3
203,30,6,24,16,6,0,19,0,30,5,30,30,6,0,0,19,17,135,6,0,0,0.05,3
204,30,6,24,16,6,0,19,0,30,5,30,30,6,0,0,19,17,135,6,0,0,0.05,3
205,30,6,24,16,6,0,19,0,30,5,30,30,6,0,0,19,17,135,6,0,0,0.05,3
206,30,6,24,16,6,0,19,0,30,5,30,30,6,0,0,19,17,136,6,1,1,0.05,3
207,30,6,24,16,6,0,19,0,30,5,30,30,6,0,0,19,17,138,6,2,2,0.05,3
208,30,6,24,16,6,0,19,0,30,5,30,30,6,0,0,19,17,139,6,1,1,0.05,3
209,30,6,24,16,6,0,19,0,30,5,30,30,6,0,0,19,17,139,6,0,0,0.05,3
210,30,6,24,16,6,0,19,0,30,5,30,30,6,0,0,19,17,139,6,0,0,0.05,3
211,30,6,24,16,6,0,19,0,30,5,30,30,6,0,0,19,17,139,6,0,0,0.05,3
212,30,6,24,16,6,0,19,0,30,5,30,30,6,0,0,19,17,139,6,0,0,0.05,3
213,29,6,23,16,6,0,19,0,30,5,30,29,6,0,0,19,17,139,6,1,0,0.05,3
214,30,6,24,16,6,0,19,0,30,5,30,30,6,0,0,19,17,142,6,2,3,0.05,3
215,30,6,24,16,6,0,19,0,30,5,30,30,6,0,0,19,17,143,6,1,1,0.05,3
216,30,6,24,16,6,0,19,0,30,5,30,30,6,0,0,19,17,143,6,0,0,0.05,3
217,30,6,24,16,6,0,19,0,30,5,30,30,6,0,0,19,17,143,6,0,0,0.05,3
218,30,6,24,16,6,0,19,0,30,5,30,30,6,0,0,19,17,143,6,0,0,0.05,3
219,30,6,24,16,6,0,19,0,30,5,30,30,6,0,0,19,17,143,6,0,0,0.05,3
220,30,6,24,16,6,0,19,0,30,1,30,30,6,0,0,19,17,143,6,0,0,0.05,3
221,30,6,24,16,6,0,19,0,30,1,30,30,6,0,0,19,17,146,6,3,3,0.05,3
222,30,6,24,16,6,0,19,0,30,1,30,30,6,0,0,19,17,147,6,1,1,0.05,3
223,30,6,24,16,6,0,19,0,30,1,30,30,6,0,0,19,17,147,6,0,0,0.05,3
224,30,6,24,16,6,0,19,0,30,1,30,30,6,0,0,19,17,147,6,0,0,0.05,3
225,30,6,24,16,6,0,19,0,30,1,30,30,6,0,0,19,17,147,6,0,0,0.05,3
226,30,6,24,16,6,0,19,0,30,1,30,30,6,0,0,19,17,147,6,0,0,0.05,3
227,30,6,24,16,6,0,19,0,30,1,30,30,6,0,0,19,17,147,6,0,0,0.05,3
228,30,6,24,16,6,0,19,0,30,1,30,30,6,0,0,19,17,150,6,3,3,0.05,3
229,30,6,24,16,6,0,19,0,30,1,30,30,6,0,0,19,17,151,6,1,1,0.05,3
230,30,6,24,16,6,0,19,0,30,1,30,30,6,0,0,19,17,151,6,0,0,0.05,3
231,30,6,24,16,6,0,19,0,30,1,30,30,6,0,0,19,17,151,6,0,0,0.05,3
232,30,6,24,16,6,0,19,0,30,1,30,30,6,0,0,19,17,151,6,0,0,0.05,3
233,30,6,24,16,6,0,19,0,30,1,30,30,6,0,0,19,17,151,6,0,0,0.05,3
234,30,6,24,16,6,0,19,0,30,1,30,30,6,0,0,19,17,151,6,0,0,0.05,3
235,29,6,23,16,6,0,19,0,30,1,30,29,6,0,0,19,17,153,6,3,2,0.05,3
236,30,6,24,16,6,0,19,0,30,1,30,30,6,0,0,19,17,155,6,1,2,0.05,3
237,30,6,24,16,6,0,19,0,30,1,30,30,6,0,0,19,17,155,6,0,0,0.05,3
238,30,6,24,16,6,0,19,0,30,1,30,30,6,0,0,19,17,155,6,0,0,0.05,3
239,30,6,24,16,6,0,19,0,30,1,30,30,6,0,0,19,17,155,6,0,0,0.05,3
240,30,7,23,16,7,0,19,1,30,1,30,30,7,0,1,20,18,155,6,0,0,0.05,3
241,30,7,23,16,7,0,19,0,30,1,30,30,7,0,0,20,18,155,6,0,0,0.05,3
242,29,8,21,16,8,1,19,0,30,1,30,29,8,0,0,21,18,156,6,2,1,0.05,3
243,30,9,21,16,9,2,19,0,30,1,30,30,9,0,0,22,18,158,6,1,2,0.05,3
244,30,9,21,16,9,2,19,0,30,1,30,30,9,0,0,22,18,158,6,0,0,0.05,3
245,30,9,21,16,9,2,19,0,30,1,30,30,9,0,0,22,18,158,6,0,0,0.05,3
246,30,9,21,16,9,2,19,0,30,1,30,30,9,0,0,22,18,158,6,0,0,0.05,3
247,30,9,21,16,9,2,19,0,30,1,30,30,9,0,0,22,18,158,6,0,0,0.05,3
248,30,9,21,16,9,2,19,0,30,1,30,30,9,0,0,22,18,158,6,0,0,0.05,3
249,29,8,21,16,8,1,19,0,30,1,30,29,8,0,0,22,18,158,6,1,0,0.05,3
250,30,6,24,16,6,0,19,0,30,1,30,30,6,0,0,22,18,162,6,3,4,0.05,3
251,30,6,24,16,6,0,19,0,30,1,30,30,6,0,0,22,18,162,6,0,0,0.05,3
252,30,6,24,16,6,0,19,0,30,1,30,30,6,0,0,22,18,162,6,0,0,0.05,3
253,30,6,24,16,6,0,19,0,30,1,30,30,6,0,0,22,18,162,6,0,0,0.05,3
254,30,6,24,16,6,0,19,0,30,1,30,30,6,0,0,22,18,162,6,0,0,0.05,3
255,30,6,24,16,6,0,19,0,30,1,30,30,6,0,0,22,18,162,6,0,0,0.05,3
256,30,6,24,16,6,0,19,0,30,2,30,30,6,0,0,22,18,162,6,0,0,0.05,3
257,30,6,24,16,6,0,19,0,30,2,30,30,6,0,0,22,18,166,6,4,4,0.05,3
258,30,6,24,16,6,0,19,0,30,2,30,30,6,0,0,22,18,166,6,0,0,0.05,3
259,30,6,24,16,6,0,19,0,30,2,30,30,6,0,0,22,18,166,6,0,0,0.05,3
260,30,6,24,16,6,0,19,0,30,2,30,30,6,0,0,22,18,166,6,0,0,0.05,3
261,30,6,24,16,6,0,19,0,30,2,30,30,6,0,0,22,18,166,6,0,0,0.05,3
262,30,6,24,16,6,0,19,0,30,2,30,30,6,0,0,22,18,166,6,0,0,0.05,3
263,30,6,24,16,6,0,19,0,30,2,30,30,6,0,0,22,18,166,6,0,0,0.05,3
264,30,6,24,16,6,0,19,0,30,2,30,30,6,0,0,22,18,170,6,4,4,0.05,3
265,30,6,24,16,6,0,19,0,30,2,30,30,6,0,0,22,18,170,6,0,0,0.05,3
266,30,6,24,16,6,0,19,0,30,2,30,30,6,0,0,22,18,170,6,0,0,0.05,3
267,30,6,24,16,6,0,19,0,30,2,30,30,6,0,0,22,18,170,6,0,0,0.05,3
268,30,6,24,16,6,0,19,0,30,2,30,30,6,0,0,22,18,170,6,0,0,0.05,3
269,30,6,24,16,6,0,19,0,30,2,30,30,6,0,0,22,18,170,6,0,0,0.05,3
270,30,6,24,16,6,0,19,0,30,2,30,30,6,0,0,22,18,170,6,0,0,0.05,3
271,30,6,24,16,6,0,19,0,30,2,30,30,6,0,0,22,18,174,6,4,4,0.05,3
272,30,6,24,16,6,0,19,0,30,2,30,30,6,0,0,22,18,174,6,0,0,0.05,3
273,30,6,24,16,6,0,19,0,30,2,30,30,6,0,0,22,18,174,6,0,0,0.05,3
274,30,6,24,16,6,0,19,0,30,3,30,30,6,0,0,22,18,174,6,0,0,0.05,3
275,30,6,24,16,6,0,19,0,30,3,30,30,6,0,0,22,18,174,6,0,0,0.05,3
276,30,6,24,16,6,0,19,0,30,3,30,30,6,0,0,22,18,174,6,0,0,0.05,3
277,30,6,24,16,6,0,19,0,30,3,30,30,6,0,0,22,18,174,6,0,0,0.05,3
278,30,6,24,16,6,0,19,0,30,3,30,30,6,0,0,22,18,178,6,4,4,0.05,3
279,30,6,24,16,6,0,19,0,30,3,30,30,6,0,0,22,18,178,6,0,0,0.05,3
280,30,6,24,16,6,0,19,0,30,3,30,30,6,0,0,22,18,178,6,0,0,0.05,3
281,30,6,24,16,6,0,19,0,30,3,30,30,6,0,0,22,18,178,6,0,0,0.05,3
282,30,6,24,16,6,0,19,0,30,3,30,30,6,0,0,22,18,178,6,0,0,0.05,3
283,30,6,24,16,6,0,19,0,30,3,30,30,6,0,0,22,18,178,6,0,0,0.05,3
284,30,6,24,16,6,0,19,0,30,3,30,30,6,0,0,22,18,178,6,0,0,0.05,3
285,29,6,23,15,6,0,19,0,30,3,30,29,6,1,0,22,18,181,6,4,3,0.05,3
286,30,6,24,16,6,0,19,0,30,5,30,30,6,0,0,22,18,182,6,0,1,0.05,3
287,30,6,24,16,6,0,19,0,30,5,30,30,6,0,0,22,18,182,6,0,0,0.05,3
288,30,6,24,16,6,0,19,0,30,5,30,30,6,0,0,22,18,182,6,0,0,0.05,3
289,30,7,23,16,7,0,19,1,30,5,30,30,7,0,1,23,19,182,6,0,0,0.05,3
290,30,8,22,16,8,0,19,0,30,5,30,30,8,0,1,24,20,182,6,0,0,0.05,3
291,30,8,22,16,8,0,19,0,30,5,30,30,8,0,0,24,20,182,6,0,0,0.05,3
292,29,8,21,16,8,0,19,0,30,5,30,29,8,0,0,24,20,184,6,3,2,0.05,3
293,30,8,22,16,8,0,19,0,30,5,30,30,8,0,0,24,20,185,6,0,1,0.05,3
294,30,8,22,16,8,0,19,0,30,5,30,30,8,0,0,24,20,185,6,0,0,0.05,3
295,30,8,22,16,8,0,19,0,30,5,30,30,8,0,0,24,20,185,6,0,0,0.05,3
296,30,9,21,16,9,0,19,0,30,6,30,30,9,0,1,25,21,185,6,0,0,0.05,3
297,30,9,21,16,9,0,19,0,30,6,30,30,9,0,0,25,21,185,6,0,0,0.05,3
298,30,9,21,16,9,0,19,0,30,6,30,30,9,0,0,25,21,185,7,0,0,0.05,3
299,30,9,21,16,9,0,19,0,30,6,30,30,9,0,0,25,21,186,7,1,1,0.05,3
300,30,8,22,16,8,0,19,0,30,6,30,30,8,0,0,25,21,188,7,2,2,0.05,3
301,30,8,22,16,8,0,19,0,30,6,30,30,8,0,0,25,21,188,7,0,0,0.05,3
302,30,8,22,16,8,0,19,0,30,6,30,30,8,0,0,25,21,188,7,0,0,0.05,3
303,30,10,20,16,10,0,19,0,30,6,30,30,10,0,2,27,23,188,7,0,0,0.05,3
304,30,10,20,16,10,0,19,0,30,6,30,30,10,0,0,27,23,188,7,0,0,0.05,3
305,30,10,20,16,10,0,19,0,30,6,30,30,10,0,0,27,23,188,7,0,0,0.05,3
306,30,12,18,16,12,2,19,0,30,6,30,30,12,0,1,30,24,190,7,2,2,0.05,3
307,30,12,18,16,12,2,19,0,30,6,30,30,12,0,0,30,24,191,7,1,1,0.05,3
308,30,12,18,16,12,2,19,0,30,6,30,30,12,0,0,30,24,191,7,0,0,0.05,3
309,30,12,18,16,12,2,19,0,30,6,30,30,12,0,0,30,24,191,7,0,0,0.05,3
310,30,12,18,16,12,2,19,0,30,6,30,30,12,0,0,30,24,191,7,0,0,0.05,3
311,30,12,18,16,12,2,19,0,30,6,30,30,12,0,0,30,24,191,7,0,0,0.05,3
312,30,12,18,16,12,2,19,0,30,6,30,30,12,0,0,30,24,191,7,0,0,0.05,3
313,30,10,20,16,10,0,19,0,30,6,30,30,10,0,0,30,24,193,8,2,2,0.05,3
314,30,9,21,16,9,0,19,0,30,6,30,30,9,0,0,30,24,195,8,2,2,0.05,3
315,30,9,21,16,9,0,19,0,30,6,30,30,9,0,0,30,24,195,8,0,0,0.05,3
316,30,9,21,16,9,0,19,0,30,6,30,30,9,0,0,30,24,195,8,0,0,0.05,3
317,30,9,21,16,9,0,19,0,30,6,30,30,9,0,0,30,24,195,8,0,0,0.05,3
318,30,10,20,16,10,0,19,0,30,6,30,30,10,0,1,31,25,195,8,0,0,0.05,3
319,30,10,20,16,10,0,19,0,30,6,30,30,10,0,0,31,25,195,8,0,0,0.05,3
320,29,10,19,16,10,0,19,0,30,7,30,29,10,0,0,31,25,195,8,1,0,0.05,3
321,30,10,20,16,10,0,19,0,30,7,30,30,10,0,0,31,25,198,8,2,3,0.05,3
322,30,10,20,16,10,0,19,0,30,7,30,30,10,0,0,31,25,198,8,0,0,0.05,3
323,30,10,20,16,10,0,19,0,30,8,30,30,10,0,0,31,25,198,8,0,0,0.05,3
324,30,10,20,16,10,0,19,0,30,8,30,30,10,0,0,31,25,198,8,0,0,0.05,3
325,30,10,20,16,10,0,19,0,30,8,30,30,10,0,0,31,25,198,8,0,0,0.05,3
326,30,11,19,16,11,0,19,0,30,8,30,30,11,0,1,32,26,198,8,0,0,0.05,3
327,30,10,20,17,10,0,19,0,30,8,30,30,10,0,0,32,26,199,9,1,1,0.05,3
328,30,10,20,17,10,0,19,0,30,8,30,30,10,0,0,32,26,201,9,2,2,0.05,3
329,30,10,20,17,10,0,19,0,30,8,30,30,10,0,0,32,26,201,9,0,0,0.05,3
330,30,10,20,17,10,0,19,0,30,8,30,30,10,0,0,32,26,201,9,0,0,0.05,3
331,30,10,20,17,10,0,19,0,30,8,30,30,10,0,0,32,26,201,9,0,0,0.05,3
332,30,11,19,17,11,0,19,0,30,8,30,30,11,0,1,33,27,201,9,0,0,0.05,3
333,30,11,19,17,11,0,19,0,30,8,30,30,11,0,0,33,27,201,9,0,0,0.05,3
334,30,11,19,17,11,0,19,0,30,9,30,30,11,0,0,33,27,202,9,1,1,0.05,3
335,30,10,20,17,10,0,19,0,30,9,30,30,10,0,0,33,27,205,9,3,3,0.05,3
336,30,10,20,17,10,0,19,0,30,9,30,30,10,0,0,33,27,205,9,0,0,0.05,3
337,30,11,19,17,11,0,19,0,30,9,30,30,11,0,1,34,28,205,9,0,0,0.05,3
338,30,12,18,17,12,0,19,0,30,9,30,30,12,0,1,35,29,205,10,0,0,0.05,3
339,30,12,18,17,12,0,19,0,30,9,30,30,12,0,0,35,29,205,10,0,0,0.05,3
340,30,12,18,17,12,0,19,0,30,9,30,30,12,0,0,35,29,205,10,0,0,0.05,3
341,29,12,17,16,12,0,19,0,30,9,30,29,12,1,0,35,29,205,10,1,0,0.05,3
342,30,12,18,17,12,0,19,0,30,9,30,30,12,0,0,35,29,208,10,2,3,0.05,3
343,30,12,18,17,12,0,19,0,30,9,30,30,12,0,0,35,29,208,10,0,0,0.05,3
344,30,12,18,17,12,0,19,0,30,10,30,30,12,0,0,35,29,208,10,0,0,0.05,3
345,30,13,17,17,13,0,19,0,30,10,30,30,13,0,1,36,30,208,10,0,0,0.05,3
346,30,13,17,17,13,0,19,0,30,10,30,30,13,0,0,36,30,208,10,0,0,0.05,3
347,30,13,17,17,13,0,19,0,30,10,30,30,13,0,0,36,30,208,10,0,0,0.05,3
348,30,13,17,17,13,0,19,0,30,10,30,30,13,0,0,36,30,208,10,0,0,0.05,3
349,29,12,17,16,12,0,19,0,30,10,30,29,12,0,0,36,30,211,10,4,3,0.05,3
350,30,12,18,16,12,0,19,0,30,10,30,30,12,0,0,36,30,212,10,0,1,0.05,3
351,30,13,17,16,13,0,19,0,30,10,30,30,13,0,1,37,31,212,10,0,0,0.05,3
352,30,13,17,16,13,0,19,0,30,10,30,30,13,0,0,37,31,212,10,0,0,0.05,3
353,30,13,17,16,13,0,19,0,30,10,30,30,13,0,0,37,31,212,10,0,0,0.05,3
354,30,13,17,16,13,0,19,0,30,10,30,30,13,0,0,37,31,212,11,0,0,0.05,3
355,30,13,17,16,13,0,19,0,30,10,30,30,13,0,0,37,31,212,11,0,0,0.05,3
356,29,13,16,15,13,0,19,0,30,10,30,29,13,0,0,37,31,214,11,3,2,0.05,3
357,30,13,17,15,13,0,19,0,30,10,30,30,13,0,0,37,31,215,11,0,1,0.05,3
358,30,13,17,15,13,0,19,0,30,10,30,30,13,0,0,37,31,215,11,0,0,0.05,3
359,30,13,17,15,13,0,19,0,30,10,30,30,13,0,0,37,31,215,11,0,0,0.05,3
360,30,13,17,15,13,0,19,0,30,10,30,30,13,0,0,37,31,215,11,0,0,0.05,3
361,30,13,17,15,13,0,19,0,30,10,30,30,13,0,0,37,31,215,11,0,0,0.05,3
362,30,13,17,15,13,0,19,0,30,11,30,30,13,0,0,37,31,215,11,0,0,0.05,3
363,30,14,16,15,14,0,19,0,30,11,30,30,14,0,1,38,32,216,11,1,1,0.05,3
364,30,13,17,16,13,0,19,0,30,11,30,30,13,0,0,38,32,218,11,2,2,0.05,3
365,30,13,17,16,13,0,19,0,30,11,30,30,13,0,0,38,32,218,11,0,0,0.05,3
366,30,13,17,16,13,0,19,0,30,11,30,30,13,0,0,38,32,218,11,0,0,0.05,3
367,30,13,17,16,13,0,19,0,30,11,30,30,13,0,0,38,32,218,11,0,0,0.05,3
368,30,13,17,16,13,0,19,0,30,11,30,30,13,0,0,38,32,218,11,0,0,0.05,3
369,30,13,17,16,13,0,19,0,30,11,30,30,13,0,0,38,32,218,11,0,0,0.05,3
370,29,12,17,16,12,0,19,0,30,11,30,29,12,0,0,38,32,219,11,2,1,0.05,3
371,30,12,18,16,12,0,19,0,30,11,30,30,12,0,0,38,32,222,11,2,3,0.05,3
372,30,12,18,16,12,0,19,0,30,12,30,30,12,0,0,38,32,222,11,0,0,0.05,3
373,30,12,18,16,12,0,19,0,30,12,30,30,12,0,0,38,32,222,11,0,0,0.05,3
374,30,12,18,16,12,0,19,0,30,12,30,30,12,0,0,38,32,222,11,0,0,0.05,3
375,30,12,18,16,12,0,19,0,30,12,30,30,12,0,0,38,32,222,11,0,0,0.05,3
376,30,12,18,16,12,0,19,0,30,12,30,30,12,0,0,38,32,222,11,0,0,0.05,3
377,30,13,17,16,13,0,19,0,30,13,30,30,13,0,1,39,33,223,11,1,1,0.05,3
378,30,14,16,16,14,0,19,0,30,13,30,30,14,0,1,40,34,226,11,3,3,0.05,3
379,30,14,16,16,14,0,19,0,30,13,30,30,14,0,0,40,34,226,11,0,0,0.05,3
380,30,14,16,16,14,0,19,0,30,13,30,30,14,0,0,40,34,226,11,0,0,0.05,3
381,30,14,16,16,14,0,19,0,30,13,30,30,14,0,0,40,34,226,11,0,0,0.05,3
382,30,15,15,16,15,0,19,0,30,13,30,30,15,0,1,41,35,226,11,0,0,0.05,3
383,30,15,15,16,15,0,19,0,30,13,30,30,15,0,0,41,35,226,11,0,0,0.05,3
384,30,15,15,16,15,0,19,0,30,13,30,30,15,0,0,41,35,227,12,1,1,0.05,3
385,30,15,15,15,15,0,19,0,30,13,30,30,15,0,0,41,35,230,12,3,3,0.05,3
386,30,15,15,15,15,0,19,0,30,14,30,30,15,0,0,41,35,230,12,0,0,0.05,3
387,30,16,14,15,16,0,19,0,30,14,30,30,16,0,1,42,36,230,12,0,0,0.05,3
388,30,16,14,15,16,0,19,0,30,14,30,30,16,0,0,42,36,230,12,0,0,0.05,3
389,30,16,14,15,16,0,19,0,30,14,30,30,16,0,0,42,36,230,12,0,0,0.05,3
390,30,16,14,15,16,0,19,0,30,14,30,30,16,0,0,42,36,230,12,0,0,0.05,3
391,29,16,13,15,16,0,19,0,30,14,30,29,16,0,0,42,36,230,12,1,0,0.05,3
392,30,16,14,15,16,0,19,0,30,14,30,30,16,0,0,42,36,234,12,3,4,0.05,3
393,30,17,13,15,17,0,19,0,30,14,30,30,17,0,1,43,37,234,12,0,0,0.05,3
394,30,17,13,15,17,0,19,0,30,15,30,30,17,0,0,43,37,234,12,0,0,0.05,3
395,30,18,12,15,18,0,19,0,30,15,30,30,18,0,1,44,38,234,12,0,0,0.05,3
396,30,18,12,15,18,0,19,0,30,15,30,30,18,0,0,44,38,234,12,0,0,0.05,3
397,30,18,12,15,18,0,19,1,30,15,30,30,18,0,0,44,38,234,12,0,0,0.05,3
398,30,19,11,15,19,0,19,0,30,15,30,30,19,0,1,45,39,234,14,0,0,0.05,3
399,30,19,11,15,19,0,19,0,30,15,30,30,19,0,0,45,39,236,14,2,2,0.05,3
400,30,20,10,15,20,0,19,0,30,1,30,30,20,0,1,46,40,236,14,0,0,0.05,3
401,30,20,10,15,20,0,19,0,30,1,30,30,20,0,0,46,40,236,14,0,0,0.05,3
402,30,20,10,15,20,0,19,0,30,1,30,30,20,0,0,46,40,236,14,0,0,0.05,3
403,30,20,10,15,20,0,19,0,30,1,30,30,20,0,0,46,40,236,14,0,0,0.05,3
404,30,20,10,15,20,0,19,0,30,1,30,30,20,0,0,46,40,236,14,0,0,0.05,3
405,30,20,10,15,20,0,19,0,30,1,30,30,20,0,0,46,40,236,14,0,0,0.05,3
406,30,18,12,17,18,0,19,0,30,1,30,30,18,0,0,46,40,240,14,4,4,0.05,3
407,30,18,12,17,18,0,19,0,30,1,30,30,18,0,0,46,40,240,14,0,0,0.05,3
408,30,18,12,17,18,0,19,0,30,1,30,30,18,0,0,46,40,240,14,0,0,0.05,3
409,30,18,12,17,18,0,19,0,30,2,30,30,18,0,0,46,40,240,14,0,0,0.05,3
410,30,18,12,17,18,0,19,0,30,2,30,30,18,0,0,46,40,240,14,0,0,0.05,3
411,30,18,12,17,18,0,19,0,30,3,30,30,18,0,0,46,40,240,14,0,0,0.05,3
412,30,18,12,17,18,0,19,0,30,3,30,30,18,0,0,46,40,240,14,0,0,0.05,3
413,30,18,12,17,18,0,19,0,30,3,30,30,18,0,0,46,40,244,14,4,4,0.05,3
414,30,18,12,17,18,0,19,0,30,3,30,30,18,0,0,46,40,244,14,0,0,0.05,3
415,30,18,12,17,18,0,19,0,30,3,30,30,18,0,0,46,40,244,14,0,0,0.05,3
416,30,18,12,17,18,0,19,0,30,3,30,30,18,0,0,46,40,244,14,0,0,0.05,3
417,30,18,12,17,18,0,19,0,30,3,30,30,18,0,0,46,40,244,14,0,0,0.05,3
418,30,18,12,17,18,0,19,0,30,3,30,30,18,0,0,46,40,244,14,0,0,0.05,3
419,30,18,12,17,18,0,19,0,30,3,30,30,18,0,0,46,40,244,14,0,0,0.05,3
420,29,18,11,16,18,0,19,0,30,4,30,29,18,1,0,46,40,247,14,4,3,0.05,3
421,30,18,12,17,18,0,19,0,30,4,30,30,18,0,0,46,40,248,14,0,1,0.05,3
422,30,18,12,17,18,0,19,0,30,4,30,30,18,0,0,46,40,248,14,0,0,0.05,3
423,30,18,12,17,18,0,19,0,30,4,30,30,18,0,0,46,40,248,14,0,0,0.05,3
424,30,18,12,17,18,0,19,0,30,4,30,30,18,0,0,46,40,248,14,0,0,0.05,3
425,30,18,12,17,18,0,19,0,30,4,30,30,18,0,0,46,40,248,14,0,0,0.05,3
426,30,18,12,17,18,0,19,0,30,4,30,30,18,0,0,46,40,248,14,0,0,0.05,3
427,30,18,12,17,18,0,19,0,30,4,30,30,18,0,0,46,40,251,14,3,3,0.05,3
428,30,18,12,17,18,0,19,0,30,4,30,30,18,0,0,46,40,252,14,1,1,0.05,3
429,30,18,12,17,18,0,19,0,30,4,30,30,18,0,0,46,40,252,14,0,0,0.05,3
430,30,18,12,17,18,0,19,0,30,4,30,30,18,0,0,46,40,252,14,0,0,0.05,3
431,30,18,12,17,18,0,19,0,30,4,30,30,18,0,0,46,40,252,14,0,0,0.05,3
432,30,18,12,17,18,0,19,0,30,4,30,30,18,0,0,46,40,252,14,0,0,0.05,3
433,30,18,12,17,18,0,19,0,30,4,30,30,18,0,0,46,40,252,14,0,0,0.05,3
434,30,18,12,17,18,0,19,0,30,4,30,30,18,0,0,46,40,255,14,3,3,0.05,3
435,30,18,12,17,18,0,19,0,30,4,30,30,18,0,0,46,40,256,14,1,1,0.05,3
436,30,18,12,17,18,0,19,0,30,6,30,30,18,0,0,46,40,256,14,0,0,0.05,3
437,30,18,12,17,18,0,19,0,30,6,30,30,18,0,0,46,40,256,14,0,0,0.05,3
438,30,18,12,17,18,0,19,0,30,6,30,30,18,0,0,46,40,256,14,0,0,0.05,3
439,30,18,12,17,18,0,19,0,30,6,30,30,18,0,0,46,40,256,14,0,0,0.05,3
440,30,18,12,17,18,0,19,0,30,6,30,30,18,0,0,46,40,256,14,0,0,0.05,3
441,30,18,12,17,18,0,19,0,30,6,30,30,18,0,0,46,40,259,14,3,3,0.05,3
442,30,18,12,17,18,0,19,0,30,6,30,30,18,0,0,46,40,260,14,1,1,0.05,3
443,30,18,12,17,18,0,19,0,30,7,30,30,18,0,0,46,40,260,14,0,0,0.05,3
444,30,18,12,17,18,0,19,0,30,7,30,30,18,0,0,46,40,260,14,0,0,0.05,3
445,30,18,12,17,18,0,19,0,30,8,30,30,18,0,0,46,40,260,14,0,0,0.05,3
446,30,18,12,17,18,0,19,0,30,8,30,30,18,0,0,46,40,260,14,0,0,0.05,3
447,30,18,12,17,18,0,19,0,30,8,30,30,18,0,0,46,40,260,14,0,0,0.05,3
448,28,18,10,16,18,0,19,0,30,8,30,28,18,1,0,46,40,261,14,3,1,0.05,3
449,30,18,12,17,18,0,19,0,30,8,30,30,18,0,0,46,40,264,14,1,3,0.05,3
450,30,18,12,17,18,0,19,0,30,8,30,30,18,0,0,46,40,264,14,0,0,0.05,3
451,30,18,12,17,18,0,19,0,30,10,30,30,18,0,0,46,40,264,14,0,0,0.05,3
452,30,18,12,17,18,0,19,0,30,10,30,30,18,0,0,46,40,264,14,0,0,0.05,3
453,30,18,12,17,18,0,19,0,30,10,30,30,18,0,0,46,40,264,14,0,0,0.05,3
454,30,18,12,17,18,0,19,0,30,10,30,30,18,0,0,46,40,264,14,0,0,0.05,3
455,30,18,12,17,18,0,19,0,30,10,30,30,18,0,0,46,40,265,14,1,1,0.05,3
456,30,18,12,17,18,0,19,0,30,10,30,30,18,0,0,46,40,268,14,3,3,0.05,3
457,30,18,12,17,18,0,19,0,30,10,30,30,18,0,0,46,40,268,14,0,0,0.05,3
458,30,18,12,17,18,0,19,0,30,10,30,30,18,0,0,46,40,268,14,0,0,0.05,3
459,30,18,12,17,18,0,19,0,30,10,30,30,18,0,0,46,40,268,14,0,0,0.05,3
460,30,18,12,17,18,0,19,0,30,10,30,30,18,0,0,46,40,268,14,0,0,0.05,3
461,30,18,12,17,18,0,19,0,30,10,30,30,18,0,0,46,40,268,14,0,0,0.05,3
462,30,18,12,17,18,0,19,1,30,10,30,30,18,0,0,46,40,269,14,1,1,0.05,3
463,30,18,12,17,18,0,19,0,30,10,30,30,18,0,0,46,40,272,14,3,3,0.05,3
464,30,18,12,17,18,0,19,0,30,10,30,30,18,0,0,46,40,272,14,0,0,0.05,3
465,30,18,12,17,18,0,19,0,30,11,30,30,18,0,0,46,40,272,14,0,0,0.05,3
466,30,18,12,17,18,0,19,0,30,11,30,30,18,0,0,46,40,272,14,0,0,0.05,3
467,30,18,12,17,18,0,19,0,30,11,30,30,18,0,0,46,40,272,14,0,0,0.05,3
468,30,18,12,17,18,0,19,0,30,12,30,30,18,0,0,46,40,272,14,0,0,0.05,3
469,29,18,11,17,18,0,19,0,30,12,30,29,18,0,0,46,40,272,14,1,0,0.05,3
470,29,18,11,16,18,0,19,0,30,12,30,29,18,1,0,46,40,275,14,3,3,0.05,3
471,30,18,12,17,18,0,19,0,30,13,30,30,18,0,0,46,40,276,14,0,1,0.05,3
472,30,18,12,17,18,0,19,0,30,13,30,30,18,0,0,46,40,276,14,0,0,0.05,3
473,30,18,12,17,18,0,19,0,30,13,30,30,18,0,0,46,40,276,14,0,0,0.05,3
474,30,18,12,17,18,0,19,0,30,13,30,30,18,0,0,46,40,276,14,0,0,0.05,3
475,30,18,12,17,18,0,19,0,30,13,30,30,18,0,0,46,40,276,14,0,0,0.05,3
476,30,18,12,17,18,0,19,0,30,13,30,30,18,0,0,46,40,276,14,0,0,0.05,3
477,30,18,12,17,18,0,19,0,30,13,30,30,18,0,0,46,40,279,14,3,3,0.05,3
478,30,18,12,17,18,0,19,0,30,14,30,30,18,0,0,46,40,280,14,1,1,0.05,3
479,30,18,12,17,18,0,19,0,30,14,30,30,18,0,0,46,40,280,14,0,0,0.05,3
480,30,18,12,17,18,0,19,0,30,14,30,30,18,0,0,46,40,280,14,0,0,0.05,3
481,30,19,11,17,19,0,19,0,30,14,30,30,19,0,1,47,41,280,14,0,0,0.05,3
482,30,19,11,17,19,0,19,1,30,14,30,30,19,0,0,47,41,280,14,0,0,0.05,3
483,30,19,11,17,19,0,19,0,30,14,30,30,19,0,0,47,41,280,14,0,0,0.05,3
484,30,20,10,17,20,1,19,0,30,14,30,30,20,0,0,48,41,282,14,2,2,0.05,3
485,30,20,10,17,20,1,19,0,30,14,30,30,20,0,0,48,41,283,14,1,1,0.05,3
486,30,20,10,17,20,1,19,0,30,14,30,30,20,0,0,48,41,283,14,0,0,0.05,3
487,30,20,10,17,20,1,19,0,30,14,30,30,20,0,0,48,41,283,14,0,0,0.05,3
488,30,20,10,17,20,1,19,0,30,14,30,30,20,0,0,48,41,283,14,0,0,0.05,3
489,30,20,10,17,20,1,19,0,30,14,30,30,20,0,0,48,41,283,14,0,0,0.05,3
490,30,20,10,17,20,1,19,0,30,14,30,30,20,0,0,48,41,283,14,0,0,0.05,3
491,30,18,12,17,18,0,19,0,30,14,30,30,18,0,0,48,41,286,14,3,3,0.05,3
492,30,18,12,17,18,0,19,0,30,14,30,30,18,0,0,48,41,287,14,1,1,0.05,3
493,30,18,12,17,18,0,19,0,30,14,30,30,18,0,0,48,41,287,14,0,0,0.05,3
494,30,18,12,17,18,0,19,0,30,14,30,30,18,0,0,48,41,287,14,0,0,0.05,3
495,30,18,12,17,18,0,19,0,30,14,30,30,18,0,0,48,41,287,14,0,0,0.05,3
496,30,18,12,17,18,0,19,0,30,15,30,30,18,0,0,48,41,287,14,0,0,0.05,3
497,30,18,12,17,18,0,19,0,30,15,30,30,18,0,0,48,41,287,14,0,0,0.05,3
498,30,18,12,17,18,0,19,0,30,16,30,30,18,0,0,48,41,290,14,3,3,0.05,3
499,30,19,11,17,19,0,19,0,30,17,30,30,19,0,1,49,42,291,14,1,1,0.05,3
500,30,19,11,17,19,0,19,0,30,17,30,30,19,0,0,49,42,291,14,0,0,0.05,3
501,30,19,11,17,19,0,19,0,30,19,30,30,19,0,0,49,42,291,14,0,0,0.05,3
502,30,20,10,17,20,0,19,0,30,19,30,30,20,0,1,50,43,291,14,0,0,0.05,3
503,30,20,10,17,20,0,19,0,30,19,30,30,20,0,0,50,43,291,14,0,0,0.05,3
504,30,20,10,17,20,0,19,0,30,19,30,30,20,0,0,50,43,291,14,0,0,0.05,3
505,29,21,8,16,21,0,19,0,30,19,30,29,21,1,1,51,44,292,14,2,1,0.05,3
506,30,21,9,17,21,0,19,0,30,20,30,30,21,0,0,51,44,294,14,1,2,0.05,3
507,30,21,9,17,21,0,19,0,30,20,30,30,21,0,0,51,44,294,14,0,0,0.05,3
508,30,21,9,17,21,0,19,0,30,22,30,30,21,0,0,51,44,294,14,0,0,0.05,3
509,30,21,9,17,21,0,19,0,30,22,30,30,21,0,0,51,44,294,14,0,0,0.05,3
510,30,22,8,17,22,0,19,0,30,22,30,30,22,0,1,52,45,294,15,0,0,0.05,3
511,30,22,8,17,22,0,19,0,30,22,30,30,22,0,0,52,45,294,15,0,0,0.05,3
512,30,21,9,18,21,0,19,0,30,23,30,30,21,0,0,52,45,296,15,2,2,0.05,3
513,30,21,9,17,21,0,19,0,30,23,30,30,21,0,0,52,45,298,15,2,2,0.05,3
514,30,21,9,17,21,0,19,0,30,23,30,30,21,0,0,52,45,298,15,0,0,0.05,3
515,30,21,9,17,21,0,19,0,30,23,30,30,21,0,0,52,45,298,16,0,0,0.05,3
516,30,21,9,17,21,0,19,0,30,23,30,30,21,0,0,52,45,298,16,0,0,0.05,3
517,30,21,9,17,21,0,19,0,30,23,30,30,21,0,0,52,45,298,16,0,0,0.05,3
518,30,22,8,17,22,0,19,1,30,23,30,30,22,0,1,53,46,298,16,0,0,0.05,3
519,29,22,7,16,22,0,19,1,30,23,30,29,22,0,0,53,46,299,16,2,1,0.05,3
520,30,22,8,16,22,0,19,0,30,23,30,30,22,0,0,53,46,301,16,1,2,0.05,3
521,30,22,8,16,22,0,19,0,30,23,30,30,22,0,0,53,46,301,16,0,0,0.05,3
522,30,22,8,16,22,0,19,0,30,23,30,30,22,0,0,53,46,301,16,0,0,0.05,3
523,30,23,7,16,23,0,19,0,30,23,30,30,23,0,1,54,47,301,16,0,0,0.05,3
524,30,23,7,16,23,0,19,0,30,23,30,30,23,0,0,54,47,301,16,0,0,0.05,3
525,30,23,7,16,23,0,19,0,30,23,30,30,23,0,0,54,47,301,16,0,0,0.05,3
526,30,23,7,16,23,0,19,0,30,23,30,30,23,0,0,54,47,302,16,1,1,0.05,3
527,30,22,8,16,22,0,19,0,30,24,30,30,22,0,0,54,47,304,17,2,2,0.05,3
528,30,22,8,16,22,0,19,0,30,24,30,30,22,0,0,54,47,304,17,0,0,0.05,3
529,30,22,8,16,22,0,19,0,30,24,30,30,22,0,0,54,47,304,17,0,0,0.05,3
530,30,22,8,16,22,0,19,0,30,24,30,30,22,0,0,54,47,304,17,0,0,0.05,3
531,30,22,8,16,22,0,19,0,30,24,30,30,22,0,0,54,47,304,17,0,0,0.05,3
532,30,22,8,16,22,0,19,0,30,24,30,30,22,0,0,54,47,304,17,0,0,0.05,3
533,30,22,8,16,22,0,19,0,30,24,30,30,22,0,0,54,47,305,17,1,1,0.05,3
534,29,21,8,16,21,0,19,0,30,24,30,29,21,1,0,54,47,307,17,3,2,0.05,3
535,30,22,8,17,22,0,19,0,30,24,30,30,22,0,1,55,48,308,17,0,1,0.05,3
536,30,22,8,17,22,0,19,0,30,24,30,30,22,0,0,55,48,308,17,0,0,0.05,3
537,30,23,7,17,23,0,19,0,30,24,30,30,23,0,1,56,49,308,17,0,0,0.05,3
538,30,24,6,17,24,0,19,0,30,24,30,30,24,0,1,57,50,308,17,0,0,0.05,3
539,30,25,5,17,25,0,19,0,30,24,30,30,25,0,1,58,51,308,17,0,0,0.05,3
540,30,25,5,17,25,0,19,0,30,24,30,30,25,0,0,58,51,308,17,0,0,0.05,3
541,30,25,5,17,25,0,19,0,30,24,30,30,25,0,0,58,51,309,17,1,1,0.05,3
542,30,25,5,17,25,0,19,0,30,24,30,30,25,0,0,58,51,309,17,0,0,0.05,3
543,30,25,5,17,25,0,19,0,30,24,30,30,25,0,0,58,51,309,17,0,0,0.05,3
544,30,25,5,17,25,0,19,0,30,24,30,30,25,0,0,58,51,309,17,0,0,0.05,3
545,30,25,5,17,25,0,19,0,30,24,30,30,25,0,0,58,51,309,18,0,0,0.05,3
546,30,25,5,17,25,0,19,0,30,24,30,30,25,0,0,58,51,309,18,0,0,0.05,3
547,30,24,6,17,24,0,19,0,30,24,30,30,24,0,0,58,51,310,19,1,1,0.05,3
548,30,23,7,17,23,0,19,0,30,24,30,30,23,0,0,58,51,312,19,2,2,0.05,3
549,30,23,7,17,23,0,19,1,30,24,30,30,23,0,1,59,52,313,19,1,1,0.05,3
550,30,23,7,17,23,0,19,0,30,24,30,30,23,0,0,59,52,313,19,0,0,0.05,3
551,30,23,7,17,23,0,19,0,30,25,30,30,23,0,0,59,52,313,19,0,0,0.05,3
552,30,23,7,17,23,0,19,0,30,25,30,30,23,0,0,59,52,313,19,0,0,0.05,3
553,30,23,7,17,23,0,19,0,30,25,30,30,23,0,0,59,52,313,19,0,0,0.05,3
554,29,23,6,17,23,0,19,1,30,25,30,29,23,0,0,59,52,313,19,1,0,0.05,3
555,29,23,6,17,23,0,19,0,30,26,30,29,23,0,0,59,52,315,19,2,2,0.05,3
556,30,24,6,17,24,0,19,0,30,26,30,30,24,0,1,60,53,317,19,1,2,0.05,3
557,30,24,6,17,24,0,19,0,30,26,30,30,24,0,0,60,53,317,19,0,0,0.05,3
558,30,25,5,17,25,0,19,0,30,26,30,30,25,0,1,61,54,317,20,0,0,0.05,3
559,30,26,4,17,26,0,19,0,30,26,30,30,26,0,1,62,55,317,20,0,0,0.05,3
560,30,26,4,17,26,0,19,0,30,26,30,30,26,0,0,62,55,317,21,0,0,0.05,3
561,30,26,4,17,26,0,19,0,30,26,30,30,26,0,0,62,55,317,21,0,0,0.05,3
562,30,27,3,16,27,0,19,0,30,26,30,30,27,0,1,63,56,318,21,1,1,0.05,3
563,30,27,3,16,27,0,19,0,30,27,30,30,27,0,0,63,56,318,21,0,0,0.05,3
564,30,27,3,16,27,0,19,0,30,27,30,30,27,0,0,63,56,318,21,0,0,0.05,3
565,30,27,3,16,27,0,19,0,30,27,30,30,27,0,0,63,56,318,21,0,0,0.05,3
566,30,27,3,16,27,0,19,0,30,27,30,30,27,0,0,63,56,318,21,0,0,0.05,3
567,30,27,3,16,27,0,19,0,30,27,30,30,27,0,0,63,56,318,21,0,0,0.05,3
568,30,27,3,16,27,0,19,0,30,27,30,30,27,0,0,63,56,318,21,0,0,0.05,3
569,30,26,4,16,26,0,19,0,30,27,30,30,26,0,0,63,56,320,22,2,2,0.05,3
570,30,25,5,16,25,0,19,0,30,28,30,30,25,0,1,64,57,322,22,2,2,0.05,3
0,30,0,30,16,0,0,19,0,30,10,30,0,0,0,0,0,0,30,0,0,0,0.05,4
1,30,1,29,16,1,0,19,0,30,10,30,30,1,0,1,1,1,30,0,0,0,0.05,4
2,30,1,29,16,1,0,19,0,30,10,30,30,1,0,0,1,1,33,0,3,3,0.05,4
3,30,1,29,16,1,0,19,0,30,10,30,30,1,0,0,1,1,33,0,0,0,0.05,4
4,30,1,29,16,1,0,19,0,30,10,30,30,1,0,0,1,1,33,0,0,0,0.05,4
5,30,1,29,16,1,0,19,0,30,10,30,30,1,0,0,1,1,33,0,0,0,0.05,4
6,30,1,29,16,1,0,19,0,30,10,30,30,1,0,0,1,1,33,0,0,0,0.05,4
7,30,1,29,16,1,0,19,0,30,10,30,30,1,0,0,1,1,33,0,0,0,0.05,4
8,30,2,28,16,2,0,19,0,30,10,30,30,2,0,2,3,3,34,0,1,1,0.05,4
9,30,2,28,16,2,0,19,0,30,10,30,30,2,0,0,3,3,37,0,3,3,0.05,4
10,30,2,28,16,2,0,19,0,30,10,30,30,2,0,0,3,3,37,1,0,0,0.05,4
11,30,3,27,16,3,0,19,0,30,10,30,30,3,0,1,4,4,37,1,0,0,0.05,4
12,30,3,27,16,3,0,19,0,30,10,30,30,3,0,0,4,4,37,2,0,0,0.05,4
13,30,4,26,16,4,0,19,0,30,10,30,30,4,0,1,5,5,37,2,0,0,0.05,4
14,30,5,25,16,5,0,19,0,30,11,30,30,5,0,1,6,6,37,2,0,0,0.05,4
15,30,5,25,16,5,0,19,0,30,11,30,30,5,0,0,6,6,38,2,1,1,0.05,4
16,30,5,25,16,5,0,19,0,30,11,30,30,5,0,0,6,6,41,3,3,3,0.05,4
17,30,5,25,16,5,0,19,0,30,11,30,30,5,0,0,6,6,41,3,0,0,0.05,4
18,30,5,25,16,5,0,19,0,30,11,30,30,5,0,0,6,6,41,3,0,0,0.05,4
19,30,5,25,16,5,0,19,0,30,11,30,30,5,0,0,6,6,41,3,0,0,0.05,4
20,30,5,25,16,5,0,19,0,30,11,30,30,5,0,0,6,6,41,3,0,0,0.05,4
21,30,6,24,16,6,0,19,0,30,11,30,30,6,0,1,7,7,41,3,0,0,0.05,4
22,30,6,24,16,6,0,19,0,30,11,30,30,6,0,0,7,7,42,3,1,1,0.05,4
23,30,6,24,16,6,0,19,0,30,11,30,30,6,0,0,7,7,45,4,3,3,0.05,4
24,30,7,23,16,7,0,19,0,30,12,30,30,7,0,1,8,8,45,5,0,0,0.05,4
25,30,7,23,16,7,0,19,0,30,12,30,30,7,0,0,8,8,45,5,0,0,0.05,4
26,30,7,23,16,7,0,19,0,30,12,30,30,7,0,0,8,8,45,5,0,0,0.05,4
27,30,7,23,16,7,0,19,0,30,12,30,30,7,0,0,8,8,45,5,0,0,0.05,4
28,30,7,23,16,7,0,19,0,30,12,30,30,7,0,0,8,8,45,5,0,0,0.05,4
29,30,7,23,16,7,0,19,0,30,12,30,30,7,0,0,8,8,46,5,1,1,0.05,4
30,30,7,23,16,7,0,19,0,30,12,30,30,7,0,0,8,8,49,5,3,3,0.05,4
31,30,7,23,16,7,0,19,0,30,12,30,30,7,0,0,8,8,49,5,0,0,0.05,4
32,30,7,23,16,7,0,19,0,30,12,30,30,7,0,0,8,8,49,5,0,0,0.05,4
33,30,7,23,16,7,0,19,0,30,12,30,30,7,0,0,8,8,49,5,0,0,0.05,4
34,30,7,23,16,7,0,19,0,30,12,30,30,7,0,0,8,8,49,5,0,0,0.05,4
35,30,7,23,16,7,0,19,0,30,12,30,30,7,0,0,8,8,49,5,0,0,0.05,4
36,30,7,23,16,7,0,19,0,30,12,30,30,7,0,0,8,8,50,5,1,1,0.05,4
37,29,7,22,15,7,0,19,0,30,12,30,29,7,1,0,8,8,52,5,3,2,0.05,4
38,30,7,23,16,7,0,19,0,30,12,30,30,7,0,0,8,8,53,5,0,1,0.05,4
39,30,7,23,16,7,0,19,0,30,12,30,30,7,0,0,8,8,53,5,0,0,0.05,4
40,30,7,23,16,7,0,19,0,30,1,30,30,7,0,0,8,8,53,5,0,0,0.05,4
41,30,7,23,16,7,0,19,0,30,1,30,30,7,0,0,8,8,53,5,0,0,0.05,4
42,30,7,23,16,7,0,19,0,30,1,30,30,7,0,0,8,8,53,5,0,0,0.05,4
43,30,7,23,16,7,0,19,0,30,1,30,30,7,0,0,8,8,54,5,1,1,0.05,4
44,30,7,23,16,7,0,19,0,30,1,30,30,7,0,0,8,8,56,5,2,2,0.05,4
45,30,7,23,16,7,0,19,0,30,1,30,30,7,0,0,8,8,57,5,1,1,0.05,4
46,30,7,23,16,7,0,19,0,30,1,30,30,7,0,0,8,8,57,5,0,0,0.05,4
47,30,7,23,16,7,0,19,0,30,1,30,30,7,0,0,8,8,57,5,0,0,0.05,4
48,30,7,23,16,7,0,19,0,30,1,30,30,7,0,0,8,8,57,5,0,0,0.05,4
49,30,7,23,16,7,0,19,0,30,1,30,30,7,0,0,8,8,57,5,0,0,0.05,4
50,30,7,23,16,7,0,19,0,30,1,30,30,7,0,0,8,8,58,5,1,1,0.05,4
51,30,7,23,16,7,0,19,0,30,1,30,30,7,0,0,8,8,60,5,2,2,0.05,4
52,30,7,23,16,7,0,19,0,30,1,30,30,7,0,0,8,8,61,5,1,1,0.05,4
53,30,7,23,16,7,0,19,0,30,1,30,30,7,0,0,8,8,61,5,0,0,0.05,4
54,30,7,23,16,7,0,19,0,30,1,30,30,7,0,0,8,8,61,5,0,0,0.05,4
55,30,8,22,16,8,0,19,0,30,1,30,30,8,0,1,9,9,61,5,0,0,0.05,4
56,30,8,22,16,8,0,19,0,30,1,30,30,8,0,0,9,9,61,5,0,0,0.05,4
57,30,8,22,16,8,0,19,0,30,1,30,30,8,0,0,9,9,62,5,1,1,0.05,4
58,30,8,22,16,8,0,19,0,30,1,30,30,8,0,0,9,9,64,5,2,2,0.05,4
59,30,8,22,16,8,0,19,0,30,1,30,30,8,0,0,9,9,65,5,1,1,0.05,4
60,30,8,22,16,8,0,19,0,30,1,30,30,8,0,0,9,9,65,5,0,0,0.05,4
61,30,8,22,16,8,0,19,0,30,1,30,30,8,0,0,9,9,65,5,0,0,0.05,4
62,30,8,22,16,8,0,19,0,30,1,30,30,8,0,0,9,9,65,5,0,0,0.05,4
63,30,8,22,16,8,0,19,0,30,1,30,30,8,0,0,9,9,65,5,0,0,0.05,4
64,30,9,21,16,9,1,19,0,30,1,30,30,9,0,0,10,9,66,5,1,1,0.05,4
65,29,9,20,15,9,1,19,0,30,1,30,29,9,1,0,10,9,67,5,2,1,0.05,4
66,29,9,20,15,9,1,19,0,30,1,30,29,9,1,0,10,9,68,5,1,1,0.05,4
67,30,9,21,16,9,1,19,0,30,1,30,30,9,0,0,10,9,69,5,0,1,0.05,4
68,30,9,21,16,9,1,19,0,30,1,30,30,9,0,0,10,9,69,5,0,0,0.05,4
69,30,9,21,16,9,1,19,0,30,1,30,30,9,0,0,10,9,69,5,0,0,0.05,4
70,30,9,21,16,9,1,19,0,30,1,30,30,9,0,0,10,9,69,5,0,0,0.05,4
71,30,8,22,16,8,0,19,0,30,1,30,30,8,0,0,10,9,70,5,1,1,0.05,4
72,29,8,21,16,8,0,19,0,30,1,30,29,8,0,0,10,9,70,5,1,0,0.05,4
73,30,8,22,16,8,0,19,0,30,1,30,30,8,0,0,10,9,72,5,1,2,0.05,4
74,30,8,22,16,8,0,19,0,30,1,30,30,8,0,0,10,9,73,5,1,1,0.05,4
75,30,8,22,16,8,0,19,0,30,1,30,30,8,0,0,10,9,73,5,0,0,0.05,4
76,30,8,22,16,8,0,19,0,30,1,30,30,8,0,0,10,9,73,5,0,0,0.05,4
77,30,8,22,16,8,0,19,0,30,1,30,30,8,0,0,10,9,73,5,0,0,0.05,4
78,30,8,22,16,8,0,19,0,30,1,30,30,8,0,0,10,9,74,5,1,1,0.05,4
79,30,8,22,16,8,0,19,0,30,1,30,30,8,0,0,10,9,74,5,0,0,0.05,4
80,30,8,22,16,8,0,19,0,30,1,30,30,8,0,0,10,9,76,5,2,2,0.05,4
81,30,8,22,16,8,0,19,0,30,1,30,30,8,0,0,10,9,77,5,1,1,0.05,4
82,30,8,22,16,8,0,19,0,30,1,30,30,8,0,0,10,9,77,5,0,0,0.05,4
83,30,8,22,16,8,0,19,0,30,2,30,30,8,0,0,10,9,77,5,0,0,0.05,4
84,30,8,22,16,8,0,19,0,30,2,30,30,8,0,0,10,9,77,5,0,0,0.05,4
85,30,8,22,16,8,0,19,0,30,2,30,30,8,0,0,10,9,78,5,1,1,0.05,4
86,30,9,21,16,9,0,19,0,30,2,30,30,9,0,1,11,10,78,5,0,0,0.05,4
87,30,9,21,16,9,0,19,0,30,2,30,30,9,0,0,11,10,80,5,2,2,0.05,4
88,30,9,21,16,9,0,19,0,30,2,30,30,9,0,0,11,10,81,5,1,1,0.05,4
89,30,9,21,16,9,0,19,0,30,2,30,30,9,0,0,11,10,81,5,0,0,0.05,4
90,30,9,21,16,9,0,19,0,30,2,30,30,9,0,0,11,10,81,5,0,0,0.05,4
91,30,9,21,16,9,0,19,0,30,2,30,30,9,0,0,11,10,81,5,0,0,0.05,4
92,30,9,21,16,9,0,19,0,30,2,30,30,9,0,0,11,10,81,5,0,0,0.05,4
93,30,9,21,16,9,0,19,0,30,2,30,30,9,0,0,11,10,81,5,0,0,0.05,4
94,29,9,20,15,9,0,19,0,30,2,30,29,9,1,0,11,10,82,5,2,1,0.05,4
95,30,9,21,16,9,0,19,0,30,2,30,30,9,0,0,11,10,84,6,1,2,0.05,4
96,30,9,21,16,9,0,19,0,30,2,30,30,9,0,0,11,10,84,6,0,0,0.05,4
97,30,9,21,16,9,0,19,0,30,2,30,30,9,0,0,11,10,84,6,0,0,0.05,4
98,30,9,21,16,9,0,19,0,30,2,30,30,9,0,0,11,10,84,6,0,0,0.05,4
99,30,8,22,17,8,0,19,0,30,2,30,30,8,0,0,11,10,85,6,1,1,0.05,4
100,30,8,22,17,8,0,19,0,30,2,30,30,8,0,0,11,10,85,6,0,0,0.05,4
101,30,8,22,17,8,0,19,0,30,3,30,30,8,0,0,11,10,86,6,1,1,0.05,4
102,30,8,22,16,8,0,19,0,30,3,30,30,8,0,0,11,10,88,6,2,2,0.05,4
103,30,8,22,16,8,0,19,0,30,3,30,30,8,0,0,11,10,88,6,0,0,0.05,4
104,30,8,22,16,8,0,19,0,30,3,30,30,8,0,0,11,10,88,6,0,0,0.05,4
105,30,8,22,16,8,0,19,0,30,3,30,30,8,0,0,11,10,88,6,0,0,0.05,4
106,29,8,21,15,8,0,19,0,30,3,30,29,8,1,0,11,10,88,6,1,0,0.05,4
107,30,8,22,16,8,0,19,0,30,3,30,30,8,0,0,11,10,89,6,0,1,0.05,4
108,30,8,22,16,8,0,19,0,30,3,30,30,8,0,0,11,10,90,6,1,1,0.05,4
109,30,8,22,16,8,0,19,0,30,3,30,30,8,0,0,11,10,92,6,2,2,0.05,4
110,30,8,22,16,8,0,19,0,30,3,30,30,8,0,0,11,10,92,6,0,0,0.05,4
111,30,8,22,16,8,0,19,0,30,3,30,30,8,0,0,11,10,92,6,0,0,0.05,4
112,30,8,22,16,8,0,19,0,30,3,30,30,8,0,0,11,10,92,6,0,0,0.05,4
113,30,8,22,16,8,0,19,0,30,3,30,30,8,0,0,11,10,92,6,0,0,0.05,4
114,30,8,22,16,8,0,19,0,30,3,30,30,8,0,0,11,10,93,6,1,1,0.05,4
115,30,8,22,16,8,0,19,0,30,3,30,30,8,0,0,11,10,94,6,1,1,0.05,4
116,30,8,22,16,8,0,19,0,30,3,30,30,8,0,0,11,10,96,6,2,2,0.05,4
117,30,9,21,16,9,0,19,0,30,3,30,30,9,0,1,12,11,96,6,0,0,0.05,4
118,30,9,21,16,9,0,19,0,30,4,30,30,9,0,0,12,11,96,6,0,0,0.05,4
119,30,9,21,16,9,0,19,0,30,4,30,30,9,0,0,12,11,96,6,0,0,0.05,4
120,30,9,21,16,9,0,19,0,30,4,30,30,9,0,0,12,11,96,6,0,0,0.05,4
121,30,10,20,16,10,1,19,0,30,4,30,30,10,0,0,13,11,97,6,1,1,0.05,4
122,29,10,19,16,10,1,19,0,30,4,30,29,10,0,0,13,11,97,6,1,0,0.05,4
123,29,10,19,15,10,1,19,0,30,4,30,29,10,1,0,13,11,98,6,1,1,0.05,4
124,30,10,20,16,10,1,19,0,30,4,30,30,10,0,0,13,11,99,6,0,1,0.05,4
125,30,12,18,16,12,1,19,0,30,4,30,30,12,0,2,15,13,99,6,0,0,0.05,4
126,30,12,18,16,12,1,19,0,30,5,30,30,12,0,0,15,13,99,6,0,0,0.05,4
127,30,12,18,16,12,1,19,0,30,5,30,30,12,0,0,15,13,99,7,0,0,0.05,4
128,30,11,19,15,11,0,19,0,30,5,30,30,11,0,0,15,13,100,8,1,1,0.05,4
129,30,11,19,15,11,0,19,0,30,5,30,30,11,0,0,15,13,100,8,0,0,0.05,4
130,30,10,20,16,10,0,19,0,30,5,30,30,10,0,0,15,13,102,8,2,2,0.05,4
131,30,10,20,16,10,0,19,0,30,5,30,30,10,0,0,15,13,103,8,1,1,0.05,4
132,30,10,20,16,10,0,19,0,30,5,30,30,10,0,0,15,13,103,8,0,0,0.05,4
133,30,10,20,16,10,0,19,0,30,5,30,30,10,0,0,15,13,103,8,0,0,0.05,4
134,30,10,20,16,10,0,19,0,30,5,30,30,10,0,0,15,13,103,8,0,0,0.05,4
135,30,10,20,16,10,0,19,0,30,5,30,30,10,0,0,15,13,104,8,1,1,0.05,4
136,30,10,20,16,10,0,19,0,30,5,30,30,10,0,0,15,13,104,8,0,0,0.05,4
137,30,10,20,16,10,0,19,0,30,5,30,30,10,0,0,15,13,106,8,2,2,0.05,4
138,30,10,20,16,10,0,19,0,30,5,30,30,10,0,0,15,13,107,8,1,1,0.05,4
139,30,10,20,16,10,0,19,0,30,5,30,30,10,0,0,15,13,107,8,0,0,0.05,4
140,30,10,20,16,10,0,19,0,30,5,30,30,10,0,0,15,13,107,8,0,0,0.05,4
141,30,11,19,16,11,0,19,0,30,5,30,30,11,0,1,16,14,107,8,0,0,0.05,4
142,30,11,19,16,11,0,19,0,30,5,30,30,11,0,0,16,14,108,8,1,1,0.05,4
143,30,11,19,16,11,0,19,0,30,5,30,30,11,0,0,16,14,108,8,0,0,0.05,4
144,30,11,19,16,11,0,19,0,30,5,30,30,11,0,0,16,14,110,8,2,2,0.05,4
145,30,11,19,16,11,0,19,0,30,5,30,30,11,0,0,16,14,111,8,1,1,0.05,4
146,30,11,19,16,11,0,19,0,30,5,30,30,11,0,0,16,14,111,8,0,0,0.05,4
147,30,11,19,16,11,0,19,0,30,5,30,30,11,0,0,16,14,111,8,0,0,0.05,4
148,30,11,19,16,11,0,19,0,30,5,30,30,11,0,0,16,14,111,8,0,0,0.05,4
149,30,11,19,16,11,0,19,0,30,5,30,30,11,0,0,16,14,112,8,1,1,0.05,4
150,30,11,19,16,11,0,19,0,30,5,30,30,11,0,0,16,14,112,8,0,0,0.05,4
151,30,11,19,16,11,0,19,0,30,5,30,30,11,0,0,16,14,114,8,2,2,0.05,4
152,30,11,19,16,11,0,19,0,30,5,30,30,11,0,0,16,14,115,8,1,1,0.05,4
153,30,12,18,16,12,0,19,0,30,5,30,30,12,0,1,17,15,115,8,0,0,0.05,4
154,30,12,18,16,12,0,19,0,30,5,30,30,12,0,0,17,15,115,8,0,0,0.05,4
155,30,12,18,16,12,0,19,0,30,5,30,30,12,0,0,17,15,115,8,0,0,0.05,4
156,30,12,18,16,12,0,19,0,30,5,30,30,12,0,0,17,15,115,8,0,0,0.05,4
157,30,12,18,16,12,0,19,0,30,5,30,30,12,0,0,17,15,115,9,0,0,0.05,4
158,30,12,18,15,12,0,19,0,30,6,30,30,12,0,0,17,15,117,9,2,2,0.05,4
159,30,12,18,15,12,0,19,0,30,6,30,30,12,0,0,17,15,118,9,1,1,0.05,4
160,30,12,18,15,12,0,19,0,30,6,30,30,12,0,0,17,15,118,9,0,0,0.05,4
161,30,12,18,15,12,0,19,0,30,6,30,30,12,0,0,17,15,118,9,0,0,0.05,4
162,30,12,18,15,12,0,19,0,30,6,30,30,12,0,0,17,15,118,9,0,0,0.05,4
163,30,11,19,16,11,0,19,0,30,6,30,30,11,0,0,17,15,119,9,1,1,0.05,4
164,30,11,19,16,11,0,19,0,30,6,30,30,11,0,0,17,15,119,9,0,0,0.05,4
165,30,11,19,16,11,0,19,0,30,6,30,30,11,0,0,17,15,121,9,2,2,0.05,4
166,30,11,19,16,11,0,19,0,30,6,30,30,11,0,0,17,15,122,9,1,1,0.05,4
167,30,12,18,16,12,0,19,0,30,6,30,30,12,0,1,18,16,122,9,0,0,0.05,4
168,30,12,18,16,12,0,19,0,30,6,30,30,12,0,0,18,16,122,9,0,0,0.05,4
169,30,12,18,16,12,0,19,0,30,6,30,30,12,0,0,18,16,122,9,0,0,0.05,4
170,30,12,18,16,12,0,19,0,30,6,30,30,12,0,0,18,16,123,9,1,1,0.05,4
171,30,12,18,16,12,0,19,0,30,6,30,30,12,0,0,18,16,123,9,0,0,0.05,4
172,29,12,17,16,12,0,19,0,30,6,30,29,12,0,0,18,16,124,9,2,1,0.05,4
173,29,12,17,15,12,0,19,0,30,6,30,29,12,1,0,18,16,125,9,1,1,0.05,4
174,30,12,18,16,12,0,19,0,30,6,30,30,12,0,0,18,16,126,9,0,1,0.05,4
175,30,12,18,16,12,0,19,0,30,6,30,30,12,0,0,18,16,126,9,0,0,0.05,4
176,30,12,18,16,12,0,19,0,30,6,30,30,12,0,0,18,16,126,9,0,0,0.05,4
177,30,12,18,16,12,0,19,0,30,6,30,30,12,0,0,18,16,127,9,1,1,0.05,4
178,30,12,18,16,12,0,19,0,30,6,30,30,12,0,0,18,16,127,9,0,0,0.05,4
179,30,12,18,16,12,0,19,0,30,6,30,30,12,0,0,18,16,128,9,1,1,0.05,4
180,30,12,18,16,12,0,19,0,30,6,30,30,12,0,0,18,16,129,9,1,1,0.05,4
181,30,12,18,16,12,0,19,0,30,6,30,30,12,0,0,18,16,130,9,1,1,0.05,4
182,30,12,18,16,12,0,19,0,30,6,30,30,12,0,0,18,16,130,9,0,0,0.05,4
183,30,12,18,16,12,0,19,0,30,6,30,30,12,0,0,18,16,130,9,0,0,0.05,4
184,29,12,17,15,12,0,19,0,30,6,30,29,12,1,0,18,16,130,9,1,0,0.05,4
185,30,12,18,16,12,0,19,0,30,6,30,30,12,0,0,18,16,131,9,0,1,0.05,4
186,29,12,17,16,12,0,19,0,30,6,30,29,12,0,0,18,16,131,9,1,0,0.05,4
187,30,12,18,16,12,0,19,0,30,6,30,30,12,0,0,18,16,133,9,1,2,0.05,4
188,30,13,17,16,13,0,19,0,30,6,30,30,13,0,1,19,17,134,9,1,1,0.05,4
189,30,13,17,16,13,0,19,0,30,6,30,30,13,0,0,19,17,134,9,0,0,0.05,4
190,30,13,17,16,13,0,19,0,30,6,30,30,13,0,0,19,17,134,9,0,0,0.05,4
191,30,13,17,16,13,0,19,0,30,6,30,30,13,0,0,19,17,134,9,0,0,0.05,4
192,30,13,17,16,13,0,19,0,30,6,30,30,13,0,0,19,17,135,9,1,1,0.05,4
193,30,13,17,16,13,0,19,0,30,6,30,30,13,0,0,19,17,135,9,0,0,0.05,4
194,30,13,17,16,13,0,19,0,30,7,30,30,13,0,0,19,17,136,9,1,1,0.05,4
195,30,13,17,16,13,0,19,0,30,7,30,30,13,0,0,19,17,137,9,1,1,0.05,4
196,30,13,17,16,13,0,19,0,30,7,30,30,13,0,0,19,17,137,9,0,0,0.05,4
197,30,13,17,16,13,0,19,0,30,7,30,30,13,0,0,19,17,137,9,0,0,0.05,4
198,30,13,17,16,13,0,19,0,30,7,30,30,13,0,0,19,17,137,9,0,0,0.05,4
199,30,13,17,16,13,0,19,0,30,7,30,30,13,0,0,19,17,138,9,1,1,0.05,4
200,30,13,17,16,13,0,19,0,30,7,30,30,13,0,0,19,17,138,10,0,0,0.05,4
201,30,12,18,17,12,0,19,0,30,7,30,30,12,0,0,19,17,140,10,2,2,0.05,4
202,30,12,18,17,12,0,19,0,30,7,30,30,12,0,0,19,17,141,10,1,1,0.05,4
203,30,13,17,17,13,0,19,0,30,7,30,30,13,0,1,20,18,141,10,0,0,0.05,4
204,30,13,17,17,13,0,19,0,30,7,30,30,13,0,0,20,18,141,10,0,0,0.05,4
205,30,13,17,17,13,0,19,0,30,7,30,30,13,0,0,20,18,141,10,0,0,0.05,4
206,30,13,17,17,13,0,19,0,30,7,30,30,13,0,0,20,18,141,10,0,0,0.05,4
207,30,13,17,17,13,0,19,0,30,7,30,30,13,0,0,20,18,141,10,0,0,0.05,4
208,30,13,17,17,13,0,19,0,30,7,30,30,13,0,0,20,18,143,10,2,2,0.05,4
209,30,13,17,17,13,0,19,0,30,7,30,30,13,0,0,20,18,144,10,1,1,0.05,4
210,30,13,17,17,13,0,19,0,30,7,30,30,13,0,0,20,18,144,10,0,0,0.05,4
211,30,13,17,17,13,0,19,0,30,7,30,30,13,0,0,20,18,144,10,0,0,0.05,4
212,30,13,17,17,13,0,19,0,30,7,30,30,13,0,0,20,18,144,10,0,0,0.05,4
213,30,12,18,16,12,0,19,0,30,7,30,30,12,0,0,20,18,145,10,1,1,0.05,4
214,30,13,17,16,13,0,19,0,30,7,30,30,13,0,1,21,19,145,10,0,0,0.05,4
215,29,13,16,15,13,0,19,0,30,7,30,29,13,1,0,21,19,146,10,2,1,0.05,4
216,30,13,17,16,13,0,19,0,30,7,30,30,13,0,0,21,19,148,10,1,2,0.05,4
217,30,13,17,16,13,0,19,0,30,7,30,30,13,0,0,21,19,148,10,0,0,0.05,4
218,30,13,17,16,13,0,19,0,30,7,30,30,13,0,0,21,19,148,10,0,0,0.05,4
219,30,13,17,16,13,0,19,0,30,8,30,30,13,0,0,21,19,148,10,0,0,0.05,4
220,30,13,17,16,13,0,19,0,30,2,30,30,13,0,0,21,19,148,10,0,0,0.05,4
221,30,13,17,16,13,0,19,0,30,2,30,30,13,0,0,21,19,148,10,0,0,0.05,4
222,30,13,17,16,13,0,19,0,30,2,30,30,13,0,0,21,19,149,10,1,1,0.05,4
223,29,13,16,15,13,0,19,0,30,2,30,29,13,1,0,21,19,150,10,2,1,0.05,4
224,30,13,17,16,13,0,19,0,30,2,30,30,13,0,0,21,19,151,10,0,1,0.05,4
225,30,13,17,16,13,0,19,0,30,2,30,30,13,0,0,21,19,151,10,0,0,0.05,4
226,30,13,17,16,13,0,19,1,30,3,30,30,13,0,0,21,19,151,10,0,0,0.05,4
227,30,12,18,17,12,0,19,0,30,3,30,30,12,0,0,21,19,152,11,1,1,0.05,4
228,30,12,18,17,12,0,19,0,30,3,30,30,12,0,0,21,19,152,11,0,0,0.05,4
229,30,12,18,17,12,0,19,0,30,3,30,30,12,0,0,21,19,153,11,1,1,0.05,4
230,30,12,18,16,12,0,19,0,30,3,30,30,12,0,0,21,19,154,11,1,1,0.05,4
231,30,12,18,16,12,0,19,0,30,3,30,30,12,0,0,21,19,155,11,1,1,0.05,4
232,30,12,18,16,12,0,19,0,30,3,30,30,12,0,0,21,19,155,11,0,0,0.05,4
233,30,12,18,16,12,0,19,0,30,3,30,30,12,0,0,21,19,155,11,0,0,0.05,4
234,30,12,18,16,12,0,19,0,30,3,30,30,12,0,0,21,19,156,11,1,1,0.05,4
235,30,12,18,16,12,0,19,0,30,3,30,30,12,0,0,21,19,156,11,0,0,0.05,4
236,30,12,18,16,12,0,19,0,30,3,30,30,12,0,0,21,19,157,11,1,1,0.05,4
237,30,12,18,16,12,0,19,0,30,3,30,30,12,0,0,21,19,158,11,1,1,0.05,4
238,30,12,18,16,12,0,19,0,30,3,30,30,12,0,0,21,19,159,11,1,1,0.05,4
239,30,12,18,16,12,0,19,0,30,3,30,30,12,0,0,21,19,159,11,0,0,0.05,4
240,30,12,18,16,12,0,19,0,30,3,30,30,12,0,0,21,19,159,11,0,0,0.05,4
241,30,13,17,16,13,1,19,0,30,3,30,30,13,0,0,22,19,160,11,1,1,0.05,4
242,30,13,17,16,13,1,19,0,30,3,30,30,13,0,0,22,19,160,11,0,0,0.05,4
243,30,14,16,16,14,2,19,0,30,3,30,30,14,0,0,23,19,161,11,1,1,0.05,4
244,30,14,16,16,14,2,19,0,30,3,30,30,14,0,0,23,19,162,11,1,1,0.05,4
245,30,14,16,16,14,2,19,0,30,3,30,30,14,0,0,23,19,163,11,1,1,0.05,4
246,30,14,16,16,14,2,19,0,30,4,30,30,14,0,0,23,19,163,11,0,0,0.05,4
247,30,14,16,16,14,2,19,0,30,4,30,30,14,0,0,23,19,163,11,0,0,0.05,4
248,29,14,15,15,14,1,19,0,30,5,30,29,14,1,1,24,20,163,11,1,0,0.05,4
249,30,14,16,15,14,1,19,0,30,5,30,30,14,0,0,24,20,164,12,0,1,0.05,4
250,30,13,17,15,13,0,19,0,30,5,30,30,13,0,0,24,20,165,12,1,1,0.05,4
251,30,13,17,15,13,0,19,0,30,5,30,30,13,0,0,24,20,165,12,0,0,0.05,4
252,30,13,17,15,13,0,19,0,30,5,30,30,13,0,0,24,20,166,12,1,1,0.05,4
253,30,13,17,15,13,0,19,0,30,5,30,30,13,0,0,24,20,166,12,0,0,0.05,4
254,30,13,17,15,13,0,19,0,30,5,30,30,13,0,0,24,20,166,12,0,0,0.05,4
255,30,13,17,15,13,0,19,0,30,5,30,30,13,0,0,24,20,166,12,0,0,0.05,4
256,30,13,17,15,13,0,19,0,30,5,30,30,13,0,0,24,20,167,12,1,1,0.05,4
257,30,13,17,15,13,0,19,0,30,5,30,30,13,0,0,24,20,168,12,1,1,0.05,4
258,30,12,18,16,12,0,19,0,30,5,30,30,12,0,0,24,20,169,12,1,1,0.05,4
259,30,12,18,16,12,0,19,0,30,5,30,30,12,0,0,24,20,170,12,1,1,0.05,4
260,30,12,18,16,12,0,19,0,30,5,30,30,12,0,0,24,20,170,12,0,0,0.05,4
261,30,12,18,16,12,0,19,0,30,5,30,30,12,0,0,24,20,170,12,0,0,0.05,4
262,30,12,18,16,12,0,19,0,30,5,30,30,12,0,0,24,20,170,12,0,0,0.05,4
263,30,12,18,16,12,0,19,0,30,5,30,30,12,0,0,24,20,171,12,1,1,0.05,4
264,30,12,18,16,12,0,19,0,30,5,30,30,12,0,0,24,20,172,12,1,1,0.05,4
265,30,12,18,16,12,0,19,0,30,5,30,30,12,0,0,24,20,173,12,1,1,0.05,4
266,30,12,18,16,12,0,19,0,30,5,30,30,12,0,0,24,20,174,12,1,1,0.05,4
267,30,12,18,16,12,0,19,0,30,5,30,30,12,0,0,24,20,174,12,0,0,0.05,4
268,30,12,18,16,12,0,19,0,30,5,30,30,12,0,0,24,20,174,12,0,0,0.05,4
269,30,12,18,16,12,0,19,0,30,5,30,30,12,0,0,24,20,174,12,0,0,0.05,4
270,30,13,17,16,13,0,19,0,30,5,30,30,13,0,1,25,21,174,12,0,0,0.05,4
271,30,13,17,16,13,0,19,0,30,5,30,30,13,0,0,25,21,175,12,1,1,0.05,4
272,30,13,17,16,13,0,19,0,30,5,30,30,13,0,0,25,21,176,12,1,1,0.05,4
273,30,13,17,16,13,0,19,0,30,5,30,30,13,0,0,25,21,177,12,1,1,0.05,4
274,30,13,17,16,13,0,19,0,30,5,30,30,13,0,0,25,21,177,12,0,0,0.05,4
275,30,13,17,16,13,0,19,0,30,5,30,30,13,0,0,25,21,177,12,0,0,0.05,4
276,30,13,17,16,13,0,19,0,30,5,30,30,13,0,0,25,21,177,13,0,0,0.05,4
277,30,12,18,17,12,0,19,1,30,5,30,30,12,0,0,25,21,178,13,1,1,0.05,4
278,29,12,17,17,12,0,19,0,30,5,30,29,12,0,0,25,21,178,13,1,0,0.05,4
279,29,12,17,16,12,0,19,0,30,5,30,29,12,0,0,25,21,179,13,1,1,0.05,4
280,30,12,18,16,12,0,19,0,30,6,30,30,12,0,0,25,21,181,13,1,2,0.05,4
281,30,12,18,16,12,0,19,0,30,6,30,30,12,0,0,25,21,181,13,0,0,0.05,4
282,30,12,18,16,12,0,19,0,30,6,30,30,12,0,0,25,21,181,13,0,0,0.05,4
283,30,13,17,16,13,0,19,0,30,6,30,30,13,0,1,26,22,181,13,0,0,0.05,4
284,29,13,16,15,13,0,19,0,30,6,30,29,13,1,0,26,22,181,13,1,0,0.05,4
285,30,13,17,16,13,0,19,0,30,6,30,30,13,0,0,26,22,182,13,0,1,0.05,4
286,30,13,17,16,13,0,19,0,30,7,30,30,13,0,0,26,22,183,13,1,1,0.05,4
287,29,13,16,15,13,0,19,0,30,7,30,29,13,1,0,26,22,183,13,1,0,0.05,4
288,30,13,17,16,13,0,19,0,30,7,30,30,13,0,0,26,22,184,13,0,1,0.05,4
289,30,13,17,16,13,0,19,0,30,7,30,30,13,0,0,26,22,184,13,0,0,0.05,4
290,30,13,17,16,13,0,19,0,30,7,30,30,13,0,0,26,22,184,13,0,0,0.05,4
291,30,13,17,16,13,0,19,0,30,7,30,30,13,0,0,26,22,184,13,0,0,0.05,4
292,30,13,17,16,13,0,19,0,30,8,30,30,13,0,0,26,22,185,13,1,1,0.05,4
293,30,13,17,16,13,0,19,0,30,8,30,30,13,0,0,26,22,186,13,1,1,0.05,4
294,30,12,18,17,12,0,19,0,30,8,30,30,12,0,0,26,22,187,14,1,1,0.05,4
295,30,12,18,17,12,0,19,0,30,8,30,30,12,0,0,26,22,188,14,1,1,0.05,4
296,30,12,18,17,12,0,19,0,30,8,30,30,12,0,0,26,22,188,14,0,0,0.05,4
297,30,12,18,17,12,0,19,0,30,8,30,30,12,0,0,26,22,188,14,0,0,0.05,4
298,30,12,18,17,12,0,19,0,30,8,30,30,12,0,0,26,22,188,14,0,0,0.05,4
299,30,13,17,17,13,0,19,0,30,8,30,30,13,0,1,27,23,188,14,0,0,0.05,4
300,30,13,17,17,13,0,19,0,30,8,30,30,13,0,0,27,23,189,14,1,1,0.05,4
301,30,14,16,17,14,1,19,0,30,8,30,30,14,0,0,28,23,190,14,1,1,0.05,4
302,30,15,15,17,15,2,19,0,30,8,30,30,15,0,0,29,23,191,14,1,1,0.05,4
303,30,15,15,17,15,2,19,0,30,8,30,30,15,0,0,29,23,191,14,0,0,0.05,4
304,30,15,15,17,15,2,19,0,30,8,30,30,15,0,0,29,23,191,14,0,0,0.05,4
305,30,15,15,17,15,2,19,0,30,8,30,30,15,0,0,29,23,191,14,0,0,0.05,4
306,30,14,16,16,14,2,19,0,30,8,30,30,14,0,0,29,23,192,14,1,1,0.05,4
307,30,14,16,16,14,2,19,0,30,8,30,30,14,0,0,29,23,193,14,1,1,0.05,4
308,30,13,17,16,13,1,19,0,30,8,30,30,13,0,0,29,23,194,14,1,1,0.05,4
309,30,12,18,16,12,0,19,0,30,9,30,30,12,0,0,29,23,195,14,1,1,0.05,4
310,30,12,18,16,12,0,19,0,30,9,30,30,12,0,0,29,23,195,14,0,0,0.05,4
311,30,12,18,16,12,0,19,0,30,9,30,30,12,0,0,29,23,195,14,0,0,0.05,4
312,30,12,18,16,12,0,19,0,30,9,30,30,12,0,0,29,23,195,14,0,0,0.05,4
313,30,13,17,16,13,0,19,0,30,9,30,30,13,0,1,30,24,195,14,0,0,0.05,4
314,29,13,16,16,13,0,19,0,30,9,30,29,13,0,0,30,24,195,14,1,0,0.05,4
315,30,13,17,15,13,0,19,0,30,9,30,30,13,0,0,30,24,197,15,1,2,0.05,4
316,30,13,17,15,13,0,19,0,30,9,30,30,13,0,0,30,24,198,15,1,1,0.05,4
317,30,13,17,15,13,0,19,0,30,9,30,30,13,0,0,30,24,198,15,0,0,0.05,4
318,30,13,17,15,13,0,19,0,30,9,30,30,13,0,0,30,24,198,15,0,0,0.05,4
319,30,13,17,15,13,0,19,0,30,9,30,30,13,0,0,30,24,198,15,0,0,0.05,4
320,30,12,18,16,12,0,19,0,30,9,30,30,12,0,0,30,24,199,15,1,1,0.05,4
321,30,12,18,16,12,0,19,0,30,9,30,30,12,0,0,30,24,199,15,0,0,0.05,4
322,29,12,17,16,12,0,19,0,30,9,30,29,12,0,0,30,24,200,15,2,1,0.05,4
323,29,13,16,15,12,0,19,0,30,9,30,29,12,1,1,31,25,201,15,1,1,0.05,4
324,30,13,17,16,13,0,19,0,30,10,30,30,13,0,0,31,25,202,15,0,1,0.05,4
325,30,13,17,16,13,0,19,0,30,11,30,30,13,0,0,31,25,202,15,0,0,0.05,4
326,30,13,17,16,13,0,19,0,30,11,30,30,13,0,0,31,25,202,15,0,0,0.05,4
327,30,13,17,16,13,0,19,0,30,12,30,30,13,0,0,31,25,203,15,1,1,0.05,4
328,30,13,17,16,13,0,19,0,30,12,30,30,13,0,0,31,25,203,15,0,0,0.05,4
329,30,13,17,16,13,0,19,0,30,12,30,30,13,0,0,31,25,204,15,1,1,0.05,4
330,30,13,17,16,13,0,19,1,30,12,30,30,13,0,0,31,25,205,15,1,1,0.05,4
331,30,13,17,16,13,0,19,0,30,12,30,30,13,0,0,31,25,206,15,1,1,0.05,4
332,30,13,17,16,13,0,19,0,30,12,30,30,13,0,0,31,25,206,15,0,0,0.05,4
333,30,13,17,16,13,0,19,0,30,12,30,30,13,0,0,31,25,206,15,0,0,0.05,4
334,29,14,15,15,14,0,19,0,30,12,30,29,14,1,1,32,26,206,15,1,0,0.05,4
335,30,14,16,16,14,0,19,0,30,12,30,30,14,0,0,32,26,207,15,0,1,0.05,4
336,29,14,15,16,14,0,19,0,30,12,30,29,14,0,0,32,26,207,15,1,0,0.05,4
337,30,14,16,16,14,0,19,0,30,12,30,30,14,0,0,32,26,209,15,1,2,0.05,4
338,30,14,16,16,14,0,19,0,30,12,30,30,14,0,0,32,26,209,15,0,0,0.05,4
339,30,14,16,16,14,0,19,0,30,13,30,30,14,0,0,32,26,209,15,0,0,0.05,4
340,30,14,16,16,14,0,19,0,30,14,30,30,14,0,0,32,26,209,15,0,0,0.05,4
341,30,14,16,16,14,0,19,0,30,14,30,30,14,0,0,32,26,209,15,0,0,0.05,4
342,30,14,16,16,14,0,19,0,30,14,30,30,14,0,0,32,26,210,15,1,1,0.05,4
343,30,14,16,16,14,0,19,0,30,14,30,30,14,0,0,32,26,210,15,0,0,0.05,4
344,30,14,16,16,14,0,19,0,30,14,30,30,14,0,0,32,26,212,15,2,2,0.05,4
345,30,14,16,16,14,0,19,0,30,14,30,30,14,0,1,33,27,213,15,1,1,0.05,4
346,30,14,16,16,14,0,19,0,30,14,30,30,14,0,0,33,27,213,15,0,0,0.05,4
347,30,14,16,16,14,0,19,0,30,14,30,30,14,0,0,33,27,213,15,0,0,0.05,4
348,30,14,16,16,14,0,19,0,30,14,30,30,14,0,0,33,27,213,15,0,0,0.05,4
349,30,14,16,16,14,0,19,0,30,14,30,30,14,0,0,33,27,214,15,1,1,0.05,4
350,30,14,16,16,14,0,19,0,30,14,30,30,14,0,0,33,27,214,15,0,0,0.05,4
351,30,14,16,16,14,0,19,0,30,14,30,30,14,0,0,33,27,215,15,1,1,0.05,4
352,30,14,16,16,14,0,19,0,30,14,30,30,14,0,0,33,27,216,15,1,1,0.05,4
353,30,14,16,16,14,0,19,0,30,14,30,30,14,0,0,33,27,216,15,0,0,0.05,4
354,30,14,16,16,14,0,19,0,30,14,30,30,14,0,0,33,27,216,16,0,0,0.05,4
355,30,14,16,16,14,0,19,0,30,14,30,30,14,0,0,33,27,216,16,0,0,0.05,4
356,30,14,16,15,14,0,19,0,30,14,30,30,14,0,0,33,27,217,16,1,1,0.05,4
357,30,14,16,15,14,0,19,0,30,14,30,30,14,0,0,33,27,217,16,0,0,0.05,4
358,30,14,16,16,14,0,19,0,30,14,30,30,14,0,1,34,28,219,16,2,2,0.05,4
359,30,14,16,16,14,0,19,0,30,14,30,30,14,0,0,34,28,219,16,0,0,0.05,4
360,30,14,16,16,14,0,19,0,30,14,30,30,14,0,0,34,28,219,16,0,0,0.05,4
361,30,14,16,16,14,0,19,0,30,14,30,30,14,0,0,34,28,219,16,0,0,0.05,4
362,30,15,15,16,15,0,19,0,30,14,30,30,15,0,1,35,29,219,16,0,0,0.05,4
363,30,15,15,16,15,0,19,0,30,14,30,30,15,0,0,35,29,219,16,0,0,0.05,4
364,30,16,14,16,16,0,19,0,30,14,30,30,16,0,1,36,30,219,16,0,0,0.05,4
365,30,16,14,16,16,0,19,0,30,14,30,30,16,0,0,36,30,220,16,1,1,0.05,4
366,30,15,15,16,15,0,19,0,30,14,30,30,15,0,0,36,30,221,16,1,1,0.05,4
367,30,15,15,16,15,0,19,0,30,14,30,30,15,0,0,36,30,221,16,0,0,0.05,4
368,30,15,15,16,15,0,19,0,30,14,30,30,15,0,0,36,30,221,17,0,0,0.05,4
369,30,15,15,16,15,0,19,0,30,14,30,30,15,0,0,36,30,221,17,0,0,0.05,4
370,30,14,16,17,14,0,19,0,30,14,30,30,14,0,0,36,30,222,17,1,1,0.05,4
371,30,14,16,17,14,0,19,0,30,14,30,30,14,0,0,36,30,222,17,0,0,0.05,4
372,28,13,15,16,13,0,19,0,30,14,30,28,13,1,0,36,30,222,17,2,0,0.05,4
373,30,13,17,16,13,0,19,0,30,14,30,30,13,0,0,36,30,225,17,1,3,0.05,4
374,30,13,17,16,13,0,19,0,30,14,30,30,13,0,0,36,30,225,17,0,0,0.05,4
375,30,14,16,16,14,0,19,0,30,14,30,30,14,0,1,37,31,225,17,0,0,0.05,4
376,30,15,15,16,15,0,19,0,30,14,30,30,15,0,1,38,32,225,17,0,0,0.05,4
377,30,15,15,16,15,0,19,0,30,14,30,30,15,0,0,38,32,225,17,0,0,0.05,4
378,30,15,15,16,15,0,19,0,30,14,30,30,15,0,0,38,32,225,17,0,0,0.05,4
379,30,15,15,16,15,0,19,1,30,14,30,30,15,0,0,38,32,225,17,0,0,0.05,4
380,30,15,15,16,15,0,19,0,30,14,30,30,15,0,0,38,32,227,17,2,2,0.05,4
381,30,15,15,16,15,0,19,0,30,14,30,30,15,0,0,38,32,227,17,0,0,0.05,4
382,30,15,15,16,15,0,19,0,30,14,30,30,15,0,0,38,32,227,17,0,0,0.05,4
383,30,16,14,16,16,0,19,0,30,14,30,30,16,0,1,39,33,227,17,0,0,0.05,4
384,30,15,15,16,15,0,19,0,30,14,30,30,15,0,0,39,33,228,17,1,1,0.05,4
385,30,15,15,16,15,0,19,0,30,14,30,30,15,0,0,39,33,228,17,0,0,0.05,4
386,30,15,15,16,15,0,19,0,30,14,30,30,15,0,0,39,33,228,17,0,0,0.05,4
387,30,14,16,17,14,0,19,0,30,14,30,30,14,0,0,39,33,230,18,2,2,0.05,4
388,30,14,16,17,14,0,19,0,30,14,30,30,14,0,0,39,33,230,18,0,0,0.05,4
389,30,14,16,17,14,0,19,0,30,14,30,30,14,0,0,39,33,230,18,0,0,0.05,4
390,30,14,16,17,14,0,19,0,30,14,30,30,14,0,0,39,33,230,18,0,0,0.05,4
391,30,15,15,16,15,0,19,0,30,14,30,30,15,0,1,40,34,231,18,1,1,0.05,4
392,30,16,14,16,16,0,19,0,30,14,30,30,16,0,1,41,35,231,18,0,0,0.05,4
393,30,16,14,16,16,0,19,0,30,14,30,30,16,0,0,41,35,231,18,0,0,0.05,4
394,30,15,15,16,15,0,19,0,30,14,30,30,15,0,0,41,35,233,18,2,2,0.05,4
395,30,15,15,16,15,0,19,0,30,14,30,30,15,0,0,41,35,233,18,0,0,0.05,4
396,30,15,15,16,15,0,19,0,30,14,30,30,15,0,0,41,35,233,19,0,0,0.05,4
397,30,15,15,16,15,0,19,0,30,14,30,30,15,0,0,41,35,233,19,0,0,0.05,4
398,30,15,15,16,15,0,19,0,30,14,30,30,15,0,0,41,35,233,19,0,0,0.05,4
399,30,15,15,16,15,0,19,0,30,14,30,30,15,0,0,41,35,233,19,0,0,0.05,4
400,30,15,15,16,15,0,19,0,30,1,30,30,15,0,0,41,35,233,19,0,0,0.05,4
401,29,14,15,15,14,0,19,0,30,1,30,29,14,0,0,41,35,235,19,3,2,0.05,4
402,30,14,16,15,14,0,19,0,30,1,30,30,14,0,0,41,35,236,19,0,1,0.05,4
403,30,14,16,15,14,0,19,0,30,1,30,30,14,0,0,41,35,236,19,0,0,0.05,4
404,30,14,16,15,14,0,19,0,30,1,30,30,14,0,0,41,35,236,19,0,0,0.05,4
405,30,13,17,16,13,0,19,0,30,1,30,30,13,0,0,41,35,237,19,1,1,0.05,4
406,30,13,17,16,13,0,19,0,30,1,30,30,13,0,0,41,35,237,19,0,0,0.05,4
407,30,13,17,16,13,0,19,0,30,1,30,30,13,0,0,41,35,237,19,0,0,0.05,4
408,30,13,17,16,13,0,19,0,30,1,30,30,13,0,0,41,35,239,19,2,2,0.05,4
409,30,13,17,16,13,0,19,0,30,1,30,30,13,0,0,41,35,240,19,1,1,0.05,4
410,30,13,17,16,13,0,19,0,30,1,30,30,13,0,0,41,35,240,19,0,0,0.05,4
411,30,13,17,16,13,0,19,1,30,1,30,30,13,0,0,41,35,240,19,0,0,0.05,4
412,30,13,17,16,13,0,19,0,30,1,30,30,13,0,0,41,35,241,19,1,1,0.05,4
413,30,13,17,16,13,0,19,0,30,1,30,30,13,0,0,41,35,241,19,0,0,0.05,4
414,30,13,17,16,13,0,19,0,30,1,30,30,13,0,0,41,35,241,19,0,0,0.05,4
415,30,13,17,16,13,0,19,0,30,1,30,30,13,0,0,41,35,243,19,2,2,0.05,4
416,30,13,17,16,13,0,19,0,30,1,30,30,13,0,0,41,35,244,19,1,1,0.05,4
417,30,13,17,16,13,0,19,0,30,1,30,30,13,0,0,41,35,244,19,0,0,0.05,4
418,30,13,17,16,13,0,19,0,30,1,30,30,13,0,0,41,35,244,19,0,0,0.05,4
419,29,13,16,15,13,0,19,0,30,1,30,29,13,1,0,41,35,244,19,1,0,0.05,4
420,30,13,17,16,13,0,19,0,30,1,30,30,13,0,0,41,35,245,19,0,1,0.05,4
421,30,13,17,16,13,0,19,0,30,1,30,30,13,0,0,41,35,245,19,0,0,0.05,4
422,28,13,15,15,13,0,19,0,30,1,30,28,13,1,0,41,35,245,19,2,0,0.05,4
423,30,13,17,16,13,0,19,0,30,1,30,30,13,0,0,41,35,248,19,1,3,0.05,4
424,30,13,17,16,13,0,19,0,30,1,30,30,13,0,0,41,35,248,19,0,0,0.05,4
425,30,13,17,16,13,0,19,0,30,1,30,30,13,0,0,41,35,248,19,0,0,0.05,4
426,30,13,17,16,13,0,19,0,30,1,30,30,13,0,0,41,35,248,19,0,0,0.05,4
427,30,13,17,16,13,0,19,0,30,1,30,30,13,0,0,41,35,249,19,1,1,0.05,4
428,30,13,17,16,13,0,19,0,30,1,30,30,13,0,0,41,35,249,19,0,0,0.05,4
429,30,13,17,16,13,0,19,0,30,1,30,30,13,0,0,41,35,249,19,0,0,0.05,4
430,30,13,17,16,13,0,19,0,30,1,30,30,13,0,0,41,35,252,19,3,3,0.05,4
431,30,13,17,16,13,0,19,0,30,1,30,30,13,0,0,41,35,252,19,0,0,0.05,4
432,30,13,17,16,13,0,19,0,30,1,30,30,13,0,0,41,35,252,19,0,0,0.05,4
433,30,13,17,16,13,0,19,0,30,1,30,30,13,0,0,41,35,252,19,0,0,0.05,4
434,30,13,17,16,13,0,19,0,30,1,30,30,13,0,0,41,35,253,19,1,1,0.05,4
435,30,13,17,16,13,0,19,0,30,1,30,30,13,0,0,41,35,253,19,0,0,0.05,4
436,30,13,17,16,13,0,19,0,30,1,30,30,13,0,0,41,35,253,19,0,0,0.05,4
437,30,13,17,16,13,0,19,0,30,1,30,30,13,0,0,41,35,256,19,3,3,0.05,4
438,30,13,17,16,13,0,19,0,30,1,30,30,13,0,0,41,35,256,19,0,0,0.05,4
439,30,13,17,16,13,0,19,0,30,1,30,30,13,0,0,41,35,256,19,0,0,0.05,4
440,30,13,17,16,13,0,19,0,30,1,30,30,13,0,0,41,35,256,19,0,0,0.05,4
441,30,13,17,16,13,0,19,0,30,1,30,30,13,0,0,41,35,257,19,1,1,0.05,4
442,30,13,17,16,13,0,19,0,30,1,30,30,13,0,0,41,35,257,19,0,0,0.05,4
443,30,13,17,16,13,0,19,0,30,1,30,30,13,0,0,41,35,257,19,0,0,0.05,4
444,29,13,16,16,13,0,19,0,30,1,30,29,13,0,0,41,35,259,19,3,2,0.05,4
445,30,13,17,16,13,0,19,0,30,1,30,30,13,0,0,41,35,260,19,0,1,0.05,4
446,30,13,17,16,13,0,19,0,30,1,30,30,13,0,0,41,35,260,19,0,0,0.05,4
447,30,13,17,16,13,0,19,0,30,1,30,30,13,0,0,41,35,260,19,0,0,0.05,4
448,30,13,17,16,13,0,19,0,30,1,30,30,13,0,0,41,35,261,19,1,1,0.05,4
449,30,13,17,16,13,0,19,0,30,1,30,30,13,0,0,41,35,261,19,0,0,0.05,4
450,30,13,17,16,13,0,19,0,30,1,30,30,13,0,0,41,35,261,19,0,0,0.05,4
451,30,13,17,16,13,0,19,0,30,1,30,30,13,0,0,41,35,263,19,2,2,0.05,4
452,30,13,17,16,13,0,19,0,30,1,30,30,13,0,0,41,35,264,19,1,1,0.05,4
453,30,13,17,16,13,0,19,0,30,1,30,30,13,0,0,41,35,264,19,0,0,0.05,4
454,30,13,17,16,13,0,19,0,30,1,30,30,13,0,0,41,35,264,19,0,0,0.05,4
455,30,13,17,16,13,0,19,0,30,1,30,30,13,0,0,41,35,265,19,1,1,0.05,4
456,30,13,17,16,13,0,19,0,30,1,30,30,13,0,0,41,35,265,19,0,0,0.05,4
457,30,13,17,16,13,0,19,0,30,2,30,30,13,0,0,41,35,265,19,0,0,0.05,4
458,30,13,17,16,13,0,19,0,30,3,30,30,13,0,0,41,35,267,19,2,2,0.05,4
459,30,13,17,16,13,0,19,0,30,3,30,30,13,0,0,41,35,268,19,1,1,0.05,4
460,30,13,17,16,13,0,19,0,30,3,30,30,13,0,0,41,35,268,19,0,0,0.05,4
461,30,13,17,16,13,0,19,0,30,3,30,30,13,0,0,41,35,268,19,0,0,0.05,4
462,30,13,17,16,13,0,19,0,30,3,30,30,13,0,0,41,35,269,19,1,1,0.05,4
463,30,13,17,16,13,0,19,0,30,3,30,30,13,0,0,41,35,269,19,0,0,0.05,4
464,30,13,17,16,13,0,19,0,30,4,30,30,13,0,0,41,35,269,19,0,0,0.05,4
465,30,13,17,16,13,0,19,0,30,4,30,30,13,0,0,41,35,271,19,2,2,0.05,4
466,30,13,17,16,13,0,19,0,30,4,30,30,13,0,0,41,35,272,19,1,1,0.05,4
467,30,13,17,16,13,0,19,0,30,4,30,30,13,0,0,41,35,272,19,0,0,0.05,4
468,30,13,17,16,13,0,19,0,30,4,30,30,13,0,0,41,35,272,19,0,0,0.05,4
469,30,13,17,16,13,0,19,0,30,4,30,30,13,0,0,41,35,273,19,1,1,0.05,4
470,30,13,17,16,13,0,19,0,30,4,30,30,13,0,0,41,35,273,19,0,0,0.05,4
471,30,13,17,16,13,0,19,0,30,4,30,30,13,0,0,41,35,273,19,0,0,0.05,4
472,29,13,16,15,13,0,19,0,30,4,30,29,13,1,0,41,35,274,19,2,1,0.05,4
473,30,13,17,16,13,0,19,0,30,4,30,30,13,0,0,41,35,276,19,1,2,0.05,4
474,30,13,17,16,13,0,19,0,30,4,30,30,13,0,0,41,35,276,19,0,0,0.05,4
475,30,13,17,16,13,0,19,0,30,4,30,30,13,0,0,41,35,276,19,0,0,0.05,4
476,30,13,17,16,13,0,19,0,30,4,30,30,13,0,0,41,35,277,19,1,1,0.05,4
477,30,13,17,16,13,0,19,0,30,4,30,30,13,0,0,41,35,277,19,0,0,0.05,4
478,30,13,17,16,13,0,19,0,30,4,30,30,13,0,0,41,35,277,19,0,0,0.05,4
479,30,13,17,16,13,0,19,0,30,4,30,30,13,0,0,41,35,278,19,1,1,0.05,4
480,30,13,17,16,13,0,19,0,30,4,30,30,13,0,0,41,35,280,19,2,2,0.05,4
481,30,13,17,16,13,0,19,1,30,4,30,30,13,0,0,41,35,280,19,0,0,0.05,4
482,30,13,17,16,13,0,19,0,30,5,30,30,13,0,0,41,35,280,19,0,0,0.05,4
483,30,14,16,16,14,1,19,0,30,5,30,30,14,0,0,42,35,281,19,1,1,0.05,4
484,30,15,15,16,15,1,19,0,30,5,30,30,15,0,1,43,36,281,19,0,0,0.05,4
485,30,15,15,16,15,1,19,1,30,5,30,30,15,0,0,43,36,281,19,0,0,0.05,4
486,30,15,15,16,15,1,19,0,30,5,30,30,15,0,0,43,36,282,19,1,1,0.05,4
487,29,15,14,16,15,1,19,0,30,5,30,29,15,0,0,43,36,283,19,2,1,0.05,4
488,30,15,15,16,15,1,19,0,30,5,30,30,15,0,0,43,36,284,19,0,1,0.05,4
489,30,15,15,16,15,1,19,0,30,5,30,30,15,0,0,43,36,284,19,0,0,0.05,4
490,30,14,16,16,14,0,19,0,30,5,30,30,14,0,0,43,36,285,19,1,1,0.05,4
491,30,14,16,16,14,0,19,0,30,5,30,30,14,0,0,43,36,285,19,0,0,0.05,4
492,30,14,16,16,14,0,19,0,30,5,30,30,14,0,0,43,36,285,19,0,0,0.05,4
493,30,14,16,16,14,0,19,0,30,6,30,30,14,0,0,43,36,286,19,1,1,0.05,4
494,30,14,16,16,14,0,19,0,30,7,30,30,14,0,0,43,36,287,19,1,1,0.05,4
495,30,14,16,16,14,0,19,0,30,7,30,30,14,0,0,43,36,288,19,1,1,0.05,4
496,30,14,16,16,14,0,19,0,30,7,30,30,14,0,0,43,36,288,19,0,0,0.05,4
497,29,14,15,15,14,0,19,0,30,8,30,29,14,1,0,43,36,288,19,1,0,0.05,4
498,30,14,16,16,14,0,19,0,30,8,30,30,14,0,0,43,36,289,19,0,1,0.05,4
499,30,14,16,16,14,0,19,0,30,8,30,30,14,0,0,43,36,289,19,0,0,0.05,4
500,30,14,16,16,14,0,19,0,30,8,30,30,14,0,0,43,36,290,19,1,1,0.05,4
501,30,14,16,16,14,0,19,0,30,8,30,30,14,0,0,43,36,291,19,1,1,0.05,4
502,30,14,16,16,14,0,19,0,30,8,30,30,14,0,0,43,36,292,19,1,1,0.05,4
503,30,14,16,16,14,0,19,0,30,8,30,30,14,0,0,43,36,292,19,0,0,0.05,4
504,30,14,16,16,14,0,19,0,30,8,30,30,14,0,0,43,36,292,19,0,0,0.05,4
505,30,14,16,16,14,0,19,0,30,8,30,30,14,0,0,43,36,293,19,1,1,0.05,4
506,30,14,16,16,14,0,19,0,30,8,30,30,14,0,0,43,36,293,19,0,0,0.05,4
507,29,14,15,16,14,0,19,0,30,8,30,29,14,0,0,43,36,293,19,1,0,0.05,4
508,30,14,16,16,14,0,19,0,30,8,30,30,14,0,0,43,36,295,19,1,2,0.05,4
509,30,14,16,16,14,0,19,0,30,8,30,30,14,0,0,43,36,296,19,1,1,0.05,4
510,30,14,16,16,14,0,19,0,30,8,30,30,14,0,0,43,36,296,19,0,0,0.05,4
511,30,14,16,16,14,0,19,0,30,8,30,30,14,0,0,43,36,296,19,0,0,0.05,4
512,30,14,16,16,14,0,19,0,30,8,30,30,14,0,0,43,36,297,19,1,1,0.05,4
513,30,14,16,16,14,0,19,0,30,8,30,30,14,0,0,43,36,297,19,0,0,0.05,4
514,30,14,16,16,14,0,19,0,30,8,30,30,14,0,0,43,36,297,19,0,0,0.05,4
515,30,14,16,16,14,0,19,0,30,8,30,30,14,0,0,43,36,299,19,2,2,0.05,4
516,29,14,15,16,14,0,19,0,30,8,30,29,14,0,0,43,36,299,19,1,0,0.05,4
517,30,14,16,16,14,0,19,0,30,8,30,30,14,0,0,43,36,300,19,0,1,0.05,4
518,30,15,15,16,15,0,19,0,30,8,30,30,15,0,1,44,37,300,19,0,0,0.05,4
519,30,15,15,16,15,0,19,0,30,8,30,30,15,0,0,44,37,301,19,1,1,0.05,4
520,30,15,15,16,15,0,19,0,30,8,30,30,15,0,0,44,37,301,19,0,0,0.05,4
521,30,15,15,16,15,0,19,0,30,8,30,30,15,0,0,44,37,301,19,0,0,0.05,4
522,30,15,15,16,15,0,19,0,30,8,30,30,15,0,0,44,37,302,19,1,1,0.05,4
523,30,15,15,16,15,0,19,0,30,8,30,30,15,0,0,44,37,302,20,0,0,0.05,4
524,30,15,15,16,15,0,19,0,30,8,30,30,15,0,0,44,37,303,20,1,1,0.05,4
525,30,15,15,16,15,0,19,0,30,8,30,30,15,0,0,44,37,303,20,0,0,0.05,4
526,30,15,15,15,15,0,19,0,30,8,30,30,15,0,0,44,37,304,20,1,1,0.05,4
527,30,15,15,15,15,0,19,0,30,8,30,30,15,0,0,44,37,304,20,0,0,0.05,4
528,30,15,15,15,15,0,19,0,30,8,30,30,15,0,0,44,37,304,20,0,0,0.05,4
529,30,14,16,16,14,0,19,0,30,9,30,30,14,0,0,44,37,306,20,2,2,0.05,4
530,30,14,16,16,14,0,19,0,30,9,30,30,14,0,0,44,37,306,20,0,0,0.05,4
531,30,14,16,16,14,0,19,0,30,9,30,30,14,0,0,44,37,307,20,1,1,0.05,4
532,30,14,16,16,14,0,19,0,30,9,30,30,14,0,0,44,37,307,20,0,0,0.05,4
533,30,14,16,16,14,0,19,0,30,9,30,30,14,0,0,44,37,308,20,1,1,0.05,4
534,30,14,16,16,14,0,19,0,30,10,30,30,14,0,0,44,37,308,20,0,0,0.05,4
535,30,14,16,16,14,0,19,0,30,11,30,30,14,0,0,44,37,308,20,0,0,0.05,4
536,29,14,15,15,14,0,19,0,30,11,30,29,14,1,0,44,37,309,20,2,1,0.05,4
537,30,14,16,16,14,0,19,0,30,11,30,30,14,0,0,44,37,310,20,0,1,0.05,4
538,30,14,16,16,14,0,19,0,30,11,30,30,14,0,0,44,37,311,20,1,1,0.05,4
539,30,14,16,16,14,0,19,0,30,11,30,30,14,0,0,44,37,311,20,0,0,0.05,4
540,30,14,16,16,14,0,19,0,30,12,30,30,14,0,0,44,37,312,20,1,1,0.05,4
541,30,14,16,16,14,0,19,0,30,13,30,30,14,0,0,44,37,312,20,0,0,0.05,4
542,30,14,16,16,14,0,19,0,30,13,30,30,14,0,0,44,37,312,20,0,0,0.05,4
543,30,15,15,16,15,0,19,0,30,13,30,30,15,0,1,45,38,313,20,1,1,0.05,4
544,30,15,15,16,15,0,19,0,30,13,30,30,15,0,0,45,38,314,20,1,1,0.05,4
545,30,15,15,16,15,0,19,0,30,13,30,30,15,0,0,45,38,315,20,1,1,0.05,4
546,30,15,15,16,15,0,19,0,30,13,30,30,15,0,0,45,38,315,20,0,0,0.05,4
547,30,15,15,16,15,0,19,0,30,13,30,30,15,0,0,45,38,316,20,1,1,0.05,4
548,30,15,15,16,15,0,19,0,30,13,30,30,15,0,0,45,38,316,20,0,0,0.05,4
549,30,15,15,16,15,0,19,0,30,13,30,30,15,0,0,45,38,316,20,0,0,0.05,4
550,29,16,13,15,16,0,19,0,30,13,30,29,16,1,1,46,39,316,20,1,0,0.05,4
551,30,16,14,16,16,0,19,0,30,14,30,30,16,0,0,46,39,318,20,1,2,0.05,4
552,30,16,14,16,16,0,19,1,30,14,30,30,16,0,0,46,39,319,20,1,1,0.05,4
553,30,17,13,16,17,0,19,0,30,14,30,30,17,0,1,47,40,319,21,0,0,0.05,4
554,30,17,13,16,17,0,19,0,30,14,30,30,17,0,0,47,40,320,21,1,1,0.05,4
555,30,17,13,16,17,0,19,0,30,14,30,30,17,0,0,47,40,320,22,0,0,0.05,4
556,30,17,13,16,17,0,19,0,30,14,30,30,17,0,0,47,40,320,22,0,0,0.05,4
557,30,17,13,16,17,0,19,0,30,14,30,30,17,0,0,47,40,320,22,0,0,0.05,4
558,30,17,13,15,17,0,19,0,30,14,30,30,17,0,0,47,40,321,22,1,1,0.05,4
559,30,17,13,15,17,0,19,0,30,14,30,30,17,0,0,47,40,322,22,1,1,0.05,4
560,30,17,13,15,17,0,19,0,30,14,30,30,17,0,0,47,40,322,22,0,0,0.05,4
561,30,17,13,15,17,0,19,1,30,14,30,30,17,0,0,47,40,323,22,1,1,0.05,4
562,30,18,12,15,18,0,19,0,30,14,30,30,18,0,1,48,41,323,22,0,0,0.05,4
563,30,18,12,15,18,0,19,0,30,14,30,30,18,0,0,48,41,323,22,0,0,0.05,4
564,30,18,12,15,18,0,19,0,30,14,30,30,18,0,0,48,41,323,22,0,0,0.05,4
565,30,17,13,14,17,0,19,0,30,14,30,30,17,0,0,48,41,324,22,1,1,0.05,4
566,30,17,13,14,17,0,19,0,30,15,30,30,17,0,0,48,41,325,22,1,1,0.05,4
567,30,17,13,14,17,0,19,0,30,15,30,30,17,0,0,48,41,325,22,0,0,0.05,4
568,30,17,13,14,17,0,19,0,30,15,30,30,17,0,0,48,41,326,23,1,1,0.05,4
569,30,17,13,14,17,0,19,0,30,15,30,30,17,0,0,48,41,326,23,0,0,0.05,4
570,30,17,13,14,17,0,19,0,30,15,30,30,17,0,0,48,41,326,23,0,0,0.05,4
0,30,0,30,16,0,0,19,0,30,10,30,0,0,0,0,0,0,30,0,0,0,0.05,5
1,30,0,30,16,0,0,19,0,30,10,30,30,0,0,0,0,0,30,0,0,0,0.05,5
2,30,0,30,16,0,0,19,0,30,10,30,30,0,0,0,0,0,30,0,0,0,0.05,5
3,30,1,29,16,1,0,19,0,30,10,30,30,1,0,1,1,1,30,0,0,0,0.05,5
4,30,1,29,16,1,0,19,0,30,10,30,30,1,0,0,1,1,30,0,0,0,0.05,5
5,30,1,29,16,1,0,19,0,30,10,30,30,1,0,0,1,1,30,0,0,0,0.05,5
6,30,2,28,16,2,0,19,0,30,10,30,30,2,0,1,2,2,30,0,0,0,0.05,5
7,30,3,27,16,2,0,19,0,30,10,30,30,2,0,1,3,3,30,0,0,0,0.05,5
8,30,0,30,16,0,0,19,0,30,10,30,30,0,0,0,3,3,33,0,3,3,0.05,5
9,30,0,30,16,0,0,19,0,30,10,30,30,0,0,0,3,3,33,0,0,0,0.05,5
10,30,0,30,16,0,0,19,0,30,10,30,30,0,0,0,3,3,33,0,0,0,0.05,5
11,30,1,29,16,1,0,19,0,30,10,30,30,1,0,1,4,4,33,0,0,0,0.05,5
12,30,2,28,16,2,0,19,0,30,10,30,30,2,0,1,5,5,33,0,0,0,0.05,5
13,30,3,27,16,3,0,19,0,30,10,30,30,3,0,1,6,6,33,0,0,0,0.05,5
14,30,4,26,16,4,0,19,0,30,10,30,30,4,0,1,7,7,33,1,0,0,0.05,5
15,30,4,26,16,4,0,19,0,30,11,30,30,4,0,0,7,7,35,2,2,2,0.05,5
16,30,5,25,16,5,0,19,0,30,11,30,30,5,0,1,8,8,35,3,0,0,0.05,5
17,30,6,24,16,6,0,19,0,30,11,30,30,6,0,1,9,9,35,3,0,0,0.05,5
18,30,6,24,16,6,0,19,0,30,11,30,30,6,0,0,9,9,35,3,0,0,0.05,5
19,30,6,24,16,6,0,19,0,30,11,30,30,6,0,0,9,9,35,3,0,0,0.05,5
20,30,7,23,16,7,0,19,0,30,11,30,30,7,0,1,10,10,35,3,0,0,0.05,5
21,30,7,23,16,7,0,19,0,30,11,30,30,7,0,0,10,10,35,3,0,0,0.05,5
22,30,6,24,17,6,0,19,0,30,11,30,30,6,0,0,10,10,37,3,2,2,0.05,5
23,30,6,24,17,6,0,19,0,30,11,30,30,6,0,0,10,10,37,3,0,0,0.05,5
24,30,6,24,17,6,0,19,0,30,11,30,30,6,0,0,10,10,37,3,0,0,0.05,5
25,30,7,23,17,7,0,19,0,30,11,30,30,7,0,1,11,11,37,4,0,0,0.05,5
26,30,8,22,17,8,0,19,0,30,11,30,30,8,0,1,12,12,37,4,0,0,0.05,5
27,30,8,22,17,8,0,19,0,30,11,30,30,8,0,0,12,12,37,5,0,0,0.05,5
28,30,8,22,17,8,0,19,0,30,11,30,30,8,0,0,12,12,37,5,0,0,0.05,5
29,30,7,23,17,7,0,19,0,30,11,30,30,7,0,0,12,12,40,5,3,3,0.05,5
30,30,7,23,17,7,0,19,0,30,11,30,30,7,0,0,12,12,40,5,0,0,0.05,5
31,30,7,23,17,7,0,19,0,30,11,30,30,7,0,0,12,12,40,5,0,0,0.05,5
32,30,7,23,17,7,0,19,0,30,11,30,30,7,0,0,12,12,40,5,0,0,0.05,5
33,30,7,23,17,7,0,19,0,30,11,30,30,7,0,0,12,12,40,5,0,0,0.05,5
34,30,7,23,17,7,0,19,0,30,11,30,30,7,0,0,12,12,40,5,0,0,0.05,5
35,30,8,22,17,8,0,19,0,30,11,30,30,8,0,1,13,13,40,5,0,0,0.05,5
36,30,8,22,17,8,0,19,0,30,11,30,30,8,0,0,13,13,43,5,3,3,0.05,5
37,30,8,22,17,8,0,19,0,30,11,30,30,8,0,0,13,13,43,5,0,0,0.05,5
38,30,9,21,17,9,0,19,0,30,11,30,30,9,0,1,14,14,43,5,0,0,0.05,5
39,30,9,21,17,9,0,19,0,30,11,30,30,9,0,0,14,14,43,5,0,0,0.05,5
40,30,9,21,17,9,0,19,0,30,0,30,30,9,0,0,14,14,43,5,0,0,0.05,5
41,30,9,21,17,9,0,19,0,30,0,30,30,9,0,0,14,14,43,5,0,0,0.05,5
42,30,9,21,17,9,0,19,0,30,0,30,30,9,0,0,14,14,43,5,0,0,0.05,5
43,29,9,20,16,9,0,19,0,30,0,30,29,9,1,0,14,14,44,5,2,1,0.05,5
44,30,9,21,17,9,0,19,0,30,0,30,30,9,0,0,14,14,45,5,0,1,0.05,5
45,30,9,21,17,9,0,19,0,30,0,30,30,9,0,0,14,14,45,5,0,0,0.05,5
46,30,9,21,17,9,0,19,0,30,0,30,30,9,0,0,14,14,45,5,0,0,0.05,5
47,30,9,21,17,9,0,19,0,30,0,30,30,9,0,0,14,14,45,5,0,0,0.05,5
48,30,9,21,17,9,0,19,0,30,0,30,30,9,0,0,14,14,45,6,0,0,0.05,5
49,30,9,21,17,9,0,19,0,30,0,30,30,9,0,0,14,14,45,6,0,0,0.05,5
50,30,8,22,18,8,0,19,0,30,0,30,30,8,0,0,14,14,47,6,2,2,0.05,5
51,30,8,22,17,8,0,19,0,30,1,30,30,8,0,0,14,14,48,6,1,1,0.05,5
52,30,8,22,17,8,0,19,0,30,1,30,30,8,0,0,14,14,48,6,0,0,0.05,5
53,30,8,22,17,8,0,19,0,30,1,30,30,8,0,0,14,14,48,6,0,0,0.05,5
54,30,8,22,17,8,0,19,0,30,1,30,30,8,0,0,14,14,48,6,0,0,0.05,5
55,30,8,22,17,8,0,19,0,30,1,30,30,8,0,0,14,14,48,6,0,0,0.05,5
56,30,8,22,17,8,0,19,0,30,2,30,30,8,0,0,14,14,48,6,0,0,0.05,5
57,30,8,22,17,8,0,19,0,30,2,30,30,8,0,0,14,14,50,6,2,2,0.05,5
58,30,8,22,17,8,0,19,0,30,2,30,30,8,0,0,14,14,51,6,1,1,0.05,5
59,30,8,22,17,8,0,19,0,30,2,30,30,8,0,0,14,14,51,6,0,0,0.05,5
60,30,8,22,17,8,0,19,0,30,2,30,30,8,0,0,14,14,51,6,0,0,0.05,5
61,30,8,22,17,8,0,19,0,30,3,30,30,8,0,0,14,14,51,6,0,0,0.05,5
62,30,8,22,17,8,0,19,0,30,3,30,30,8,0,0,14,14,51,6,0,0,0.05,5
63,30,8,22,17,8,0,19,0,30,3,30,30,8,0,0,14,14,51,6,0,0,0.05,5
64,30,9,21,17,9,1,19,0,30,3,30,30,9,0,0,15,14,53,6,2,2,0.05,5
65,30,9,21,17,9,1,19,0,30,3,30,30,9,0,0,15,14,54,6,1,1,0.05,5
66,30,9,21,17,9,1,19,0,30,4,30,30,9,0,0,15,14,54,6,0,0,0.05,5
67,30,9,21,17,9,1,19,0,30,4,30,30,9,0,0,15,14,54,6,0,0,0.05,5
68,30,9,21,17,9,1,19,0,30,5,30,30,9,0,0,15,14,54,6,0,0,0.05,5
69,30,9,21,17,9,1,19,0,30,5,30,30,9,0,0,15,14,54,6,0,0,0.05,5
70,30,9,21,17,9,1,19,0,30,5,30,30,9,0,0,15,14,54,6,0,0,0.05,5
71,29,8,21,16,8,0,19,0,30,5,30,29,8,1,0,15,14,55,6,2,1,0.05,5
72,30,8,22,17,8,0,19,0,30,5,30,30,8,0,0,15,14,57,6,1,2,0.05,5
73,30,8,22,17,8,0,19,0,30,5,30,30,8,0,0,15,14,57,6,0,0,0.05,5
74,30,8,22,17,8,0,19,0,30,5,30,30,8,0,0,15,14,57,6,0,0,0.05,5
75,30,8,22,17,8,0,19,0,30,5,30,30,8,0,0,15,14,57,6,0,0,0.05,5
76,30,8,22,17,8,0,19,0,30,5,30,30,8,0,0,15,14,57,6,0,0,0.05,5
77,30,8,22,17,8,0,19,0,30,5,30,30,8,0,0,15,14,57,6,0,0,0.05,5
78,30,9,21,17,9,0,19,0,30,5,30,30,9,0,1,16,15,57,6,0,0,0.05,5
79,30,9,21,17,9,0,19,0,30,5,30,30,9,0,0,16,15,59,6,2,2,0.05,5
80,30,9,21,17,9,0,19,0,30,5,30,30,9,0,0,16,15,59,6,0,0,0.05,5
81,30,10,20,17,10,0,19,0,30,5,30,30,10,0,1,17,16,59,6,0,0,0.05,5
82,30,10,20,17,10,0,19,0,30,5,30,30,10,0,0,17,16,59,6,0,0,0.05,5
83,30,10,20,17,10,0,19,0,30,5,30,30,10,0,0,17,16,59,6,0,0,0.05,5
84,30,10,20,17,10,0,19,0,30,5,30,30,10,0,0,17,16,59,6,0,0,0.05,5
85,30,9,21,17,9,0,19,0,30,5,30,30,9,0,0,17,16,60,6,1,1,0.05,5
86,30,9,21,17,9,0,19,0,30,5,30,30,9,0,0,17,16,62,6,2,2,0.05,5
87,30,9,21,17,9,0,19,0,30,5,30,30,9,0,0,17,16,62,6,0,0,0.05,5
88,30,9,21,17,9,0,19,0,30,6,30,30,9,0,0,17,16,62,6,0,0,0.05,5
89,30,9,21,17,9,0,19,0,30,6,30,30,9,0,0,17,16,62,6,0,0,0.05,5
90,30,9,21,17,9,0,19,0,30,6,30,30,9,0,0,17,16,62,6,0,0,0.05,5
91,30,9,21,17,9,0,19,0,30,6,30,30,9,0,0,17,16,62,6,0,0,0.05,5
92,30,9,21,17,9,0,19,0,30,6,30,30,9,0,0,17,16,63,6,1,1,0.05,5
93,30,9,21,17,9,0,19,0,30,6,30,30,9,0,0,17,16,65,6,2,2,0.05,5
94,30,9,21,17,9,0,19,0,30,6,30,30,9,0,0,17,16,65,6,0,0,0.05,5
95,30,9,21,17,9,0,19,0,30,6,30,30,9,0,0,17,16,65,6,0,0,0.05,5
96,30,10,20,17,10,0,19,1,30,6,30,30,10,0,1,18,17,65,6,0,0,0.05,5
97,30,10,20,17,10,0,19,0,30,6,30,30,10,0,0,18,17,65,6,0,0,0.05,5
98,30,10,20,17,10,0,19,0,30,6,30,30,10,0,0,18,17,65,6,0,0,0.05,5
99,30,11,19,17,11,0,19,0,30,7,30,30,11,0,1,19,18,65,6,0,0,0.05,5
100,30,11,19,17,11,0,19,0,30,7,30,30,11,0,0,19,18,66,6,1,1,0.05,5
101,30,11,19,17,11,0,19,0,30,7,30,30,11,0,0,19,18,66,6,0,0,0.05,5
102,30,11,19,17,11,0,19,0,30,7,30,30,11,0,0,19,18,66,6,0,0,0.05,5
103,30,11,19,17,11,0,19,0,30,7,30,30,11,0,0,19,18,66,7,0,0,0.05,5
104,30,11,19,17,11,0,19,0,30,7,30,30,11,0,0,19,18,66,7,0,0,0.05,5
105,30,11,19,17,11,0,19,0,30,7,30,30,11,0,0,19,18,66,7,0,0,0.05,5
106,30,10,20,18,10,0,19,0,30,7,30,30,10,0,0,19,18,67,7,1,1,0.05,5
107,29,9,20,18,9,0,19,0,30,7,30,29,9,0,0,19,18,68,7,2,1,0.05,5
108,30,9,21,18,9,0,19,0,30,7,30,30,9,0,0,19,18,69,7,0,1,0.05,5
109,30,9,21,18,9,0,19,0,30,7,30,30,9,0,0,19,18,69,7,0,0,0.05,5
110,30,9,21,18,9,0,19,0,30,7,30,30,9,0,0,19,18,69,7,0,0,0.05,5
111,30,9,21,18,9,0,19,0,30,7,30,30,9,0,0,19,18,69,7,0,0,0.05,5
112,30,9,21,18,9,0,19,0,30,7,30,30,9,0,0,19,18,69,7,0,0,0.05,5
113,29,10,19,17,10,0,19,0,30,7,30,29,10,1,1,20,19,69,7,1,0,0.05,5
114,30,10,20,18,10,0,19,0,30,7,30,30,10,0,0,20,19,71,7,1,2,0.05,5
115,30,10,20,18,10,0,19,0,30,7,30,30,10,0,0,20,19,72,7,1,1,0.05,5
116,30,10,20,18,10,0,19,0,30,7,30,30,10,0,0,20,19,72,7,0,0,0.05,5
117,30,11,19,18,11,0,19,0,30,7,30,30,11,0,1,21,20,72,7,0,0,0.05,5
118,30,11,19,18,11,0,19,0,30,7,30,30,11,0,0,21,20,72,7,0,0,0.05,5
119,30,11,19,18,11,0,19,0,30,7,30,30,11,0,0,21,20,72,8,0,0,0.05,5
120,30,11,19,18,11,0,19,0,30,7,30,30,11,0,0,21,20,72,8,0,0,0.05,5
121,30,12,18,17,12,1,19,0,30,7,30,30,12,0,0,22,20,74,8,2,2,0.05,5
122,30,12,18,17,12,1,19,0,30,7,30,30,12,0,0,22,20,75,8,1,1,0.05,5
123,30,12,18,17,12,1,19,0,30,7,30,30,12,0,0,22,20,75,8,0,0,0.05,5
124,30,12,18,17,12,1,19,0,30,7,30,30,12,0,0,22,20,75,8,0,0,0.05,5
125,30,12,18,17,12,1,19,0,30,7,30,30,12,0,0,22,20,75,8,0,0,0.05,5
126,30,12,18,17,12,1,19,1,30,7,30,30,12,0,0,22,20,75,8,0,0,0.05,5
127,30,12,18,17,12,1,19,0,30,7,30,30,12,0,0,22,20,75,8,0,0,0.05,5
128,30,11,19,17,11,0,19,0,30,7,30,30,11,0,0,22,20,77,8,2,2,0.05,5
129,30,11,19,17,11,0,19,0,30,7,30,30,11,0,0,22,20,78,8,1,1,0.05,5
130,30,11,19,17,11,0,19,0,30,7,30,30,11,0,0,22,20,78,8,0,0,0.05,5
131,30,11,19,17,11,0,19,0,30,7,30,30,11,0,0,22,20,78,8,0,0,0.05,5
132,30,11,19,17,11,0,19,0,30,7,30,30,11,0,0,22,20,78,8,0,0,0.05,5
133,30,11,19,17,11,0,19,0,30,7,30,30,11,0,0,22,20,78,8,0,0,0.05,5
134,30,11,19,17,11,0,19,0,30,7,30,30,11,0,0,22,20,78,8,0,0,0.05,5
135,30,11,19,17,11,0,19,0,30,7,30,30,11,0,0,22,20,80,8,2,2,0.05,5
136,30,11,19,17,11,0,19,0,30,7,30,30,11,0,0,22,20,81,8,1,1,0.05,5
137,30,11,19,17,11,0,19,0,30,7,30,30,11,0,0,22,20,81,8,0,0,0.05,5
138,30,11,19,17,11,0,19,0,30,7,30,30,11,0,0,22,20,81,8,0,0,0.05,5
139,30,11,19,17,11,0,19,0,30,7,30,30,11,0,0,22,20,81,8,0,0,0.05,5
140,30,11,19,17,11,0,19,0,30,8,30,30,11,0,0,22,20,81,8,0,0,0.05,5
141,30,11,19,17,11,0,19,0,30,8,30,30,11,0,0,22,20,81,8,0,0,0.05,5
142,30,11,19,17,11,0,19,0,30,8,30,30,11,0,0,22,20,83,8,2,2,0.05,5
143,30,11,19,17,11,0,19,0,30,8,30,30,11,0,0,22,20,84,8,1,1,0.05,5
144,30,11,19,17,11,0,19,0,30,8,30,30,11,0,0,22,20,84,8,0,0,0.05,5
145,30,11,19,17,11,0,19,0,30,8,30,30,11,0,0,22,20,84,8,0,0,0.05,5
146,30,11,19,17,11,0,19,0,30,8,30,30,11,0,0,22,20,84,8,0,0,0.05,5
147,30,11,19,17,11,0,19,0,30,8,30,30,11,0,0,22,20,84,8,0,0,0.05,5
148,30,11,19,17,11,0,19,0,30,8,30,30,11,0,0,22,20,84,8,0,0,0.05,5
149,30,11,19,17,11,0,19,0,30,8,30,30,11,0,0,22,20,86,8,2,2,0.05,5
150,30,11,19,17,11,0,19,0,30,8,30,30,11,0,0,22,20,87,8,1,1,0.05,5
151,30,11,19,17,11,0,19,0,30,8,30,30,11,0,0,22,20,87,8,0,0,0.05,5
152,30,12,18,17,12,0,19,0,30,8,30,30,12,0,1,23,21,87,8,0,0,0.05,5
153,30,12,18,17,12,0,19,0,30,8,30,30,12,0,0,23,21,87,8,0,0,0.05,5
154,30,12,18,17,12,0,19,0,30,8,30,30,12,0,0,23,21,87,8,0,0,0.05,5
155,30,12,18,17,12,0,19,0,30,8,30,30,12,0,0,23,21,87,8,0,0,0.05,5
156,29,12,17,17,12,0,19,0,30,8,30,29,12,0,0,23,21,87,8,1,0,0.05,5
157,30,12,18,17,12,0,19,0,30,8,30,30,12,0,0,23,21,89,8,1,2,0.05,5
158,30,12,18,17,12,0,19,0,30,8,30,30,12,0,0,23,21,89,8,0,0,0.05,5
159,30,12,18,17,12,0,19,0,30,8,30,30,12,0,0,23,21,89,8,0,0,0.05,5
160,30,12,18,17,12,0,19,0,30,8,30,30,12,0,0,23,21,89,8,0,0,0.05,5
161,30,12,18,17,12,0,19,0,30,8,30,30,12,0,0,23,21,89,8,0,0,0.05,5
162,30,12,18,17,12,0,19,0,30,8,30,30,12,0,0,23,21,89,8,0,0,0.05,5
163,30,11,19,17,11,0,19,0,30,8,30,30,11,0,0,23,21,90,8,1,1,0.05,5
164,29,11,18,17,11,0,19,0,30,11,30,29,11,0,0,23,21,91,8,2,1,0.05,5
165,30,11,19,17,11,0,19,0,30,11,30,30,11,0,0,23,21,92,8,0,1,0.05,5
166,30,11,19,17,11,0,19,0,30,11,30,30,11,0,0,23,21,92,8,0,0,0.05,5
167,30,11,19,17,11,0,19,0,30,11,30,30,11,0,0,23,21,92,8,0,0,0.05,5
168,30,11,19,17,11,0,19,0,30,11,30,30,11,0,0,23,21,92,8,0,0,0.05,5
169,30,11,19,17,11,0,19,0,30,11,30,30,11,0,0,23,21,92,8,0,0,0.05,5
170,30,12,18,17,12,0,19,0,30,11,30,30,12,0,1,24,22,93,8,1,1,0.05,5
171,30,12,18,17,12,0,19,0,30,11,30,30,12,0,0,24,22,93,8,0,0,0.05,5
172,30,12,18,17,12,0,19,0,30,12,30,30,12,0,0,24,22,94,8,1,1,0.05,5
173,30,12,18,17,12,0,19,0,30,12,30,30,12,0,0,24,22,94,8,0,0,0.05,5
174,30,12,18,17,12,0,19,0,30,12,30,30,12,0,0,24,22,94,8,0,0,0.05,5
175,30,12,18,17,12,0,19,0,30,13,30,30,12,0,0,24,22,94,8,0,0,0.05,5
176,30,13,17,17,13,0,19,0,30,13,30,30,13,0,1,25,23,94,8,0,0,0.05,5
177,30,13,17,17,13,0,19,0,30,14,30,30,13,0,0,25,23,94,8,0,0,0.05,5
178,30,12,18,17,12,0,19,0,30,14,30,30,12,0,0,25,23,95,8,1,1,0.05,5
179,30,12,18,17,12,0,19,0,30,14,30,30,12,0,0,25,23,96,8,1,1,0.05,5
180,30,12,18,17,12,0,19,0,30,14,30,30,12,0,0,25,23,96,8,0,0,0.05,5
181,30,12,18,17,12,0,19,1,30,14,30,30,12,0,0,25,23,96,8,0,0,0.05,5
182,30,12,18,17,12,0,19,0,30,14,30,30,12,0,0,25,23,96,8,0,0,0.05,5
183,30,12,18,17,12,0,19,0,30,14,30,30,12,0,0,25,23,96,8,0,0,0.05,5
184,30,11,19,17,11,0,19,0,30,14,30,30,11,0,0,25,23,97,8,1,1,0.05,5
185,29,11,18,17,11,0,19,0,30,14,30,29,11,0,0,25,23,97,8,1,0,0.05,5
186,30,11,19,17,11,0,19,0,30,14,30,30,11,0,0,25,23,99,8,1,2,0.05,5
187,30,12,18,17,12,0,19,0,30,14,30,30,12,0,1,26,24,99,8,0,0,0.05,5
188,30,12,18,17,12,0,19,0,30,14,30,30,12,0,0,26,24,99,8,0,0,0.05,5
189,30,12,18,17,12,0,19,0,30,14,30,30,12,0,0,26,24,99,9,0,0,0.05,5
190,30,12,18,17,12,0,19,0,30,14,30,30,12,0,0,26,24,99,9,0,0,0.05,5
191,30,12,18,16,12,0,19,0,30,15,30,30,12,0,0,26,24,100,9,1,1,0.05,5
192,30,12,18,16,12,0,19,0,30,15,30,30,12,0,0,26,24,100,9,0,0,0.05,5
193,30,12,18,16,12,0,19,0,30,15,30,30,12,0,0,26,24,102,9,2,2,0.05,5
194,30,12,18,16,12,0,19,0,30,15,30,30,12,0,0,26,24,102,9,0,0,0.05,5
195,30,12,18,16,12,0,19,0,30,15,30,30,12,0,0,26,24,102,9,0,0,0.05,5
196,30,12,18,16,12,0,19,1,30,16,30,30,12,0,0,26,24,102,9,0,0,0.05,5
197,30,12,18,16,12,0,19,0,30,16,30,30,12,0,0,26,24,102,9,0,0,0.05,5
198,29,13,16,16,13,0,19,0,30,16,30,29,13,0,1,27,25,102,9,1,0,0.05,5
199,30,13,17,16,13,0,19,0,30,16,30,30,13,0,0,27,25,103,9,0,1,0.05,5
200,30,13,17,16,13,0,19,0,30,17,30,30,13,0,0,27,25,105,9,2,2,0.05,5
201,30,13,17,16,13,0,19,0,30,18,30,30,13,0,0,27,25,105,9,0,0,0.05,5
202,30,13,17,16,13,0,19,0,30,18,30,30,13,0,0,27,25,105,9,0,0,0.05,5
203,30,13,17,16,13,0,19,0,30,19,30,30,13,0,0,27,25,105,9,0,0,0.05,5
204,30,13,17,16,13,0,19,0,30,19,30,30,13,0,0,27,25,105,9,0,0,0.05,5
205,30,13,17,16,13,0,19,0,30,19,30,30,13,0,0,27,25,105,9,0,0,0.05,5
206,30,13,17,16,13,0,19,0,30,19,30,30,13,0,0,27,25,106,9,1,1,0.05,5
207,30,13,17,16,13,0,19,0,30,19,30,30,13,0,0,27,25,108,10,2,2,0.05,5
208,30,13,17,16,13,0,19,0,30,19,30,30,13,0,0,27,25,108,10,0,0,0.05,5
209,30,14,16,16,14,0,19,0,30,19,30,30,14,0,1,28,26,108,10,0,0,0.05,5
210,30,14,16,16,14,0,19,0,30,19,30,30,14,0,0,28,26,108,10,0,0,0.05,5
211,30,14,16,16,14,0,19,2,30,19,30,30,14,0,0,28,26,108,10,0,0,0.05,5
212,30,14,16,16,14,0,19,0,30,19,30,30,14,0,0,28,26,108,10,0,0,0.05,5
213,30,14,16,16,14,0,19,0,30,19,30,30,14,0,0,28,26,109,10,1,1,0.05,5
214,30,14,16,16,14,0,19,0,30,20,30,30,14,0,0,28,26,111,10,2,2,0.05,5
215,30,14,16,16,14,0,19,0,30,20,30,30,14,0,0,28,26,111,10,0,0,0.05,5
216,30,15,15,16,15,0,19,0,30,20,30,30,15,0,1,29,27,111,10,0,0,0.05,5
217,30,15,15,16,15,0,19,0,30,20,30,30,15,0,0,29,27,111,10,0,0,0.05,5
218,30,15,15,16,15,0,19,0,30,21,30,30,15,0,0,29,27,111,10,0,0,0.05,5
219,30,16,14,16,16,0,19,0,30,21,30,30,16,0,1,30,28,111,10,0,0,0.05,5
220,30,17,13,16,17,0,19,0,30,1,30,30,17,0,1,31,29,112,10,1,1,0.05,5
221,30,17,13,16,17,0,19,0,30,1,30,30,17,0,0,31,29,113,10,1,1,0.05,5
222,30,17,13,16,17,0,19,0,30,1,30,30,17,0,0,31,29,113,10,0,0,0.05,5
223,30,17,13,16,17,0,19,0,30,1,30,30,17,0,0,31,29,113,10,0,0,0.05,5
224,30,17,13,16,17,0,19,0,30,1,30,30,17,0,0,31,29,113,11,0,0,0.05,5
225,30,17,13,16,17,0,19,0,30,2,30,30,17,0,0,31,29,113,12,0,0,0.05,5
226,30,17,13,16,17,0,19,0,30,2,30,30,17,0,0,31,29,113,12,0,0,0.05,5
227,30,17,13,16,17,0,19,0,30,3,30,30,17,0,0,31,29,114,12,1,1,0.05,5
228,30,17,13,17,17,0,19,0,30,4,30,30,17,0,1,32,30,115,12,1,1,0.05,5
229,30,17,13,17,17,0,19,0,30,5,30,30,17,0,0,32,30,115,12,0,0,0.05,5
230,30,17,13,17,17,0,19,0,30,6,30,30,17,0,0,32,30,115,12,0,0,0.05,5
231,30,17,13,17,17,0,19,0,30,6,30,30,17,0,0,32,30,115,12,0,0,0.05,5
232,30,17,13,17,17,0,19,0,30,6,30,30,17,0,0,32,30,115,12,0,0,0.05,5
233,30,17,13,17,17,0,19,0,30,6,30,30,17,0,0,32,30,115,12,0,0,0.05,5
234,30,17,13,17,17,0,19,0,30,6,30,30,17,0,0,32,30,116,12,1,1,0.05,5
235,29,16,13,17,16,0,19,0,30,6,30,29,16,0,0,32,30,117,12,2,1,0.05,5
236,30,17,13,17,17,0,19,0,30,6,30,30,17,0,1,33,31,118,12,0,1,0.05,5
237,30,17,13,17,17,0,19,0,30,6,30,30,17,0,0,33,31,118,12,0,0,0.05,5
238,30,17,13,17,17,0,19,0,30,6,30,30,17,0,0,33,31,118,12,0,0,0.05,5
239,30,17,13,17,17,0,19,0,30,6,30,30,17,0,0,33,31,118,12,0,0,0.05,5
240,30,17,13,17,17,0,19,0,30,6,30,30,17,0,0,33,31,118,12,0,0,0.05,5
241,29,17,12,17,17,0,19,0,30,7,30,29,17,0,0,33,31,118,12,1,0,0.05,5
242,29,18,11,16,18,1,19,0,30,7,30,29,18,0,0,34,31,119,13,1,1,0.05,5
243,30,19,11,16,19,2,19,0,30,7,30,30,19,0,0,35,31,120,13,0,1,0.05,5
244,30,19,11,16,19,2,19,1,30,7,30,30,19,0,0,35,31,120,13,0,0,0.05,5
245,30,19,11,16,19,2,19,0,30,8,30,30,19,0,0,35,31,120,13,0,0,0.05,5
246,30,19,11,16,19,2,19,0,30,8,30,30,19,0,0,35,31,120,13,0,0,0.05,5
247,30,19,11,16,19,2,19,0,30,8,30,30,19,0,0,35,31,120,13,0,0,0.05,5
248,30,19,11,16,19,2,19,1,30,8,30,30,19,0,0,35,31,120,13,0,0,0.05,5
249,30,18,12,16,18,1,19,0,30,8,30,30,18,0,0,35,31,121,13,1,1,0.05,5
250,30,16,14,17,16,0,19,0,30,8,30,30,16,0,0,35,31,123,13,2,2,0.05,5
251,30,16,14,17,16,0,19,0,30,9,30,30,16,0,0,35,31,123,13,0,0,0.05,5
252,30,16,14,17,16,0,19,0,30,9,30,30,16,0,0,35,31,123,13,0,0,0.05,5
253,30,16,14,17,16,0,19,0,30,9,30,30,16,0,0,35,31,123,13,0,0,0.05,5
254,30,16,14,17,16,0,19,0,30,10,30,30,16,0,0,35,31,123,13,0,0,0.05,5
255,30,16,14,17,16,0,19,0,30,10,30,30,16,0,0,35,31,123,13,0,0,0.05,5
256,30,16,14,17,16,0,19,0,30,10,30,30,16,0,0,35,31,124,13,1,1,0.05,5
257,30,16,14,17,16,0,19,0,30,10,30,30,16,0,0,35,31,126,13,2,2,0.05,5
258,30,16,14,17,16,0,19,0,30,10,30,30,16,0,0,35,31,126,13,0,0,0.05,5
259,30,16,14,17,16,0,19,0,30,10,30,30,16,0,0,35,31,126,13,0,0,0.05,5
260,30,16,14,17,16,0,19,0,30,10,30,30,16,0,0,35,31,126,13,0,0,0.05,5
261,30,16,14,17,16,0,19,0,30,10,30,30,16,0,0,35,31,126,13,0,0,0.05,5
262,30,16,14,17,16,0,19,0,30,10,30,30,16,0,0,35,31,126,13,0,0,0.05,5
263,30,16,14,17,16,0,19,0,30,10,30,30,16,0,0,35,31,127,13,1,1,0.05,5
264,30,16,14,17,16,0,19,0,30,10,30,30,16,0,0,35,31,129,13,2,2,0.05,5
265,30,16,14,17,16,0,19,0,30,10,30,30,16,0,0,35,31,129,13,0,0,0.05,5
266,30,16,14,17,16,0,19,0,30,10,30,30,16,0,0,35,31,129,13,0,0,0.05,5
267,30,16,14,17,16,0,19,0,30,10,30,30,16,0,0,35,31,129,13,0,0,0.05,5
268,30,16,14,17,16,0,19,0,30,10,30,30,16,0,0,35,31,129,13,0,0,0.05,5
269,30,16,14,17,16,0,19,0,30,10,30,30,16,0,0,35,31,129,13,0,0,0.05,5
270,30,16,14,17,16,0,19,0,30,10,30,30,16,0,0,35,31,130,13,1,1,0.05,5
271,30,16,14,17,16,0,19,0,30,10,30,30,16,0,0,35,31,132,13,2,2,0.05,5
272,30,16,14,17,16,0,19,0,30,10,30,30,16,0,0,35,31,132,13,0,0,0.05,5
273,30,16,14,17,16,0,19,0,30,10,30,30,16,0,0,35,31,132,13,0,0,0.05,5
274,30,16,14,17,16,0,19,0,30,10,30,30,16,0,0,35,31,132,13,0,0,0.05,5
275,30,16,14,17,16,0,19,1,30,10,30,30,16,0,0,35,31,132,13,0,0,0.05,5
276,30,16,14,17,16,0,19,0,30,10,30,30,16,0,0,35,31,132,13,0,0,0.05,5
277,30,16,14,17,16,0,19,0,30,10,30,30,16,0,0,35,31,133,13,1,1,0.05,5
278,30,17,13,17,17,0,19,0,30,10,30,30,17,0,1,36,32,134,13,1,1,0.05,5
279,30,17,13,17,17,0,19,0,30,10,30,30,17,0,0,36,32,134,13,0,0,0.05,5
280,30,17,13,17,17,0,19,0,30,10,30,30,17,0,0,36,32,134,14,0,0,0.05,5
281,30,17,13,17,17,0,19,0,30,10,30,30,17,0,0,36,32,134,14,0,0,0.05,5
282,30,17,13,17,17,0,19,1,30,10,30,30,17,0,0,36,32,134,14,0,0,0.05,5
283,30,17,13,17,17,0,19,0,30,10,30,30,17,0,0,36,32,134,14,0,0,0.05,5
284,30,17,13,17,17,0,19,0,30,11,30,30,17,0,0,36,32,135,14,1,1,0.05,5
285,29,16,13,16,16,0,19,0,30,11,30,29,16,1,0,36,32,136,14,2,1,0.05,5
286,30,16,14,17,16,0,19,0,30,11,30,30,16,0,0,36,32,137,14,0,1,0.05,5
287,30,17,13,17,17,0,19,0,30,11,30,30,17,0,1,37,33,137,14,0,0,0.05,5
288,30,17,13,17,17,0,19,0,30,11,30,30,17,0,0,37,33,137,14,0,0,0.05,5
289,30,17,13,17,17,0,19,0,30,11,30,30,17,0,0,37,33,137,14,0,0,0.05,5
290,30,17,13,17,17,0,19,0,30,12,30,30,17,0,0,37,33,137,14,0,0,0.05,5
291,30,17,13,17,17,0,19,0,30,12,30,30,17,0,0,37,33,138,14,1,1,0.05,5
292,30,17,13,17,17,0,19,0,30,12,30,30,17,0,0,37,33,138,15,0,0,0.05,5
293,30,17,13,16,17,0,19,0,30,12,30,30,17,0,0,37,33,139,15,1,1,0.05,5
294,30,17,13,16,17,0,19,0,30,12,30,30,17,0,0,37,33,139,15,0,0,0.05,5
295,30,17,13,16,17,0,19,0,30,13,30,30,17,0,0,37,33,139,15,0,0,0.05,5
296,30,17,13,16,17,0,19,0,30,14,30,30,17,0,0,37,33,139,15,0,0,0.05,5
297,30,17,13,16,17,0,19,0,30,14,30,30,17,0,0,37,33,139,15,0,0,0.05,5
298,29,17,12,16,17,0,19,0,30,14,30,29,17,0,0,37,33,139,15,1,0,0.05,5
299,30,17,13,17,17,0,19,0,30,14,30,30,17,0,1,38,34,141,15,1,2,0.05,5
300,30,17,13,17,17,0,19,0,30,14,30,30,17,0,0,38,34,142,15,1,1,0.05,5
301,30,19,11,17,19,0,19,0,30,15,30,30,19,0,2,40,36,142,15,0,0,0.05,5
302,30,19,11,17,19,0,19,0,30,15,30,30,19,0,0,40,36,142,15,0,0,0.05,5
303,30,19,11,17,19,0,19,0,30,15,30,30,19,0,0,40,36,142,15,0,0,0.05,5
304,30,19,11,17,19,0,19,0,30,15,30,30,19,0,0,40,36,142,15,0,0,0.05,5
305,30,19,11,17,19,0,19,0,30,15,30,30,19,0,0,40,36,142,15,0,0,0.05,5
306,29,20,9,16,20,1,19,0,30,15,30,29,20,1,0,41,36,143,15,2,1,0.05,5
307,30,21,9,17,21,2,19,0,30,15,30,30,21,0,0,42,36,144,15,0,1,0.05,5
308,30,21,9,17,21,2,19,0,30,15,30,30,21,0,0,42,36,144,15,0,0,0.05,5
309,30,21,9,17,21,2,19,0,30,15,30,30,21,0,0,42,36,144,16,0,0,0.05,5
310,30,21,9,17,21,2,19,0,30,15,30,30,21,0,0,42,36,144,16,0,0,0.05,5
311,30,21,9,17,21,2,19,0,30,15,30,30,21,0,0,42,36,144,16,0,0,0.05,5
312,30,21,9,17,21,2,19,0,30,15,30,30,21,0,0,42,36,144,16,0,0,0.05,5
313,30,21,9,17,21,1,19,0,30,15,30,30,21,0,1,43,37,145,16,1,1,0.05,5
314,30,19,11,18,19,0,19,0,30,15,30,30,19,0,0,43,37,147,16,2,2,0.05,5
315,30,20,10,18,20,0,19,0,30,15,30,30,20,0,1,44,38,147,16,0,0,0.05,5
316,30,20,10,18,20,0,19,0,30,15,30,30,20,0,0,44,38,147,16,0,0,0.05,5
317,30,20,10,18,20,0,19,0,30,15,30,30,20,0,0,44,38,147,16,0,0,0.05,5
318,30,20,10,18,20,0,19,0,30,16,30,30,20,0,0,44,38,147,16,0,0,0.05,5
319,30,20,10,18,20,0,19,0,30,16,30,30,20,0,0,44,38,147,16,0,0,0.05,5
320,30,20,10,18,20,0,19,0,30,17,30,30,20,0,0,44,38,148,16,1,1,0.05,5
321,30,20,10,18,20,0,19,0,30,17,30,30,20,0,0,44,38,150,16,2,2,0.05,5
322,30,21,9,18,21,0,19,0,30,18,30,30,21,0,1,45,39,150,16,0,0,0.05,5
323,30,21,9,18,21,0,19,0,30,18,30,30,21,0,0,45,39,150,16,0,0,0.05,5
324,30,21,9,18,21,0,19,0,30,18,30,30,21,0,0,45,39,150,16,0,0,0.05,5
325,30,21,9,18,21,0,19,0,30,18,30,30,21,0,0,45,39,150,16,0,0,0.05,5
326,30,21,9,18,21,0,19,1,30,18,30,30,21,0,0,45,39,150,16,0,0,0.05,5
327,30,21,9,18,21,0,19,1,30,18,30,30,21,0,0,45,39,151,16,1,1,0.05,5
328,30,21,9,18,21,0,19,0,30,18,30,30,21,0,0,45,39,153,16,2,2,0.05,5
329,30,21,9,18,21,0,19,0,30,18,30,30,21,0,0,45,39,153,16,0,0,0.05,5
330,30,21,9,18,21,0,19,0,30,18,30,30,21,0,0,45,39,153,16,0,0,0.05,5
331,30,21,9,18,21,0,19,1,30,18,30,30,21,0,0,45,39,153,16,0,0,0.05,5
332,30,21,9,18,21,0,19,0,30,18,30,30,21,0,0,45,39,153,16,0,0,0.05,5
333,30,21,9,18,21,0,19,0,30,18,30,30,21,0,0,45,39,153,16,0,0,0.05,5
334,30,21,9,18,21,0,19,0,30,18,30,30,21,0,0,45,39,154,16,1,1,0.05,5
335,30,21,9,18,21,0,19,0,30,18,30,30,21,0,0,45,39,156,16,2,2,0.05,5
336,30,22,8,18,22,0,19,0,30,18,30,30,22,0,1,46,40,156,16,0,0,0.05,5
337,30,22,8,18,22,0,19,0,30,18,30,30,22,0,0,46,40,156,16,0,0,0.05,5
338,30,22,8,18,22,0,19,0,30,18,30,30,22,0,0,46,40,156,16,0,0,0.05,5
339,30,22,8,18,22,0,19,0,30,18,30,30,22,0,0,46,40,156,16,0,0,0.05,5
340,30,22,8,18,22,0,19,0,30,18,30,30,22,0,0,46,40,156,16,0,0,0.05,5
341,30,22,8,18,22,0,19,0,30,18,30,30,22,0,0,46,40,157,16,1,1,0.05,5
342,30,22,8,17,22,0,19,0,30,18,30,30,22,0,0,46,40,159,17,2,2,0.05,5
343,30,22,8,17,22,0,19,0,30,18,30,30,22,0,0,46,40,159,17,0,0,0.05,5
344,30,23,7,17,23,0,19,0,30,19,30,30,23,0,1,47,41,159,17,0,0,0.05,5
345,30,23,7,17,23,0,19,0,30,19,30,30,23,0,0,47,41,159,17,0,0,0.05,5
346,30,24,6,17,24,0,19,0,30,19,30,30,24,0,1,48,42,159,17,0,0,0.05,5
347,30,24,6,17,24,0,19,0,30,20,30,30,24,0,0,48,42,159,17,0,0,0.05,5
348,29,24,5,17,24,0,19,0,30,20,30,29,24,0,0,48,42,159,17,1,0,0.05,5
349,30,24,6,17,24,0,19,0,30,20,30,30,24,0,0,48,42,161,17,1,2,0.05,5
350,30,24,6,17,24,0,19,0,30,21,30,30,24,0,0,48,42,161,17,0,0,0.05,5
351,30,24,6,17,24,0,19,0,30,21,30,30,24,0,0,48,42,161,17,0,0,0.05,5
352,30,24,6,17,24,0,19,0,30,21,30,30,24,0,0,48,42,161,18,0,0,0.05,5
353,30,24,6,17,24,0,19,0,30,21,30,30,24,0,0,48,42,161,18,0,0,0.05,5
354,30,24,6,17,24,0,19,0,30,21,30,30,24,0,0,48,42,161,18,0,0,0.05,5
355,30,25,5,17,25,0,19,0,30,21,30,30,25,0,1,49,43,161,18,0,0,0.05,5
356,28,24,4,16,24,0,19,0,30,21,30,28,24,1,0,49,43,162,18,3,1,0.05,5
357,30,24,6,17,24,0,19,0,30,21,30,30,24,0,0,49,43,164,18,0,2,0.05,5
358,30,24,6,17,24,0,19,0,30,21,30,30,24,0,0,49,43,164,18,0,0,0.05,5
359,30,24,6,17,24,0,19,1,30,21,30,30,24,0,0,49,43,164,18,0,0,0.05,5
360,30,24,6,17,24,0,19,1,30,21,30,30,24,0,0,49,43,164,18,0,0,0.05,5
361,30,24,6,17,24,0,19,0,30,21,30,30,24,0,0,49,43,164,18,0,0,0.05,5
362,30,24,6,17,24,0,19,0,30,21,30,30,24,0,0,49,43,164,18,0,0,0.05,5
363,30,24,6,17,24,0,19,0,30,21,30,30,24,0,0,49,43,165,18,1,1,0.05,5
364,30,24,6,17,24,0,19,0,30,21,30,30,24,0,0,49,43,167,19,2,2,0.05,5
365,30,24,6,17,24,0,19,0,30,21,30,30,24,0,0,49,43,167,19,0,0,0.05,5
366,30,24,6,17,24,0,19,0,30,21,30,30,24,0,0,49,43,167,19,0,0,0.05,5
367,30,24,6,17,24,0,19,0,30,21,30,30,24,0,0,49,43,167,19,0,0,0.05,5
368,30,24,6,17,24,0,19,0,30,22,30,30,24,0,0,49,43,167,19,0,0,0.05,5
369,30,24,6,17,24,0,19,0,30,22,30,30,24,0,0,49,43,167,19,0,0,0.05,5
370,30,25,5,17,25,0,19,0,30,24,30,30,25,0,1,50,44,168,19,1,1,0.05,5
371,30,25,5,16,25,0,19,0,30,24,30,30,25,0,0,50,44,169,19,1,1,0.05,5
372,30,26,4,16,26,0,19,0,30,24,30,30,26,0,1,51,45,169,19,0,0,0.05,5
373,30,26,4,16,26,0,19,0,30,24,30,30,26,0,0,51,45,169,20,0,0,0.05,5
374,30,26,4,16,26,0,19,1,30,24,30,30,26,0,0,51,45,169,20,0,0,0.05,5
375,30,26,4,16,26,0,19,0,30,26,30,30,26,0,0,51,45,169,20,0,0,0.05,5
376,30,26,4,16,26,0,19,1,30,26,30,30,26,0,0,51,45,169,20,0,0,0.05,5
377,30,27,3,16,27,0,19,0,30,26,30,30,27,0,1,52,46,170,20,1,1,0.05,5
378,30,26,4,16,26,0,19,0,30,26,30,30,26,0,0,52,46,171,20,1,1,0.05,5
379,30,26,4,16,26,0,19,0,30,27,30,30,26,0,0,52,46,171,20,0,0,0.05,5
380,30,26,4,16,26,0,19,0,30,28,30,30,26,0,0,52,46,171,20,0,0,0.05,5
381,30,26,4,16,26,0,19,0,30,28,30,30,26,0,0,52,46,171,20,0,0,0.05,5
382,30,27,3,16,27,0,19,0,30,28,30,30,27,0,1,53,47,171,20,0,0,0.05,5
383,30,27,3,16,27,0,19,0,30,28,30,30,27,0,0,53,47,171,20,0,0,0.05,5
384,29,27,2,16,27,0,19,0,30,28,30,29,27,0,0,53,47,171,20,1,0,0.05,5
385,30,26,4,16,26,0,19,1,30,28,30,30,26,0,0,53,47,174,20,2,3,0.05,5
386,30,26,4,16,26,0,19,0,30,28,30,30,26,0,0,53,47,174,20,0,0,0.05,5
387,30,26,4,16,26,0,19,0,30,28,30,30,26,0,0,53,47,174,20,0,0,0.05,5
388,30,26,4,16,26,0,19,0,30,28,30,30,26,0,0,53,47,174,20,0,0,0.05,5
389,30,26,4,16,26,0,19,0,30,28,30,30,26,0,0,53,47,174,20,0,0,0.05,5
390,30,26,4,16,26,0,19,0,30,28,30,30,26,0,0,53,47,174,20,0,0,0.05,5
391,30,26,4,16,26,0,19,0,30,28,30,30,26,0,0,53,47,174,20,0,0,0.05,5
392,30,26,4,16,26,0,19,0,30,28,30,30,26,0,0,53,47,177,20,3,3,0.05,5
393,30,26,4,16,26,0,19,0,30,28,30,30,26,0,0,53,47,177,20,0,0,0.05,5
394,30,26,4,16,26,0,19,0,30,28,30,30,26,0,0,53,47,177,20,0,0,0.05,5
395,30,26,4,16,26,0,19,0,30,28,30,30,26,0,0,53,47,177,20,0,0,0.05,5
396,30,26,4,16,26,0,19,0,30,28,30,30,26,0,0,53,47,177,20,0,0,0.05,5
397,30,26,4,16,26,0,19,0,30,28,30,30,26,0,0,53,47,177,20,0,0,0.05,5
398,30,27,3,16,27,0,19,0,30,28,30,30,27,0,1,54,48,177,20,0,0,0.05,5
399,30,27,3,16,27,0,19,0,30,28,30,30,27,0,0,54,48,179,20,2,2,0.05,5
400,30,27,3,16,27,0,19,0,30,4,30,30,27,0,0,54,48,179,20,0,0,0.05,5
401,30,27,3,16,27,0,19,0,30,4,30,30,27,0,0,54,48,179,20,0,0,0.05,5
402,30,27,3,16,27,0,19,0,30,5,30,30,27,0,0,54,48,179,20,0,0,0.05,5
403,30,27,3,16,27,0,19,0,30,6,30,30,27,0,0,54,48,179,20,0,0,0.05,5
404,30,27,3,16,27,0,19,0,30,6,30,30,27,0,0,54,48,179,20,0,0,0.05,5
405,30,27,3,16,27,0,19,0,30,6,30,30,27,0,0,54,48,179,20,0,0,0.05,5
406,30,26,4,16,26,0,19,0,30,6,30,30,26,0,0,54,48,182,20,3,3,0.05,5
407,30,26,4,16,26,0,19,0,30,7,30,30,26,0,0,54,48,182,20,0,0,0.05,5
408,30,26,4,16,26,0,19,0,30,7,30,30,26,0,0,54,48,182,20,0,0,0.05,5
409,30,26,4,16,26,0,19,0,30,7,30,30,26,0,0,54,48,182,20,0,0,0.05,5
410,30,26,4,16,26,0,19,0,30,7,30,30,26,0,0,54,48,182,20,0,0,0.05,5
411,30,27,3,16,27,0,19,0,30,7,30,30,27,0,1,55,49,182,20,0,0,0.05,5
412,30,27,3,16,27,0,19,0,30,7,30,30,27,0,0,55,49,182,20,0,0,0.05,5
413,30,27,3,16,27,0,19,0,30,7,30,30,27,0,0,55,49,185,20,3,3,0.05,5
414,30,27,3,16,27,0,19,0,30,8,30,30,27,0,0,55,49,185,20,0,0,0.05,5
415,30,27,3,16,27,0,19,0,30,8,30,30,27,0,0,55,49,185,20,0,0,0.05,5
416,30,27,3,16,27,0,19,0,30,8,30,30,27,0,0,55,49,185,20,0,0,0.05,5
417,30,27,3,16,27,0,19,0,30,8,30,30,27,0,0,55,49,185,20,0,0,0.05,5
418,30,27,3,16,27,0,19,0,30,8,30,30,27,0,0,55,49,185,20,0,0,0.05,5
419,30,27,3,16,27,0,19,0,30,8,30,30,27,0,0,55,49,185,20,0,0,0.05,5
420,30,27,3,16,27,0,19,0,30,8,30,30,27,0,0,55,49,188,20,3,3,0.05,5
421,30,27,3,16,27,0,19,0,30,8,30,30,27,0,0,55,49,188,20,0,0,0.05,5
422,30,27,3,16,27,0,19,0,30,8,30,30,27,0,0,55,49,188,20,0,0,0.05,5
423,30,27,3,16,27,0,19,0,30,8,30,30,27,0,0,55,49,188,20,0,0,0.05,5
424,30,27,3,16,27,0,19,0,30,8,30,30,27,0,0,55,49,188,20,0,0,0.05,5
425,30,27,3,16,27,0,19,0,30,8,30,30,27,0,0,55,49,188,20,0,0,0.05,5
426,30,27,3,16,27,0,19,0,30,8,30,30,27,0,0,55,49,188,20,0,0,0.05,5
427,30,27,3,16,27,0,19,0,30,9,30,30,27,0,0,55,49,191,20,3,3,0.05,5
428,30,27,3,16,27,0,19,0,30,10,30,30,27,0,0,55,49,191,20,0,0,0.05,5
429,30,27,3,16,27,0,19,0,30,10,30,30,27,0,0,55,49,191,20,0,0,0.05,5
430,30,27,3,16,27,0,19,0,30,10,30,30,27,0,0,55,49,191,20,0,0,0.05,5
431,30,27,3,16,27,0,19,0,30,10,30,30,27,0,0,55,49,191,20,0,0,0.05,5
432,30,27,3,16,27,0,19,0,30,10,30,30,27,0,0,55,49,191,20,0,0,0.05,5
433,30,27,3,16,27,0,19,0,30,10,30,30,27,0,0,55,49,191,20,0,0,0.05,5
434,29,27,2,16,27,0,19,0,30,10,30,29,27,0,0,55,49,193,20,3,2,0.05,5
435,30,27,3,16,27,0,19,0,30,10,30,30,27,0,0,55,49,194,20,0,1,0.05,5
436,30,27,3,16,27,0,19,0,30,11,30,30,27,0,0,55,49,194,20,0,0,0.05,5
437,30,27,3,16,27,0,19,0,30,11,30,30,27,0,0,55,49,194,20,0,0,0.05,5
438,30,27,3,16,27,0,19,0,30,11,30,30,27,0,0,55,49,194,20,0,0,0.05,5
439,30,27,3,16,27,0,19,0,30,11,30,30,27,0,0,55,49,194,20,0,0,0.05,5
440,30,27,3,16,27,0,19,0,30,11,30,30,27,0,0,55,49,194,20,0,0,0.05,5
441,29,27,2,16,27,0,19,0,30,11,30,29,27,0,0,55,49,195,20,2,1,0.05,5
442,30,27,3,16,27,0,19,0,30,13,30,30,27,0,0,55,49,197,20,1,2,0.05,5
443,30,27,3,16,27,0,19,0,30,13,30,30,27,0,0,55,49,197,20,0,0,0.05,5
444,30,27,3,16,27,0,19,0,30,14,30,30,27,0,0,55,49,197,20,0,0,0.05,5
445,30,27,3,16,27,0,19,0,30,14,30,30,27,0,0,55,49,197,20,0,0,0.05,5
446,30,27,3,16,27,0,19,0,30,14,30,30,27,0,0,55,49,197,20,0,0,0.05,5
447,30,27,3,16,27,0,19,1,30,14,30,30,27,0,0,55,49,197,20,0,0,0.05,5
448,30,27,3,16,27,0,19,0,30,14,30,30,27,0,0,55,49,198,20,1,1,0.05,5
449,30,28,2,16,28,0,19,0,30,15,30,30,28,0,1,56,50,200,20,2,2,0.05,5
450,30,28,2,16,28,0,19,0,30,16,30,30,28,0,0,56,50,200,20,0,0,0.05,5
451,30,28,2,16,28,0,19,0,30,16,30,30,28,0,0,56,50,200,20,0,0,0.05,5
452,30,28,2,16,28,0,19,0,30,16,30,30,28,0,0,56,50,200,20,0,0,0.05,5
453,30,28,2,16,28,0,19,0,30,16,30,30,28,0,0,56,50,200,20,0,0,0.05,5
454,30,28,2,16,28,0,19,0,30,17,30,30,28,0,0,56,50,200,20,0,0,0.05,5
455,30,28,2,16,28,0,19,0,30,17,30,30,28,0,0,56,50,200,20,0,0,0.05,5
456,30,28,2,16,28,0,19,0,30,17,30,30,28,0,0,56,50,202,20,2,2,0.05,5
457,30,28,2,16,28,0,19,0,30,17,30,30,28,0,0,56,50,202,20,0,0,0.05,5
458,30,28,2,16,28,0,19,1,30,18,30,30,28,0,0,56,50,202,20,0,0,0.05,5
459,30,28,2,16,28,0,19,0,30,19,30,30,28,0,0,56,50,202,20,0,0,0.05,5
460,30,28,2,16,28,0,19,0,30,19,30,30,28,0,0,56,50,202,20,0,0,0.05,5
461,30,28,2,16,28,0,19,0,30,21,30,30,28,0,0,56,50,202,20,0,0,0.05,5
462,30,27,3,16,27,0,19,0,30,21,30,30,27,0,0,56,50,203,20,1,1,0.05,5
463,30,27,3,16,27,0,19,0,30,21,30,30,27,0,0,56,50,205,20,2,2,0.05,5
464,30,27,3,16,27,0,19,0,30,21,30,30,27,0,0,56,50,205,20,0,0,0.05,5
465,30,27,3,16,27,0,19,0,30,21,30,30,27,0,0,56,50,205,20,0,0,0.05,5
466,30,27,3,16,27,0,19,0,30,21,30,30,27,0,0,56,50,205,20,0,0,0.05,5
467,30,27,3,16,27,0,19,0,30,21,30,30,27,0,0,56,50,205,20,0,0,0.05,5
468,30,27,3,16,27,0,19,0,30,22,30,30,27,0,0,56,50,205,20,0,0,0.05,5
469,30,27,3,16,27,0,19,0,30,22,30,30,27,0,0,56,50,206,20,1,1,0.05,5
470,30,27,3,16,27,0,19,0,30,23,30,30,27,0,0,56,50,208,20,2,2,0.05,5
471,30,28,2,16,28,0,19,0,30,23,30,30,28,0,1,57,51,208,20,0,0,0.05,5
472,30,28,2,16,28,0,19,0,30,23,30,30,28,0,0,57,51,208,20,0,0,0.05,5
473,30,28,2,16,28,0,19,0,30,23,30,30,28,0,0,57,51,208,20,0,0,0.05,5
474,30,28,2,16,28,0,19,0,30,24,30,30,28,0,0,57,51,208,20,0,0,0.05,5
475,30,28,2,16,28,0,19,0,30,24,30,30,28,0,0,57,51,208,20,0,0,0.05,5
476,30,28,2,16,28,0,19,0,30,24,30,30,28,0,0,57,51,208,20,0,0,0.05,5
477,30,28,2,16,28,0,19,0,30,24,30,30,28,0,0,57,51,210,20,2,2,0.05,5
478,30,28,2,16,28,0,19,0,30,24,30,30,28,0,0,57,51,210,20,0,0,0.05,5
479,30,28,2,16,28,0,19,0,30,24,30,30,28,0,0,57,51,210,20,0,0,0.05,5
480,30,28,2,16,28,0,19,0,30,24,30,30,28,0,0,57,51,210,20,0,0,0.05,5
481,30,28,2,16,28,0,19,0,30,24,30,30,28,0,0,57,51,210,20,0,0,0.05,5
482,30,28,2,16,28,0,19,1,30,24,30,30,28,0,0,57,51,210,20,0,0,0.05,5
483,30,28,2,16,28,1,19,0,30,24,30,30,28,0,0,58,51,211,20,1,1,0.05,5
484,29,28,1,16,28,1,19,0,30,24,30,29,28,0,0,58,51,212,20,2,1,0.05,5
485,30,28,2,16,28,1,19,0,30,24,30,30,28,0,0,58,51,213,20,0,1,0.05,5
486,30,28,2,16,28,1,19,0,30,24,30,30,28,0,0,58,51,213,20,0,0,0.05,5
487,30,28,2,16,28,1,19,0,30,24,30,30,28,0,0,58,51,213,20,0,0,0.05,5
488,30,28,2,16,28,1,19,0,30,24,30,30,28,0,0,58,51,213,20,0,0,0.05,5
489,30,28,2,16,28,1,19,0,30,24,30,30,28,0,0,58,51,213,20,0,0,0.05,5
490,30,28,2,16,28,0,19,0,30,24,30,30,28,0,1,59,52,214,20,1,1,0.05,5
491,30,29,1,16,29,0,19,0,30,24,30,30,29,0,1,60,53,214,20,0,0,0.05,5
492,30,29,1,16,29,0,19,0,30,24,30,30,29,0,0,60,53,214,20,0,0,0.05,5
493,30,30,0,16,30,0,19,0,30,24,30,30,30,0,1,61,54,214,20,0,0,0.05,5
494,30,30,0,16,30,0,19,0,30,25,30,30,30,0,0,61,54,214,20,0,0,0.05,5
495,30,30,0,16,30,0,19,1,30,25,30,30,30,0,0,61,54,214,20,0,0,0.05,5
496,30,30,0,16,30,0,19,0,30,25,30,30,30,0,0,61,54,214,20,0,0,0.05,5
497,30,30,0,16,30,0,19,0,30,25,30,30,30,0,0,61,54,214,20,0,0,0.05,5
498,30,29,1,16,29,0,19,0,30,25,30,30,29,0,0,61,54,215,20,1,1,0.05,5
499,30,28,2,16,28,0,19,0,30,25,30,30,28,0,0,61,54,216,20,1,1,0.05,5
500,30,28,2,16,28,0,19,0,30,25,30,30,28,0,0,61,54,216,20,0,0,0.05,5
501,30,28,2,16,28,0,19,0,30,25,30,30,28,0,0,61,54,216,20,0,0,0.05,5
502,30,28,2,16,28,0,19,0,30,25,30,30,28,0,0,61,54,216,20,0,0,0.05,5
503,30,28,2,16,28,0,19,0,30,25,30,30,28,0,0,61,54,216,20,0,0,0.05,5
504,30,27,3,16,27,0,19,0,30,25,30,30,27,0,0,61,54,217,20,1,1,0.05,5
505,29,27,2,16,27,0,19,0,30,25,30,29,27,0,0,61,54,217,20,1,0,0.05,5
506,30,27,3,16,27,0,19,0,30,25,30,30,27,0,0,61,54,219,20,1,2,0.05,5
507,30,27,3,16,27,0,19,0,30,25,30,30,27,0,0,61,54,219,20,0,0,0.05,5
508,30,27,3,16,27,0,19,0,30,25,30,30,27,0,0,61,54,219,20,0,0,0.05,5
509,30,27,3,16,27,0,19,0,30,25,30,30,27,0,0,61,54,219,20,0,0,0.05,5
510,30,27,3,16,27,0,19,0,30,26,30,30,27,0,0,61,54,219,20,0,0,0.05,5
511,29,27,2,16,27,0,19,0,30,27,30,29,27,0,0,61,54,219,20,1,0,0.05,5
512,30,27,3,16,27,0,19,0,30,27,30,30,27,0,0,61,54,220,20,0,1,0.05,5
513,30,27,3,16,27,0,19,0,30,27,30,30,27,0,0,61,54,222,20,2,2,0.05,5
514,30,28,2,16,28,0,19,0,30,27,30,30,28,0,1,62,55,222,20,0,0,0.05,5
515,30,28,2,16,28,0,19,0,30,27,30,30,28,0,0,62,55,222,20,0,0,0.05,5
516,30,28,2,16,28,0,19,0,30,27,30,30,28,0,0,62,55,222,20,0,0,0.05,5
517,30,28,2,16,28,0,19,0,30,27,30,30,28,0,0,62,55,222,20,0,0,0.05,5
518,30,28,2,16,28,0,19,0,30,27,30,30,28,0,0,62,55,222,20,0,0,0.05,5
519,30,28,2,16,28,0,19,0,30,27,30,30,28,0,0,62,55,222,20,0,0,0.05,5
520,30,28,2,16,28,0,19,0,30,27,30,30,28,0,0,62,55,224,20,2,2,0.05,5
521,30,28,2,16,28,0,19,0,30,27,30,30,28,0,0,62,55,224,20,0,0,0.05,5
522,30,28,2,16,28,0,19,0,30,27,30,30,28,0,0,62,55,224,20,0,0,0.05,5
523,30,28,2,16,28,0,19,0,30,27,30,30,28,0,0,62,55,224,20,0,0,0.05,5
524,30,28,2,16,28,0,19,0,30,27,30,30,28,0,0,62,55,224,20,0,0,0.05,5
525,30,28,2,16,28,0,19,0,30,27,30,30,28,0,0,62,55,224,20,0,0,0.05,5
526,30,27,3,16,27,0,19,0,30,28,30,30,27,0,0,62,55,225,20,1,1,0.05,5
527,30,27,3,16,27,0,19,0,30,28,30,30,27,0,0,62,55,227,20,2,2,0.05,5
528,30,27,3,16,27,0,19,0,30,28,30,30,27,0,0,62,55,227,20,0,0,0.05,5
529,30,27,3,16,27,0,19,0,30,28,30,30,27,0,0,62,55,227,20,0,0,0.05,5
530,30,27,3,16,27,0,19,1,30,28,30,30,27,0,0,62,55,227,20,0,0,0.05,5
531,30,27,3,16,27,0,19,0,30,28,30,30,27,0,0,62,55,227,20,0,0,0.05,5
532,30,27,3,16,27,0,19,0,30,28,30,30,27,0,0,62,55,227,20,0,0,0.05,5
533,30,27,3,16,27,0,19,0,30,28,30,30,27,0,0,62,55,228,20,1,1,0.05,5
534,30,27,3,16,27,0,19,0,30,28,30,30,27,0,0,62,55,230,20,2,2,0.05,5
535,30,27,3,16,27,0,19,0,30,28,30,30,27,0,0,62,55,230,20,0,0,0.05,5
536,30,27,3,16,27,0,19,0,30,28,30,30,27,0,0,62,55,230,20,0,0,0.05,5
537,30,27,3,16,27,0,19,0,30,28,30,30,27,0,0,62,55,230,20,0,0,0.05,5
538,30,28,2,16,28,0,19,0,30,28,30,30,28,0,1,63,56,230,20,0,0,0.05,5
539,30,29,1,16,29,0,19,1,30,28,30,30,29,0,1,64,57,230,20,0,0,0.05,5
540,30,29,1,16,29,0,19,0,30,28,30,30,29,0,0,64,57,230,20,0,0,0.05,5
541,30,29,1,16,29,0,19,1,30,28,30,30,29,0,0,64,57,231,20,1,1,0.05,5
542,30,29,1,16,29,0,19,0,30,28,30,30,29,0,0,64,57,231,20,0,0,0.05,5
543,30,29,1,16,29,0,19,0,30,28,30,30,29,0,0,64,57,231,20,0,0,0.05,5
544,30,29,1,16,29,0,19,0,30,28,30,30,29,0,0,64,57,231,20,0,0,0.05,5
545,30,29,1,16,29,0,19,0,30,28,30,30,29,0,0,64,57,231,20,0,0,0.05,5
546,30,29,1,16,29,0,19,0,30,28,30,30,29,0,0,64,57,231,20,0,0,0.05,5
547,30,28,2,16,28,0,19,0,30,28,30,30,28,0,0,64,57,232,20,1,1,0.05,5
548,28,27,1,16,27,0,19,0,30,28,30,28,27,0,0,64,57,232,20,2,0,0.05,5
549,30,27,3,16,27,0,19,0,30,28,30,30,27,0,0,64,57,234,20,0,2,0.05,5
550,30,27,3,16,27,0,19,0,30,29,30,30,27,0,0,64,57,234,20,0,0,0.05,5
551,30,27,3,16,27,0,19,0,30,29,30,30,27,0,0,64,57,234,20,0,0,0.05,5
552,30,28,2,16,28,0,19,0,30,29,30,30,28,0,1,65,58,234,20,0,0,0.05,5
553,30,28,2,16,28,0,19,0,30,29,30,30,28,0,0,65,58,234,20,0,0,0.05,5
554,30,28,2,16,28,0,19,0,30,29,30,30,28,0,0,65,58,235,20,1,1,0.05,5
555,30,28,2,16,28,0,19,0,30,29,30,30,28,0,0,65,58,235,20,0,0,0.05,5
556,30,28,2,16,28,0,19,0,30,29,30,30,28,0,0,65,58,236,20,1,1,0.05,5
557,30,28,2,16,28,0,19,0,30,29,30,30,28,0,0,65,58,236,20,0,0,0.05,5
558,30,29,1,16,29,0,19,0,30,29,30,30,29,0,1,66,59,236,20,0,0,0.05,5
559,30,29,1,16,29,0,19,0,30,29,30,30,29,0,0,66,59,236,20,0,0,0.05,5
560,30,29,1,16,29,0,19,1,30,29,30,30,29,0,0,66,59,236,20,0,0,0.05,5
561,30,29,1,16,29,0,19,0,30,29,30,30,29,0,0,66,59,237,20,1,1,0.05,5
562,30,29,1,16,29,0,19,0,30,29,30,30,29,0,0,66,59,237,20,0,0,0.05,5
563,30,28,2,16,28,0,19,0,30,29,30,30,28,0,0,66,59,238,20,1,1,0.05,5
564,30,28,2,16,28,0,19,0,30,29,30,30,28,0,0,66,59,238,20,0,0,0.05,5
565,30,28,2,16,28,0,19,0,30,29,30,30,28,0,0,66,59,238,20,0,0,0.05,5
566,30,29,1,16,29,0,19,1,30,29,30,30,29,0,1,67,60,238,20,0,0,0.05,5
567,30,29,1,16,29,0,19,0,30,29,30,30,29,0,0,67,60,238,20,0,0,0.05,5
568,30,29,1,16,29,0,19,0,30,29,30,30,29,0,0,67,60,238,20,0,0,0.05,5
569,30,29,1,16,29,0,19,0,30,29,30,30,29,0,0,67,60,238,20,0,0,0.05,5
570,30,28,2,16,28,0,19,1,30,29,30,30,28,0,0,67,60,240,20,2,2,0.05,5
0,30,0,30,16,0,0,19,0,30,10,30,0,0,0,0,0,0,30,0,0,0,0.05,6
1,30,0,30,16,0,0,19,0,30,10,30,30,0,0,0,0,0,30,0,0,0,0.05,6
2,30,0,30,16,0,0,19,0,30,10,30,30,0,0,0,0,0,30,0,0,0,0.05,6
3,30,1,29,16,1,0,19,0,30,10,30,30,1,0,1,1,1,30,0,0,0,0.05,6
4,30,2,28,16,2,0,19,0,30,10,30,30,2,0,1,2,2,30,0,0,0,0.05,6
5,30,3,27,16,3,0,19,0,30,10,30,30,3,0,1,3,3,30,0,0,0,0.05,6
6,30,3,27,16,3,0,19,0,30,10,30,30,3,0,0,3,3,30,0,0,0,0.05,6
7,30,4,26,16,4,0,19,0,30,10,30,30,4,0,1,4,4,30,0,0,0,0.05,6
8,30,1,29,16,1,0,19,0,30,10,30,30,1,0,1,5,5,34,0,4,4,0.05,6
9,30,2,28,16,2,0,19,0,30,10,30,30,2,0,1,6,6,34,0,0,0,0.05,6
10,30,3,27,16,3,0,19,0,30,10,30,30,3,0,1,7,7,34,0,0,0,0.05,6
11,30,4,26,16,4,0,19,0,30,10,30,30,4,0,1,8,8,34,0,0,0,0.05,6
12,30,4,26,16,4,0,19,0,30,10,30,30,4,0,0,8,8,34,0,0,0,0.05,6
13,30,4,26,16,4,0,19,0,30,10,30,30,4,0,0,8,8,34,0,0,0,0.05,6
14,30,4,26,16,4,0,19,0,30,10,30,30,4,0,0,8,8,34,0,0,0,0.05,6
15,30,5,25,16,5,0,19,0,30,10,30,30,5,0,1,9,9,37,0,3,3,0.05,6
16,30,5,25,16,5,0,19,0,30,10,30,30,5,0,0,9,9,37,0,0,0,0.05,6
17,30,9,21,16,9,0,19,0,30,10,30,30,9,0,4,13,13,37,1,0,0,0.05,6
18,30,9,21,16,9,0,19,0,30,10,30,30,9,0,0,13,13,37,2,0,0,0.05,6
19,30,9,21,16,9,0,19,0,30,10,30,30,9,0,0,13,13,37,4,0,0,0.05,6
20,30,9,21,16,9,0,19,0,30,10,30,30,9,0,0,13,13,37,5,0,0,0.05,6
21,30,9,21,16,9,0,19,0,30,10,30,30,9,0,0,13,13,37,5,0,0,0.05,6
22,30,8,22,16,8,0,19,0,30,10,30,30,8,0,0,13,13,38,6,1,1,0.05,6
23,30,8,22,16,8,0,19,0,30,10,30,30,8,0,0,13,13,38,7,0,0,0.05,6
24,30,10,20,16,10,0,19,0,30,11,30,30,10,0,2,15,15,38,7,0,0,0.05,6
25,30,10,20,16,10,0,19,1,30,11,30,30,10,0,0,15,15,38,7,0,0,0.05,6
26,30,11,19,16,11,0,19,0,30,11,30,30,11,0,1,16,16,38,7,0,0,0.05,6
27,30,12,18,16,12,0,19,0,30,11,30,30,12,0,1,17,17,38,7,0,0,0.05,6
28,30,12,18,16,12,0,19,0,30,11,30,30,12,0,0,17,17,38,7,0,0,0.05,6
29,30,9,21,18,9,0,19,0,30,11,30,30,9,0,0,17,17,42,7,4,4,0.05,6
30,30,9,21,18,9,0,19,0,30,11,30,30,9,0,0,17,17,42,7,0,0,0.05,6
31,30,9,21,18,9,0,19,0,30,11,30,30,9,0,0,17,17,42,7,0,0,0.05,6
32,30,9,21,18,9,0,19,0,30,11,30,30,9,0,0,17,17,42,7,0,0,0.05,6
33,30,9,21,18,9,0,19,0,30,11,30,30,9,0,0,17,17,42,7,0,0,0.05,6
34,30,9,21,18,9,0,19,0,30,11,30,30,9,0,0,17,17,42,7,0,0,0.05,6
35,30,9,21,18,9,0,19,0,30,11,30,30,9,0,0,17,17,42,7,0,0,0.05,6
36,30,9,21,18,9,0,19,0,30,11,30,30,9,0,0,17,17,46,7,4,4,0.05,6
37,30,9,21,18,9,0,19,0,30,11,30,30,9,0,0,17,17,46,7,0,0,0.05,6
38,30,9,21,18,9,0,19,0,30,12,30,30,9,0,0,17,17,46,7,0,0,0.05,6
39,30,9,21,18,9,0,19,0,30,12,30,30,9,0,0,17,17,46,7,0,0,0.05,6
40,30,9,21,18,9,0,19,0,30,2,30,30,9,0,0,17,17,46,7,0,0,0.05,6
41,30,9,21,18,9,0,19,0,30,2,30,30,9,0,0,17,17,46,7,0,0,0.05,6
42,30,9,21,18,9,0,19,0,30,2,30,30,9,0,0,17,17,46,7,0,0,0.05,6
43,29,9,20,17,9,0,19,0,30,2,30,29,9,1,0,17,17,49,7,4,3,0.05,6
44,30,9,21,18,9,0,19,0,30,2,30,30,9,0,0,17,17,50,7,0,1,0.05,6
45,30,9,21,18,9,0,19,0,30,2,30,30,9,0,0,17,17,50,7,0,0,0.05,6
46,30,9,21,18,9,0,19,0,30,2,30,30,9,0,0,17,17,50,7,0,0,0.05,6
47,30,9,21,18,9,0,19,0,30,2,30,30,9,0,0,17,17,50,7,0,0,0.05,6
48,30,9,21,18,9,0,19,0,30,2,30,30,9,0,0,17,17,50,7,0,0,0.05,6
49,30,9,21,18,9,0,19,0,30,2,30,30,9,0,0,17,17,50,7,0,0,0.05,6
50,30,9,21,18,9,0,19,0,30,2,30,30,9,0,0,17,17,53,7,3,3,0.05,6
51,30,9,21,18,9,0,19,0,30,2,30,30,9,0,0,17,17,54,7,1,1,0.05,6
52,30,9,21,18,9,0,19,0,30,2,30,30,9,0,0,17,17,54,7,0,0,0.05,6
53,30,9,21,18,9,0,19,0,30,2,30,30,9,0,0,17,17,54,7,0,0,0.05,6
54,30,9,21,18,9,0,19,0,30,2,30,30,9,0,0,17,17,54,7,0,0,0.05,6
55,30,9,21,18,9,0,19,0,30,2,30,30,9,0,0,17,17,54,7,0,0,0.05,6
56,30,9,21,18,9,0,19,0,30,2,30,30,9,0,0,17,17,54,7,0,0,0.05,6
57,28,9,19,16,9,0,19,0,30,3,30,28,9,2,0,17,17,55,7,3,1,0.05,6
58,30,9,21,18,9,0,19,0,30,3,30,30,9,0,0,17,17,58,7,1,3,0.05,6
59,30,9,21,18,9,0,19,0,30,3,30,30,9,0,0,17,17,58,7,0,0,0.05,6
60,30,9,21,18,9,0,19,0,30,3,30,30,9,0,0,17,17,58,7,0,0,0.05,6
61,30,9,21,18,9,0,19,0,30,3,30,30,9,0,0,17,17,58,7,0,0,0.05,6
62,30,9,21,18,9,0,19,0,30,3,30,30,9,0,0,17,17,58,7,0,0,0.05,6
63,30,9,21,18,9,0,19,0,30,3,30,30,9,0,0,17,17,58,7,0,0,0.05,6
64,30,10,20,18,10,1,19,0,30,3,30,30,10,0,0,18,17,59,7,1,1,0.05,6
65,30,10,20,18,10,1,19,0,30,3,30,30,10,0,0,18,17,62,7,3,3,0.05,6
66,30,10,20,18,10,1,19,0,30,3,30,30,10,0,0,18,17,62,7,0,0,0.05,6
67,30,10,20,18,10,1,19,0,30,3,30,30,10,0,0,18,17,62,7,0,0,0.05,6
68,30,10,20,18,10,1,19,0,30,3,30,30,10,0,0,18,17,62,7,0,0,0.05,6
69,30,10,20,18,10,1,19,0,30,4,30,30,10,0,0,18,17,62,7,0,0,0.05,6
70,30,10,20,18,10,1,19,0,30,4,30,30,10,0,0,18,17,62,7,0,0,0.05,6
71,30,9,21,18,9,0,19,0,30,4,30,30,9,0,0,18,17,63,7,1,1,0.05,6
72,30,10,20,18,10,0,19,0,30,6,30,30,10,0,1,19,18,66,7,3,3,0.05,6
73,30,10,20,18,10,0,19,0,30,6,30,30,10,0,0,19,18,66,7,0,0,0.05,6
74,30,10,20,18,10,0,19,0,30,6,30,30,10,0,0,19,18,66,7,0,0,0.05,6
75,30,10,20,18,10,0,19,0,30,6,30,30,10,0,0,19,18,66,7,0,0,0.05,6
76,30,10,20,18,10,0,19,0,30,6,30,30,10,0,0,19,18,66,7,0,0,0.05,6
77,30,10,20,18,10,0,19,0,30,6,30,30,10,0,0,19,18,66,7,0,0,0.05,6
78,30,10,20,18,10,0,19,0,30,6,30,30,10,0,0,19,18,67,7,1,1,0.05,6
79,29,10,19,17,10,0,19,0,30,7,30,29,10,1,0,19,18,68,7,2,1,0.05,6
80,30,10,20,18,10,0,19,0,30,7,30,30,10,0,0,19,18,69,7,0,1,0.05,6
81,30,10,20,18,10,0,19,0,30,7,30,30,10,0,0,19,18,69,7,0,0,0.05,6
82,30,10,20,18,10,0,19,0,30,7,30,30,10,0,0,19,18,69,7,0,0,0.05,6
83,30,10,20,18,10,0,19,0,30,7,30,30,10,0,0,19,18,69,7,0,0,0.05,6
84,30,10,20,18,10,0,19,0,30,7,30,30,10,0,0,19,18,69,7,0,0,0.05,6
85,30,10,20,18,10,0,19,0,30,7,30,30,10,0,0,19,18,70,7,1,1,0.05,6
86,30,9,21,18,9,0,19,0,30,7,30,30,9,0,0,19,18,72,7,2,2,0.05,6
87,30,9,21,18,9,0,19,0,30,7,30,30,9,0,0,19,18,73,7,1,1,0.05,6
88,30,9,21,18,9,0,19,0,30,7,30,30,9,0,0,19,18,73,7,0,0,0.05,6
89,30,9,21,18,9,0,19,0,30,7,30,30,9,0,0,19,18,73,7,0,0,0.05,6
90,30,10,20,18,10,0,19,0,30,8,30,30,10,0,1,20,19,73,7,0,0,0.05,6
91,30,11,19,18,11,0,19,0,30,8,30,30,11,0,1,21,20,73,7,0,0,0.05,6
92,30,11,19,18,11,0,19,0,30,8,30,30,11,0,0,21,20,74,7,1,1,0.05,6
93,30,11,19,18,11,0,19,0,30,8,30,30,11,0,0,21,20,76,7,2,2,0.05,6
94,30,11,19,18,11,0,19,0,30,8,30,30,11,0,0,21,20,77,7,1,1,0.05,6
95,30,11,19,18,11,0,19,0,30,8,30,30,11,0,0,21,20,77,7,0,0,0.05,6
96,30,12,18,18,12,0,19,0,30,8,30,30,12,0,1,22,21,77,7,0,0,0.05,6
97,30,12,18,18,12,0,19,0,30,9,30,30,12,0,0,22,21,77,7,0,0,0.05,6
98,30,12,18,18,12,0,19,0,30,10,30,30,12,0,0,22,21,77,7,0,0,0.05,6
99,30,13,17,18,13,0,19,0,30,10,30,30,13,0,1,23,22,78,7,1,1,0.05,6
100,30,13,17,18,13,0,19,0,30,10,30,30,13,0,0,23,22,78,7,0,0,0.05,6
101,30,14,16,18,14,0,19,0,30,10,30,30,14,0,1,24,23,79,7,1,1,0.05,6
102,30,14,16,18,14,0,19,0,30,10,30,30,14,0,0,24,23,79,7,0,0,0.05,6
103,30,14,16,18,14,0,19,0,30,10,30,30,14,0,0,24,23,79,7,0,0,0.05,6
104,30,14,16,18,14,0,19,0,30,10,30,30,14,0,0,24,23,79,7,0,0,0.05,6
105,30,14,16,18,14,0,19,0,30,10,30,30,14,0,0,24,23,79,7,0,0,0.05,6
106,30,14,16,18,14,0,19,0,30,10,30,30,14,0,0,24,23,80,7,1,1,0.05,6
107,30,12,18,18,12,0,19,0,30,10,30,30,12,0,0,24,23,82,7,2,2,0.05,6
108,30,12,18,18,12,0,19,0,30,10,30,30,12,0,0,24,23,82,7,0,0,0.05,6
109,30,13,17,18,13,0,19,0,30,10,30,30,13,0,1,25,24,82,7,0,0,0.05,6
110,30,13,17,18,13,0,19,0,30,10,30,30,13,0,0,25,24,82,7,0,0,0.05,6
111,30,13,17,18,13,0,19,0,30,10,30,30,13,0,0,25,24,82,7,0,0,0.05,6
112,30,13,17,18,13,0,19,0,30,10,30,30,13,0,0,25,24,82,7,0,0,0.05,6
113,29,13,16,18,13,0,19,0,30,10,30,29,13,0,0,25,24,82,7,1,0,0.05,6
114,30,13,17,18,13,0,19,0,30,10,30,30,13,0,0,25,24,84,7,1,2,0.05,6
115,30,12,18,18,12,0,19,0,30,10,30,30,12,0,0,25,24,85,7,1,1,0.05,6
116,30,12,18,18,12,0,19,1,30,10,30,30,12,0,0,25,24,85,7,0,0,0.05,6
117,30,12,18,18,12,0,19,1,30,10,30,30,12,0,0,25,24,85,7,0,0,0.05,6
118,30,14,16,18,14,0,19,0,30,11,30,30,14,0,2,27,26,85,7,0,0,0.05,6
119,30,14,16,18,14,0,19,0,30,11,30,30,14,0,0,27,26,85,7,0,0,0.05,6
120,30,14,16,18,14,0,19,0,30,11,30,30,14,0,0,27,26,85,7,0,0,0.05,6
121,30,14,16,18,14,1,19,0,30,11,30,30,14,0,0,28,26,88,7,3,3,0.05,6
122,30,14,16,18,14,1,19,0,30,11,30,30,14,0,0,28,26,89,7,1,1,0.05,6
123,30,14,16,18,14,1,19,0,30,11,30,30,14,0,0,28,26,89,8,0,0,0.05,6
124,30,15,15,18,15,1,19,0,30,11,30,30,15,0,1,29,27,89,8,0,0,0.05,6
125,30,15,15,18,15,1,19,0,30,11,30,30,15,0,0,29,27,89,8,0,0,0.05,6
126,30,15,15,18,15,1,19,0,30,11,30,30,15,0,0,29,27,89,8,0,0,0.05,6
127,30,16,14,18,16,1,19,0,30,11,30,30,16,0,1,30,28,89,8,0,0,0.05,6
128,30,15,15,18,15,0,19,0,30,11,30,30,15,0,0,30,28,91,8,2,2,0.05,6
129,30,15,15,18,15,0,19,0,30,11,30,30,15,0,0,30,28,92,8,1,1,0.05,6
130,30,15,15,18,15,0,19,0,30,12,30,30,15,0,0,30,28,92,8,0,0,0.05,6
131,30,15,15,18,15,0,19,0,30,12,30,30,15,0,0,30,28,92,8,0,0,0.05,6
132,30,15,15,18,15,0,19,0,30,12,30,30,15,0,0,30,28,92,8,0,0,0.05,6
133,30,15,15,18,15,0,19,0,30,12,30,30,15,0,0,30,28,92,8,0,0,0.05,6
134,30,15,15,18,15,0,19,0,30,12,30,30,15,0,0,30,28,92,8,0,0,0.05,6
135,30,14,16,17,14,0,19,0,30,12,30,30,14,0,0,30,28,95,8,3,3,0.05,6
136,30,14,16,17,14,0,19,1,30,12,30,30,14,0,0,30,28,96,8,1,1,0.05,6
137,30,14,16,17,14,0,19,0,30,12,30,30,14,0,0,30,28,96,8,0,0,0.05,6
138,30,15,15,17,15,0,19,0,30,12,30,30,15,0,1,31,29,96,8,0,0,0.05,6
139,30,16,14,17,16,0,19,0,30,12,30,30,16,0,1,32,30,96,8,0,0,0.05,6
140,30,16,14,17,16,0,19,0,30,12,30,30,16,0,0,32,30,96,8,0,0,0.05,6
141,30,16,14,17,16,0,19,0,30,12,30,30,16,0,0,32,30,96,9,0,0,0.05,6
142,30,16,14,17,16,0,19,0,30,12,30,30,16,0,0,32,30,97,9,1,1,0.05,6
143,29,16,13,16,16,0,19,0,30,12,30,29,16,0,0,32,30,97,9,1,0,0.05,6
144,30,16,14,16,16,0,19,0,30,12,30,30,16,0,0,32,30,98,9,0,1,0.05,6
145,30,16,14,16,16,0,19,1,30,12,30,30,16,0,0,32,30,98,9,0,0,0.05,6
146,30,16,14,16,16,0,19,0,30,12,30,30,16,0,0,32,30,98,9,0,0,0.05,6
147,30,17,13,16,17,0,19,0,30,12,30,30,17,0,1,33,31,98,9,0,0,0.05,6
148,30,17,13,16,17,0,19,0,30,12,30,30,17,0,0,33,31,98,9,0,0,0.05,6
149,28,15,13,16,15,0,19,0,30,12,30,28,15,1,0,33,31,99,9,3,1,0.05,6
150,30,15,15,17,15,0,19,0,30,12,30,30,15,0,0,33,31,101,10,0,2,0.05,6
151,30,15,15,17,15,0,19,0,30,12,30,30,15,0,0,33,31,102,10,1,1,0.05,6
152,30,15,15,17,15,0,19,0,30,12,30,30,15,0,0,33,31,102,10,0,0,0.05,6
153,30,15,15,17,15,0,19,0,30,12,30,30,15,0,0,33,31,102,10,0,0,0.05,6
154,30,15,15,17,15,0,19,0,30,12,30,30,15,0,0,33,31,102,10,0,0,0.05,6
155,30,15,15,17,15,0,19,0,30,12,30,30,15,0,0,33,31,102,10,0,0,0.05,6
156,29,15,14,16,15,0,19,0,30,12,30,29,15,0,0,33,31,102,10,1,0,0.05,6
157,30,15,15,16,15,0,19,0,30,12,30,30,15,0,0,33,31,105,10,2,3,0.05,6
158,30,15,15,16,15,0,19,0,30,12,30,30,15,0,0,33,31,106,10,1,1,0.05,6
159,30,15,15,16,15,0,19,0,30,13,30,30,15,0,0,33,31,106,10,0,0,0.05,6
160,30,16,14,16,16,0,19,1,30,13,30,30,16,0,1,34,32,106,10,0,0,0.05,6
161,30,16,14,16,16,0,19,0,30,13,30,30,16,0,0,34,32,106,10,0,0,0.05,6
162,30,16,14,16,16,0,19,0,30,13,30,30,16,0,0,34,32,106,10,0,0,0.05,6
163,30,16,14,16,16,0,19,0,30,13,30,30,16,0,0,34,32,106,10,0,0,0.05,6
164,30,16,14,16,16,0,19,0,30,13,30,30,16,0,0,34,32,109,10,3,3,0.05,6
165,30,16,14,16,16,0,19,0,30,13,30,30,16,0,0,34,32,110,10,1,1,0.05,6
166,30,16,14,16,16,0,19,0,30,13,30,30,16,0,0,34,32,110,10,0,0,0.05,6
167,30,16,14,16,16,0,19,0,30,13,30,30,16,0,0,34,32,110,10,0,0,0.05,6
168,30,16,14,16,16,0,19,0,30,13,30,30,16,0,0,34,32,110,11,0,0,0.05,6
169,30,16,14,16,16,0,19,0,30,13,30,30,16,0,0,34,32,110,11,0,0,0.05,6
170,30,17,13,16,17,0,19,0,30,13,30,30,17,0,1,35,33,110,11,0,0,0.05,6
171,30,17,13,16,17,0,19,0,30,13,30,30,17,0,0,35,33,112,11,2,2,0.05,6
172,29,17,12,16,17,0,19,0,30,13,30,29,17,0,0,35,33,112,11,1,0,0.05,6
173,30,17,13,16,17,0,19,0,30,13,30,30,17,0,0,35,33,113,11,0,1,0.05,6
174,30,17,13,16,17,0,19,0,30,13,30,30,17,0,0,35,33,113,11,0,0,0.05,6
175,30,17,13,16,17,0,19,0,30,13,30,30,17,0,0,35,33,113,11,0,0,0.05,6
176,30,18,12,16,18,0,19,0,30,13,30,30,18,0,1,36,34,113,11,0,0,0.05,6
177,30,18,12,16,18,0,19,0,30,13,30,30,18,0,0,36,34,113,11,0,0,0.05,6
178,30,17,13,15,17,0,19,0,30,14,30,30,17,0,0,36,34,116,11,3,3,0.05,6
179,30,17,13,15,17,0,19,0,30,14,30,30,17,0,0,36,34,116,11,0,0,0.05,6
180,30,17,13,15,17,0,19,0,30,14,30,30,17,0,0,36,34,116,11,0,0,0.05,6
181,30,17,13,15,17,0,19,0,30,14,30,30,17,0,0,36,34,116,12,0,0,0.05,6
182,30,17,13,15,17,0,19,0,30,14,30,30,17,0,0,36,34,116,12,0,0,0.05,6
183,30,17,13,15,17,0,19,0,30,14,30,30,17,0,0,36,34,116,12,0,0,0.05,6
184,30,17,13,15,17,0,19,0,30,14,30,30,17,0,0,36,34,116,12,0,0,0.05,6
185,30,17,13,15,17,0,19,0,30,14,30,30,17,0,0,36,34,119,12,3,3,0.05,6
186,30,17,13,15,17,0,19,0,30,14,30,30,17,0,0,36,34,119,12,0,0,0.05,6
187,30,16,14,16,16,0,19,0,30,14,30,30,16,0,0,36,34,120,12,1,1,0.05,6
188,30,16,14,16,16,0,19,0,30,14,30,30,16,0,0,36,34,120,12,0,0,0.05,6
189,30,16,14,16,16,0,19,0,30,14,30,30,16,0,0,36,34,120,12,0,0,0.05,6
190,30,16,14,16,16,0,19,0,30,14,30,30,16,0,0,36,34,120,12,0,0,0.05,6
191,30,16,14,16,16,0,19,0,30,14,30,30,16,0,0,36,34,120,12,0,0,0.05,6
192,28,16,12,16,16,0,19,0,30,14,30,28,16,0,0,36,34,121,12,3,1,0.05,6
193,30,16,14,16,16,0,19,1,30,14,30,30,16,0,0,36,34,123,12,0,2,0.05,6
194,30,16,14,16,16,0,19,0,30,14,30,30,16,0,0,36,34,124,12,1,1,0.05,6
195,30,16,14,16,16,0,19,0,30,14,30,30,16,0,0,36,34,124,12,0,0,0.05,6
196,30,16,14,16,16,0,19,1,30,14,30,30,16,0,0,36,34,124,12,0,0,0.05,6
197,30,16,14,16,16,0,19,0,30,14,30,30,16,0,0,36,34,124,12,0,0,0.05,6
198,30,16,14,16,16,0,19,0,30,14,30,30,16,0,0,36,34,124,12,0,0,0.05,6
199,30,16,14,16,16,0,19,0,30,14,30,30,16,0,0,36,34,125,12,1,1,0.05,6
200,30,16,14,16,16,0,19,0,30,14,30,30,16,0,0,36,34,127,12,2,2,0.05,6
201,30,16,14,16,16,0,19,0,30,15,30,30,16,0,0,36,34,128,12,1,1,0.05,6
202,30,16,14,16,16,0,19,1,30,15,30,30,16,0,0,36,34,128,12,0,0,0.05,6
203,30,16,14,16,16,0,19,1,30,15,30,30,16,0,0,36,34,128,12,0,0,0.05,6
204,30,16,14,16,16,0,19,0,30,15,30,30,16,0,0,36,34,128,12,0,0,0.05,6
205,30,16,14,16,16,0,19,0,30,15,30,30,16,0,0,36,34,128,12,0,0,0.05,6
206,29,16,13,16,16,0,19,0,30,15,30,29,16,0,0,36,34,128,12,1,0,0.05,6
207,30,16,14,16,16,0,19,0,30,15,30,30,16,0,0,36,34,131,12,2,3,0.05,6
208,30,16,14,16,16,0,19,0,30,15,30,30,16,0,0,36,34,132,12,1,1,0.05,6
209,30,16,14,16,16,0,19,0,30,15,30,30,16,0,0,36,34,132,12,0,0,0.05,6
210,30,16,14,16,16,0,19,0,30,16,30,30,16,0,0,36,34,132,12,0,0,0.05,6
211,30,16,14,16,16,0,19,0,30,16,30,30,16,0,0,36,34,132,12,0,0,0.05,6
212,30,16,14,16,16,0,19,0,30,16,30,30,16,0,0,36,34,132,12,0,0,0.05,6
213,30,16,14,16,16,0,19,0,30,16,30,30,16,0,0,36,34,132,12,0,0,0.05,6
214,30,16,14,16,16,0,19,0,30,16,30,30,16,0,0,36,34,135,12,3,3,0.05,6
215,29,16,13,15,16,0,19,0,30,16,30,29,16,1,0,36,34,135,12,1,0,0.05,6
216,30,16,14,16,16,0,19,0,30,16,30,30,16,0,0,36,34,136,12,0,1,0.05,6
217,30,17,13,16,17,0,19,0,30,16,30,30,17,0,1,37,35,136,12,0,0,0.05,6
218,30,17,13,16,17,0,19,0,30,16,30,30,17,0,0,37,35,136,12,0,0,0.05,6
219,30,17,13,16,17,0,19,0,30,16,30,30,17,0,0,37,35,136,12,0,0,0.05,6
220,30,18,12,16,18,0,19,0,30,2,30,30,18,0,1,38,36,136,13,0,0,0.05,6
221,30,18,12,16,18,0,19,0,30,2,30,30,18,0,0,38,36,138,13,2,2,0.05,6
222,30,18,12,16,18,0,19,0,30,3,30,30,18,0,0,38,36,138,13,0,0,0.05,6
223,30,18,12,15,18,0,19,0,30,3,30,30,18,0,0,38,36,139,13,1,1,0.05,6
224,30,18,12,15,18,0,19,0,30,3,30,30,18,0,0,38,36,139,13,0,0,0.05,6
225,30,18,12,15,18,0,19,0,30,3,30,30,18,0,0,38,36,139,13,0,0,0.05,6
226,30,18,12,15,18,0,19,0,30,3,30,30,18,0,0,38,36,139,13,0,0,0.05,6
227,30,18,12,15,18,0,19,0,30,3,30,30,18,0,0,38,36,139,14,0,0,0.05,6
228,30,17,13,16,17,0,19,0,30,3,30,30,17,0,0,38,36,142,14,3,3,0.05,6
229,30,18,12,16,18,0,19,0,30,3,30,30,18,0,1,39,37,142,14,0,0,0.05,6
230,30,18,12,16,18,0,19,0,30,3,30,30,18,0,0,39,37,143,14,1,1,0.05,6
231,30,18,12,16,18,0,19,0,30,3,30,30,18,0,0,39,37,143,14,0,0,0.05,6
232,30,18,12,16,18,0,19,0,30,3,30,30,18,0,0,39,37,143,14,0,0,0.05,6
233,30,18,12,16,18,0,19,0,30,3,30,30,18,0,0,39,37,143,14,0,0,0.05,6
234,30,18,12,16,18,0,19,0,30,3,30,30,18,0,0,39,37,143,14,0,0,0.05,6
235,30,18,12,16,18,0,19,0,30,4,30,30,18,0,0,39,37,146,14,3,3,0.05,6
236,30,18,12,16,18,0,19,0,30,5,30,30,18,0,0,39,37,146,14,0,0,0.05,6
237,29,18,11,16,18,0,19,0,30,5,30,29,18,0,0,39,37,146,14,1,0,0.05,6
238,30,18,12,16,18,0,19,0,30,5,30,30,18,0,0,39,37,147,14,0,1,0.05,6
239,30,18,12,16,18,0,19,0,30,5,30,30,18,0,0,39,37,147,14,0,0,0.05,6
240,30,18,12,16,18,0,19,0,30,5,30,30,18,0,0,39,37,147,14,0,0,0.05,6
241,30,18,12,16,18,0,19,0,30,5,30,30,18,0,0,39,37,147,14,0,0,0.05,6
242,30,20,10,16,20,2,19,0,30,5,30,30,20,0,0,41,37,150,14,3,3,0.05,6
243,30,20,10,16,20,2,19,0,30,5,30,30,20,0,0,41,37,150,14,0,0,0.05,6
244,30,20,10,16,20,2,19,0,30,5,30,30,20,0,0,41,37,150,14,0,0,0.05,6
245,30,20,10,16,20,2,19,0,30,5,30,30,20,0,0,41,37,151,14,1,1,0.05,6
246,30,20,10,16,20,2,19,0,30,5,30,30,20,0,0,41,37,151,14,0,0,0.05,6
247,30,20,10,16,20,2,19,0,30,5,30,30,20,0,0,41,37,151,14,0,0,0.05,6
248,30,20,10,16,20,2,19,0,30,5,30,30,20,0,0,41,37,151,14,0,0,0.05,6
249,30,18,12,16,18,0,19,0,30,5,30,30,18,0,0,41,37,154,14,3,3,0.05,6
250,30,18,12,16,18,0,19,0,30,5,30,30,18,0,0,41,37,154,14,0,0,0.05,6
251,30,18,12,16,18,0,19,0,30,5,30,30,18,0,0,41,37,154,14,0,0,0.05,6
252,30,18,12,16,18,0,19,0,30,5,30,30,18,0,0,41,37,155,14,1,1,0.05,6
253,30,18,12,16,18,0,19,0,30,5,30,30,18,0,0,41,37,155,14,0,0,0.05,6
254,30,18,12,16,18,0,19,0,30,6,30,30,18,0,0,41,37,155,14,0,0,0.05,6
255,30,18,12,16,18,0,19,0,30,7,30,30,18,0,0,41,37,155,14,0,0,0.05,6
256,29,18,11,16,18,0,19,0,30,7,30,29,18,0,0,41,37,157,14,3,2,0.05,6
257,30,19,11,16,19,0,19,0,30,7,30,30,19,0,1,42,38,158,14,0,1,0.05,6
258,30,19,11,16,19,0,19,1,30,7,30,30,19,0,0,42,38,158,14,0,0,0.05,6
259,30,19,11,16,19,0,19,0,30,8,30,30,19,0,0,42,38,159,14,1,1,0.05,6
260,30,19,11,16,19,0,19,0,30,8,30,30,19,0,0,42,38,159,14,0,0,0.05,6
261,30,19,11,16,19,0,19,0,30,8,30,30,19,0,0,42,38,159,14,0,0,0.05,6
262,30,19,11,16,19,0,19,0,30,8,30,30,19,0,0,42,38,159,14,0,0,0.05,6
263,29,19,10,16,19,0,19,0,30,8,30,29,19,0,0,42,38,160,14,2,1,0.05,6
264,30,19,11,16,19,0,19,1,30,9,30,30,19,0,0,42,38,162,14,1,2,0.05,6
265,30,19,11,16,19,0,19,0,30,9,30,30,19,0,0,42,38,162,14,0,0,0.05,6
266,30,19,11,16,19,0,19,0,30,9,30,30,19,0,0,42,38,163,14,1,1,0.05,6
267,30,19,11,16,19,0,19,0,30,9,30,30,19,0,0,42,38,163,14,0,0,0.05,6
268,30,20,10,16,20,0,19,0,30,9,30,30,20,0,1,43,39,163,14,0,0,0.05,6
269,30,20,10,16,20,0,19,0,30,9,30,30,20,0,0,43,39,163,15,0,0,0.05,6
270,30,20,10,15,20,0,19,0,30,10,30,30,20,0,0,43,39,164,15,1,1,0.05,6
271,30,20,10,15,20,0,19,0,30,11,30,30,20,0,0,43,39,166,15,2,2,0.05,6
272,30,20,10,15,20,0,19,0,30,12,30,30,20,0,0,43,39,166,15,0,0,0.05,6
273,30,21,9,15,21,0,19,0,30,12,30,30,21,0,1,44,40,166,15,0,0,0.05,6
274,30,21,9,15,21,0,19,0,30,12,30,30,21,0,0,44,40,166,15,0,0,0.05,6
275,30,21,9,15,21,0,19,1,30,12,30,30,21,0,0,44,40,166,15,0,0,0.05,6
276,30,22,8,15,22,0,19,0,30,12,30,30,22,0,1,45,41,166,15,0,0,0.05,6
277,30,22,8,15,22,0,19,0,30,12,30,30,22,0,0,45,41,166,15,0,0,0.05,6
278,30,23,7,15,23,0,19,0,30,13,30,30,23,0,1,46,42,168,15,2,2,0.05,6
279,30,23,7,15,23,0,19,0,30,13,30,30,23,0,0,46,42,168,15,0,0,0.05,6
280,30,22,8,16,22,0,19,0,30,13,30,30,22,0,0,46,42,169,16,1,1,0.05,6
281,30,22,8,16,22,0,19,1,30,13,30,30,22,0,0,46,42,169,16,0,0,0.05,6
282,30,23,7,16,23,0,19,0,30,13,30,30,23,0,1,47,43,169,16,0,0,0.05,6
283,30,23,7,16,23,0,19,0,30,13,30,30,23,0,0,47,43,169,16,0,0,0.05,6
284,29,22,7,16,22,0,19,0,30,13,30,29,22,0,0,47,43,169,17,1,0,0.05,6
285,30,22,8,16,22,0,19,0,30,13,30,30,22,0,0,47,43,172,17,2,3,0.05,6
286,30,22,8,16,22,0,19,0,30,13,30,30,22,0,0,47,43,172,17,0,0,0.05,6
287,29,22,7,15,22,0,19,0,30,13,30,29,22,0,0,47,43,172,17,1,0,0.05,6
288,30,22,8,15,22,0,19,0,30,13,30,30,22,0,0,47,43,173,17,0,1,0.05,6
289,30,22,8,15,22,0,19,0,30,14,30,30,22,0,0,47,43,173,17,0,0,0.05,6
290,30,22,8,15,22,0,19,0,30,14,30,30,22,0,0,47,43,173,17,0,0,0.05,6
291,30,22,8,15,22,0,19,0,30,14,30,30,22,0,0,47,43,173,17,0,0,0.05,6
292,29,22,7,15,22,0,19,0,30,14,30,29,22,0,0,47,43,175,17,3,2,0.05,6
293,30,23,7,15,23,0,19,0,30,15,30,30,23,0,1,48,44,176,17,0,1,0.05,6
294,30,23,7,15,23,0,19,0,30,15,30,30,23,0,0,48,44,176,17,0,0,0.05,6
295,30,23,7,15,23,0,19,0,30,15,30,30,23,0,0,48,44,177,17,1,1,0.05,6
296,30,23,7,15,23,0,19,0,30,15,30,30,23,0,0,48,44,177,17,0,0,0.05,6
297,30,23,7,15,23,0,19,1,30,16,30,30,23,0,0,48,44,177,17,0,0,0.05,6
298,30,23,7,15,23,0,19,0,30,16,30,30,23,0,0,48,44,177,17,0,0,0.05,6
299,29,23,6,15,23,0,19,0,30,16,30,29,23,0,0,48,44,177,17,1,0,0.05,6
300,30,23,7,15,23,0,19,1,30,16,30,30,23,0,0,48,44,179,17,1,2,0.05,6
301,30,23,7,15,23,0,19,0,30,16,30,30,23,0,0,48,44,179,17,0,0,0.05,6
302,30,24,6,15,24,1,19,0,30,16,30,30,24,0,0,49,44,180,18,1,1,0.05,6
303,30,24,6,15,24,1,19,0,30,16,30,30,24,0,0,49,44,180,18,0,0,0.05,6
304,30,24,6,15,24,1,19,0,30,16,30,30,24,0,0,49,44,180,18,0,0,0.05,6
305,30,24,6,15,24,1,19,0,30,16,30,30,24,0,0,49,44,180,18,0,0,0.05,6
306,30,24,6,16,24,2,19,0,30,16,30,30,24,0,0,50,44,181,18,1,1,0.05,6
307,30,24,6,16,24,2,19,0,30,16,30,30,24,0,0,50,44,183,18,2,2,0.05,6
308,30,24,6,16,24,2,19,0,30,16,30,30,24,0,0,50,44,183,18,0,0,0.05,6
309,30,23,7,16,23,1,19,0,30,16,30,30,23,0,0,50,44,184,18,1,1,0.05,6
310,30,23,7,16,23,1,19,0,30,16,30,30,23,0,0,50,44,184,18,0,0,0.05,6
311,30,23,7,16,23,1,19,0,30,16,30,30,23,0,0,50,44,184,18,0,0,0.05,6
312,30,23,7,16,23,1,19,0,30,16,30,30,23,0,0,50,44,184,18,0,0,0.05,6
313,30,22,8,16,22,0,19,0,30,16,30,30,22,0,0,50,44,185,18,1,1,0.05,6
314,30,22,8,16,22,0,19,0,30,16,30,30,22,0,0,50,44,187,18,2,2,0.05,6
315,30,22,8,16,22,0,19,0,30,16,30,30,22,0,0,50,44,187,18,0,0,0.05,6
316,30,22,8,16,22,0,19,0,30,17,30,30,22,0,0,50,44,188,18,1,1,0.05,6
317,30,22,8,16,22,0,19,0,30,17,30,30,22,0,0,50,44,188,18,0,0,0.05,6
318,30,22,8,16,22,0,19,0,30,17,30,30,22,0,0,50,44,188,18,0,0,0.05,6
319,30,22,8,16,22,0,19,0,30,17,30,30,22,0,0,50,44,188,18,0,0,0.05,6
320,30,22,8,16,22,0,19,0,30,17,30,30,22,0,0,50,44,189,18,1,1,0.05,6
321,30,23,7,16,23,0,19,0,30,17,30,30,23,0,1,51,45,191,18,2,2,0.05,6
322,30,24,6,16,24,0,19,0,30,17,30,30,24,0,1,52,46,191,18,0,0,0.05,6
323,30,24,6,16,24,0,19,0,30,18,30,30,24,0,0,52,46,191,18,0,0,0.05,6
324,30,24,6,16,24,0,19,0,30,18,30,30,24,0,0,52,46,191,18,0,0,0.05,6
325,30,24,6,16,24,0,19,0,30,18,30,30,24,0,0,52,46,191,18,0,0,0.05,6
326,30,24,6,16,24,0,19,0,30,18,30,30,24,0,0,52,46,191,18,0,0,0.05,6
327,30,24,6,16,24,0,19,0,30,18,30,30,24,0,0,52,46,192,18,1,1,0.05,6
328,29,24,5,16,24,0,19,0,30,18,30,29,24,0,0,52,46,193,18,2,1,0.05,6
329,30,24,6,16,24,0,19,0,30,18,30,30,24,0,0,52,46,194,18,0,1,0.05,6
330,30,23,7,16,23,0,19,0,30,18,30,30,23,0,0,52,46,195,18,1,1,0.05,6
331,30,24,6,16,24,0,19,0,30,18,30,30,24,0,1,53,47,195,18,0,0,0.05,6
332,30,24,6,16,24,0,19,0,30,18,30,30,24,0,0,53,47,195,18,0,0,0.05,6
333,30,24,6,16,24,0,19,0,30,18,30,30,24,0,0,53,47,195,18,0,0,0.05,6
334,30,25,5,16,25,0,19,0,30,18,30,30,25,0,1,54,48,196,18,1,1,0.05,6
335,30,25,5,16,25,0,19,0,30,18,30,30,25,0,0,54,48,197,18,1,1,0.05,6
336,30,25,5,16,25,0,19,0,30,18,30,30,25,0,0,54,48,198,18,1,1,0.05,6
337,30,25,5,16,25,0,19,0,30,20,30,30,25,0,0,54,48,198,18,0,0,0.05,6
338,30,25,5,16,25,0,19,0,30,21,30,30,25,0,0,54,48,198,18,0,0,0.05,6
339,30,25,5,16,25,0,19,0,30,21,30,30,25,0,0,54,48,198,18,0,0,0.05,6
340,30,25,5,16,25,0,19,0,30,21,30,30,25,0,0,54,48,198,18,0,0,0.05,6
341,29,25,4,15,25,0,19,0,30,21,30,29,25,0,0,54,48,198,19,1,0,0.05,6
342,30,25,5,15,25,0,19,0,30,21,30,30,25,0,0,54,48,200,19,1,2,0.05,6
343,30,25,5,15,25,0,19,0,30,22,30,30,25,0,0,54,48,201,19,1,1,0.05,6
344,30,24,6,16,24,0,19,0,30,22,30,30,24,0,0,54,48,202,19,1,1,0.05,6
345,30,24,6,16,24,0,19,0,30,22,30,30,24,0,0,54,48,202,19,0,0,0.05,6
346,30,24,6,16,24,0,19,0,30,23,30,30,24,0,0,54,48,202,19,0,0,0.05,6
347,30,24,6,16,24,0,19,0,30,23,30,30,24,0,0,54,48,202,20,0,0,0.05,6
348,30,24,6,16,24,0,19,0,30,23,30,30,24,0,0,54,48,202,20,0,0,0.05,6
349,29,24,5,16,24,0,19,1,30,23,30,29,24,0,0,54,48,203,20,2,1,0.05,6
350,30,24,6,16,24,0,19,0,30,24,30,30,24,0,0,54,48,205,20,1,2,0.05,6
351,30,24,6,15,24,0,19,0,30,24,30,30,24,0,0,54,48,206,20,1,1,0.05,6
352,30,24,6,15,24,0,19,0,30,24,30,30,24,0,0,54,48,206,20,0,0,0.05,6
353,30,24,6,15,24,0,19,0,30,24,30,30,24,0,0,54,48,206,20,0,0,0.05,6
354,30,25,5,15,25,0,19,0,30,24,30,30,25,0,1,55,49,206,20,0,0,0.05,6
355,30,25,5,15,25,0,19,0,30,24,30,30,25,0,0,55,49,206,20,0,0,0.05,6
356,30,25,5,15,25,0,19,0,30,25,30,30,25,0,0,55,49,207,20,1,1,0.05,6
357,30,25,5,15,25,0,19,0,30,25,30,30,25,0,0,55,49,208,20,1,1,0.05,6
358,30,25,5,15,25,0,19,0,30,25,30,30,25,0,0,55,49,209,20,1,1,0.05,6
359,30,26,4,15,26,0,19,0,30,25,30,30,26,0,1,56,50,209,20,0,0,0.05,6
360,30,26,4,15,26,0,19,0,30,25,30,30,26,0,0,56,50,209,20,0,0,0.05,6
361,30,26,4,15,26,0,19,0,30,25,30,30,26,0,0,56,50,209,20,0,0,0.05,6
362,30,26,4,15,26,0,19,0,30,25,30,30,26,0,0,56,50,209,20,0,0,0.05,6
363,30,26,4,15,26,0,19,0,30,25,30,30,26,0,0,56,50,209,20,0,0,0.05,6
364,30,25,5,15,25,0,19,0,30,25,30,30,25,0,0,56,50,211,20,2,2,0.05,6
365,30,25,5,15,25,0,19,0,30,25,30,30,25,0,0,56,50,212,20,1,1,0.05,6
366,30,25,5,15,25,0,19,0,30,25,30,30,25,0,0,56,50,212,20,0,0,0.05,6
367,30,25,5,15,25,0,19,0,30,26,30,30,25,0,0,56,50,212,20,0,0,0.05,6
368,30,25,5,15,25,0,19,0,30,26,30,30,25,0,0,56,50,212,20,0,0,0.05,6
369,30,25,5,15,25,0,19,0,30,26,30,30,25,0,0,56,50,212,20,0,0,0.05,6
370,30,25,5,15,25,0,19,0,30,26,30,30,25,0,1,57,51,213,20,1,1,0.05,6
371,30,25,5,15,25,0,19,0,30,26,30,30,25,0,0,57,51,214,20,1,1,0.05,6
372,29,25,4,15,25,0,19,0,30,26,30,29,25,0,0,57,51,214,20,1,0,0.05,6
373,30,25,5,15,25,0,19,0,30,26,30,30,25,0,0,57,51,215,20,0,1,0.05,6
374,30,25,5,15,25,0,19,0,30,26,30,30,25,0,0,57,51,215,20,0,0,0.05,6
375,30,25,5,15,25,0,19,0,30,26,30,30,25,0,0,57,51,215,20,0,0,0.05,6
376,30,25,5,15,25,0,19,0,30,27,30,30,25,0,0,57,51,215,20,0,0,0.05,6
377,30,25,5,15,25,0,19,0,30,27,30,30,25,0,0,57,51,216,20,1,1,0.05,6
378,30,24,6,15,24,0,19,0,30,27,30,30,24,0,0,57,51,218,20,2,2,0.05,6
379,30,24,6,15,24,0,19,0,30,27,30,30,24,0,0,57,51,218,20,0,0,0.05,6
380,30,24,6,15,24,0,19,0,30,27,30,30,24,0,0,57,51,219,20,1,1,0.05,6
381,30,24,6,15,24,0,19,0,30,27,30,30,24,0,0,57,51,219,20,0,0,0.05,6
382,30,24,6,15,24,0,19,0,30,27,30,30,24,0,0,57,51,219,20,0,0,0.05,6
383,30,26,4,15,26,0,19,0,30,27,30,30,26,0,2,59,53,219,20,0,0,0.05,6
384,29,26,3,15,26,0,19,0,30,27,30,29,26,0,0,59,53,219,20,1,0,0.05,6
385,30,26,4,15,26,0,19,0,30,27,30,30,26,0,0,59,53,221,20,1,2,0.05,6
386,30,26,4,15,26,0,19,0,30,27,30,30,26,0,0,59,53,221,20,0,0,0.05,6
387,30,26,4,15,26,0,19,0,30,27,30,30,26,0,0,59,53,222,20,1,1,0.05,6
388,30,26,4,15,26,0,19,0,30,28,30,30,26,0,0,59,53,222,20,0,0,0.05,6
389,30,27,3,15,27,0,19,0,30,28,30,30,27,0,1,60,54,222,20,0,0,0.05,6
390,30,27,3,15,27,0,19,0,30,28,30,30,27,0,0,60,54,222,20,0,0,0.05,6
391,30,27,3,15,27,0,19,0,30,28,30,30,27,0,0,60,54,222,20,0,0,0.05,6
392,29,28,1,15,28,0,19,0,30,28,30,29,28,0,2,62,56,223,20,2,1,0.05,6
393,30,28,2,15,28,0,19,0,30,28,30,30,28,0,0,62,56,224,20,0,1,0.05,6
394,30,28,2,15,28,0,19,0,30,28,30,30,28,0,0,62,56,224,20,0,0,0.05,6
395,30,28,2,15,28,0,19,0,30,28,30,30,28,0,0,62,56,224,20,0,0,0.05,6
396,30,28,2,15,28,0,19,0,30,28,30,30,28,0,0,62,56,224,20,0,0,0.05,6
397,30,28,2,15,28,0,19,0,30,28,30,30,28,0,0,62,56,224,20,0,0,0.05,6
398,30,28,2,15,28,0,19,0,30,28,30,30,28,0,0,62,56,224,20,0,0,0.05,6
399,30,27,3,15,27,0,19,0,30,28,30,30,27,0,0,62,56,225,20,1,1,0.05,6
400,30,27,3,15,27,0,19,0,30,4,30,30,27,0,0,62,56,226,20,1,1,0.05,6
401,30,26,4,15,26,0,19,0,30,4,30,30,26,0,0,62,56,227,20,1,1,0.05,6
402,30,26,4,15,26,0,19,0,30,4,30,30,26,0,0,62,56,227,20,0,0,0.05,6
403,30,26,4,15,26,0,19,0,30,5,30,30,26,0,0,62,56,227,20,0,0,0.05,6
404,30,26,4,15,26,0,19,0,30,5,30,30,26,0,0,62,56,227,20,0,0,0.05,6
405,30,26,4,15,26,0,19,0,30,6,30,30,26,0,0,62,56,227,20,0,0,0.05,6
406,30,25,5,15,25,0,19,0,30,6,30,30,25,0,0,62,56,229,20,2,2,0.05,6
407,29,25,4,15,25,0,19,0,30,6,30,29,25,0,0,62,56,229,20,1,0,0.05,6
408,29,26,3,15,26,0,19,0,30,6,30,29,26,0,1,63,57,230,20,1,1,0.05,6
409,30,26,4,15,26,0,19,0,30,6,30,30,26,0,0,63,57,231,20,0,1,0.05,6
410,30,26,4,15,26,0,19,0,30,7,30,30,26,0,0,63,57,231,20,0,0,0.05,6
411,30,26,4,15,26,0,19,0,30,7,30,30,26,0,0,63,57,231,20,0,0,0.05,6
412,30,26,4,15,26,0,19,0,30,7,30,30,26,0,0,63,57,231,20,0,0,0.05,6
413,30,26,4,15,26,0,19,0,30,7,30,30,26,0,0,63,57,232,20,1,1,0.05,6
414,30,26,4,15,26,0,19,0,30,8,30,30,26,0,0,63,57,232,20,0,0,0.05,6
415,30,26,4,15,26,0,19,0,30,8,30,30,26,0,0,63,57,233,20,1,1,0.05,6
416,30,26,4,15,26,0,19,0,30,8,30,30,26,0,0,63,57,234,20,1,1,0.05,6
417,30,26,4,15,26,0,19,0,30,8,30,30,26,0,0,63,57,234,20,0,0,0.05,6
418,30,26,4,15,26,0,19,0,30,8,30,30,26,0,0,63,57,234,20,0,0,0.05,6
419,30,26,4,15,26,0,19,0,30,8,30,30,26,0,0,63,57,234,20,0,0,0.05,6
420,29,25,4,15,25,0,19,0,30,8,30,29,25,0,0,63,57,235,20,2,1,0.05,6
421,30,25,5,15,25,0,19,0,30,8,30,30,25,0,0,63,57,236,20,0,1,0.05,6
422,29,25,4,15,25,0,19,0,30,9,30,29,25,0,0,63,57,236,20,1,0,0.05,6
423,30,25,5,15,25,0,19,0,30,9,30,30,25,0,0,63,57,238,20,1,2,0.05,6
424,30,25,5,15,25,0,19,0,30,9,30,30,25,0,0,63,57,238,20,0,0,0.05,6
425,30,25,5,15,25,0,19,0,30,9,30,30,25,0,0,63,57,238,20,0,0,0.05,6
426,30,25,5,15,25,0,19,0,30,9,30,30,25,0,0,63,57,238,20,0,0,0.05,6
427,30,25,5,15,25,0,19,0,30,9,30,30,25,0,0,63,57,239,20,1,1,0.05,6
428,30,25,5,15,25,0,19,0,30,9,30,30,25,0,0,63,57,240,20,1,1,0.05,6
429,30,25,5,15,25,0,19,0,30,9,30,30,25,0,0,63,57,240,20,0,0,0.05,6
430,30,25,5,15,25,0,19,0,30,9,30,30,25,0,0,63,57,242,20,2,2,0.05,6
431,30,25,5,15,25,0,19,0,30,10,30,30,25,0,0,63,57,242,20,0,0,0.05,6
432,30,25,5,15,25,0,19,0,30,10,30,30,25,0,0,63,57,242,20,0,0,0.05,6
433,30,26,4,15,26,0,19,0,30,10,30,30,26,0,1,64,58,242,20,0,0,0.05,6
434,30,26,4,15,26,0,19,0,30,10,30,30,26,0,0,64,58,243,20,1,1,0.05,6
435,30,26,4,15,26,0,19,0,30,10,30,30,26,0,0,64,58,243,20,0,0,0.05,6
436,30,26,4,15,26,0,19,0,30,10,30,30,26,0,0,64,58,243,20,0,0,0.05,6
437,30,26,4,15,26,0,19,0,30,11,30,30,26,0,0,64,58,245,20,2,2,0.05,6
438,30,26,4,15,26,0,19,0,30,12,30,30,26,0,0,64,58,245,20,0,0,0.05,6
439,30,26,4,15,26,0,19,0,30,12,30,30,26,0,0,64,58,245,20,0,0,0.05,6
440,30,26,4,15,26,0,19,0,30,12,30,30,26,0,0,64,58,245,20,0,0,0.05,6
441,30,26,4,15,26,0,19,0,30,12,30,30,26,0,0,64,58,246,20,1,1,0.05,6
442,30,25,5,15,25,0,19,0,30,12,30,30,25,0,0,64,58,247,20,1,1,0.05,6
443,30,25,5,15,25,0,19,0,30,14,30,30,25,0,0,64,58,247,20,0,0,0.05,6
444,30,25,5,15,25,0,19,0,30,14,30,30,25,0,0,64,58,249,20,2,2,0.05,6
445,30,25,5,15,25,0,19,0,30,15,30,30,25,0,0,64,58,249,20,0,0,0.05,6
446,30,25,5,15,25,0,19,0,30,15,30,30,25,0,0,64,58,249,20,0,0,0.05,6
447,30,25,5,15,25,0,19,0,30,15,30,30,25,0,0,64,58,249,20,0,0,0.05,6
448,30,26,4,15,26,0,19,0,30,15,30,30,26,0,1,65,59,250,20,1,1,0.05,6
449,30,26,4,15,26,0,19,0,30,15,30,30,26,0,0,65,59,250,20,0,0,0.05,6
450,30,26,4,15,26,0,19,0,30,16,30,30,26,0,0,65,59,250,20,0,0,0.05,6
451,30,26,4,15,26,0,19,0,30,16,30,30,26,0,0,65,59,252,20,2,2,0.05,6
452,30,26,4,15,26,0,19,0,30,16,30,30,26,0,0,65,59,252,20,0,0,0.05,6
453,30,26,4,15,26,0,19,0,30,16,30,30,26,0,0,65,59,252,20,0,0,0.05,6
454,30,26,4,15,26,0,19,0,30,16,30,30,26,0,0,65,59,252,20,0,0,0.05,6
455,30,26,4,15,26,0,19,0,30,16,30,30,26,0,0,65,59,253,20,1,1,0.05,6
456,30,25,5,15,25,0,19,1,30,16,30,30,25,0,0,65,59,254,20,1,1,0.05,6
457,30,25,5,15,25,0,19,0,30,16,30,30,25,0,0,65,59,254,20,0,0,0.05,6
458,30,25,5,15,25,0,19,0,30,16,30,30,25,0,0,65,59,256,20,2,2,0.05,6
459,30,25,5,15,25,0,19,0,30,16,30,30,25,0,0,65,59,256,20,0,0,0.05,6
460,30,25,5,15,25,0,19,0,30,16,30,30,25,0,0,65,59,256,20,0,0,0.05,6
461,30,25,5,15,25,0,19,0,30,16,30,30,25,0,0,65,59,256,20,0,0,0.05,6
462,30,25,5,15,25,0,19,0,30,17,30,30,25,0,0,65,59,257,20,1,1,0.05,6
463,30,25,5,15,25,0,19,0,30,17,30,30,25,0,0,65,59,258,20,1,1,0.05,6
464,30,25,5,15,25,0,19,0,30,17,30,30,25,0,0,65,59,258,20,0,0,0.05,6
465,29,25,4,15,25,0,19,0,30,17,30,29,25,0,0,65,59,259,20,2,1,0.05,6
466,30,25,5,15,25,0,19,0,30,17,30,30,25,0,0,65,59,260,20,0,1,0.05,6
467,30,25,5,15,25,0,19,0,30,18,30,30,25,0,0,65,59,260,20,0,0,0.05,6
468,30,25,5,15,25,0,19,0,30,19,30,30,25,0,0,65,59,260,20,0,0,0.05,6
469,29,25,4,15,25,0,19,0,30,19,30,29,25,0,0,65,59,260,20,1,0,0.05,6
470,30,25,5,15,25,0,19,1,30,20,30,30,25,0,0,65,59,262,20,1,2,0.05,6
471,30,25,5,15,25,0,19,0,30,20,30,30,25,0,0,65,59,262,20,0,0,0.05,6
472,29,25,4,15,25,0,19,0,30,20,30,29,25,0,0,65,59,262,20,1,0,0.05,6
473,30,25,5,15,25,0,19,0,30,20,30,30,25,0,0,65,59,264,20,1,2,0.05,6
474,30,25,5,15,25,0,19,0,30,20,30,30,25,0,0,65,59,264,20,0,0,0.05,6
475,30,25,5,15,25,0,19,0,30,20,30,30,25,0,0,65,59,264,20,0,0,0.05,6
476,30,25,5,15,25,0,19,0,30,20,30,30,25,0,0,65,59,264,20,0,0,0.05,6
477,30,25,5,15,25,0,19,0,30,20,30,30,25,0,0,65,59,266,20,2,2,0.05,6
478,30,25,5,15,25,0,19,0,30,20,30,30,25,0,0,65,59,266,20,0,0,0.05,6
479,30,25,5,15,25,0,19,0,30,20,30,30,25,0,0,65,59,266,20,0,0,0.05,6
480,30,25,5,15,25,0,19,0,30,20,30,30,25,0,0,65,59,268,20,2,2,0.05,6
481,30,25,5,15,25,0,19,0,30,20,30,30,25,0,0,65,59,268,20,0,0,0.05,6
482,30,25,5,15,25,0,19,0,30,20,30,30,25,0,0,65,59,268,20,0,0,0.05,6
483,30,25,5,15,25,0,19,0,30,20,30,30,25,0,0,65,59,268,20,0,0,0.05,6
484,29,26,3,15,26,1,19,0,30,20,30,29,26,0,0,66,59,269,20,2,1,0.05,6
485,30,26,4,15,26,1,19,0,30,20,30,30,26,0,0,66,59,270,20,0,1,0.05,6
486,30,26,4,15,26,1,19,0,30,20,30,30,26,0,0,66,59,270,20,0,0,0.05,6
487,30,26,4,15,26,1,19,1,30,20,30,30,26,0,0,66,59,272,20,2,2,0.05,6
488,30,26,4,15,26,1,19,1,30,20,30,30,26,0,0,66,59,272,20,0,0,0.05,6
489,30,26,4,15,26,1,19,0,30,20,30,30,26,0,0,66,59,272,20,0,0,0.05,6
490,30,26,4,15,26,1,19,0,30,21,30,30,26,0,0,66,59,272,20,0,0,0.05,6
491,30,25,5,15,25,0,19,0,30,21,30,30,25,0,0,66,59,273,20,1,1,0.05,6
492,30,25,5,15,25,0,19,0,30,21,30,30,25,0,0,66,59,274,20,1,1,0.05,6
493,30,25,5,15,25,0,19,0,30,21,30,30,25,0,0,66,59,274,20,0,0,0.05,6
494,30,25,5,15,25,0,19,0,30,21,30,30,25,0,0,66,59,276,20,2,2,0.05,6
495,30,25,5,15,25,0,19,0,30,21,30,30,25,0,0,66,59,276,20,0,0,0.05,6
496,30,25,5,15,25,0,19,0,30,21,30,30,25,0,0,66,59,276,20,0,0,0.05,6
497,30,26,4,15,26,0,19,0,30,21,30,30,26,0,1,67,60,276,20,0,0,0.05,6
498,30,26,4,15,26,0,19,0,30,21,30,30,26,0,0,67,60,277,20,1,1,0.05,6
499,30,26,4,15,26,0,19,0,30,22,30,30,26,0,0,67,60,277,20,0,0,0.05,6
500,30,26,4,15,26,0,19,0,30,22,30,30,26,0,0,67,60,277,20,0,0,0.05,6
501,30,26,4,15,26,0,19,0,30,23,30,30,26,0,0,67,60,279,20,2,2,0.05,6
502,30,26,4,15,26,0,19,0,30,23,30,30,26,0,0,67,60,279,20,0,0,0.05,6
503,30,26,4,15,26,0,19,0,30,23,30,30,26,0,0,67,60,279,20,0,0,0.05,6
504,30,26,4,15,26,0,19,0,30,23,30,30,26,0,0,67,60,279,20,0,0,0.05,6
505,30,26,4,15,26,0,19,0,30,24,30,30,26,0,0,67,60,280,20,1,1,0.05,6
506,30,25,5,15,25,0,19,0,30,24,30,30,25,0,0,67,60,281,20,1,1,0.05,6
507,30,25,5,15,25,0,19,0,30,24,30,30,25,0,0,67,60,281,20,0,0,0.05,6
508,30,25,5,15,25,0,19,0,30,24,30,30,25,0,0,67,60,283,20,2,2,0.05,6
509,30,25,5,15,25,0,19,0,30,24,30,30,25,0,0,67,60,283,20,0,0,0.05,6
510,30,25,5,15,25,0,19,0,30,24,30,30,25,0,0,67,60,283,20,0,0,0.05,6
511,30,25,5,15,25,0,19,0,30,24,30,30,25,0,0,67,60,283,20,0,0,0.05,6
512,30,25,5,15,25,0,19,0,30,24,30,30,25,0,0,67,60,284,20,1,1,0.05,6
513,30,25,5,15,25,0,19,0,30,24,30,30,25,0,0,67,60,285,20,1,1,0.05,6
514,30,25,5,15,25,0,19,0,30,24,30,30,25,0,0,67,60,285,20,0,0,0.05,6
515,30,26,4,15,26,0,19,0,30,24,30,30,26,0,1,68,61,286,20,1,1,0.05,6
516,30,26,4,15,26,0,19,0,30,25,30,30,26,0,0,68,61,286,20,0,0,0.05,6
517,30,26,4,15,26,0,19,0,30,25,30,30,26,0,0,68,61,286,20,0,0,0.05,6
518,30,26,4,15,26,0,19,0,30,25,30,30,26,0,0,68,61,286,20,0,0,0.05,6
519,30,26,4,15,26,0,19,0,30,25,30,30,26,0,0,68,61,287,20,1,1,0.05,6
520,30,26,4,15,26,0,19,0,30,25,30,30,26,0,0,68,61,288,20,1,1,0.05,6
521,30,26,4,15,26,0,19,0,30,25,30,30,26,0,0,68,61,288,20,0,0,0.05,6
522,29,26,3,15,26,0,19,1,30,25,30,29,26,0,1,69,62,289,20,2,1,0.05,6
523,30,26,4,15,26,0,19,0,30,25,30,30,26,0,0,69,62,290,20,0,1,0.05,6
524,30,26,4,15,26,0,19,0,30,25,30,30,26,0,0,69,62,290,20,0,0,0.05,6
525,30,26,4,15,26,0,19,1,30,26,30,30,26,0,0,69,62,290,20,0,0,0.05,6
526,30,26,4,15,26,0,19,2,30,26,30,30,26,0,0,69,62,291,20,1,1,0.05,6
527,30,27,3,15,27,0,19,0,30,26,30,30,27,0,1,70,63,291,20,0,0,0.05,6
528,30,27,3,15,27,0,19,2,30,26,30,30,27,0,0,70,63,291,20,0,0,0.05,6
529,29,27,2,15,27,0,19,0,30,26,30,29,27,0,0,70,63,291,20,1,0,0.05,6
530,30,27,3,15,27,0,19,0,30,26,30,30,27,0,0,70,63,293,20,1,2,0.05,6
531,30,27,3,15,27,0,19,0,30,26,30,30,27,0,0,70,63,293,20,0,0,0.05,6
532,30,27,3,15,27,0,19,0,30,26,30,30,27,0,0,70,63,293,20,0,0,0.05,6
533,30,27,3,15,27,0,19,0,30,26,30,30,27,0,0,70,63,293,20,0,0,0.05,6
534,30,26,4,15,26,0,19,0,30,26,30,30,26,0,0,70,63,294,20,1,1,0.05,6
535,30,26,4,15,26,0,19,0,30,26,30,30,26,0,0,70,63,294,20,0,0,0.05,6
536,30,26,4,15,26,0,19,0,30,26,30,30,26,0,0,70,63,294,20,0,0,0.05,6
537,30,26,4,15,26,0,19,0,30,26,30,30,26,0,0,70,63,296,20,2,2,0.05,6
538,30,26,4,15,26,0,19,0,30,26,30,30,26,0,0,70,63,296,20,0,0,0.05,6
539,30,26,4,15,26,0,19,0,30,27,30,30,26,0,0,70,63,296,20,0,0,0.05,6
540,30,25,5,15,25,0,19,0,30,27,30,30,25,0,0,70,63,297,20,1,1,0.05,6
541,30,26,4,15,26,0,19,0,30,27,30,30,26,0,1,71,64,298,20,1,1,0.05,6
542,30,26,4,15,26,0,19,1,30,27,30,30,26,0,0,71,64,298,20,0,0,0.05,6
543,30,26,4,15,26,0,19,0,30,27,30,30,26,0,0,71,64,298,20,0,0,0.05,6
544,30,26,4,15,26,0,19,0,30,28,30,30,26,0,0,71,64,300,20,2,2,0.05,6
545,30,27,3,15,27,0,19,0,30,28,30,30,27,0,1,72,65,300,20,0,0,0.05,6
546,30,27,3,15,27,0,19,0,30,29,30,30,27,0,0,72,65,300,20,0,0,0.05,6
547,30,27,3,15,27,0,19,0,30,29,30,30,27,0,0,72,65,300,20,0,0,0.05,6
548,29,27,2,15,27,0,19,0,30,29,30,29,27,0,0,72,65,300,20,1,0,0.05,6
549,30,27,3,15,27,0,19,0,30,29,30,30,27,0,0,72,65,301,20,0,1,0.05,6
550,30,27,3,15,27,0,19,0,30,29,30,30,27,0,0,72,65,301,20,0,0,0.05,6
551,30,27,3,15,27,0,19,0,30,29,30,30,27,0,0,72,65,302,20,1,1,0.05,6
552,30,28,2,15,28,0,19,0,30,29,30,30,28,0,1,73,66,302,20,0,0,0.05,6
553,30,28,2,15,28,0,19,0,30,29,30,30,28,0,0,73,66,302,20,0,0,0.05,6
554,29,27,2,15,27,0,19,0,30,29,30,29,27,0,0,73,66,302,20,1,0,0.05,6
555,30,28,2,15,28,0,19,0,30,29,30,30,28,0,1,74,67,303,20,0,1,0.05,6
556,30,28,2,15,28,0,19,0,30,29,30,30,28,0,0,74,67,303,20,0,0,0.05,6
557,30,28,2,15,28,0,19,1,30,29,30,30,28,0,0,74,67,303,20,0,0,0.05,6
558,30,27,3,15,27,0,19,0,30,29,30,30,27,0,0,74,67,305,20,2,2,0.05,6
559,30,28,2,15,28,0,19,0,30,29,30,30,28,0,1,75,68,305,20,0,0,0.05,6
560,30,28,2,15,28,0,19,0,30,29,30,30,28,0,0,75,68,305,20,0,0,0.05,6
561,30,29,1,15,29,0,19,0,30,29,30,30,29,0,1,76,69,305,20,0,0,0.05,6
562,30,29,1,15,29,0,19,0,30,29,30,30,29,0,0,76,69,305,20,0,0,0.05,6
563,30,28,2,15,28,0,19,0,30,29,30,30,28,0,0,76,69,306,20,1,1,0.05,6
564,30,28,2,15,28,0,19,0,30,29,30,30,28,0,0,76,69,306,20,0,0,0.05,6
565,30,28,2,15,28,0,19,0,30,29,30,30,28,0,0,76,69,306,20,0,0,0.05,6
566,30,28,2,15,28,0,19,0,30,29,30,30,28,0,0,76,69,306,20,0,0,0.05,6
567,30,28,2,15,28,0,19,0,30,29,30,30,28,0,0,76,69,306,20,0,0,0.05,6
568,30,28,2,15,28,0,19,0,30,29,30,30,28,0,0,76,69,306,20,0,0,0.05,6
569,30,27,3,15,27,0,19,0,30,29,30,30,27,0,0,76,69,307,20,1,1,0.05,6
570,30,27,3,15,27,0,19,0,30,29,30,30,27,0,0,76,69,308,20,1,1,0.05,6
0,30,0,30,16,0,0,19,0,30,10,30,0,0,0,0,0,0,30,0,0,0,0.05,7
1,30,1,29,16,1,0,19,1,30,10,30,30,1,0,1,1,1,30,0,0,0,0.05,7
2,30,3,27,16,3,0,19,1,30,11,30,30,3,0,2,3,3,30,0,0,0,0.05,7
3,30,4,26,16,4,0,19,0,30,11,30,30,4,0,1,4,4,30,0,0,0,0.05,7
4,30,4,26,16,4,0,19,0,30,11,30,30,4,0,0,4,4,30,1,0,0,0.05,7
5,30,4,26,16,4,0,19,0,30,11,30,30,4,0,0,4,4,30,1,0,0,0.05,7
6,30,4,26,16,4,0,19,0,30,11,30,30,4,0,0,4,4,30,1,0,0,0.05,7
7,30,4,26,16,4,0,19,0,30,11,30,30,4,0,0,4,4,30,1,0,0,0.05,7
8,30,0,30,17,0,0,19,0,30,11,30,30,0,0,0,4,4,34,1,4,4,0.05,7
9,30,0,30,17,0,0,19,0,30,11,30,30,0,0,0,4,4,34,1,0,0,0.05,7
10,30,1,29,17,1,0,19,0,30,11,30,30,1,0,1,5,5,34,1,0,0,0.05,7
11,30,1,29,17,1,0,19,0,30,11,30,30,1,0,0,5,5,34,1,0,0,0.05,7
12,30,3,27,17,3,0,19,0,30,12,30,30,3,0,2,7,7,34,1,0,0,0.05,7
13,30,4,26,17,4,0,19,0,30,12,30,30,4,0,1,8,8,34,1,0,0,0.05,7
14,30,4,26,17,4,0,19,0,30,12,30,30,4,0,0,8,8,34,1,0,0,0.05,7
15,30,6,24,17,6,0,19,0,30,12,30,30,6,0,2,10,10,37,2,3,3,0.05,7
16,30,6,24,17,6,0,19,0,30,12,30,30,6,0,0,10,10,37,2,0,0,0.05,7
17,30,6,24,17,6,0,19,0,30,12,30,30,6,0,0,10,10,37,2,0,0,0.05,7
18,30,7,23,17,7,0,19,0,30,12,30,30,7,0,1,11,11,37,2,0,0,0.05,7
19,30,7,23,17,7,0,19,0,30,12,30,30,7,0,0,11,11,37,2,0,0,0.05,7
20,30,8,22,17,8,0,19,0,30,12,30,30,8,0,1,12,12,37,3,0,0,0.05,7
21,30,8,22,17,8,0,19,0,30,12,30,30,8,0,0,12,12,37,3,0,0,0.05,7
22,30,7,23,17,7,0,19,0,30,12,30,30,7,0,0,12,12,40,3,3,3,0.05,7
23,30,8,22,17,8,0,19,0,30,12,30,30,8,0,1,13,13,40,3,0,0,0.05,7
24,30,8,22,17,8,0,19,0,30,12,30,30,8,0,0,13,13,40,3,0,0,0.05,7
25,30,8,22,17,8,0,19,0,30,12,30,30,8,0,0,13,13,40,5,0,0,0.05,7
26,30,9,21,17,9,0,19,0,30,12,30,30,9,0,1,14,14,40,5,0,0,0.05,7
27,30,9,21,17,9,0,19,0,30,12,30,30,9,0,0,14,14,40,5,0,0,0.05,7
28,30,9,21,17,9,0,19,0,30,12,30,30,9,0,0,14,14,40,5,0,0,0.05,7
29,30,8,22,18,8,0,19,0,30,12,30,30,8,0,0,14,14,43,5,3,3,0.05,7
30,30,8,22,18,8,0,19,1,30,12,30,30,8,0,0,14,14,43,6,0,0,0.05,7
31,30,8,22,18,8,0,19,0,30,12,30,30,8,0,0,14,14,43,6,0,0,0.05,7
32,30,9,21,18,9,0,19,0,30,12,30,30,9,0,1,15,15,43,6,0,0,0.05,7
33,30,9,21,18,9,0,19,0,30,12,30,30,9,0,0,15,15,43,6,0,0,0.05,7
34,30,9,21,18,9,0,19,0,30,12,30,30,9,0,0,15,15,43,6,0,0,0.05,7
35,30,9,21,18,9,0,19,0,30,12,30,30,9,0,0,15,15,43,6,0,0,0.05,7
36,30,8,22,17,8,0,19,0,30,12,30,30,8,0,0,15,15,47,6,4,4,0.05,7
37,30,10,20,17,10,0,19,0,30,12,30,30,10,0,2,17,17,47,6,0,0,0.05,7
38,30,10,20,17,10,0,19,0,30,12,30,30,10,0,0,17,17,47,6,0,0,0.05,7
39,30,12,18,17,12,0,19,0,30,12,30,30,12,0,2,19,19,47,6,0,0,0.05,7
40,30,12,18,17,12,0,19,0,30,3,30,30,12,0,0,19,19,47,6,0,0,0.05,7
41,30,12,18,17,12,0,19,0,30,3,30,30,12,0,0,19,19,47,6,0,0,0.05,7
42,30,12,18,17,12,0,19,0,30,3,30,30,12,0,0,19,19,47,6,0,0,0.05,7
43,30,12,18,17,12,0,19,0,30,3,30,30,12,0,0,19,19,48,6,1,1,0.05,7
44,30,13,17,17,13,0,19,0,30,3,30,30,13,0,1,20,20,48,7,0,0,0.05,7
45,30,13,17,17,13,0,19,1,30,4,30,30,13,0,0,20,20,48,9,0,0,0.05,7
46,30,13,17,17,13,0,19,0,30,4,30,30,13,0,0,20,20,48,9,0,0,0.05,7
47,30,14,16,17,14,0,19,0,30,4,30,30,14,0,1,21,21,48,9,0,0,0.05,7
48,30,14,16,17,14,0,19,0,30,4,30,30,14,0,0,21,21,48,9,0,0,0.05,7
49,30,14,16,17,14,0,19,0,30,4,30,30,14,0,0,21,21,48,10,0,0,0.05,7
50,29,11,18,19,11,0,19,0,30,4,30,29,11,1,0,21,21,50,10,3,2,0.05,7
51,30,11,19,20,11,0,19,0,30,4,30,30,11,0,0,21,21,51,10,0,1,0.05,7
52,30,11,19,20,11,0,19,0,30,4,30,30,11,0,0,21,21,51,10,0,0,0.05,7
53,30,11,19,20,11,0,19,0,30,4,30,30,11,0,0,21,21,51,10,0,0,0.05,7
54,30,11,19,20,11,0,19,0,30,4,30,30,11,0,0,21,21,51,10,0,0,0.05,7
55,30,11,19,20,11,0,19,0,30,4,30,30,11,0,0,21,21,51,10,0,0,0.05,7
56,30,11,19,20,11,0,19,0,30,4,30,30,11,0,0,21,21,51,10,0,0,0.05,7
57,29,11,18,18,11,0,19,0,30,4,30,29,11,1,1,22,22,53,10,3,2,0.05,7
58,30,11,19,19,11,0,19,0,30,4,30,30,11,0,0,22,22,54,10,0,1,0.05,7
59,30,11,19,19,11,0,19,0,30,4,30,30,11,0,0,22,22,54,10,0,0,0.05,7
60,30,11,19,19,11,0,19,0,30,4,30,30,11,0,0,22,22,54,10,0,0,0.05,7
61,30,11,19,19,11,0,19,0,30,4,30,30,11,0,0,22,22,54,10,0,0,0.05,7
62,30,11,19,19,11,0,19,0,30,4,30,30,11,0,0,22,22,54,10,0,0,0.05,7
63,30,11,19,19,11,0,19,0,30,4,30,30,11,0,0,22,22,54,10,0,0,0.05,7
64,30,12,18,19,12,1,19,0,30,4,30,30,12,0,0,23,22,56,10,2,2,0.05,7
65,30,11,19,19,11,1,19,0,30,4,30,30,11,0,0,23,22,58,10,2,2,0.05,7
66,30,12,18,19,12,1,19,0,30,4,30,30,12,0,1,24,23,58,10,0,0,0.05,7
67,30,12,18,19,12,1,19,0,30,5,30,30,12,0,0,24,23,58,10,0,0,0.05,7
68,30,12,18,19,12,1,19,0,30,5,30,30,12,0,0,24,23,58,10,0,0,0.05,7
69,30,12,18,19,12,1,19,0,30,5,30,30,12,0,0,24,23,58,10,0,0,0.05,7
70,30,12,18,19,12,1,19,0,30,5,30,30,12,0,0,24,23,58,10,0,0,0.05,7
71,29,11,18,18,11,0,19,0,30,5,30,29,11,1,0,24,23,59,10,2,1,0.05,7
72,30,11,19,19,11,0,19,0,30,5,30,30,11,0,0,24,23,61,10,1,2,0.05,7
73,30,11,19,19,11,0,19,0,30,5,30,30,11,0,0,24,23,61,10,0,0,0.05,7
74,30,11,19,19,11,0,19,0,30,5,30,30,11,0,0,24,23,61,10,0,0,0.05,7
75,30,11,19,19,11,0,19,0,30,5,30,30,11,0,0,24,23,61,10,0,0,0.05,7
76,30,11,19,19,11,0,19,0,30,5,30,30,11,0,0,24,23,61,10,0,0,0.05,7
77,30,11,19,19,11,0,19,0,30,5,30,30,11,0,0,24,23,61,10,0,0,0.05,7
78,30,11,19,19,11,0,19,0,30,5,30,30,11,0,0,24,23,62,10,1,1,0.05,7
79,30,10,20,19,10,0,19,0,30,5,30,30,10,0,0,24,23,65,10,3,3,0.05,7
80,30,10,20,19,10,0,19,0,30,5,30,30,10,0,0,24,23,65,10,0,0,0.05,7
81,30,10,20,19,10,0,19,0,30,5,30,30,10,0,0,24,23,65,10,0,0,0.05,7
82,30,10,20,19,10,0,19,0,30,5,30,30,10,0,0,24,23,65,10,0,0,0.05,7
83,30,10,20,19,10,0,19,0,30,5,30,30,10,0,0,24,23,65,10,0,0,0.05,7
84,30,10,20,19,10,0,19,0,30,5,30,30,10,0,0,24,23,65,10,0,0,0.05,7
85,29,10,19,19,10,0,19,0,30,5,30,29,10,0,0,24,23,65,10,1,0,0.05,7
86,30,11,19,19,11,0,19,0,30,5,30,30,11,0,1,25,24,69,10,3,4,0.05,7
87,30,11,19,19,11,0,19,0,30,5,30,30,11,0,0,25,24,69,10,0,0,0.05,7
88,30,11,19,19,11,0,19,0,30,6,30,30,11,0,0,25,24,69,10,0,0,0.05,7
89,30,11,19,19,11,0,19,0,30,6,30,30,11,0,0,25,24,69,10,0,0,0.05,7
90,30,11,19,19,11,0,19,0,30,6,30,30,11,0,0,25,24,69,10,0,0,0.05,7
91,30,11,19,19,11,0,19,0,30,6,30,30,11,0,0,25,24,69,10,0,0,0.05,7
92,30,11,19,19,11,0,19,0,30,6,30,30,11,0,0,25,24,69,10,0,0,0.05,7
93,30,11,19,19,11,0,19,0,30,7,30,30,11,0,0,25,24,73,10,4,4,0.05,7
94,30,11,19,19,11,0,19,0,30,7,30,30,11,0,0,25,24,73,10,0,0,0.05,7
95,30,11,19,19,11,0,19,0,30,7,30,30,11,0,0,25,24,73,10,0,0,0.05,7
96,30,11,19,19,11,0,19,0,30,7,30,30,11,0,0,25,24,73,10,0,0,0.05,7
97,30,11,19,19,11,0,19,0,30,7,30,30,11,0,0,25,24,73,10,0,0,0.05,7
98,30,11,19,19,11,0,19,0,30,7,30,30,11,0,0,25,24,73,10,0,0,0.05,7
99,30,11,19,19,11,0,19,0,30,7,30,30,11,0,0,25,24,73,10,0,0,0.05,7
100,30,11,19,19,11,0,19,0,30,7,30,30,11,0,0,25,24,77,10,4,4,0.05,7
101,30,11,19,19,11,0,19,0,30,7,30,30,11,0,0,25,24,77,10,0,0,0.05,7
102,30,11,19,19,11,0,19,0,30,7,30,30,11,0,0,25,24,77,10,0,0,0.05,7
103,30,11,19,19,11,0,19,0,30,7,30,30,11,0,0,25,24,77,10,0,0,0.05,7
104,30,11,19,19,11,0,19,0,30,7,30,30,11,0,0,25,24,77,10,0,0,0.05,7
105,30,12,18,19,12,0,19,0,30,7,30,30,12,0,1,26,25,77,10,0,0,0.05,7
106,30,12,18,19,12,0,19,0,30,7,30,30,12,0,0,26,25,77,10,0,0,0.05,7
107,30,12,18,19,12,0,19,0,30,7,30,30,12,0,0,26,25,80,10,3,3,0.05,7
108,30,12,18,19,12,0,19,0,30,7,30,30,12,0,0,26,25,80,10,0,0,0.05,7
109,30,12,18,19,12,0,19,0,30,7,30,30,12,0,0,26,25,80,10,0,0,0.05,7
110,30,12,18,19,12,0,19,0,30,7,30,30,12,0,0,26,25,80,10,0,0,0.05,7
111,30,12,18,19,12,0,19,0,30,7,30,30,12,0,0,26,25,80,10,0,0,0.05,7
112,30,12,18,19,12,0,19,0,30,7,30,30,12,0,0,26,25,80,10,0,0,0.05,7
113,30,13,17,19,13,0,19,0,30,7,30,30,13,0,1,27,26,80,10,0,0,0.05,7
114,28,12,16,18,12,0,19,0,30,7,30,28,12,1,0,27,26,82,10,4,2,0.05,7
115,30,12,18,19,12,0,19,0,30,7,30,30,12,0,0,27,26,84,10,0,2,0.05,7
116,30,12,18,19,12,0,19,0,30,7,30,30,12,0,0,27,26,84,10,0,0,0.05,7
117,30,12,18,19,12,0,19,0,30,7,30,30,12,0,0,27,26,84,10,0,0,0.05,7
118,30,12,18,19,12,0,19,0,30,7,30,30,12,0,0,27,26,84,10,0,0,0.05,7
119,30,12,18,19,12,0,19,0,30,7,30,30,12,0,0,27,26,84,10,0,0,0.05,7
120,30,12,18,19,12,0,19,0,30,7,30,30,12,0,0,27,26,84,10,0,0,0.05,7
121,30,13,17,19,13,1,19,0,30,7,30,30,13,0,0,28,26,86,10,2,2,0.05,7
122,30,13,17,19,13,1,19,0,30,7,30,30,13,0,0,28,26,88,10,2,2,0.05,7
123,30,13,17,19,13,1,19,0,30,7,30,30,13,0,0,28,26,88,10,0,0,0.05,7
124,30,13,17,19,13,1,19,0,30,7,30,30,13,0,0,28,26,88,10,0,0,0.05,7
125,30,13,17,19,13,1,19,0,30,7,30,30,13,0,0,28,26,88,10,0,0,0.05,7
126,30,13,17,19,13,1,19,0,30,7,30,30,13,0,0,28,26,88,10,0,0,0.05,7
127,30,13,17,19,13,1,19,0,30,7,30,30,13,0,0,28,26,88,10,0,0,0.05,7
128,30,12,18,19,12,0,19,0,30,7,30,30,12,0,0,28,26,90,10,2,2,0.05,7
129,30,12,18,19,12,0,19,1,30,7,30,30,12,0,0,28,26,92,10,2,2,0.05,7
130,30,12,18,19,12,0,19,0,30,7,30,30,12,0,0,28,26,92,10,0,0,0.05,7
131,30,12,18,19,12,0,19,0,30,7,30,30,12,0,0,28,26,92,10,0,0,0.05,7
132,30,12,18,19,12,0,19,0,30,7,30,30,12,0,0,28,26,92,10,0,0,0.05,7
133,30,12,18,19,12,0,19,0,30,7,30,30,12,0,0,28,26,92,10,0,0,0.05,7
134,30,12,18,19,12,0,19,0,30,7,30,30,12,0,0,28,26,92,10,0,0,0.05,7
135,29,12,17,18,12,0,19,0,30,7,30,29,12,1,0,28,26,93,10,2,1,0.05,7
136,30,12,18,19,12,0,19,0,30,7,30,30,12,0,0,28,26,96,10,2,3,0.05,7
137,30,12,18,19,12,0,19,0,30,7,30,30,12,0,0,28,26,96,10,0,0,0.05,7
138,30,12,18,19,12,0,19,0,30,7,30,30,12,0,0,28,26,96,10,0,0,0.05,7
139,30,12,18,19,12,0,19,0,30,7,30,30,12,0,0,28,26,96,10,0,0,0.05,7
140,30,12,18,19,12,0,19,0,30,8,30,30,12,0,0,28,26,96,10,0,0,0.05,7
141,30,12,18,19,12,0,19,0,30,8,30,30,12,0,0,28,26,96,10,0,0,0.05,7
142,29,12,17,18,12,0,19,0,30,8,30,29,12,1,0,28,26,96,10,1,0,0.05,7
143,30,12,18,19,12,0,19,0,30,8,30,30,12,0,0,28,26,100,10,3,4,0.05,7
144,30,12,18,19,12,0,19,0,30,8,30,30,12,0,0,28,26,100,10,0,0,0.05,7
145,30,12,18,19,12,0,19,0,30,8,30,30,12,0,0,28,26,100,10,0,0,0.05,7
146,30,12,18,19,12,0,19,0,30,8,30,30,12,0,0,28,26,100,10,0,0,0.05,7
147,30,12,18,19,12,0,19,0,30,8,30,30,12,0,0,28,26,100,10,0,0,0.05,7
148,30,12,18,19,12,0,19,0,30,8,30,30,12,0,0,28,26,100,10,0,0,0.05,7
149,30,12,18,19,12,0,19,0,30,8,30,30,12,0,0,28,26,100,10,0,0,0.05,7
150,29,12,17,19,12,0,19,0,30,8,30,29,12,0,0,28,26,103,10,4,3,0.05,7
151,30,12,18,19,12,0,19,0,30,8,30,30,12,0,0,28,26,104,10,0,1,0.05,7
152,30,12,18,19,12,0,19,0,30,8,30,30,12,0,0,28,26,104,10,0,0,0.05,7
153,30,12,18,19,12,0,19,0,30,9,30,30,12,0,0,28,26,104,10,0,0,0.05,7
154,30,12,18,19,12,0,19,0,30,9,30,30,12,0,0,28,26,104,10,0,0,0.05,7
155,30,12,18,19,12,0,19,0,30,9,30,30,12,0,0,28,26,104,10,0,0,0.05,7
156,30,12,18,19,12,0,19,0,30,9,30,30,12,0,0,28,26,104,10,0,0,0.05,7
157,30,12,18,19,12,0,19,0,30,9,30,30,12,0,0,28,26,107,10,3,3,0.05,7
158,30,12,18,19,12,0,19,0,30,10,30,30,12,0,0,28,26,108,10,1,1,0.05,7
159,30,12,18,19,12,0,19,0,30,10,30,30,12,0,0,28,26,108,10,0,0,0.05,7
160,30,12,18,19,12,0,19,0,30,10,30,30,12,0,0,28,26,108,10,0,0,0.05,7
161,30,12,18,19,12,0,19,0,30,11,30,30,12,0,0,28,26,108,10,0,0,0.05,7
162,30,12,18,19,12,0,19,0,30,11,30,30,12,0,0,28,26,108,10,0,0,0.05,7
163,30,12,18,19,12,0,19,0,30,11,30,30,12,0,0,28,26,108,10,0,0,0.05,7
164,30,12,18,19,12,0,19,0,30,11,30,30,12,0,0,28,26,111,10,3,3,0.05,7
165,30,12,18,19,12,0,19,0,30,11,30,30,12,0,0,28,26,112,10,1,1,0.05,7
166,30,12,18,19,12,0,19,0,30,11,30,30,12,0,0,28,26,112,10,0,0,0.05,7
167,30,12,18,19,12,0,19,0,30,11,30,30,12,0,0,28,26,112,10,0,0,0.05,7
168,30,12,18,19,12,0,19,0,30,11,30,30,12,0,0,28,26,112,10,0,0,0.05,7
169,30,12,18,19,12,0,19,0,30,11,30,30,12,0,0,28,26,112,10,0,0,0.05,7
170,30,12,18,19,12,0,19,0,30,11,30,30,12,0,0,28,26,112,10,0,0,0.05,7
171,29,12,17,18,12,0,19,0,30,11,30,29,12,1,0,28,26,114,10,3,2,0.05,7
172,30,12,18,19,12,0,19,0,30,11,30,30,12,0,0,28,26,116,10,1,2,0.05,7
173,30,12,18,19,12,0,19,0,30,11,30,30,12,0,0,28,26,116,10,0,0,0.05,7
174,30,12,18,19,12,0,19,0,30,11,30,30,12,0,0,28,26,116,10,0,0,0.05,7
175,30,12,18,19,12,0,19,0,30,11,30,30,12,0,0,28,26,116,10,0,0,0.05,7
176,30,12,18,19,12,0,19,0,30,11,30,30,12,0,0,28,26,116,10,0,0,0.05,7
177,30,13,17,19,13,0,19,0,30,11,30,30,13,0,1,29,27,116,10,0,0,0.05,7
178,30,13,17,19,13,0,19,0,30,11,30,30,13,0,0,29,27,118,10,2,2,0.05,7
179,30,13,17,19,13,0,19,0,30,11,30,30,13,0,0,29,27,119,10,1,1,0.05,7
180,30,13,17,19,13,0,19,0,30,11,30,30,13,0,0,29,27,119,10,0,0,0.05,7
181,30,13,17,19,13,0,19,0,30,12,30,30,13,0,0,29,27,119,10,0,0,0.05,7
182,30,13,17,19,13,0,19,0,30,12,30,30,13,0,0,29,27,119,10,0,0,0.05,7
183,30,13,17,19,13,0,19,0,30,12,30,30,13,0,0,29,27,119,10,0,0,0.05,7
184,30,13,17,19,13,0,19,0,30,12,30,30,13,0,0,29,27,119,10,0,0,0.05,7
185,29,13,16,18,13,0,19,0,30,12,30,29,13,1,0,29,27,120,10,2,1,0.05,7
186,30,12,18,19,12,0,19,0,30,12,30,30,12,0,0,29,27,123,10,2,3,0.05,7
187,30,12,18,19,12,0,19,0,30,12,30,30,12,0,0,29,27,123,10,0,0,0.05,7
188,30,12,18,19,12,0,19,0,30,12,30,30,12,0,0,29,27,123,10,0,0,0.05,7
189,30,12,18,19,12,0,19,0,30,12,30,30,12,0,0,29,27,123,10,0,0,0.05,7
190,30,12,18,19,12,0,19,0,30,12,30,30,12,0,0,29,27,123,10,0,0,0.05,7
191,30,12,18,19,12,0,19,0,30,12,30,30,12,0,0,29,27,123,10,0,0,0.05,7
192,30,12,18,19,12,0,19,0,30,12,30,30,12,0,0,29,27,124,10,1,1,0.05,7
193,29,12,17,19,12,0,19,0,30,12,30,29,12,0,0,29,27,126,10,3,2,0.05,7
194,30,12,18,19,12,0,19,0,30,12,30,30,12,0,0,29,27,127,10,0,1,0.05,7
195,30,12,18,19,12,0,19,0,30,12,30,30,12,0,0,29,27,127,10,0,0,0.05,7
196,30,12,18,19,12,0,19,0,30,12,30,30,12,0,0,29,27,127,10,0,0,0.05,7
197,30,12,18,19,12,0,19,0,30,12,30,30,12,0,0,29,27,127,10,0,0,0.05,7
198,30,13,17,19,13,0,19,1,30,12,30,30,13,0,1,30,28,127,10,0,0,0.05,7
199,30,13,17,19,13,0,19,0,30,12,30,30,13,0,0,30,28,128,10,1,1,0.05,7
200,30,13,17,19,13,0,19,0,30,12,30,30,13,0,0,30,28,129,10,1,1,0.05,7
201,30,13,17,19,13,0,19,0,30,12,30,30,13,0,0,30,28,130,10,1,1,0.05,7
202,30,13,17,19,13,0,19,0,30,12,30,30,13,0,0,30,28,130,10,0,0,0.05,7
203,30,13,17,19,13,0,19,0,30,12,30,30,13,0,0,30,28,130,10,0,0,0.05,7
204,30,13,17,19,13,0,19,0,30,12,30,30,13,0,0,30,28,130,10,0,0,0.05,7
205,30,13,17,19,13,0,19,0,30,12,30,30,13,0,0,30,28,130,10,0,0,0.05,7
206,29,13,16,18,13,0,19,0,30,13,30,29,13,1,0,30,28,130,10,1,0,0.05,7
207,30,12,18,19,12,0,19,0,30,13,30,30,12,0,0,30,28,133,10,2,3,0.05,7
208,30,12,18,19,12,0,19,0,30,13,30,30,12,0,0,30,28,134,10,1,1,0.05,7
209,30,12,18,19,12,0,19,0,30,13,30,30,12,0,0,30,28,134,10,0,0,0.05,7
210,30,12,18,19,12,0,19,0,30,13,30,30,12,0,0,30,28,134,10,0,0,0.05,7
211,30,12,18,19,12,0,19,0,30,13,30,30,12,0,0,30,28,134,10,0,0,0.05,7
212,30,12,18,19,12,0,19,0,30,13,30,30,12,0,0,30,28,134,10,0,0,0.05,7
213,30,12,18,19,12,0,19,0,30,13,30,30,12,0,0,30,28,134,10,0,0,0.05,7
214,30,12,18,19,12,0,19,0,30,13,30,30,12,0,0,30,28,137,10,3,3,0.05,7
215,30,12,18,19,12,0,19,0,30,13,30,30,12,0,0,30,28,138,10,1,1,0.05,7
216,30,12,18,19,12,0,19,0,30,13,30,30,12,0,0,30,28,138,10,0,0,0.05,7
217,30,12,18,19,12,0,19,0,30,13,30,30,12,0,0,30,28,138,10,0,0,0.05,7
218,30,12,18,19,12,0,19,0,30,14,30,30,12,0,0,30,28,138,10,0,0,0.05,7
219,30,12,18,19,12,0,19,0,30,14,30,30,12,0,0,30,28,138,10,0,0,0.05,7
220,30,12,18,19,12,0,19,0,30,2,30,30,12,0,0,30,28,138,10,0,0,0.05,7
221,30,12,18,19,12,0,19,0,30,3,30,30,12,0,0,30,28,141,10,3,3,0.05,7
222,30,12,18,19,12,0,19,0,30,3,30,30,12,0,0,30,28,142,10,1,1,0.05,7
223,30,12,18,19,12,0,19,0,30,3,30,30,12,0,0,30,28,142,10,0,0,0.05,7
224,30,12,18,19,12,0,19,0,30,3,30,30,12,0,0,30,28,142,10,0,0,0.05,7
225,30,12,18,19,12,0,19,0,30,3,30,30,12,0,0,30,28,142,10,0,0,0.05,7
226,30,12,18,19,12,0,19,0,30,4,30,30,12,0,0,30,28,142,10,0,0,0.05,7
227,30,12,18,19,12,0,19,0,30,4,30,30,12,0,0,30,28,142,10,0,0,0.05,7
228,30,12,18,19,12,0,19,0,30,4,30,30,12,0,0,30,28,145,10,3,3,0.05,7
229,29,12,17,19,12,0,19,0,30,4,30,29,12,0,0,30,28,145,10,1,0,0.05,7
230,30,12,18,19,12,0,19,0,30,4,30,30,12,0,0,30,28,146,10,0,1,0.05,7
231,30,12,18,19,12,0,19,0,30,4,30,30,12,0,0,30,28,146,10,0,0,0.05,7
232,30,12,18,19,12,0,19,0,30,4,30,30,12,0,0,30,28,146,10,0,0,0.05,7
233,30,12,18,19,12,0,19,0,30,4,30,30,12,0,0,30,28,146,10,0,0,0.05,7
234,30,12,18,19,12,0,19,0,30,4,30,30,12,0,0,30,28,146,10,0,0,0.05,7
235,29,12,17,18,12,0,19,0,30,4,30,29,12,1,0,30,28,148,10,3,2,0.05,7
236,30,12,18,19,12,0,19,0,30,4,30,30,12,0,0,30,28,149,10,0,1,0.05,7
237,30,12,18,19,12,0,19,0,30,4,30,30,12,0,0,30,28,150,10,1,1,0.05,7
238,30,12,18,19,12,0,19,0,30,4,30,30,12,0,0,30,28,150,10,0,0,0.05,7
239,30,13,17,19,13,0,19,0,30,4,30,30,13,0,1,31,29,150,10,0,0,0.05,7
240,30,13,17,19,13,0,19,0,30,4,30,30,13,0,0,31,29,150,10,0,0,0.05,7
241,30,13,17,19,13,0,19,0,30,5,30,30,13,0,0,31,29,150,10,0,0,0.05,7
242,30,15,15,19,15,2,19,0,30,5,30,30,15,0,0,33,29,152,10,2,2,0.05,7
243,30,15,15,19,15,2,19,0,30,5,30,30,15,0,0,33,29,152,10,0,0,0.05,7
244,30,15,15,19,15,2,19,0,30,5,30,30,15,0,0,33,29,153,10,1,1,0.05,7
245,30,15,15,19,15,2,19,0,30,5,30,30,15,0,0,33,29,153,10,0,0,0.05,7
246,30,15,15,19,15,2,19,0,30,5,30,30,15,0,0,33,29,153,10,0,0,0.05,7
247,30,15,15,19,15,2,19,0,30,5,30,30,15,0,0,33,29,153,10,0,0,0.05,7
248,30,15,15,19,15,2,19,0,30,5,30,30,15,0,0,33,29,153,10,0,0,0.05,7
249,30,13,17,19,13,0,19,0,30,5,30,30,13,0,0,33,29,155,10,2,2,0.05,7
250,30,12,18,19,12,0,19,0,30,5,30,30,12,0,0,33,29,156,10,1,1,0.05,7
251,29,12,17,19,12,0,19,0,30,5,30,29,12,0,0,33,29,156,10,1,0,0.05,7
252,30,12,18,19,12,0,19,0,30,5,30,30,12,0,0,33,29,157,10,0,1,0.05,7
253,30,13,17,19,13,0,19,0,30,5,30,30,13,0,1,34,30,157,10,0,0,0.05,7
254,30,13,17,19,13,0,19,0,30,5,30,30,13,0,0,34,30,157,10,0,0,0.05,7
255,30,13,17,19,13,0,19,0,30,5,30,30,13,0,0,34,30,157,10,0,0,0.05,7
256,29,13,16,18,13,0,19,0,30,5,30,29,13,1,0,34,30,157,10,1,0,0.05,7
257,30,13,17,19,13,0,19,0,30,5,30,30,13,0,0,34,30,159,10,1,2,0.05,7
258,30,14,16,19,14,0,19,0,30,6,30,30,14,0,1,35,31,159,10,0,0,0.05,7
259,30,14,16,19,14,0,19,0,30,7,30,30,14,0,0,35,31,160,10,1,1,0.05,7
260,30,14,16,19,14,0,19,0,30,7,30,30,14,0,0,35,31,160,10,0,0,0.05,7
261,30,14,16,19,14,0,19,0,30,7,30,30,14,0,0,35,31,160,10,0,0,0.05,7
262,30,14,16,19,14,0,19,0,30,7,30,30,14,0,0,35,31,160,10,0,0,0.05,7
263,30,13,17,19,13,0,19,0,30,8,30,30,13,0,0,35,31,161,10,1,1,0.05,7
264,30,13,17,19,13,0,19,0,30,8,30,30,13,0,0,35,31,163,10,2,2,0.05,7
265,30,13,17,19,13,0,19,0,30,9,30,30,13,0,0,35,31,163,10,0,0,0.05,7
266,30,13,17,19,13,0,19,0,30,9,30,30,13,0,0,35,31,164,10,1,1,0.05,7
267,30,13,17,19,13,0,19,0,30,9,30,30,13,0,0,35,31,164,10,0,0,0.05,7
268,30,13,17,19,13,0,19,0,30,9,30,30,13,0,0,35,31,164,10,0,0,0.05,7
269,30,13,17,19,13,0,19,0,30,9,30,30,13,0,0,35,31,164,10,0,0,0.05,7
270,29,13,16,18,13,0,19,0,30,9,30,29,13,1,0,35,31,164,10,1,0,0.05,7
271,30,13,17,19,13,0,19,0,30,9,30,30,13,0,0,35,31,167,10,2,3,0.05,7
272,30,13,17,19,13,0,19,0,30,9,30,30,13,0,0,35,31,167,10,0,0,0.05,7
273,30,13,17,19,13,0,19,0,30,9,30,30,13,0,0,35,31,168,10,1,1,0.05,7
274,30,14,16,19,14,0,19,0,30,10,30,30,14,0,1,36,32,168,10,0,0,0.05,7
275,30,14,16,19,14,0,19,0,30,10,30,30,14,0,0,36,32,168,10,0,0,0.05,7
276,30,14,16,19,14,0,19,0,30,10,30,30,14,0,0,36,32,168,10,0,0,0.05,7
277,30,14,16,19,14,0,19,0,30,10,30,30,14,0,0,36,32,168,10,0,0,0.05,7
278,30,14,16,19,14,0,19,0,30,10,30,30,14,0,0,36,32,170,10,2,2,0.05,7
279,30,14,16,19,14,0,19,0,30,10,30,30,14,0,0,36,32,170,10,0,0,0.05,7
280,30,14,16,19,14,0,19,0,30,10,30,30,14,0,0,36,32,171,10,1,1,0.05,7
281,30,14,16,19,14,0,19,0,30,10,30,30,14,0,0,36,32,171,10,0,0,0.05,7
282,30,14,16,19,14,0,19,0,30,10,30,30,14,0,0,36,32,171,10,0,0,0.05,7
283,30,14,16,19,14,0,19,0,30,10,30,30,14,0,0,36,32,171,10,0,0,0.05,7
284,30,14,16,19,14,0,19,0,30,10,30,30,14,0,0,36,32,171,10,0,0,0.05,7
285,30,13,17,19,13,0,19,1,30,10,30,30,13,0,0,36,32,174,10,3,3,0.05,7
286,30,13,17,19,13,0,19,0,30,10,30,30,13,0,0,36,32,174,10,0,0,0.05,7
287,30,13,17,19,13,0,19,0,30,10,30,30,13,0,0,36,32,175,10,1,1,0.05,7
288,30,13,17,19,13,0,19,0,30,10,30,30,13,0,0,36,32,175,10,0,0,0.05,7
289,30,13,17,19,13,0,19,0,30,10,30,30,13,0,0,36,32,175,10,0,0,0.05,7
290,30,13,17,19,13,0,19,0,30,10,30,30,13,0,0,36,32,175,10,0,0,0.05,7
291,30,13,17,19,13,0,19,0,30,10,30,30,13,0,0,36,32,175,10,0,0,0.05,7
292,29,13,16,18,13,0,19,0,30,10,30,29,13,1,0,36,32,177,10,3,2,0.05,7
293,30,13,17,19,13,0,19,0,30,11,30,30,13,0,0,36,32,178,10,0,1,0.05,7
294,30,13,17,19,13,0,19,0,30,11,30,30,13,0,0,36,32,179,10,1,1,0.05,7
295,30,13,17,19,13,0,19,0,30,11,30,30,13,0,0,36,32,179,10,0,0,0.05,7
296,30,13,17,19,13,0,19,0,30,11,30,30,13,0,0,36,32,179,10,0,0,0.05,7
297,30,13,17,19,13,0,19,0,30,11,30,30,13,0,0,36,32,179,10,0,0,0.05,7
298,30,13,17,19,13,0,19,0,30,11,30,30,13,0,0,36,32,179,10,0,0,0.05,7
299,29,13,16,18,13,0,19,0,30,12,30,29,13,1,0,36,32,180,10,2,1,0.05,7
300,30,13,17,19,13,0,19,0,30,12,30,30,13,0,0,36,32,182,10,1,2,0.05,7
301,30,14,16,19,14,1,19,0,30,13,30,30,14,0,0,37,32,183,10,1,1,0.05,7
302,30,14,16,19,14,1,19,0,30,13,30,30,14,0,0,37,32,183,10,0,0,0.05,7
303,30,14,16,19,14,1,19,0,30,13,30,30,14,0,0,37,32,183,10,0,0,0.05,7
304,30,14,16,19,14,1,19,0,30,13,30,30,14,0,0,37,32,183,10,0,0,0.05,7
305,30,14,16,19,14,1,19,0,30,13,30,30,14,0,0,37,32,183,10,0,0,0.05,7
306,29,14,15,18,14,1,19,0,30,13,30,29,14,1,0,37,32,183,10,1,0,0.05,7
307,30,15,15,19,15,2,19,0,30,13,30,30,15,0,0,38,32,186,10,2,3,0.05,7
308,30,14,16,19,14,1,19,0,30,13,30,30,14,0,0,38,32,187,10,1,1,0.05,7
309,30,14,16,19,14,1,19,0,30,13,30,30,14,0,0,38,32,187,10,0,0,0.05,7
310,30,15,15,19,15,1,19,0,30,13,30,30,15,0,1,39,33,187,10,0,0,0.05,7
311,30,15,15,19,15,1,19,0,30,13,30,30,15,0,0,39,33,187,10,0,0,0.05,7
312,30,15,15,19,15,1,19,0,30,13,30,30,15,0,0,39,33,187,10,0,0,0.05,7
313,30,15,15,19,15,1,19,0,30,13,30,30,15,0,0,39,33,187,10,0,0,0.05,7
314,30,14,16,19,14,0,19,0,30,13,30,30,14,0,0,39,33,189,10,2,2,0.05,7
315,30,14,16,19,14,0,19,0,30,13,30,30,14,0,0,39,33,190,10,1,1,0.05,7
316,30,14,16,19,14,0,19,0,30,13,30,30,14,0,0,39,33,190,10,0,0,0.05,7
317,30,14,16,19,14,0,19,0,30,13,30,30,14,0,0,39,33,190,10,0,0,0.05,7
318,30,14,16,19,14,0,19,0,30,13,30,30,14,0,0,39,33,190,10,0,0,0.05,7
319,30,14,16,19,14,0,19,0,30,13,30,30,14,0,0,39,33,190,10,0,0,0.05,7
320,30,14,16,19,14,0,19,0,30,13,30,30,14,0,0,39,33,190,10,0,0,0.05,7
321,30,13,17,19,13,0,19,0,30,13,30,30,13,0,0,39,33,193,10,3,3,0.05,7
322,29,13,16,19,13,0,19,0,30,13,30,29,13,0,0,39,33,193,10,1,0,0.05,7
323,30,13,17,19,13,0,19,0,30,14,30,30,13,0,0,39,33,194,10,0,1,0.05,7
324,30,13,17,19,13,0,19,0,30,14,30,30,13,0,0,39,33,194,10,0,0,0.05,7
325,30,14,16,19,14,0,19,0,30,14,30,30,14,0,1,40,34,194,10,0,0,0.05,7
326,30,15,15,19,15,0,19,0,30,14,30,30,15,0,1,41,35,194,10,0,0,0.05,7
327,30,15,15,19,15,0,19,0,30,14,30,30,15,0,0,41,35,194,10,0,0,0.05,7
328,30,15,15,19,15,0,19,0,30,14,30,30,15,0,0,41,35,196,10,2,2,0.05,7
329,30,16,14,19,16,0,19,0,30,14,30,30,16,0,1,42,36,196,11,0,0,0.05,7
330,30,16,14,19,16,0,19,0,30,14,30,30,16,0,0,42,36,197,11,1,1,0.05,7
331,30,16,14,19,16,0,19,0,30,14,30,30,16,0,0,42,36,197,11,0,0,0.05,7
332,30,16,14,19,16,0,19,0,30,14,30,30,16,0,0,42,36,197,11,0,0,0.05,7
333,30,16,14,19,16,0,19,0,30,14,30,30,16,0,0,42,36,197,11,0,0,0.05,7
334,30,16,14,19,16,0,19,0,30,15,30,30,16,0,0,42,36,197,11,0,0,0.05,7
335,30,15,15,19,15,0,19,0,30,15,30,30,15,0,0,42,36,199,11,2,2,0.05,7
336,30,16,14,19,16,0,19,0,30,15,30,30,16,0,1,43,37,199,11,0,0,0.05,7
337,30,16,14,19,16,0,19,0,30,15,30,30,16,0,0,43,37,200,11,1,1,0.05,7
338,30,16,14,19,16,0,19,0,30,15,30,30,16,0,0,43,37,200,11,0,0,0.05,7
339,30,16,14,19,16,0,19,0,30,15,30,30,16,0,0,43,37,200,11,0,0,0.05,7
340,30,17,13,19,17,0,19,0,30,15,30,30,17,0,1,44,38,200,11,0,0,0.05,7
341,30,17,13,19,17,0,19,0,30,15,30,30,17,0,0,44,38,200,11,0,0,0.05,7
342,30,16,14,18,16,0,19,0,30,15,30,30,16,0,0,44,38,203,11,3,3,0.05,7
343,30,16,14,18,16,0,19,0,30,15,30,30,16,0,0,44,38,203,11,0,0,0.05,7
344,30,16,14,18,16,0,19,0,30,15,30,30,16,0,0,44,38,204,11,1,1,0.05,7
345,30,16,14,18,16,0,19,0,30,15,30,30,16,0,0,44,38,204,11,0,0,0.05,7
346,30,16,14,18,16,0,19,0,30,15,30,30,16,0,0,44,38,204,11,0,0,0.05,7
347,30,16,14,18,16,0,19,0,30,15,30,30,16,0,0,44,38,204,11,0,0,0.05,7
348,30,16,14,18,16,0,19,0,30,15,30,30,16,0,0,44,38,204,11,0,0,0.05,7
349,30,16,14,18,16,0,19,0,30,15,30,30,16,0,0,44,38,207,11,3,3,0.05,7
350,30,16,14,18,16,0,19,0,30,15,30,30,16,0,0,44,38,207,11,0,0,0.05,7
351,30,16,14,18,16,0,19,0,30,15,30,30,16,0,0,44,38,208,11,1,1,0.05,7
352,30,16,14,18,16,0,19,0,30,15,30,30,16,0,0,44,38,208,11,0,0,0.05,7
353,30,16,14,18,16,0,19,0,30,16,30,30,16,0,0,44,38,208,11,0,0,0.05,7
354,30,16,14,18,16,0,19,0,30,16,30,30,16,0,0,44,38,208,11,0,0,0.05,7
355,30,17,13,18,17,0,19,0,30,16,30,30,17,0,1,45,39,208,11,0,0,0.05,7
356,30,17,13,18,17,0,19,0,30,16,30,30,17,0,0,45,39,210,11,2,2,0.05,7
357,30,17,13,18,17,0,19,0,30,16,30,30,17,0,0,45,39,210,11,0,0,0.05,7
358,30,17,13,18,17,0,19,0,30,16,30,30,17,0,0,45,39,211,11,1,1,0.05,7
359,30,17,13,18,17,0,19,0,30,17,30,30,17,0,0,45,39,211,11,0,0,0.05,7
360,30,17,13,18,17,0,19,0,30,17,30,30,17,0,0,45,39,211,12,0,0,0.05,7
361,30,17,13,18,17,0,19,0,30,17,30,30,17,0,0,45,39,211,12,0,0,0.05,7
362,30,18,12,18,18,0,19,0,30,17,30,30,18,0,1,46,40,211,12,0,0,0.05,7
363,30,17,13,18,17,0,19,0,30,17,30,30,17,0,0,46,40,214,12,3,3,0.05,7
364,30,17,13,18,17,0,19,0,30,17,30,30,17,0,0,46,40,214,12,0,0,0.05,7
365,29,17,12,18,17,0,19,0,30,17,30,29,17,0,0,46,40,214,12,1,0,0.05,7
366,30,17,13,18,17,0,19,0,30,17,30,30,17,0,0,46,40,215,12,0,1,0.05,7
367,30,17,13,18,17,0,19,0,30,17,30,30,17,0,0,46,40,215,12,0,0,0.05,7
368,30,17,13,18,17,0,19,0,30,17,30,30,17,0,0,46,40,215,12,0,0,0.05,7
369,30,18,12,18,18,0,19,0,30,17,30,30,18,0,1,47,41,215,12,0,0,0.05,7
370,30,19,11,17,19,0,19,0,30,17,30,30,19,0,1,48,42,217,13,2,2,0.05,7
371,30,19,11,17,19,0,19,0,30,17,30,30,19,0,0,48,42,217,13,0,0,0.05,7
372,30,19,11,17,19,0,19,1,30,17,30,30,19,0,0,48,42,217,13,0,0,0.05,7
373,30,19,11,17,19,0,19,0,30,17,30,30,19,0,0,48,42,218,13,1,1,0.05,7
374,30,19,11,17,19,0,19,0,30,17,30,30,19,0,0,48,42,218,13,0,0,0.05,7
375,30,19,11,17,19,0,19,0,30,17,30,30,19,0,0,48,42,218,13,0,0,0.05,7
376,30,19,11,17,19,0,19,0,30,17,30,30,19,0,0,48,42,218,14,0,0,0.05,7
377,29,20,9,17,20,0,19,0,30,18,30,29,20,0,2,50,44,220,15,3,2,0.05,7
378,30,20,10,17,20,0,19,0,30,18,30,30,20,0,0,50,44,221,15,0,1,0.05,7
379,30,20,10,17,20,0,19,0,30,18,30,30,20,0,0,50,44,221,15,0,0,0.05,7
380,30,21,9,17,21,0,19,0,30,19,30,30,21,0,1,51,45,222,15,1,1,0.05,7
381,30,21,9,17,21,0,19,0,30,19,30,30,21,0,0,51,45,222,15,0,0,0.05,7
382,30,22,8,17,22,0,19,0,30,19,30,30,22,0,1,52,46,222,15,0,0,0.05,7
383,30,22,8,17,22,0,19,0,30,19,30,30,22,0,0,52,46,222,15,0,0,0.05,7
384,30,23,7,17,23,0,19,0,30,20,30,30,23,0,1,53,47,223,15,1,1,0.05,7
385,30,23,7,17,23,0,19,0,30,20,30,30,23,0,0,53,47,223,15,0,0,0.05,7
386,30,23,7,17,23,0,19,0,30,20,30,30,23,0,0,53,47,223,15,0,0,0.05,7
387,30,23,7,17,23,0,19,0,30,21,30,30,23,0,0,53,47,224,15,1,1,0.05,7
388,30,23,7,17,23,0,19,0,30,21,30,30,23,0,0,53,47,224,16,0,0,0.05,7
389,30,23,7,17,23,0,19,0,30,21,30,30,23,0,0,53,47,224,16,0,0,0.05,7
390,30,23,7,17,23,0,19,0,30,21,30,30,23,0,0,53,47,224,17,0,0,0.05,7
391,29,22,7,16,22,0,19,0,30,21,30,29,22,0,0,53,47,225,17,2,1,0.05,7
392,30,21,9,17,21,0,19,0,30,21,30,30,21,0,0,53,47,227,17,1,2,0.05,7
393,30,21,9,17,21,0,19,0,30,21,30,30,21,0,0,53,47,227,17,0,0,0.05,7
394,29,21,8,17,21,0,19,0,30,22,30,29,21,0,0,53,47,227,17,1,0,0.05,7
395,30,21,9,17,21,0,19,0,30,22,30,30,21,0,0,53,47,228,17,0,1,0.05,7
396,30,21,9,17,21,0,19,0,30,22,30,30,21,0,0,53,47,228,17,0,0,0.05,7
397,30,22,8,17,22,0,19,0,30,23,30,30,22,0,1,54,48,228,17,0,0,0.05,7
398,30,22,8,17,22,0,19,0,30,23,30,30,22,0,0,54,48,229,17,1,1,0.05,7
399,30,22,8,17,22,0,19,0,30,23,30,30,22,0,0,54,48,231,17,2,2,0.05,7
400,30,22,8,17,22,0,19,0,30,2,30,30,22,0,0,54,48,231,17,0,0,0.05,7
401,30,22,8,17,22,0,19,0,30,2,30,30,22,0,0,54,48,231,17,0,0,0.05,7
402,30,22,8,17,22,0,19,0,30,3,30,30,22,0,0,54,48,232,17,1,1,0.05,7
403,30,22,8,17,22,0,19,0,30,3,30,30,22,0,0,54,48,232,17,0,0,0.05,7
404,30,22,8,17,22,0,19,0,30,3,30,30,22,0,0,54,48,232,17,0,0,0.05,7
405,29,22,7,17,22,0,19,0,30,3,30,29,22,0,0,54,48,232,17,1,0,0.05,7
406,30,22,8,17,22,0,19,0,30,3,30,30,22,0,0,54,48,235,17,2,3,0.05,7
407,30,22,8,17,22,0,19,0,30,3,30,30,22,0,0,54,48,235,17,0,0,0.05,7
408,30,22,8,17,22,0,19,0,30,3,30,30,22,0,0,54,48,235,17,0,0,0.05,7
409,30,22,8,17,22,0,19,0,30,3,30,30,22,0,0,54,48,236,17,1,1,0.05,7
410,30,22,8,17,22,0,19,0,30,3,30,30,22,0,0,54,48,236,17,0,0,0.05,7
411,30,22,8,17,22,0,19,0,30,3,30,30,22,0,0,54,48,236,17,0,0,0.05,7
412,30,22,8,17,22,0,19,0,30,3,30,30,22,0,0,54,48,236,17,0,0,0.05,7
413,30,22,8,17,22,0,19,0,30,3,30,30,22,0,0,54,48,239,17,3,3,0.05,7
414,30,22,8,17,22,0,19,0,30,3,30,30,22,0,0,54,48,239,17,0,0,0.05,7
415,30,22,8,17,22,0,19,0,30,3,30,30,22,0,0,54,48,239,17,0,0,0.05,7
416,30,22,8,17,22,0,19,0,30,3,30,30,22,0,0,54,48,240,17,1,1,0.05,7
417,30,22,8,17,22,0,19,0,30,3,30,30,22,0,0,54,48,240,17,0,0,0.05,7
418,30,22,8,17,22,0,19,0,30,3,30,30,22,0,0,54,48,240,17,0,0,0.05,7
419,30,22,8,17,22,0,19,0,30,3,30,30,22,0,0,54,48,240,17,0,0,0.05,7
420,30,22,8,17,22,0,19,0,30,3,30,30,22,0,0,54,48,243,17,3,3,0.05,7
421,30,22,8,17,22,0,19,0,30,3,30,30,22,0,0,54,48,243,17,0,0,0.05,7
422,30,23,7,17,23,0,19,0,30,3,30,30,23,0,1,55,49,243,17,0,0,0.05,7
423,30,23,7,17,23,0,19,0,30,4,30,30,23,0,0,55,49,244,17,1,1,0.05,7
424,30,23,7,17,23,0,19,0,30,4,30,30,23,0,0,55,49,244,17,0,0,0.05,7
425,30,23,7,17,23,0,19,0,30,4,30,30,23,0,0,55,49,244,17,0,0,0.05,7
426,30,23,7,17,23,0,19,0,30,4,30,30,23,0,0,55,49,244,17,0,0,0.05,7
427,30,23,7,17,23,0,19,0,30,4,30,30,23,0,0,55,49,246,17,2,2,0.05,7
428,30,23,7,17,23,0,19,0,30,4,30,30,23,0,0,55,49,246,17,0,0,0.05,7
429,30,23,7,17,23,0,19,0,30,4,30,30,23,0,0,55,49,246,17,0,0,0.05,7
430,30,23,7,17,23,0,19,0,30,4,30,30,23,0,0,55,49,247,17,1,1,0.05,7
431,30,24,6,17,24,0,19,0,30,4,30,30,24,0,1,56,50,247,18,0,0,0.05,7
432,30,24,6,17,24,0,19,0,30,4,30,30,24,0,0,56,50,247,18,0,0,0.05,7
433,30,24,6,17,24,0,19,0,30,4,30,30,24,0,0,56,50,247,18,0,0,0.05,7
434,30,23,7,18,23,0,19,0,30,4,30,30,23,0,0,56,50,249,18,2,2,0.05,7
435,30,23,7,18,23,0,19,0,30,4,30,30,23,0,0,56,50,249,18,0,0,0.05,7
436,30,23,7,18,23,0,19,0,30,4,30,30,23,0,0,56,50,249,18,0,0,0.05,7
437,29,23,6,18,23,0,19,0,30,4,30,29,23,0,0,56,50,249,18,1,0,0.05,7
438,30,23,7,18,23,0,19,0,30,4,30,30,23,0,0,56,50,250,18,0,1,0.05,7
439,30,23,7,18,23,0,19,0,30,4,30,30,23,0,0,56,50,250,18,0,0,0.05,7
440,30,23,7,18,23,0,19,0,30,4,30,30,23,0,0,56,50,250,18,0,0,0.05,7
441,30,22,8,17,22,0,19,0,30,4,30,30,22,0,0,56,50,253,18,3,3,0.05,7
442,30,22,8,17,22,0,19,0,30,4,30,30,22,0,0,56,50,253,18,0,0,0.05,7
443,30,22,8,17,22,0,19,0,30,4,30,30,22,0,0,56,50,253,18,0,0,0.05,7
444,30,22,8,17,22,0,19,0,30,4,30,30,22,0,0,56,50,253,18,0,0,0.05,7
445,30,22,8,17,22,0,19,0,30,4,30,30,22,0,0,56,50,254,18,1,1,0.05,7
446,30,22,8,17,22,0,19,0,30,4,30,30,22,0,0,56,50,254,18,0,0,0.05,7
447,30,22,8,17,22,0,19,0,30,4,30,30,22,0,0,56,50,254,18,0,0,0.05,7
448,28,22,6,16,22,0,19,0,30,4,30,28,22,1,0,56,50,255,18,3,1,0.05,7
449,30,22,8,17,22,0,19,0,30,4,30,30,22,0,0,56,50,257,18,0,2,0.05,7
450,30,22,8,17,22,0,19,0,30,4,30,30,22,0,0,56,50,257,18,0,0,0.05,7
451,30,22,8,17,22,0,19,0,30,4,30,30,22,0,0,56,50,257,18,0,0,0.05,7
452,30,22,8,17,22,0,19,0,30,4,30,30,22,0,0,56,50,258,18,1,1,0.05,7
453,30,22,8,17,22,0,19,0,30,5,30,30,22,0,0,56,50,258,18,0,0,0.05,7
454,30,22,8,17,22,0,19,0,30,6,30,30,22,0,0,56,50,258,18,0,0,0.05,7
455,30,22,8,17,22,0,19,0,30,6,30,30,22,0,0,56,50,259,18,1,1,0.05,7
456,30,22,8,17,22,0,19,0,30,7,30,30,22,0,0,56,50,261,18,2,2,0.05,7
457,30,22,8,17,22,0,19,0,30,7,30,30,22,0,0,56,50,261,18,0,0,0.05,7
458,30,22,8,17,22,0,19,0,30,7,30,30,22,0,0,56,50,261,18,0,0,0.05,7
459,30,22,8,17,22,0,19,0,30,9,30,30,22,0,0,56,50,262,18,1,1,0.05,7
460,30,22,8,17,22,0,19,0,30,9,30,30,22,0,0,56,50,262,18,0,0,0.05,7
461,30,22,8,17,22,0,19,0,30,9,30,30,22,0,0,56,50,262,18,0,0,0.05,7
462,30,22,8,17,22,0,19,0,30,9,30,30,22,0,0,56,50,263,18,1,1,0.05,7
463,30,22,8,17,22,0,19,0,30,9,30,30,22,0,0,56,50,265,18,2,2,0.05,7
464,30,22,8,17,22,0,19,0,30,9,30,30,22,0,0,56,50,265,18,0,0,0.05,7
465,30,22,8,17,22,0,19,0,30,9,30,30,22,0,0,56,50,265,18,0,0,0.05,7
466,30,22,8,17,22,0,19,0,30,9,30,30,22,0,0,56,50,266,18,1,1,0.05,7
467,30,22,8,17,22,0,19,0,30,9,30,30,22,0,0,56,50,266,18,0,0,0.05,7
468,30,22,8,17,22,0,19,0,30,9,30,30,22,0,0,56,50,266,18,0,0,0.05,7
469,30,22,8,17,22,0,19,0,30,9,30,30,22,0,0,56,50,267,18,1,1,0.05,7
470,29,22,7,16,22,0,19,0,30,10,30,29,22,1,0,56,50,268,18,2,1,0.05,7
471,30,22,8,17,22,0,19,0,30,10,30,30,22,0,0,56,50,269,18,0,1,0.05,7
472,30,22,8,17,22,0,19,0,30,10,30,30,22,0,0,56,50,269,18,0,0,0.05,7
473,30,22,8,17,22,0,19,0,30,10,30,30,22,0,0,56,50,270,18,1,1,0.05,7
474,30,22,8,17,22,0,19,0,30,10,30,30,22,0,0,56,50,270,18,0,0,0.05,7
475,30,22,8,17,22,0,19,0,30,10,30,30,22,0,0,56,50,270,18,0,0,0.05,7
476,29,22,7,17,22,0,19,0,30,10,30,29,22,0,0,56,50,270,18,1,0,0.05,7
477,30,22,8,17,22,0,19,0,30,10,30,30,22,0,0,56,50,272,18,1,2,0.05,7
478,30,22,8,17,22,0,19,0,30,10,30,30,22,0,0,56,50,273,18,1,1,0.05,7
479,30,22,8,17,22,0,19,0,30,10,30,30,22,0,0,56,50,273,18,0,0,0.05,7
480,30,22,8,17,22,0,19,0,30,10,30,30,22,0,0,56,50,274,18,1,1,0.05,7
481,30,22,8,17,22,0,19,0,30,11,30,30,22,0,0,56,50,274,18,0,0,0.05,7
482,30,22,8,17,22,0,19,0,30,11,30,30,22,0,0,56,50,274,18,0,0,0.05,7
483,30,22,8,17,22,0,19,0,30,11,30,30,22,0,0,56,50,274,18,0,0,0.05,7
484,30,23,7,17,23,1,19,0,30,11,30,30,23,0,0,57,50,276,18,2,2,0.05,7
485,30,23,7,17,23,1,19,0,30,11,30,30,23,0,0,57,50,277,18,1,1,0.05,7
486,30,23,7,17,23,1,19,0,30,11,30,30,23,0,0,57,50,277,18,0,0,0.05,7
487,30,23,7,17,23,1,19,0,30,11,30,30,23,0,0,57,50,278,18,1,1,0.05,7
488,30,23,7,17,23,1,19,0,30,11,30,30,23,0,0,57,50,278,18,0,0,0.05,7
489,30,23,7,17,23,1,19,0,30,11,30,30,23,0,0,57,50,278,18,0,0,0.05,7
490,30,23,7,17,23,1,19,0,30,11,30,30,23,0,0,57,50,278,18,0,0,0.05,7
491,30,22,8,17,22,0,19,0,30,12,30,30,22,0,0,57,50,280,18,2,2,0.05,7
492,30,22,8,17,22,0,19,0,30,12,30,30,22,0,0,57,50,281,18,1,1,0.05,7
493,30,22,8,17,22,0,19,0,30,12,30,30,22,0,0,57,50,281,18,0,0,0.05,7
494,30,22,8,17,22,0,19,0,30,12,30,30,22,0,0,57,50,282,18,1,1,0.05,7
495,30,22,8,17,22,0,19,0,30,12,30,30,22,0,0,57,50,282,18,0,0,0.05,7
496,30,23,7,17,23,0,19,0,30,12,30,30,23,0,1,58,51,282,18,0,0,0.05,7
497,30,23,7,17,23,0,19,0,30,12,30,30,23,0,0,58,51,282,18,0,0,0.05,7
498,30,23,7,17,23,0,19,0,30,12,30,30,23,0,0,58,51,283,18,1,1,0.05,7
499,30,23,7,17,23,0,19,0,30,12,30,30,23,0,0,58,51,284,18,1,1,0.05,7
500,30,23,7,17,23,0,19,0,30,12,30,30,23,0,0,58,51,284,18,0,0,0.05,7
501,30,23,7,17,23,0,19,0,30,12,30,30,23,0,0,58,51,285,18,1,1,0.05,7
502,30,23,7,17,23,0,19,0,30,12,30,30,23,0,0,58,51,285,18,0,0,0.05,7
503,30,23,7,17,23,0,19,0,30,12,30,30,23,0,0,58,51,285,19,0,0,0.05,7
504,30,23,7,17,23,0,19,0,30,12,30,30,23,0,0,58,51,285,19,0,0,0.05,7
505,30,22,8,18,22,0,19,0,30,12,30,30,22,0,0,58,51,287,19,2,2,0.05,7
506,30,22,8,17,22,0,19,0,30,12,30,30,22,0,0,58,51,288,19,1,1,0.05,7
507,30,22,8,17,22,0,19,0,30,12,30,30,22,0,0,58,51,288,19,0,0,0.05,7
508,30,22,8,17,22,0,19,0,30,12,30,30,22,0,0,58,51,289,19,1,1,0.05,7
509,30,22,8,17,22,0,19,0,30,12,30,30,22,0,0,58,51,289,19,0,0,0.05,7
510,30,22,8,17,22,0,19,0,30,13,30,30,22,0,0,58,51,289,19,0,0,0.05,7
511,30,22,8,17,22,0,19,0,30,13,30,30,22,0,0,58,51,289,19,0,0,0.05,7
512,30,22,8,17,22,0,19,0,30,13,30,30,22,0,0,58,51,291,19,2,2,0.05,7
513,30,22,8,17,22,0,19,0,30,14,30,30,22,0,0,58,51,292,19,1,1,0.05,7
514,30,22,8,17,22,0,19,0,30,15,30,30,22,0,0,58,51,292,19,0,0,0.05,7
515,29,22,7,17,22,0,19,0,30,15,30,29,22,0,0,58,51,292,19,1,0,0.05,7
516,30,22,8,17,22,0,19,0,30,16,30,30,22,0,0,58,51,293,19,0,1,0.05,7
517,30,22,8,17,22,0,19,0,30,16,30,30,22,0,0,58,51,293,19,0,0,0.05,7
518,30,22,8,17,22,0,19,0,30,17,30,30,22,0,0,58,51,293,19,0,0,0.05,7
519,30,22,8,17,22,0,19,0,30,18,30,30,22,0,0,58,51,295,19,2,2,0.05,7
520,30,22,8,17,22,0,19,1,30,18,30,30,22,0,0,58,51,296,19,1,1,0.05,7
521,30,22,8,17,22,0,19,0,30,18,30,30,22,0,0,58,51,296,19,0,0,0.05,7
522,30,22,8,17,22,0,19,0,30,18,30,30,22,0,0,58,51,296,19,0,0,0.05,7
523,30,22,8,17,22,0,19,0,30,18,30,30,22,0,0,58,51,297,19,1,1,0.05,7
524,30,23,7,17,23,0,19,0,30,18,30,30,23,0,1,59,52,297,19,0,0,0.05,7
525,30,23,7,17,23,0,19,0,30,18,30,30,23,0,0,59,52,297,19,0,0,0.05,7
526,29,23,6,16,23,0,19,0,30,18,30,29,23,0,0,59,52,298,20,2,1,0.05,7
527,30,23,7,16,23,0,19,0,30,18,30,30,23,0,0,59,52,300,20,1,2,0.05,7
528,30,23,7,16,23,0,19,0,30,19,30,30,23,0,0,59,52,300,20,0,0,0.05,7
529,30,24,6,16,24,0,19,0,30,19,30,30,24,0,1,60,53,300,20,0,0,0.05,7
530,30,24,6,16,24,0,19,0,30,19,30,30,24,0,0,60,53,300,20,0,0,0.05,7
531,30,24,6,16,24,0,19,0,30,19,30,30,24,0,0,60,53,300,20,0,0,0.05,7
532,30,24,6,16,24,0,19,0,30,19,30,30,24,0,0,60,53,300,20,0,0,0.05,7
533,30,25,5,16,25,0,19,0,30,19,30,30,25,0,1,61,54,301,20,1,1,0.05,7
534,30,25,5,16,25,0,19,0,30,19,30,30,25,0,0,61,54,302,21,1,1,0.05,7
535,30,25,5,16,25,0,19,0,30,19,30,30,25,0,0,61,54,302,21,0,0,0.05,7
536,30,25,5,16,25,0,19,0,30,20,30,30,25,0,0,61,54,302,21,0,0,0.05,7
537,30,25,5,17,25,0,19,0,30,20,30,30,25,0,1,62,55,303,21,1,1,0.05,7
538,30,25,5,17,25,0,19,0,30,20,30,30,25,0,0,62,55,303,21,0,0,0.05,7
539,30,25,5,17,25,0,19,0,30,20,30,30,25,0,0,62,55,303,21,0,0,0.05,7
540,29,25,4,17,25,0,19,0,30,20,30,29,25,0,0,62,55,303,21,1,0,0.05,7
541,29,24,5,18,24,0,19,0,30,20,30,29,24,0,0,62,55,305,21,2,2,0.05,7
542,30,24,6,18,24,0,19,0,30,21,30,30,24,0,0,62,55,306,22,0,1,0.05,7
543,30,24,6,18,24,0,19,0,30,21,30,30,24,0,0,62,55,306,22,0,0,0.05,7
544,30,24,6,17,24,0,19,0,30,21,30,30,24,0,0,62,55,307,22,1,1,0.05,7
545,30,24,6,17,24,0,19,0,30,21,30,30,24,0,0,62,55,307,22,0,0,0.05,7
546,30,24,6,17,24,0,19,0,30,21,30,30,24,0,0,62,55,307,22,0,0,0.05,7
547,30,24,6,17,24,0,19,0,30,21,30,30,24,0,0,62,55,307,22,0,0,0.05,7
548,30,24,6,17,24,0,19,0,30,21,30,30,24,0,0,62,55,309,22,2,2,0.05,7
549,30,24,6,17,24,0,19,0,30,21,30,30,24,0,0,62,55,310,22,1,1,0.05,7
550,30,24,6,17,24,0,19,0,30,21,30,30,24,0,0,62,55,310,22,0,0,0.05,7
551,29,25,4,17,25,0,19,0,30,21,30,29,25,0,1,63,56,310,22,1,0,0.05,7
552,30,25,5,17,25,0,19,0,30,21,30,30,25,0,0,63,56,311,22,0,1,0.05,7
553,30,25,5,17,25,0,19,1,30,21,30,30,25,0,0,63,56,311,22,0,0,0.05,7
554,30,25,5,17,25,0,19,0,30,21,30,30,25,0,0,63,56,311,22,0,0,0.05,7
555,30,25,5,17,25,0,19,1,30,22,30,30,25,0,0,63,56,313,22,2,2,0.05,7
556,30,25,5,17,25,0,19,0,30,22,30,30,25,0,0,63,56,313,22,0,0,0.05,7
557,30,25,5,17,25,0,19,0,30,22,30,30,25,0,0,63,56,313,22,0,0,0.05,7
558,30,25,5,17,25,0,19,0,30,22,30,30,25,0,0,63,56,313,22,0,0,0.05,7
559,30,25,5,17,25,0,19,0,30,22,30,30,25,0,0,63,56,314,22,1,1,0.05,7
560,30,25,5,17,25,0,19,0,30,22,30,30,25,0,0,63,56,314,23,0,0,0.05,7
561,30,25,5,17,25,0,19,0,30,22,30,30,25,0,0,63,56,314,23,0,0,0.05,7
562,30,25,5,16,25,0,19,0,30,22,30,30,25,0,0,63,56,316,23,2,2,0.05,7
563,30,24,6,17,24,0,19,0,30,22,30,30,24,0,0,63,56,317,23,1,1,0.05,7
564,30,24,6,17,24,0,19,0,30,22,30,30,24,0,0,63,56,317,23,0,0,0.05,7
565,30,24,6,17,24,0,19,0,30,23,30,30,24,0,0,63,56,317,23,0,0,0.05,7
566,30,24,6,17,24,0,19,0,30,23,30,30,24,0,0,63,56,318,23,1,1,0.05,7
567,30,24,6,17,24,0,19,0,30,23,30,30,24,0,0,63,56,318,23,0,0,0.05,7
568,30,24,6,17,24,0,19,0,30,23,30,30,24,0,0,63,56,318,23,0,0,0.05,7
569,30,24,6,17,24,0,19,1,30,24,30,30,24,0,0,63,56,320,23,2,2,0.05,7
570,30,24,6,17,24,0,19,0,30,24,30,30,24,0,0,63,56,321,23,1,1,0.05,7
0,30,0,30,16,0,0,19,0,30,10,30,0,0,0,0,0,0,30,0,0,0,0.05,8
1,30,0,30,16,0,0,19,0,30,10,30,30,0,0,0,0,0,30,0,0,0,0.05,8
2,30,1,29,16,1,0,19,0,30,10,30,30,1,0,1,1,1,30,0,0,0,0.05,8
3,30,1,29,16,1,0,19,0,30,10,30,30,1,0,0,1,1,30,0,0,0,0.05,8
4,30,2,28,16,2,0,19,0,30,10,30,30,2,0,1,2,2,30,0,0,0,0.05,8
5,30,2,28,16,2,0,19,0,30,10,30,30,2,0,0,2,2,30,0,0,0,0.05,8
6,30,3,27,16,3,0,19,0,30,10,30,30,3,0,1,3,3,30,0,0,0,0.05,8
7,30,3,27,16,3,0,19,0,30,10,30,30,3,0,0,3,3,30,0,0,0,0.05,8
8,30,0,30,16,0,0,19,0,30,11,30,30,0,0,0,3,3,33,0,3,3,0.05,8
9,30,1,29,16,1,0,19,0,30,11,30,30,1,0,1,4,4,33,0,0,0,0.05,8
10,30,2,28,16,2,0,19,0,30,11,30,30,2,0,1,5,5,33,0,0,0,0.05,8
11,30,4,26,16,4,0,19,0,30,11,30,30,4,0,2,7,7,33,0,0,0,0.05,8
12,30,5,25,16,5,0,19,0,30,11,30,30,5,0,1,8,8,33,2,0,0,0.05,8
13,30,5,25,16,5,0,19,0,30,11,30,30,5,0,0,8,8,33,2,0,0,0.05,8
14,30,6,24,16,6,0,19,0,30,11,30,30,6,0,1,9,9,33,2,0,0,0.05,8
15,30,6,24,16,6,0,19,0,30,11,30,30,6,0,0,9,9,35,2,2,2,0.05,8
16,30,7,23,16,7,0,19,0,30,11,30,30,7,0,1,10,10,35,2,0,0,0.05,8
17,30,7,23,16,7,0,19,0,30,11,30,30,7,0,0,10,10,35,2,0,0,0.05,8
18,30,8,22,16,8,0,19,0,30,11,30,30,8,0,1,11,11,35,2,0,0,0.05,8
19,30,11,19,16,11,0,19,0,30,11,30,30,11,0,3,14,14,35,2,0,0,0.05,8
20,30,11,19,16,11,0,19,0,30,12,30,30,11,0,0,14,14,35,2,0,0,0.05,8
21,30,11,19,16,11,0,19,0,30,12,30,30,11,0,0,14,14,35,3,0,0,0.05,8
22,30,10,20,15,10,0,19,0,30,12,30,30,10,0,0,14,14,37,3,2,2,0.05,8
23,30,10,20,15,10,0,19,0,30,12,30,30,10,0,0,14,14,37,4,0,0,0.05,8
24,30,10,20,15,10,0,19,0,30,12,30,30,10,0,0,14,14,37,4,0,0,0.05,8
25,30,11,19,15,11,0,19,0,30,12,30,30,11,0,1,15,15,37,5,0,0,0.05,8
26,30,12,18,15,12,0,19,0,30,12,30,30,12,0,1,16,16,37,5,0,0,0.05,8
27,30,12,18,15,12,0,19,0,30,12,30,30,12,0,0,16,16,37,6,0,0,0.05,8
28,30,12,18,15,12,0,19,0,30,12,30,30,12,0,0,16,16,37,6,0,0,0.05,8
29,30,11,19,16,11,0,19,0,30,12,30,30,11,0,0,16,16,39,6,2,2,0.05,8
30,30,11,19,16,11,0,19,0,30,12,30,30,11,0,0,16,16,39,7,0,0,0.05,8
31,30,11,19,16,11,0,19,0,30,12,30,30,11,0,0,16,16,39,7,0,0,0.05,8
32,30,11,19,16,11,0,19,1,30,12,30,30,11,0,0,16,16,39,7,0,0,0.05,8
33,30,11,19,16,11,0,19,0,30,12,30,30,11,0,0,16,16,39,7,0,0,0.05,8
34,30,12,18,16,12,0,19,0,30,12,30,30,12,0,1,17,17,39,7,0,0,0.05,8
35,30,12,18,16,12,0,19,0,30,12,30,30,12,0,0,17,17,39,7,0,0,0.05,8
36,30,11,19,17,11,0,19,0,30,12,30,30,11,0,0,17,17,41,7,2,2,0.05,8
37,30,11,19,17,11,0,19,0,30,12,30,30,11,0,0,17,17,41,7,0,0,0.05,8
38,30,11,19,17,11,0,19,0,30,12,30,30,11,0,0,17,17,41,7,0,0,0.05,8
39,30,12,18,17,12,0,19,0,30,12,30,30,12,0,1,18,18,41,7,0,0,0.05,8
40,30,12,18,17,12,0,19,0,30,1,30,30,12,0,0,18,18,41,7,0,0,0.05,8
41,30,12,18,17,12,0,19,0,30,1,30,30,12,0,0,18,18,41,7,0,0,0.05,8
42,30,12,18,17,12,0,19,0,30,1,30,30,12,0,0,18,18,41,7,0,0,0.05,8
43,30,11,19,16,11,0,19,0,30,1,30,30,11,0,0,18,18,44,7,3,3,0.05,8
44,30,11,19,16,11,0,19,0,30,2,30,30,11,0,0,18,18,44,7,0,0,0.05,8
45,30,11,19,16,11,0,19,0,30,2,30,30,11,0,0,18,18,44,7,0,0,0.05,8
46,30,11,19,16,11,0,19,0,30,2,30,30,11,0,0,18,18,44,7,0,0,0.05,8
47,30,11,19,16,11,0,19,0,30,2,30,30,11,0,0,18,18,44,7,0,0,0.05,8
48,30,11,19,16,11,0,19,0,30,2,30,30,11,0,0,18,18,44,7,0,0,0.05,8
49,30,11,19,16,11,0,19,0,30,2,30,30,11,0,0,18,18,44,7,0,0,0.05,8
50,30,11,19,16,11,0,19,0,30,2,30,30,11,0,0,18,18,47,7,3,3,0.05,8
51,30,11,19,16,11,0,19,0,30,2,30,30,11,0,0,18,18,47,7,0,0,0.05,8
52,30,11,19,16,11,0,19,0,30,2,30,30,11,0,0,18,18,47,7,0,0,0.05,8
53,30,11,19,16,11,0,19,0,30,2,30,30,11,0,0,18,18,47,7,0,0,0.05,8
54,30,11,19,16,11,0,19,0,30,2,30,30,11,0,0,18,18,47,7,0,0,0.05,8
55,30,11,19,16,11,0,19,0,30,2,30,30,11,0,0,18,18,47,7,0,0,0.05,8
56,30,11,19,16,11,0,19,0,30,2,30,30,11,0,0,18,18,47,7,0,0,0.05,8
57,29,11,18,16,11,0,19,0,30,3,30,29,11,0,0,18,18,49,7,3,2,0.05,8
58,30,11,19,16,11,0,19,0,30,3,30,30,11,0,0,18,18,50,7,0,1,0.05,8
59,30,11,19,16,11,0,19,0,30,3,30,30,11,0,0,18,18,50,7,0,0,0.05,8
60,30,11,19,16,11,0,19,0,30,3,30,30,11,0,0,18,18,50,7,0,0,0.05,8
61,30,11,19,16,11,0,19,0,30,4,30,30,11,0,0,18,18,50,7,0,0,0.05,8
62,30,11,19,16,11,0,19,0,30,4,30,30,11,0,0,18,18,50,7,0,0,0.05,8
63,30,11,19,16,11,0,19,0,30,4,30,30,11,0,0,18,18,50,7,0,0,0.05,8
64,30,12,18,16,12,1,19,0,30,4,30,30,12,0,0,19,18,52,7,2,2,0.05,8
65,30,12,18,16,12,1,19,0,30,4,30,30,12,0,0,19,18,53,7,1,1,0.05,8
66,30,12,18,16,12,1,19,0,30,4,30,30,12,0,0,19,18,53,7,0,0,0.05,8
67,30,13,17,16,13,1,19,0,30,4,30,30,13,0,1,20,19,53,7,0,0,0.05,8
68,30,13,17,16,13,1,19,0,30,4,30,30,13,0,0,20,19,53,7,0,0,0.05,8
69,30,13,17,16,13,1,19,0,30,5,30,30,13,0,0,20,19,53,7,0,0,0.05,8
70,30,13,17,16,13,1,19,0,30,5,30,30,13,0,0,20,19,53,7,0,0,0.05,8
71,30,12,18,16,12,0,19,0,30,5,30,30,12,0,0,20,19,54,8,1,1,0.05,8
72,30,12,18,16,12,0,19,0,30,5,30,30,12,0,0,20,19,55,8,1,1,0.05,8
73,30,12,18,16,12,0,19,0,30,5,30,30,12,0,0,20,19,55,8,0,0,0.05,8
74,30,12,18,16,12,0,19,0,30,5,30,30,12,0,0,20,19,55,8,0,0,0.05,8
75,30,12,18,16,12,0,19,0,30,5,30,30,12,0,0,20,19,55,8,0,0,0.05,8
76,30,12,18,16,12,0,19,0,30,6,30,30,12,0,0,20,19,55,8,0,0,0.05,8
77,30,12,18,16,12,0,19,0,30,6,30,30,12,0,0,20,19,55,8,0,0,0.05,8
78,29,11,18,16,11,0,19,0,30,6,30,29,11,1,0,20,19,56,8,2,1,0.05,8
79,30,11,19,17,11,0,19,0,30,6,30,30,11,0,0,20,19,58,8,1,2,0.05,8
80,30,11,19,17,11,0,19,0,30,6,30,30,11,0,0,20,19,58,8,0,0,0.05,8
81,30,11,19,17,11,0,19,1,30,6,30,30,11,0,0,20,19,58,8,0,0,0.05,8
82,30,11,19,17,11,0,19,0,30,6,30,30,11,0,0,20,19,58,8,0,0,0.05,8
83,30,11,19,17,11,0,19,0,30,6,30,30,11,0,0,20,19,58,8,0,0,0.05,8
84,30,11,19,17,11,0,19,0,30,6,30,30,11,0,0,20,19,58,8,0,0,0.05,8
85,30,11,19,17,11,0,19,0,30,7,30,30,11,0,0,20,19,59,8,1,1,0.05,8
86,30,11,19,17,11,0,19,0,30,7,30,30,11,0,0,20,19,61,8,2,2,0.05,8
87,30,11,19,17,11,0,19,0,30,7,30,30,11,0,0,20,19,61,8,0,0,0.05,8
88,30,11,19,17,11,0,19,0,30,7,30,30,11,0,0,20,19,61,8,0,0,0.05,8
89,30,11,19,17,11,0,19,0,30,7,30,30,11,0,0,20,19,61,8,0,0,0.05,8
90,30,11,19,17,11,0,19,0,30,7,30,30,11,0,0,20,19,61,8,0,0,0.05,8
91,30,11,19,17,11,0,19,0,30,7,30,30,11,0,0,20,19,61,8,0,0,0.05,8
92,29,11,18,16,11,0,19,0,30,7,30,29,11,1,0,20,19,61,8,1,0,0.05,8
93,30,11,19,17,11,0,19,0,30,7,30,30,11,0,0,20,19,64,8,2,3,0.05,8
94,30,12,18,17,12,0,19,0,30,7,30,30,12,0,1,21,20,64,8,0,0,0.05,8
95,30,12,18,17,12,0,19,0,30,7,30,30,12,0,0,21,20,64,8,0,0,0.05,8
96,30,12,18,17,12,0,19,0,30,7,30,30,12,0,0,21,20,64,8,0,0,0.05,8
97,30,12,18,17,12,0,19,0,30,7,30,30,12,0,0,21,20,64,8,0,0,0.05,8
98,30,12,18,17,12,0,19,0,30,7,30,30,12,0,0,21,20,64,8,0,0,0.05,8
99,30,12,18,17,12,0,19,0,30,7,30,30,12,0,0,21,20,64,8,0,0,0.05,8
100,30,12,18,17,12,0,19,0,30,8,30,30,12,0,0,21,20,66,8,2,2,0.05,8
101,30,12,18,17,12,0,19,0,30,8,30,30,12,0,0,21,20,66,8,0,0,0.05,8
102,30,12,18,17,12,0,19,0,30,8,30,30,12,0,0,21,20,66,8,0,0,0.05,8
103,30,12,18,17,12,0,19,0,30,8,30,30,12,0,0,21,20,66,8,0,0,0.05,8
104,30,12,18,17,12,0,19,0,30,8,30,30,12,0,0,21,20,66,8,0,0,0.05,8
105,30,12,18,17,12,0,19,0,30,8,30,30,12,0,0,21,20,66,8,0,0,0.05,8
106,30,12,18,17,12,0,19,0,30,8,30,30,12,0,0,21,20,66,8,0,0,0.05,8
107,30,11,19,17,11,0,19,0,30,8,30,30,11,0,0,21,20,69,8,3,3,0.05,8
108,30,11,19,17,11,0,19,0,30,8,30,30,11,0,0,21,20,69,8,0,0,0.05,8
109,30,12,18,17,12,0,19,0,30,8,30,30,12,0,1,22,21,69,8,0,0,0.05,8
110,30,12,18,17,12,0,19,0,30,8,30,30,12,0,0,22,21,69,8,0,0,0.05,8
111,30,12,18,17,12,0,19,0,30,9,30,30,12,0,0,22,21,69,8,0,0,0.05,8
112,30,12,18,17,12,0,19,0,30,9,30,30,12,0,0,22,21,69,8,0,0,0.05,8
113,30,12,18,17,12,0,19,0,30,9,30,30,12,0,0,22,21,69,8,0,0,0.05,8
114,30,12,18,17,12,0,19,0,30,9,30,30,12,0,0,22,21,72,8,3,3,0.05,8
115,30,12,18,17,12,0,19,0,30,9,30,30,12,0,0,22,21,72,8,0,0,0.05,8
116,30,12,18,17,12,0,19,0,30,9,30,30,12,0,0,22,21,72,8,0,0,0.05,8
117,30,12,18,17,12,0,19,0,30,9,30,30,12,0,0,22,21,72,8,0,0,0.05,8
118,30,12,18,17,12,0,19,0,30,9,30,30,12,0,0,22,21,72,8,0,0,0.05,8
119,30,12,18,17,12,0,19,0,30,9,30,30,12,0,0,22,21,72,8,0,0,0.05,8
120,30,12,18,17,12,0,19,0,30,9,30,30,12,0,0,22,21,72,8,0,0,0.05,8
121,29,13,16,17,13,1,19,0,30,9,30,29,13,0,0,23,21,74,8,3,2,0.05,8
122,30,13,17,17,13,1,19,0,30,9,30,30,13,0,0,23,21,75,8,0,1,0.05,8
123,30,13,17,17,13,1,19,0,30,10,30,30,13,0,0,23,21,75,8,0,0,0.05,8
124,30,13,17,17,13,1,19,0,30,10,30,30,13,0,0,23,21,75,8,0,0,0.05,8
125,30,13,17,17,13,1,19,0,30,10,30,30,13,0,0,23,21,75,8,0,0,0.05,8
126,30,14,16,17,14,1,19,0,30,10,30,30,14,0,1,24,22,75,8,0,0,0.05,8
127,30,14,16,17,14,1,19,0,30,10,30,30,14,0,0,24,22,75,8,0,0,0.05,8
128,30,13,17,17,13,0,19,0,30,10,30,30,13,0,0,24,22,77,8,2,2,0.05,8
129,30,13,17,17,13,0,19,0,30,10,30,30,13,0,0,24,22,77,8,0,0,0.05,8
130,30,13,17,17,13,0,19,0,30,10,30,30,13,0,0,24,22,77,8,0,0,0.05,8
131,30,13,17,17,13,0,19,0,30,10,30,30,13,0,0,24,22,77,8,0,0,0.05,8
132,30,13,17,17,13,0,19,0,30,10,30,30,13,0,0,24,22,77,8,0,0,0.05,8
133,30,13,17,17,13,0,19,0,30,10,30,30,13,0,0,24,22,77,8,0,0,0.05,8
134,30,13,17,17,13,0,19,0,30,10,30,30,13,0,0,24,22,77,8,0,0,0.05,8
135,29,13,16,16,13,0,19,0,30,10,30,29,13,1,0,24,22,78,8,2,1,0.05,8
136,30,12,18,17,12,0,19,0,30,10,30,30,12,0,0,24,22,80,8,1,2,0.05,8
137,30,12,18,17,12,0,19,0,30,10,30,30,12,0,0,24,22,80,8,0,0,0.05,8
138,30,12,18,17,12,0,19,0,30,10,30,30,12,0,0,24,22,80,8,0,0,0.05,8
139,30,12,18,17,12,0,19,0,30,10,30,30,12,0,0,24,22,80,8,0,0,0.05,8
140,30,12,18,17,12,0,19,0,30,10,30,30,12,0,0,24,22,80,8,0,0,0.05,8
141,30,12,18,17,12,0,19,0,30,10,30,30,12,0,0,24,22,80,8,0,0,0.05,8
142,30,12,18,17,12,0,19,0,30,10,30,30,12,0,0,24,22,81,8,1,1,0.05,8
143,30,12,18,17,12,0,19,1,30,10,30,30,12,0,0,24,22,83,8,2,2,0.05,8
144,30,12,18,17,12,0,19,0,30,10,30,30,12,0,0,24,22,83,8,0,0,0.05,8
145,30,12,18,17,12,0,19,0,30,10,30,30,12,0,0,24,22,83,8,0,0,0.05,8
146,30,12,18,17,12,0,19,0,30,10,30,30,12,0,0,24,22,83,8,0,0,0.05,8
147,30,12,18,17,12,0,19,0,30,10,30,30,12,0,0,24,22,83,8,0,0,0.05,8
148,30,12,18,17,12,0,19,0,30,10,30,30,12,0,0,24,22,83,8,0,0,0.05,8
149,29,12,17,16,12,0,19,0,30,10,30,29,12,1,0,24,22,83,8,1,0,0.05,8
150,30,13,17,17,13,0,19,0,30,10,30,30,13,0,1,25,23,85,8,1,2,0.05,8
151,30,13,17,17,13,0,19,0,30,10,30,30,13,0,0,25,23,85,8,0,0,0.05,8
152,30,13,17,17,13,0,19,0,30,10,30,30,13,0,0,25,23,85,8,0,0,0.05,8
153,30,13,17,17,13,0,19,0,30,11,30,30,13,0,0,25,23,85,8,0,0,0.05,8
154,30,13,17,17,13,0,19,0,30,11,30,30,13,0,0,25,23,85,9,0,0,0.05,8
155,30,13,17,17,13,0,19,0,30,11,30,30,13,0,0,25,23,85,9,0,0,0.05,8
156,30,14,16,17,14,0,19,0,30,11,30,30,14,0,1,26,24,85,9,0,0,0.05,8
157,30,13,17,18,13,0,19,1,30,11,30,30,13,0,0,26,24,87,9,2,2,0.05,8
158,30,13,17,18,13,0,19,0,30,11,30,30,13,0,0,26,24,87,9,0,0,0.05,8
159,30,13,17,18,13,0,19,0,30,11,30,30,13,0,0,26,24,87,9,0,0,0.05,8
160,30,13,17,18,13,0,19,0,30,11,30,30,13,0,0,26,24,87,9,0,0,0.05,8
161,30,13,17,18,13,0,19,0,30,11,30,30,13,0,0,26,24,87,9,0,0,0.05,8
162,30,13,17,18,13,0,19,0,30,11,30,30,13,0,0,26,24,87,9,0,0,0.05,8
163,30,13,17,18,13,0,19,0,30,11,30,30,13,0,0,26,24,87,9,0,0,0.05,8
164,29,12,17,16,12,0,19,0,30,11,30,29,12,1,0,26,24,89,9,3,2,0.05,8
165,30,12,18,17,12,0,19,0,30,11,30,30,12,0,0,26,24,90,9,0,1,0.05,8
166,30,12,18,17,12,0,19,0,30,11,30,30,12,0,0,26,24,90,9,0,0,0.05,8
167,30,12,18,17,12,0,19,0,30,11,30,30,12,0,0,26,24,90,9,0,0,0.05,8
168,30,12,18,17,12,0,19,0,30,11,30,30,12,0,0,26,24,90,9,0,0,0.05,8
169,30,12,18,17,12,0,19,0,30,11,30,30,12,0,0,26,24,90,9,0,0,0.05,8
170,30,12,18,17,12,0,19,0,30,11,30,30,12,0,0,26,24,90,9,0,0,0.05,8
171,30,12,18,17,12,0,19,0,30,11,30,30,12,0,0,26,24,92,9,2,2,0.05,8
172,30,12,18,17,12,0,19,0,30,11,30,30,12,0,0,26,24,93,9,1,1,0.05,8
173,30,12,18,17,12,0,19,0,30,12,30,30,12,0,0,26,24,93,9,0,0,0.05,8
174,30,12,18,17,12,0,19,0,30,12,30,30,12,0,0,26,24,93,9,0,0,0.05,8
175,30,12,18,17,12,0,19,0,30,12,30,30,12,0,0,26,24,93,9,0,0,0.05,8
176,30,13,17,17,13,0,19,0,30,12,30,30,13,0,1,27,25,93,9,0,0,0.05,8
177,30,13,17,17,13,0,19,0,30,12,30,30,13,0,0,27,25,93,9,0,0,0.05,8
178,30,13,17,17,13,0,19,0,30,12,30,30,13,0,0,27,25,94,9,1,1,0.05,8
179,30,13,17,17,13,0,19,0,30,12,30,30,13,0,0,27,25,95,9,1,1,0.05,8
180,30,13,17,17,13,0,19,1,30,12,30,30,13,0,0,27,25,95,9,0,0,0.05,8
181,30,13,17,17,13,0,19,0,30,12,30,30,13,0,0,27,25,95,9,0,0,0.05,8
182,30,13,17,17,13,0,19,0,30,12,30,30,13,0,0,27,25,95,10,0,0,0.05,8
183,30,13,17,17,13,0,19,0,30,12,30,30,13,0,0,27,25,95,10,0,0,0.05,8
184,30,13,17,17,13,0,19,0,30,12,30,30,13,0,0,27,25,95,10,0,0,0.05,8
185,30,12,18,18,12,0,19,0,30,12,30,30,12,0,0,27,25,97,10,2,2,0.05,8
186,30,12,18,17,12,0,19,0,30,12,30,30,12,0,0,27,25,98,10,1,1,0.05,8
187,30,12,18,17,12,0,19,0,30,12,30,30,12,0,0,27,25,98,10,0,0,0.05,8
188,30,12,18,17,12,0,19,0,30,12,30,30,12,0,0,27,25,98,10,0,0,0.05,8
189,30,12,18,17,12,0,19,0,30,12,30,30,12,0,0,27,25,98,10,0,0,0.05,8
190,30,12,18,17,12,0,19,0,30,12,30,30,12,0,0,27,25,98,10,0,0,0.05,8
191,30,12,18,17,12,0,19,0,30,12,30,30,12,0,0,27,25,98,10,0,0,0.05,8
192,30,12,18,17,12,0,19,0,30,12,30,30,12,0,0,27,25,100,10,2,2,0.05,8
193,30,12,18,17,12,0,19,0,30,12,30,30,12,0,0,27,25,101,10,1,1,0.05,8
194,30,12,18,17,12,0,19,0,30,12,30,30,12,0,0,27,25,101,10,0,0,0.05,8
195,30,12,18,17,12,0,19,0,30,12,30,30,12,0,0,27,25,101,10,0,0,0.05,8
196,30,12,18,17,12,0,19,1,30,12,30,30,12,0,0,27,25,101,10,0,0,0.05,8
197,30,12,18,17,12,0,19,0,30,12,30,30,12,0,0,27,25,101,10,0,0,0.05,8
198,30,12,18,17,12,0,19,0,30,12,30,30,12,0,0,27,25,101,10,0,0,0.05,8
199,30,12,18,17,12,0,19,0,30,12,30,30,12,0,0,27,25,103,10,2,2,0.05,8
200,30,12,18,17,12,0,19,0,30,13,30,30,12,0,0,27,25,104,10,1,1,0.05,8
201,30,12,18,17,12,0,19,0,30,13,30,30,12,0,0,27,25,104,10,0,0,0.05,8
202,30,12,18,17,12,0,19,0,30,13,30,30,12,0,0,27,25,104,10,0,0,0.05,8
203,30,12,18,17,12,0,19,0,30,13,30,30,12,0,0,27,25,104,10,0,0,0.05,8
204,30,12,18,17,12,0,19,0,30,13,30,30,12,0,0,27,25,104,10,0,0,0.05,8
205,30,12,18,17,12,0,19,0,30,13,30,30,12,0,0,27,25,104,10,0,0,0.05,8
206,30,12,18,17,12,0,19,0,30,13,30,30,12,0,0,27,25,106,10,2,2,0.05,8
207,30,12,18,17,12,0,19,0,30,13,30,30,12,0,0,27,25,107,10,1,1,0.05,8
208,30,12,18,17,12,0,19,0,30,13,30,30,12,0,0,27,25,107,10,0,0,0.05,8
209,30,12,18,17,12,0,19,0,30,13,30,30,12,0,0,27,25,107,10,0,0,0.05,8
210,30,12,18,17,12,0,19,0,30,13,30,30,12,0,0,27,25,107,10,0,0,0.05,8
211,30,12,18,17,12,0,19,0,30,13,30,30,12,0,0,27,25,107,10,0,0,0.05,8
212,30,12,18,17,12,0,19,0,30,13,30,30,12,0,0,27,25,107,10,0,0,0.05,8
213,29,12,17,16,12,0,19,0,30,13,30,29,12,1,0,27,25,108,10,2,1,0.05,8
214,30,12,18,17,12,0,19,0,30,13,30,30,12,0,0,27,25,110,10,1,2,0.05,8
215,30,12,18,17,12,0,19,0,30,13,30,30,12,0,0,27,25,110,10,0,0,0.05,8
216,30,12,18,17,12,0,19,0,30,13,30,30,12,0,0,27,25,110,10,0,0,0.05,8
217,30,12,18,17,12,0,19,0,30,13,30,30,12,0,0,27,25,110,10,0,0,0.05,8
218,30,12,18,17,12,0,19,0,30,13,30,30,12,0,0,27,25,110,10,0,0,0.05,8
219,30,12,18,17,12,0,19,0,30,13,30,30,12,0,0,27,25,110,10,0,0,0.05,8
220,30,12,18,17,12,0,19,0,30,1,30,30,12,0,0,27,25,111,10,1,1,0.05,8
221,30,12,18,17,12,0,19,0,30,1,30,30,12,0,0,27,25,113,10,2,2,0.05,8
222,30,12,18,17,12,0,19,0,30,1,30,30,12,0,0,27,25,113,10,0,0,0.05,8
223,30,12,18,17,12,0,19,0,30,1,30,30,12,0,0,27,25,113,10,0,0,0.05,8
224,30,12,18,17,12,0,19,0,30,1,30,30,12,0,0,27,25,113,10,0,0,0.05,8
225,30,12,18,17,12,0,19,0,30,1,30,30,12,0,0,27,25,113,10,0,0,0.05,8
226,30,12,18,17,12,0,19,0,30,1,30,30,12,0,0,27,25,113,10,0,0,0.05,8
227,29,12,17,16,12,0,19,0,30,1,30,29,12,1,0,27,25,113,10,1,0,0.05,8
228,30,12,18,17,12,0,19,0,30,1,30,30,12,0,0,27,25,116,10,2,3,0.05,8
229,30,12,18,17,12,0,19,0,30,1,30,30,12,0,0,27,25,116,10,0,0,0.05,8
230,30,12,18,17,12,0,19,0,30,1,30,30,12,0,0,27,25,116,10,0,0,0.05,8
231,30,12,18,17,12,0,19,0,30,1,30,30,12,0,0,27,25,116,10,0,0,0.05,8
232,30,12,18,17,12,0,19,0,30,1,30,30,12,0,0,27,25,116,10,0,0,0.05,8
233,30,12,18,17,12,0,19,0,30,1,30,30,12,0,0,27,25,116,10,0,0,0.05,8
234,30,12,18,17,12,0,19,0,30,1,30,30,12,0,0,27,25,116,10,0,0,0.05,8
235,30,12,18,17,12,0,19,0,30,1,30,30,12,0,0,27,25,119,10,3,3,0.05,8
236,30,12,18,17,12,0,19,0,30,1,30,30,12,0,0,27,25,119,10,0,0,0.05,8
237,30,12,18,17,12,0,19,0,30,1,30,30,12,0,0,27,25,119,10,0,0,0.05,8
238,30,12,18,17,12,0,19,0,30,1,30,30,12,0,0,27,25,119,10,0,0,0.05,8
239,30,12,18,17,12,0,19,0,30,1,30,30,12,0,0,27,25,119,10,0,0,0.05,8
240,30,12,18,17,12,0,19,0,30,1,30,30,12,0,0,27,25,119,10,0,0,0.05,8
241,30,12,18,17,12,0,19,0,30,1,30,30,12,0,0,27,25,119,10,0,0,0.05,8
242,30,14,16,17,14,2,19,0,30,1,30,30,14,0,0,29,25,122,10,3,3,0.05,8
243,30,14,16,17,14,2,19,0,30,1,30,30,14,0,0,29,25,122,10,0,0,0.05,8
244,30,14,16,17,14,2,19,0,30,1,30,30,14,0,0,29,25,122,10,0,0,0.05,8
245,30,14,16,17,14,2,19,0,30,1,30,30,14,0,0,29,25,122,10,0,0,0.05,8
246,30,14,16,17,14,2,19,0,30,1,30,30,14,0,0,29,25,122,10,0,0,0.05,8
247,30,14,16,17,14,2,19,0,30,1,30,30,14,0,0,29,25,122,10,0,0,0.05,8
248,30,14,16,17,14,2,19,0,30,1,30,30,14,0,0,29,25,122,10,0,0,0.05,8
249,30,12,18,17,12,0,19,0,30,1,30,30,12,0,0,29,25,125,10,3,3,0.05,8
250,30,12,18,17,12,0,19,0,30,1,30,30,12,0,0,29,25,125,10,0,0,0.05,8
251,30,12,18,17,12,0,19,0,30,1,30,30,12,0,0,29,25,125,10,0,0,0.05,8
252,30,12,18,17,12,0,19,0,30,1,30,30,12,0,0,29,25,125,10,0,0,0.05,8
253,30,12,18,17,12,0,19,0,30,1,30,30,12,0,0,29,25,125,10,0,0,0.05,8
254,30,12,18,17,12,0,19,0,30,1,30,30,12,0,0,29,25,125,10,0,0,0.05,8
255,30,12,18,17,12,0,19,0,30,1,30,30,12,0,0,29,25,125,10,0,0,0.05,8
256,30,12,18,17,12,0,19,0,30,1,30,30,12,0,0,29,25,128,10,3,3,0.05,8
257,30,12,18,17,12,0,19,0,30,1,30,30,12,0,0,29,25,128,10,0,0,0.05,8
258,30,12,18,17,12,0,19,0,30,1,30,30,12,0,0,29,25,128,10,0,0,0.05,8
259,30,12,18,17,12,0,19,0,30,1,30,30,12,0,0,29,25,128,10,0,0,0.05,8
260,30,12,18,17,12,0,19,0,30,2,30,30,12,0,0,29,25,128,10,0,0,0.05,8
261,30,12,18,17,12,0,19,0,30,2,30,30,12,0,0,29,25,128,10,0,0,0.05,8
262,30,12,18,17,12,0,19,0,30,2,30,30,12,0,0,29,25,128,10,0,0,0.05,8
263,28,12,16,16,12,0,19,0,30,2,30,28,12,1,0,29,25,129,10,3,1,0.05,8
264,30,12,18,17,12,0,19,0,30,2,30,30,12,0,0,29,25,131,10,0,2,0.05,8
265,30,12,18,17,12,0,19,0,30,2,30,30,12,0,0,29,25,131,10,0,0,0.05,8
266,30,12,18,17,12,0,19,0,30,2,30,30,12,0,0,29,25,131,10,0,0,0.05,8
267,30,12,18,17,12,0,19,0,30,2,30,30,12,0,0,29,25,131,10,0,0,0.05,8
268,30,12,18,17,12,0,19,0,30,2,30,30,12,0,0,29,25,131,10,0,0,0.05,8
269,30,12,18,17,12,0,19,0,30,2,30,30,12,0,0,29,25,131,10,0,0,0.05,8
270,30,12,18,17,12,0,19,0,30,2,30,30,12,0,0,29,25,132,10,1,1,0.05,8
271,30,12,18,17,12,0,19,0,30,2,30,30,12,0,0,29,25,134,10,2,2,0.05,8
272,30,12,18,17,12,0,19,0,30,2,30,30,12,0,0,29,25,134,10,0,0,0.05,8
273,30,12,18,17,12,0,19,0,30,2,30,30,12,0,0,29,25,134,10,0,0,0.05,8
274,30,12,18,17,12,0,19,0,30,2,30,30,12,0,0,29,25,134,10,0,0,0.05,8
275,30,12,18,17,12,0,19,0,30,2,30,30,12,0,0,29,25,134,10,0,0,0.05,8
276,30,12,18,17,12,0,19,0,30,2,30,30,12,0,0,29,25,134,10,0,0,0.05,8
277,30,12,18,17,12,0,19,0,30,2,30,30,12,0,0,29,25,135,10,1,1,0.05,8
278,30,12,18,17,12,0,19,0,30,2,30,30,12,0,0,29,25,137,10,2,2,0.05,8
279,30,12,18,17,12,0,19,0,30,2,30,30,12,0,0,29,25,137,10,0,0,0.05,8
280,30,12,18,17,12,0,19,0,30,2,30,30,12,0,0,29,25,137,10,0,0,0.05,8
281,30,12,18,17,12,0,19,0,30,2,30,30,12,0,0,29,25,137,10,0,0,0.05,8
282,30,12,18,17,12,0,19,0,30,2,30,30,12,0,0,29,25,137,10,0,0,0.05,8
283,30,12,18,17,12,0,19,0,30,2,30,30,12,0,0,29,25,137,10,0,0,0.05,8
284,29,12,17,16,12,0,19,0,30,2,30,29,12,1,0,29,25,137,10,1,0,0.05,8
285,30,12,18,17,12,0,19,0,30,2,30,30,12,0,0,29,25,140,10,2,3,0.05,8
286,30,12,18,17,12,0,19,0,30,2,30,30,12,0,0,29,25,140,10,0,0,0.05,8
287,30,12,18,17,12,0,19,0,30,2,30,30,12,0,0,29,25,140,10,0,0,0.05,8
288,30,12,18,17,12,0,19,0,30,2,30,30,12,0,0,29,25,140,10,0,0,0.05,8
289,30,12,18,17,12,0,19,0,30,3,30,30,12,0,0,29,25,140,10,0,0,0.05,8
290,30,12,18,17,12,0,19,0,30,3,30,30,12,0,0,29,25,140,10,0,0,0.05,8
291,30,12,18,17,12,0,19,0,30,3,30,30,12,0,0,29,25,140,10,0,0,0.05,8
292,30,12,18,17,12,0,19,0,30,3,30,30,12,0,0,29,25,143,10,3,3,0.05,8
293,30,12,18,17,12,0,19,0,30,3,30,30,12,0,0,29,25,143,10,0,0,0.05,8
294,30,12,18,17,12,0,19,0,30,3,30,30,12,0,0,29,25,143,10,0,0,0.05,8
295,30,12,18,17,12,0,19,0,30,3,30,30,12,0,0,29,25,143,10,0,0,0.05,8
296,30,12,18,17,12,0,19,0,30,3,30,30,12,0,0,29,25,143,10,0,0,0.05,8
297,30,12,18,17,12,0,19,0,30,3,30,30,12,0,0,29,25,143,10,0,0,0.05,8
298,30,12,18,17,12,0,19,0,30,3,30,30,12,0,0,29,25,143,10,0,0,0.05,8
299,29,12,17,16,12,0,19,0,30,3,30,29,12,1,0,29,25,145,10,3,2,0.05,8
300,30,12,18,17,12,0,19,0,30,3,30,30,12,0,0,29,25,146,10,0,1,0.05,8
301,30,12,18,17,12,0,19,0,30,3,30,30,12,0,0,29,25,146,10,0,0,0.05,8
302,30,12,18,17,12,0,19,0,30,3,30,30,12,0,0,29,25,146,10,0,0,0.05,8
303,30,12,18,17,12,0,19,0,30,3,30,30,12,0,0,29,25,146,10,0,0,0.05,8
304,30,12,18,17,12,0,19,0,30,3,30,30,12,0,0,29,25,146,10,0,0,0.05,8
305,30,12,18,17,12,0,19,0,30,4,30,30,12,0,0,29,25,146,10,0,0,0.05,8
306,29,13,16,16,13,1,19,0,30,4,30,29,13,1,0,30,25,147,10,2,1,0.05,8
307,30,14,16,17,14,2,19,0,30,4,30,30,14,0,0,31,25,149,10,1,2,0.05,8
308,30,14,16,17,14,2,19,0,30,5,30,30,14,0,0,31,25,149,10,0,0,0.05,8
309,30,14,16,17,14,2,19,0,30,5,30,30,14,0,0,31,25,149,10,0,0,0.05,8
310,30,14,16,17,14,2,19,0,30,5,30,30,14,0,0,31,25,149,10,0,0,0.05,8
311,30,14,16,17,14,2,19,0,30,6,30,30,14,0,0,31,25,149,10,0,0,0.05,8
312,30,14,16,17,14,2,19,0,30,6,30,30,14,0,0,31,25,149,10,0,0,0.05,8
313,29,13,16,17,13,1,19,0,30,6,30,29,13,0,0,31,25,149,10,1,0,0.05,8
314,30,12,18,17,12,0,19,0,30,6,30,30,12,0,0,31,25,152,10,2,3,0.05,8
315,30,12,18,17,12,0,19,0,30,6,30,30,12,0,0,31,25,152,10,0,0,0.05,8
316,30,12,18,17,12,0,19,0,30,6,30,30,12,0,0,31,25,152,10,0,0,0.05,8
317,30,12,18,17,12,0,19,0,30,6,30,30,12,0,0,31,25,152,10,0,0,0.05,8
318,30,12,18,17,12,0,19,0,30,6,30,30,12,0,0,31,25,152,10,0,0,0.05,8
319,30,12,18,17,12,0,19,0,30,6,30,30,12,0,0,31,25,152,10,0,0,0.05,8
320,30,12,18,17,12,0,19,0,30,6,30,30,12,0,0,31,25,152,10,0,0,0.05,8
321,30,12,18,17,12,0,19,0,30,7,30,30,12,0,0,31,25,155,10,3,3,0.05,8
322,30,12,18,17,12,0,19,0,30,8,30,30,12,0,0,31,25,155,10,0,0,0.05,8
323,30,12,18,17,12,0,19,0,30,8,30,30,12,0,0,31,25,155,10,0,0,0.05,8
324,30,12,18,17,12,0,19,0,30,8,30,30,12,0,0,31,25,155,10,0,0,0.05,8
325,30,12,18,17,12,0,19,0,30,8,30,30,12,0,0,31,25,155,10,0,0,0.05,8
326,30,12,18,17,12,0,19,0,30,8,30,30,12,0,0,31,25,155,10,0,0,0.05,8
327,30,12,18,17,12,0,19,0,30,8,30,30,12,0,0,31,25,155,10,0,0,0.05,8
328,29,12,17,17,12,0,19,0,30,8,30,29,12,0,0,31,25,157,10,3,2,0.05,8
329,30,12,18,17,12,0,19,0,30,8,30,30,12,0,0,31,25,158,10,0,1,0.05,8
330,30,12,18,17,12,0,19,0,30,8,30,30,12,0,0,31,25,158,10,0,0,0.05,8
331,30,12,18,17,12,0,19,0,30,8,30,30,12,0,0,31,25,158,10,0,0,0.05,8
332,30,12,18,17,12,0,19,0,30,8,30,30,12,0,0,31,25,158,10,0,0,0.05,8
333,30,12,18,17,12,0,19,0,30,8,30,30,12,0,0,31,25,158,10,0,0,0.05,8
334,30,12,18,17,12,0,19,0,30,8,30,30,12,0,0,31,25,158,10,0,0,0.05,8
335,30,12,18,17,12,0,19,0,30,8,30,30,12,0,0,31,25,160,10,2,2,0.05,8
336,30,12,18,17,12,0,19,0,30,8,30,30,12,0,0,31,25,161,10,1,1,0.05,8
337,30,12,18,17,12,0,19,0,30,8,30,30,12,0,0,31,25,161,10,0,0,0.05,8
338,30,13,17,17,13,0,19,0,30,8,30,30,13,0,1,32,26,161,10,0,0,0.05,8
339,30,13,17,17,13,0,19,0,30,8,30,30,13,0,0,32,26,161,10,0,0,0.05,8
340,30,13,17,17,13,0,19,0,30,8,30,30,13,0,0,32,26,161,10,0,0,0.05,8
341,30,13,17,17,13,0,19,0,30,8,30,30,13,0,0,32,26,161,10,0,0,0.05,8
342,30,13,17,17,13,0,19,0,30,8,30,30,13,0,0,32,26,163,10,2,2,0.05,8
343,30,13,17,17,13,0,19,0,30,8,30,30,13,0,0,32,26,164,10,1,1,0.05,8
344,30,13,17,17,13,0,19,0,30,8,30,30,13,0,0,32,26,164,10,0,0,0.05,8
345,30,13,17,17,13,0,19,0,30,8,30,30,13,0,0,32,26,164,10,0,0,0.05,8
346,30,13,17,17,13,0,19,0,30,8,30,30,13,0,0,32,26,164,10,0,0,0.05,8
347,30,13,17,17,13,0,19,0,30,8,30,30,13,0,0,32,26,164,10,0,0,0.05,8
348,30,13,17,17,13,0,19,0,30,8,30,30,13,0,0,32,26,164,10,0,0,0.05,8
349,30,13,17,17,13,0,19,0,30,8,30,30,13,0,0,32,26,166,10,2,2,0.05,8
350,30,14,16,17,14,0,19,0,30,9,30,30,14,0,1,33,27,166,10,0,0,0.05,8
351,30,14,16,17,14,0,19,0,30,9,30,30,14,0,0,33,27,166,10,0,0,0.05,8
352,30,14,16,17,14,0,19,0,30,9,30,30,14,0,0,33,27,166,11,0,0,0.05,8
353,30,14,16,17,14,0,19,0,30,9,30,30,14,0,0,33,27,166,11,0,0,0.05,8
354,30,14,16,17,14,0,19,0,30,9,30,30,14,0,0,33,27,166,11,0,0,0.05,8
355,30,14,16,17,14,0,19,0,30,9,30,30,14,0,0,33,27,166,11,0,0,0.05,8
356,29,14,15,15,14,0,19,0,30,9,30,29,14,1,0,33,27,167,11,2,1,0.05,8
357,30,13,17,17,13,0,19,0,30,9,30,30,13,0,0,33,27,169,11,1,2,0.05,8
358,30,13,17,17,13,0,19,0,30,9,30,30,13,0,0,33,27,169,11,0,0,0.05,8
359,30,13,17,17,13,0,19,0,30,9,30,30,13,0,0,33,27,169,11,0,0,0.05,8
360,30,14,16,17,14,0,19,0,30,9,30,30,14,0,1,34,28,169,11,0,0,0.05,8
361,30,14,16,17,14,0,19,0,30,9,30,30,14,0,0,34,28,169,11,0,0,0.05,8
362,30,14,16,17,14,0,19,0,30,9,30,30,14,0,0,34,28,169,11,0,0,0.05,8
363,30,14,16,17,14,0,19,0,30,9,30,30,14,0,0,34,28,169,11,0,0,0.05,8
364,30,14,16,17,14,0,19,0,30,9,30,30,14,0,0,34,28,171,11,2,2,0.05,8
365,30,14,16,17,14,0,19,0,30,9,30,30,14,0,0,34,28,171,11,0,0,0.05,8
366,30,14,16,17,14,0,19,0,30,9,30,30,14,0,0,34,28,171,11,0,0,0.05,8
367,30,14,16,17,14,0,19,0,30,9,30,30,14,0,0,34,28,171,11,0,0,0.05,8
368,30,14,16,17,14,0,19,0,30,9,30,30,14,0,0,34,28,171,11,0,0,0.05,8
369,30,14,16,17,14,0,19,0,30,9,30,30,14,0,0,34,28,171,11,0,0,0.05,8
370,29,13,16,17,13,0,19,0,30,9,30,29,13,0,0,34,28,171,11,1,0,0.05,8
371,30,13,17,17,13,0,19,0,30,9,30,30,13,0,0,34,28,174,11,2,3,0.05,8
372,30,13,17,17,13,0,19,0,30,10,30,30,13,0,0,34,28,174,11,0,0,0.05,8
373,30,13,17,17,13,0,19,0,30,10,30,30,13,0,0,34,28,174,11,0,0,0.05,8
374,30,13,17,17,13,0,19,0,30,10,30,30,13,0,0,34,28,174,11,0,0,0.05,8
375,30,14,16,17,14,0,19,0,30,10,30,30,14,0,1,35,29,174,11,0,0,0.05,8
376,30,14,16,17,14,0,19,0,30,10,30,30,14,0,0,35,29,174,11,0,0,0.05,8
377,30,14,16,17,14,0,19,0,30,10,30,30,14,0,0,35,29,174,11,0,0,0.05,8
378,30,14,16,17,14,0,19,0,30,10,30,30,14,0,0,35,29,176,11,2,2,0.05,8
379,30,14,16,17,14,0,19,0,30,10,30,30,14,0,0,35,29,176,11,0,0,0.05,8
380,30,14,16,17,14,0,19,0,30,10,30,30,14,0,0,35,29,176,11,0,0,0.05,8
381,30,14,16,17,14,0,19,0,30,11,30,30,14,0,0,35,29,176,11,0,0,0.05,8
382,30,14,16,17,14,0,19,0,30,11,30,30,14,0,0,35,29,176,11,0,0,0.05,8
383,30,14,16,17,14,0,19,0,30,11,30,30,14,0,0,35,29,176,11,0,0,0.05,8
384,30,14,16,17,14,0,19,0,30,12,30,30,14,0,0,35,29,176,11,0,0,0.05,8
385,30,13,17,17,13,0,19,0,30,12,30,30,13,0,0,35,29,179,11,3,3,0.05,8
386,30,13,17,17,13,0,19,0,30,12,30,30,13,0,0,35,29,179,11,0,0,0.05,8
387,30,13,17,17,13,0,19,0,30,12,30,30,13,0,0,35,29,179,11,0,0,0.05,8
388,30,15,15,17,15,0,19,0,30,12,30,30,15,0,2,37,31,179,11,0,0,0.05,8
389,30,15,15,17,15,0,19,0,30,12,30,30,15,0,0,37,31,179,11,0,0,0.05,8
390,30,15,15,17,15,0,19,0,30,12,30,30,15,0,0,37,31,179,11,0,0,0.05,8
391,30,15,15,17,15,0,19,0,30,12,30,30,15,0,0,37,31,179,11,0,0,0.05,8
392,29,15,14,16,15,0,19,0,30,12,30,29,15,1,0,37,31,180,11,2,1,0.05,8
393,30,15,15,17,15,0,19,0,30,12,30,30,15,0,0,37,31,181,11,0,1,0.05,8
394,30,15,15,17,15,0,19,0,30,12,30,30,15,0,0,37,31,181,11,0,0,0.05,8
395,30,15,15,17,15,0,19,0,30,12,30,30,15,0,0,37,31,181,11,0,0,0.05,8
396,30,15,15,17,15,0,19,0,30,12,30,30,15,0,0,37,31,181,12,0,0,0.05,8
397,30,15,15,17,15,0,19,0,30,12,30,30,15,0,0,37,31,181,12,0,0,0.05,8
398,30,16,14,17,16,0,19,0,30,12,30,30,16,0,1,38,32,181,12,0,0,0.05,8
399,29,15,14,17,15,0,19,0,30,12,30,29,15,1,0,38,32,182,12,2,1,0.05,8
400,30,15,15,18,15,0,19,0,30,2,30,30,15,0,0,38,32,183,12,0,1,0.05,8
401,30,15,15,18,15,0,19,0,30,2,30,30,15,0,0,38,32,183,12,0,0,0.05,8
402,30,15,15,18,15,0,19,0,30,3,30,30,15,0,0,38,32,183,12,0,0,0.05,8
403,30,15,15,18,15,0,19,0,30,3,30,30,15,0,0,38,32,183,12,0,0,0.05,8
404,30,15,15,18,15,0,19,0,30,3,30,30,15,0,0,38,32,183,12,0,0,0.05,8
405,30,15,15,18,15,0,19,0,30,3,30,30,15,0,0,38,32,183,12,0,0,0.05,8
406,30,15,15,18,15,0,19,0,30,3,30,30,15,0,0,38,32,184,12,1,1,0.05,8
407,30,14,16,17,14,0,19,0,30,4,30,30,14,0,0,38,32,186,12,2,2,0.05,8
408,30,14,16,17,14,0,19,0,30,4,30,30,14,0,0,38,32,186,12,0,0,0.05,8
409,30,14,16,17,14,0,19,0,30,4,30,30,14,0,0,38,32,186,12,0,0,0.05,8
410,30,14,16,17,14,0,19,0,30,4,30,30,14,0,0,38,32,186,12,0,0,0.05,8
411,30,14,16,17,14,0,19,0,30,4,30,30,14,0,0,38,32,186,12,0,0,0.05,8
412,30,14,16,17,14,0,19,0,30,4,30,30,14,0,0,38,32,186,12,0,0,0.05,8
413,30,14,16,17,14,0,19,0,30,4,30,30,14,0,0,38,32,187,12,1,1,0.05,8
414,30,14,16,17,14,0,19,0,30,4,30,30,14,0,0,38,32,189,12,2,2,0.05,8
415,30,14,16,17,14,0,19,0,30,5,30,30,14,0,0,38,32,189,12,0,0,0.05,8
416,30,14,16,17,14,0,19,0,30,5,30,30,14,0,0,38,32,189,12,0,0,0.05,8
417,30,14,16,17,14,0,19,0,30,5,30,30,14,0,0,38,32,189,12,0,0,0.05,8
418,30,14,16,17,14,0,19,0,30,5,30,30,14,0,0,38,32,189,12,0,0,0.05,8
419,30,14,16,17,14,0,19,0,30,5,30,30,14,0,0,38,32,189,12,0,0,0.05,8
420,30,14,16,17,14,0,19,0,30,6,30,30,14,0,0,38,32,190,12,1,1,0.05,8
421,30,14,16,17,14,0,19,0,30,6,30,30,14,0,0,38,32,192,12,2,2,0.05,8
422,30,14,16,17,14,0,19,1,30,6,30,30,14,0,0,38,32,192,12,0,0,0.05,8
423,30,14,16,17,14,0,19,0,30,6,30,30,14,0,0,38,32,192,12,0,0,0.05,8
424,30,14,16,17,14,0,19,0,30,6,30,30,14,0,0,38,32,192,12,0,0,0.05,8
425,30,14,16,17,14,0,19,0,30,6,30,30,14,0,0,38,32,192,12,0,0,0.05,8
426,30,14,16,17,14,0,19,0,30,6,30,30,14,0,0,38,32,192,12,0,0,0.05,8
427,30,14,16,17,14,0,19,0,30,6,30,30,14,0,0,38,32,193,12,1,1,0.05,8
428,30,14,16,17,14,0,19,0,30,7,30,30,14,0,0,38,32,195,12,2,2,0.05,8
429,30,14,16,17,14,0,19,0,30,7,30,30,14,0,0,38,32,195,12,0,0,0.05,8
430,30,14,16,17,14,0,19,0,30,7,30,30,14,0,0,38,32,195,12,0,0,0.05,8
431,30,14,16,17,14,0,19,0,30,7,30,30,14,0,0,38,32,195,12,0,0,0.05,8
432,30,14,16,17,14,0,19,0,30,7,30,30,14,0,0,38,32,195,12,0,0,0.05,8
433,30,14,16,17,14,0,19,0,30,7,30,30,14,0,0,38,32,195,12,0,0,0.05,8
434,30,14,16,17,14,0,19,0,30,7,30,30,14,0,0,38,32,196,12,1,1,0.05,8
435,30,14,16,17,14,0,19,0,30,7,30,30,14,0,0,38,32,198,12,2,2,0.05,8
436,30,14,16,17,14,0,19,0,30,7,30,30,14,0,0,38,32,198,12,0,0,0.05,8
437,30,14,16,17,14,0,19,0,30,7,30,30,14,0,0,38,32,198,12,0,0,0.05,8
438,30,14,16,17,14,0,19,0,30,7,30,30,14,0,0,38,32,198,12,0,0,0.05,8
439,30,14,16,17,14,0,19,0,30,7,30,30,14,0,0,38,32,198,12,0,0,0.05,8
440,30,14,16,17,14,0,19,0,30,8,30,30,14,0,0,38,32,198,12,0,0,0.05,8
441,30,14,16,17,14,0,19,0,30,8,30,30,14,0,0,38,32,199,12,1,1,0.05,8
442,30,14,16,17,14,0,19,0,30,8,30,30,14,0,0,38,32,201,12,2,2,0.05,8
443,30,14,16,17,14,0,19,0,30,9,30,30,14,0,0,38,32,201,12,0,0,0.05,8
444,30,14,16,17,14,0,19,0,30,9,30,30,14,0,0,38,32,201,12,0,0,0.05,8
445,30,14,16,17,14,0,19,0,30,9,30,30,14,0,0,38,32,201,12,0,0,0.05,8
446,30,14,16,17,14,0,19,0,30,9,30,30,14,0,0,38,32,201,12,0,0,0.05,8
447,30,14,16,17,14,0,19,0,30,9,30,30,14,0,0,38,32,201,12,0,0,0.05,8
448,30,14,16,17,14,0,19,0,30,9,30,30,14,0,0,38,32,202,12,1,1,0.05,8
449,29,14,15,16,14,0,19,0,30,9,30,29,14,1,0,38,32,203,12,2,1,0.05,8
450,30,14,16,17,14,0,19,0,30,10,30,30,14,0,0,38,32,204,12,0,1,0.05,8
451,30,14,16,17,14,0,19,0,30,10,30,30,14,0,0,38,32,204,12,0,0,0.05,8
452,30,14,16,17,14,0,19,0,30,10,30,30,14,0,0,38,32,204,12,0,0,0.05,8
453,30,14,16,17,14,0,19,0,30,10,30,30,14,0,0,38,32,204,12,0,0,0.05,8
454,30,14,16,17,14,0,19,0,30,10,30,30,14,0,0,38,32,204,12,0,0,0.05,8
455,29,14,15,16,14,0,19,0,30,10,30,29,14,1,0,38,32,204,12,1,0,0.05,8
456,30,14,16,17,14,0,19,0,30,11,30,30,14,0,0,38,32,206,12,1,2,0.05,8
457,30,14,16,17,14,0,19,0,30,11,30,30,14,0,0,38,32,207,12,1,1,0.05,8
458,30,14,16,17,14,0,19,0,30,11,30,30,14,0,0,38,32,207,12,0,0,0.05,8
459,30,14,16,17,14,0,19,0,30,11,30,30,14,0,0,38,32,207,12,0,0,0.05,8
460,30,14,16,17,14,0,19,0,30,11,30,30,14,0,0,38,32,207,12,0,0,0.05,8
461,30,14,16,17,14,0,19,0,30,12,30,30,14,0,0,38,32,207,12,0,0,0.05,8
462,30,14,16,17,14,0,19,0,30,12,30,30,14,0,0,38,32,207,12,0,0,0.05,8
463,29,14,15,17,14,0,19,0,30,12,30,29,14,0,0,38,32,208,12,2,1,0.05,8
464,30,14,16,17,14,0,19,0,30,12,30,30,14,0,0,38,32,210,12,1,2,0.05,8
465,30,14,16,17,14,0,19,0,30,12,30,30,14,0,0,38,32,210,12,0,0,0.05,8
466,30,14,16,17,14,0,19,0,30,12,30,30,14,0,0,38,32,210,12,0,0,0.05,8
467,30,14,16,17,14,0,19,0,30,12,30,30,14,0,0,38,32,210,12,0,0,0.05,8
468,30,14,16,17,14,0,19,0,30,12,30,30,14,0,0,38,32,210,12,0,0,0.05,8
469,30,14,16,17,14,0,19,0,30,12,30,30,14,0,0,38,32,210,12,0,0,0.05,8
470,30,14,16,17,14,0,19,0,30,12,30,30,14,0,0,38,32,211,12,1,1,0.05,8
471,30,15,15,17,15,0,19,0,30,12,30,30,15,0,1,39,33,213,12,2,2,0.05,8
472,30,15,15,17,15,0,19,0,30,12,30,30,15,0,0,39,33,213,12,0,0,0.05,8
473,30,15,15,17,15,0,19,0,30,12,30,30,15,0,0,39,33,213,12,0,0,0.05,8
474,30,15,15,17,15,0,19,0,30,12,30,30,15,0,0,39,33,213,12,0,0,0.05,8
475,30,15,15,17,15,0,19,0,30,12,30,30,15,0,0,39,33,213,12,0,0,0.05,8
476,30,15,15,17,15,0,19,0,30,12,30,30,15,0,0,39,33,213,12,0,0,0.05,8
477,30,15,15,17,15,0,19,0,30,12,30,30,15,0,0,39,33,214,12,1,1,0.05,8
478,30,15,15,17,15,0,19,0,30,12,30,30,15,0,0,39,33,216,12,2,2,0.05,8
479,30,15,15,17,15,0,19,0,30,12,30,30,15,0,0,39,33,216,12,0,0,0.05,8
480,30,15,15,17,15,0,19,0,30,13,30,30,15,0,0,39,33,216,12,0,0,0.05,8
481,30,15,15,17,15,0,19,0,30,13,30,30,15,0,0,39,33,216,12,0,0,0.05,8
482,30,15,15,17,15,0,19,0,30,13,30,30,15,0,0,39,33,216,12,0,0,0.05,8
483,30,15,15,17,15,0,19,0,30,13,30,30,15,0,0,39,33,216,12,0,0,0.05,8
484,30,16,14,17,16,1,19,0,30,13,30,30,16,0,0,40,33,217,12,1,1,0.05,8
485,30,16,14,17,16,1,19,0,30,14,30,30,16,0,0,40,33,219,12,2,2,0.05,8
486,30,16,14,17,16,1,19,0,30,14,30,30,16,0,0,40,33,219,12,0,0,0.05,8
487,30,16,14,17,16,1,19,0,30,14,30,30,16,0,0,40,33,219,12,0,0,0.05,8
488,30,16,14,17,16,1,19,0,30,14,30,30,16,0,0,40,33,219,12,0,0,0.05,8
489,30,16,14,17,16,1,19,0,30,14,30,30,16,0,0,40,33,219,12,0,0,0.05,8
490,30,16,14,17,16,1,19,0,30,14,30,30,16,0,0,40,33,219,12,0,0,0.05,8
491,30,15,15,17,15,0,19,1,30,15,30,30,15,0,0,40,33,220,12,1,1,0.05,8
492,29,16,13,16,16,0,19,0,30,15,30,29,16,1,1,41,34,221,12,2,1,0.05,8
493,30,16,14,17,16,0,19,0,30,16,30,30,16,0,0,41,34,222,12,0,1,0.05,8
494,30,16,14,17,16,0,19,0,30,16,30,30,16,0,0,41,34,222,12,0,0,0.05,8
495,30,16,14,17,16,0,19,0,30,16,30,30,16,0,0,41,34,222,12,0,0,0.05,8
496,30,17,13,17,17,0,19,0,30,16,30,30,17,0,1,42,35,222,12,0,0,0.05,8
497,30,17,13,17,17,0,19,0,30,16,30,30,17,0,0,42,35,222,12,0,0,0.05,8
498,30,17,13,17,17,0,19,0,30,16,30,30,17,0,0,42,35,223,12,1,1,0.05,8
499,30,17,13,17,17,0,19,0,30,16,30,30,17,0,0,42,35,224,12,1,1,0.05,8
500,30,17,13,17,17,0,19,0,30,16,30,30,17,0,0,42,35,225,12,1,1,0.05,8
501,30,17,13,17,17,0,19,0,30,16,30,30,17,0,0,42,35,225,12,0,0,0.05,8
502,30,17,13,17,17,0,19,0,30,16,30,30,17,0,0,42,35,225,12,0,0,0.05,8
503,30,17,13,17,17,0,19,0,30,17,30,30,17,0,0,42,35,225,12,0,0,0.05,8
504,30,17,13,17,17,0,19,0,30,17,30,30,17,0,0,42,35,225,13,0,0,0.05,8
505,30,17,13,16,17,0,19,0,30,17,30,30,17,0,0,42,35,226,13,1,1,0.05,8
506,29,17,12,16,17,0,19,0,30,18,30,29,17,0,0,42,35,226,13,1,0,0.05,8
507,30,18,12,16,18,0,19,0,30,18,30,30,18,0,1,43,36,228,13,1,2,0.05,8
508,30,18,12,16,18,0,19,0,30,18,30,30,18,0,0,43,36,228,13,0,0,0.05,8
509,30,18,12,16,18,0,19,0,30,18,30,30,18,0,0,43,36,228,13,0,0,0.05,8
510,30,18,12,16,18,0,19,0,30,18,30,30,18,0,0,43,36,228,13,0,0,0.05,8
511,30,18,12,16,18,0,19,0,30,18,30,30,18,0,0,43,36,228,13,0,0,0.05,8
512,29,18,11,16,18,0,19,0,30,18,30,29,18,0,0,43,36,228,13,1,0,0.05,8
513,30,18,12,16,18,0,19,0,30,18,30,30,18,0,0,43,36,229,13,0,1,0.05,8
514,30,18,12,16,18,0,19,0,30,18,30,30,18,0,0,43,36,231,13,2,2,0.05,8
515,30,18,12,16,18,0,19,0,30,18,30,30,18,0,0,43,36,231,13,0,0,0.05,8
516,30,18,12,16,18,0,19,0,30,18,30,30,18,0,0,43,36,231,13,0,0,0.05,8
517,30,18,12,16,18,0,19,0,30,18,30,30,18,0,0,43,36,231,13,0,0,0.05,8
518,30,18,12,16,18,0,19,0,30,18,30,30,18,0,0,43,36,231,13,0,0,0.05,8
519,30,18,12,16,18,0,19,0,30,18,30,30,18,0,0,43,36,231,13,0,0,0.05,8
520,30,19,11,16,19,0,19,0,30,18,30,30,19,0,1,44,37,232,14,1,1,0.05,8
521,30,19,11,15,19,0,19,0,30,18,30,30,19,0,0,44,37,234,14,2,2,0.05,8
522,30,19,11,15,19,0,19,0,30,18,30,30,19,0,0,44,37,234,14,0,0,0.05,8
523,30,19,11,15,19,0,19,0,30,18,30,30,19,0,0,44,37,234,14,0,0,0.05,8
524,30,19,11,15,19,0,19,0,30,18,30,30,19,0,0,44,37,234,14,0,0,0.05,8
525,30,19,11,15,19,0,19,0,30,18,30,30,19,0,0,44,37,234,15,0,0,0.05,8
526,30,19,11,15,19,0,19,0,30,19,30,30,19,0,0,44,37,234,15,0,0,0.05,8
527,30,19,11,15,19,0,19,0,30,19,30,30,19,0,0,44,37,235,15,1,1,0.05,8
528,30,19,11,15,19,0,19,0,30,19,30,30,19,0,0,44,37,237,15,2,2,0.05,8
529,30,19,11,15,19,0,19,0,30,19,30,30,19,0,0,44,37,237,15,0,0,0.05,8
530,30,19,11,15,19,0,19,0,30,19,30,30,19,0,0,44,37,237,15,0,0,0.05,8
531,30,19,11,15,19,0,19,0,30,19,30,30,19,0,0,44,37,237,15,0,0,0.05,8
532,30,19,11,15,19,0,19,0,30,19,30,30,19,0,0,44,37,237,15,0,0,0.05,8
533,30,19,11,15,19,0,19,0,30,19,30,30,19,0,0,44,37,237,15,0,0,0.05,8
534,30,19,11,15,19,0,19,0,30,19,30,30,19,0,0,44,37,238,15,1,1,0.05,8
535,30,20,10,15,20,0,19,0,30,19,30,30,20,0,1,45,38,240,15,2,2,0.05,8
536,30,20,10,15,20,0,19,0,30,19,30,30,20,0,0,45,38,240,15,0,0,0.05,8
537,30,20,10,15,20,0,19,0,30,19,30,30,20,0,0,45,38,240,15,0,0,0.05,8
538,30,20,10,15,20,0,19,1,30,19,30,30,20,0,0,45,38,240,15,0,0,0.05,8
539,30,20,10,15,20,0,19,0,30,19,30,30,20,0,0,45,38,240,15,0,0,0.05,8
540,30,20,10,15,20,0,19,0,30,19,30,30,20,0,0,45,38,240,15,0,0,0.05,8
541,30,20,10,15,20,0,19,0,30,19,30,30,20,0,0,45,38,241,15,1,1,0.05,8
542,30,20,10,15,20,0,19,0,30,19,30,30,20,0,0,45,38,243,15,2,2,0.05,8
543,30,20,10,15,20,0,19,0,30,19,30,30,20,0,0,45,38,243,15,0,0,0.05,8
544,30,20,10,15,20,0,19,0,30,19,30,30,20,0,0,45,38,243,15,0,0,0.05,8
545,30,20,10,15,20,0,19,0,30,19,30,30,20,0,0,45,38,243,15,0,0,0.05,8
546,30,21,9,15,21,0,19,0,30,19,30,30,21,0,1,46,39,243,15,0,0,0.05,8
547,30,22,8,15,22,0,19,0,30,20,30,30,22,0,1,47,40,243,15,0,0,0.05,8
548,30,22,8,15,22,0,19,0,30,20,30,30,22,0,0,47,40,244,15,1,1,0.05,8
549,29,22,7,15,22,0,19,0,30,20,30,29,22,0,0,47,40,244,15,1,0,0.05,8
550,30,22,8,15,22,0,19,0,30,20,30,30,22,0,0,47,40,245,15,0,1,0.05,8
551,30,22,8,15,22,0,19,0,30,20,30,30,22,0,0,47,40,245,15,0,0,0.05,8
552,30,22,8,15,22,0,19,0,30,20,30,30,22,0,0,47,40,245,15,0,0,0.05,8
553,30,22,8,15,22,0,19,0,30,20,30,30,22,0,0,47,40,245,15,0,0,0.05,8
554,30,22,8,15,22,0,19,0,30,20,30,30,22,0,0,47,40,245,15,0,0,0.05,8
555,30,22,8,15,22,0,19,0,30,20,30,30,22,0,0,47,40,246,15,1,1,0.05,8
556,29,21,8,15,21,0,19,0,30,20,30,29,21,0,0,47,40,246,15,1,0,0.05,8
557,30,21,9,15,21,0,19,0,30,20,30,30,21,0,0,47,40,248,15,1,2,0.05,8
558,30,21,9,15,21,0,19,0,30,20,30,30,21,0,0,47,40,248,15,0,0,0.05,8
559,30,22,8,15,22,0,19,0,30,20,30,30,22,0,1,48,41,248,15,0,0,0.05,8
560,30,22,8,15,22,0,19,0,30,20,30,30,22,0,0,48,41,248,15,0,0,0.05,8
561,30,22,8,15,22,0,19,0,30,20,30,30,22,0,0,48,41,248,15,0,0,0.05,8
562,30,22,8,15,22,0,19,0,30,20,30,30,22,0,0,48,41,249,15,1,1,0.05,8
563,30,22,8,15,22,0,19,0,30,20,30,30,22,0,0,48,41,249,15,0,0,0.05,8
564,30,22,8,15,22,0,19,0,30,20,30,30,22,0,0,48,41,250,15,1,1,0.05,8
565,30,22,8,15,22,0,19,0,30,21,30,30,22,0,0,48,41,250,16,0,0,0.05,8
566,30,22,8,15,22,0,19,0,30,21,30,30,22,0,0,48,41,250,16,0,0,0.05,8
567,30,22,8,15,22,0,19,0,30,21,30,30,22,0,0,48,41,250,16,0,0,0.05,8
568,30,23,7,15,23,0,19,0,30,21,30,30,23,0,1,49,42,250,16,0,0,0.05,8
569,30,23,7,15,23,0,19,0,30,21,30,30,23,0,0,49,42,251,16,1,1,0.05,8
570,30,23,7,15,23,0,19,0,30,21,30,30,23,0,0,49,42,251,16,0,0,0.05,8
0,30,0,30,16,0,0,19,0,30,10,30,0,0,0,0,0,0,30,0,0,0,0.05,9
1,30,0,30,16,0,0,19,0,30,10,30,30,0,0,0,0,0,30,0,0,0,0.05,9
2,30,1,29,16,1,0,19,0,30,10,30,30,1,0,1,1,1,32,0,2,2,0.05,9
3,30,1,29,16,1,0,19,0,30,10,30,30,1,0,0,1,1,32,0,0,0,0.05,9
4,30,1,29,16,1,0,19,0,30,10,30,30,1,0,0,1,1,32,0,0,0,0.05,9
5,30,1,29,16,1,0,19,0,30,10,30,30,1,0,0,1,1,32,0,0,0,0.05,9
6,30,1,29,16,1,0,19,0,30,10,30,30,1,0,0,1,1,32,0,0,0,0.05,9
7,30,3,27,16,3,0,19,0,30,10,30,30,3,0,2,3,3,32,0,0,0,0.05,9
8,30,0,30,16,0,0,19,1,30,10,30,30,0,0,0,3,3,35,0,3,3,0.05,9
9,30,0,30,16,0,0,19,0,30,10,30,30,0,0,0,3,3,37,0,2,2,0.05,9
10,30,1,29,16,1,0,19,0,30,10,30,30,1,0,1,4,4,37,0,0,0,0.05,9
11,30,1,29,16,1,0,19,0,30,11,30,30,1,0,0,4,4,37,0,0,0,0.05,9
12,30,1,29,16,1,0,19,0,30,11,30,30,1,0,0,4,4,37,0,0,0,0.05,9
13,30,1,29,16,1,0,19,0,30,11,30,30,1,0,0,4,4,37,0,0,0,0.05,9
14,30,1,29,16,1,0,19,0,30,11,30,30,1,0,0,4,4,37,0,0,0,0.05,9
15,30,3,27,16,3,0,19,1,30,11,30,30,3,0,2,6,6,40,0,3,3,0.05,9
16,30,3,27,16,3,0,19,0,30,11,30,30,3,0,0,6,6,42,0,2,2,0.05,9
17,30,3,27,16,3,0,19,0,30,11,30,30,3,0,0,6,6,42,0,0,0,0.05,9
18,30,5,25,16,5,0,19,0,30,11,30,30,5,0,2,8,8,42,0,0,0,0.05,9
19,30,5,25,16,5,0,19,0,30,11,30,30,5,0,0,8,8,42,2,0,0,0.05,9
20,30,6,24,16,6,0,19,0,30,11,30,30,6,0,1,9,9,42,2,0,0,0.05,9
21,30,6,24,16,6,0,19,0,30,11,30,30,6,0,0,9,9,42,2,0,0,0.05,9
22,30,6,24,15,6,0,19,0,30,11,30,30,6,0,0,9,9,44,2,2,2,0.05,9
23,30,7,23,15,7,0,19,0,30,11,30,30,7,0,1,10,10,45,2,1,1,0.05,9
24,30,8,22,15,8,0,19,0,30,11,30,30,8,0,1,11,11,45,2,0,0,0.05,9
25,30,8,22,15,8,0,19,0,30,11,30,30,8,0,0,11,11,45,3,0,0,0.05,9
26,30,8,22,15,8,0,19,0,30,11,30,30,8,0,0,11,11,45,3,0,0,0.05,9
27,30,8,22,15,8,0,19,0,30,11,30,30,8,0,0,11,11,45,5,0,0,0.05,9
28,30,8,22,15,8,0,19,0,30,11,30,30,8,0,0,11,11,45,5,0,0,0.05,9
29,30,7,23,16,7,0,19,0,30,12,30,30,7,0,0,11,11,47,5,2,2,0.05,9
30,30,6,24,17,6,0,19,0,30,12,30,30,6,0,0,11,11,49,5,2,2,0.05,9
31,30,7,23,17,7,0,19,0,30,12,30,30,7,0,1,12,12,49,5,0,0,0.05,9
32,30,8,22,17,8,0,19,0,30,12,30,30,8,0,1,13,13,49,5,0,0,0.05,9
33,30,8,22,17,8,0,19,0,30,12,30,30,8,0,0,13,13,49,5,0,0,0.05,9
34,30,8,22,17,8,0,19,0,30,12,30,30,8,0,0,13,13,49,5,0,0,0.05,9
35,30,8,22,17,8,0,19,0,30,14,30,30,8,0,0,13,13,49,6,0,0,0.05,9
36,30,7,23,17,7,0,19,0,30,14,30,30,7,0,0,13,13,52,6,3,3,0.05,9
37,30,7,23,17,7,0,19,0,30,14,30,30,7,0,0,13,13,53,6,1,1,0.05,9
38,30,7,23,17,7,0,19,0,30,14,30,30,7,0,0,13,13,53,6,0,0,0.05,9
39,30,7,23,17,7,0,19,0,30,14,30,30,7,0,0,13,13,53,6,0,0,0.05,9
40,30,7,23,17,7,0,19,0,30,2,30,30,7,0,0,13,13,53,6,0,0,0.05,9
41,30,7,23,17,7,0,19,0,30,2,30,30,7,0,0,13,13,53,6,0,0,0.05,9
42,30,7,23,17,7,0,19,0,30,2,30,30,7,0,0,13,13,53,6,0,0,0.05,9
43,29,7,22,17,7,0,19,0,30,2,30,29,7,0,0,13,13,55,6,3,2,0.05,9
44,29,6,23,16,6,0,19,0,30,2,30,29,6,1,0,13,13,57,6,2,2,0.05,9
45,30,6,24,17,6,0,19,0,30,2,30,30,6,0,0,13,13,58,6,0,1,0.05,9
46,30,6,24,17,6,0,19,0,30,2,30,30,6,0,0,13,13,58,6,0,0,0.05,9
47,30,6,24,17,6,0,19,0,30,2,30,30,6,0,0,13,13,58,6,0,0,0.05,9
48,30,6,24,17,6,0,19,0,30,2,30,30,6,0,0,13,13,58,6,0,0,0.05,9
49,30,6,24,17,6,0,19,0,30,2,30,30,6,0,0,13,13,58,6,0,0,0.05,9
50,29,6,23,16,6,0,19,0,30,2,30,29,6,1,0,13,13,59,6,2,1,0.05,9
51,30,6,24,17,6,0,19,0,30,2,30,30,6,0,0,13,13,62,6,2,3,0.05,9
52,30,6,24,17,6,0,19,0,30,2,30,30,6,0,0,13,13,63,6,1,1,0.05,9
53,30,6,24,17,6,0,19,0,30,2,30,30,6,0,0,13,13,63,6,0,0,0.05,9
54,30,6,24,17,6,0,19,0,30,2,30,30,6,0,0,13,13,63,6,0,0,0.05,9
55,30,6,24,17,6,0,19,0,30,2,30,30,6,0,0,13,13,63,6,0,0,0.05,9
56,30,6,24,17,6,0,19,0,30,2,30,30,6,0,0,13,13,63,6,0,0,0.05,9
57,30,6,24,17,6,0,19,0,30,2,30,30,6,0,0,13,13,64,6,1,1,0.05,9
58,29,6,23,16,6,0,19,0,30,2,30,29,6,1,0,13,13,66,6,3,2,0.05,9
59,30,6,24,17,6,0,19,0,30,2,30,30,6,0,0,13,13,68,6,1,2,0.05,9
60,30,6,24,17,6,0,19,0,30,2,30,30,6,0,0,13,13,68,6,0,0,0.05,9
61,30,6,24,17,6,0,19,0,30,2,30,30,6,0,0,13,13,68,6,0,0,0.05,9
62,30,6,24,17,6,0,19,0,30,2,30,30,6,0,0,13,13,68,6,0,0,0.05,9
63,30,6,24,17,6,0,19,0,30,2,30,30,6,0,0,13,13,68,6,0,0,0.05,9
64,29,6,23,17,6,0,19,0,30,2,30,29,6,0,0,13,13,68,6,1,0,0.05,9
65,30,7,23,17,7,1,19,0,30,2,30,30,7,0,0,14,13,71,6,2,3,0.05,9
66,30,7,23,17,7,1,19,0,30,2,30,30,7,0,0,14,13,73,6,2,2,0.05,9
67,30,7,23,17,7,1,19,0,30,2,30,30,7,0,0,14,13,73,6,0,0,0.05,9
68,30,7,23,17,7,1,19,0,30,2,30,30,7,0,0,14,13,73,6,0,0,0.05,9
69,30,7,23,17,7,1,19,0,30,2,30,30,7,0,0,14,13,73,6,0,0,0.05,9
70,30,7,23,17,7,1,19,0,30,2,30,30,7,0,0,14,13,73,6,0,0,0.05,9
71,30,7,23,17,7,1,19,0,30,2,30,30,7,0,0,14,13,73,6,0,0,0.05,9
72,30,6,24,17,6,0,19,0,30,2,30,30,6,0,0,14,13,76,6,3,3,0.05,9
73,30,6,24,17,6,0,19,0,30,2,30,30,6,0,0,14,13,78,6,2,2,0.05,9
74,30,6,24,17,6,0,19,0,30,2,30,30,6,0,0,14,13,78,6,0,0,0.05,9
75,30,6,24,17,6,0,19,0,30,2,30,30,6,0,0,14,13,78,6,0,0,0.05,9
76,30,6,24,17,6,0,19,0,30,2,30,30,6,0,0,14,13,78,6,0,0,0.05,9
77,30,6,24,17,6,0,19,0,30,2,30,30,6,0,0,14,13,78,6,0,0,0.05,9
78,30,6,24,17,6,0,19,0,30,2,30,30,6,0,0,14,13,78,6,0,0,0.05,9
79,30,6,24,17,6,0,19,0,30,2,30,30,6,0,0,14,13,81,6,3,3,0.05,9
80,30,6,24,17,6,0,19,0,30,2,30,30,6,0,0,14,13,83,6,2,2,0.05,9
81,30,7,23,17,7,0,19,0,30,2,30,30,7,0,1,15,14,83,6,0,0,0.05,9
82,30,7,23,17,7,0,19,0,30,2,30,30,7,0,0,15,14,83,6,0,0,0.05,9
83,30,7,23,17,7,0,19,0,30,2,30,30,7,0,0,15,14,83,6,0,0,0.05,9
84,30,7,23,17,7,0,19,0,30,2,30,30,7,0,0,15,14,83,6,0,0,0.05,9
85,30,7,23,17,7,0,19,0,30,2,30,30,7,0,0,15,14,83,6,0,0,0.05,9
86,30,7,23,17,7,0,19,0,30,2,30,30,7,0,0,15,14,86,6,3,3,0.05,9
87,30,7,23,17,7,0,19,0,30,2,30,30,7,0,0,15,14,88,6,2,2,0.05,9
88,30,7,23,17,7,0,19,0,30,2,30,30,7,0,0,15,14,88,6,0,0,0.05,9
89,30,7,23,17,7,0,19,0,30,2,30,30,7,0,0,15,14,88,6,0,0,0.05,9
90,30,7,23,17,7,0,19,0,30,2,30,30,7,0,0,15,14,88,6,0,0,0.05,9
91,30,7,23,17,7,0,19,0,30,2,30,30,7,0,0,15,14,88,6,0,0,0.05,9
92,30,7,23,17,7,0,19,0,30,2,30,30,7,0,0,15,14,88,6,0,0,0.05,9
93,28,7,21,16,7,0,19,0,30,2,30,28,7,1,0,15,14,89,6,3,1,0.05,9
94,30,7,23,17,7,0,19,0,30,2,30,30,7,0,0,15,14,93,6,2,4,0.05,9
95,30,7,23,17,7,0,19,0,30,2,30,30,7,0,0,15,14,93,6,0,0,0.05,9
96,30,7,23,17,7,0,19,0,30,2,30,30,7,0,0,15,14,93,6,0,0,0.05,9
97,30,7,23,17,7,0,19,0,30,2,30,30,7,0,0,15,14,93,6,0,0,0.05,9
98,30,7,23,17,7,0,19,0,30,2,30,30,7,0,0,15,14,93,6,0,0,0.05,9
99,30,7,23,17,7,0,19,0,30,3,30,30,7,0,0,15,14,93,6,0,0,0.05,9
100,30,7,23,17,7,0,19,0,30,3,30,30,7,0,0,15,14,94,6,1,1,0.05,9
101,29,7,22,16,7,0,19,0,30,4,30,29,7,1,0,15,14,97,6,4,3,0.05,9
102,30,7,23,17,7,0,19,0,30,4,30,30,7,0,0,15,14,98,6,0,1,0.05,9
103,30,7,23,17,7,0,19,0,30,4,30,30,7,0,0,15,14,98,6,0,0,0.05,9
104,30,7,23,17,7,0,19,0,30,4,30,30,7,0,0,15,14,98,6,0,0,0.05,9
105,30,7,23,17,7,0,19,0,30,4,30,30,7,0,0,15,14,98,6,0,0,0.05,9
106,30,7,23,17,7,0,19,0,30,4,30,30,7,0,0,15,14,98,6,0,0,0.05,9
107,30,7,23,17,7,0,19,0,30,4,30,30,7,0,0,15,14,99,6,1,1,0.05,9
108,30,7,23,17,7,0,19,0,30,4,30,30,7,0,0,15,14,102,6,3,3,0.05,9
109,30,7,23,17,7,0,19,0,30,4,30,30,7,0,0,15,14,103,6,1,1,0.05,9
110,30,7,23,17,7,0,19,0,30,4,30,30,7,0,0,15,14,103,6,0,0,0.05,9
111,30,7,23,17,7,0,19,0,30,4,30,30,7,0,0,15,14,103,6,0,0,0.05,9
112,30,7,23,17,7,0,19,0,30,4,30,30,7,0,0,15,14,103,6,0,0,0.05,9
113,30,7,23,17,7,0,19,0,30,4,30,30,7,0,0,15,14,103,6,0,0,0.05,9
114,30,7,23,17,7,0,19,0,30,4,30,30,7,0,0,15,14,104,6,1,1,0.05,9
115,30,7,23,17,7,0,19,0,30,4,30,30,7,0,0,15,14,107,6,3,3,0.05,9
116,30,7,23,17,7,0,19,0,30,4,30,30,7,0,0,15,14,108,6,1,1,0.05,9
117,30,7,23,17,7,0,19,0,30,4,30,30,7,0,0,15,14,108,6,0,0,0.05,9
118,30,7,23,17,7,0,19,0,30,4,30,30,7,0,0,15,14,108,6,0,0,0.05,9
119,30,7,23,17,7,0,19,0,30,4,30,30,7,0,0,15,14,108,6,0,0,0.05,9
120,30,7,23,17,7,0,19,0,30,4,30,30,7,0,0,15,14,108,6,0,0,0.05,9
121,30,8,22,17,8,1,19,0,30,4,30,30,8,0,0,16,14,109,6,1,1,0.05,9
122,29,8,21,16,8,1,19,0,30,4,30,29,8,1,0,16,14,111,6,3,2,0.05,9
123,30,8,22,17,8,1,19,0,30,4,30,30,8,0,0,16,14,113,6,1,2,0.05,9
124,30,8,22,17,8,1,19,0,30,4,30,30,8,0,0,16,14,113,6,0,0,0.05,9
125,30,8,22,17,8,1,19,0,30,4,30,30,8,0,0,16,14,113,6,0,0,0.05,9
126,30,8,22,17,8,1,19,0,30,4,30,30,8,0,0,16,14,113,6,0,0,0.05,9
127,30,8,22,17,8,1,19,0,30,4,30,30,8,0,0,16,14,113,6,0,0,0.05,9
128,30,7,23,17,7,0,19,0,30,4,30,30,7,0,0,16,14,114,6,1,1,0.05,9
129,29,7,22,16,7,0,19,0,30,4,30,29,7,1,0,16,14,115,6,2,1,0.05,9
130,30,7,23,17,7,0,19,0,30,4,30,30,7,0,0,16,14,118,6,2,3,0.05,9
131,30,7,23,17,7,0,19,0,30,4,30,30,7,0,0,16,14,118,6,0,0,0.05,9
132,30,7,23,17,7,0,19,0,30,4,30,30,7,0,0,16,14,118,6,0,0,0.05,9
133,30,7,23,17,7,0,19,0,30,4,30,30,7,0,0,16,14,118,6,0,0,0.05,9
134,30,7,23,17,7,0,19,0,30,4,30,30,7,0,0,16,14,118,6,0,0,0.05,9
135,29,7,22,17,7,0,19,0,30,5,30,29,7,0,0,16,14,118,6,1,0,0.05,9
136,30,7,23,17,7,0,19,0,30,5,30,30,7,0,0,16,14,120,6,1,2,0.05,9
137,30,7,23,17,7,0,19,0,30,5,30,30,7,0,0,16,14,123,6,3,3,0.05,9
138,30,7,23,17,7,0,19,0,30,5,30,30,7,0,0,16,14,123,6,0,0,0.05,9
139,30,7,23,17,7,0,19,0,30,5,30,30,7,0,0,16,14,123,6,0,0,0.05,9
140,30,7,23,17,7,0,19,0,30,5,30,30,7,0,0,16,14,123,6,0,0,0.05,9
141,30,7,23,17,7,0,19,0,30,6,30,30,7,0,0,16,14,123,6,0,0,0.05,9
142,30,7,23,17,7,0,19,0,30,6,30,30,7,0,0,16,14,123,6,0,0,0.05,9
143,30,7,23,17,7,0,19,0,30,6,30,30,7,0,0,16,14,125,6,2,2,0.05,9
144,30,7,23,17,7,0,19,0,30,6,30,30,7,0,0,16,14,128,6,3,3,0.05,9
145,30,7,23,17,7,0,19,0,30,6,30,30,7,0,0,16,14,128,6,0,0,0.05,9
146,30,7,23,17,7,0,19,0,30,6,30,30,7,0,0,16,14,128,6,0,0,0.05,9
147,30,7,23,17,7,0,19,0,30,6,30,30,7,0,0,16,14,128,6,0,0,0.05,9
148,30,7,23,17,7,0,19,0,30,6,30,30,7,0,0,16,14,128,6,0,0,0.05,9
149,30,8,22,17,8,0,19,0,30,7,30,30,8,0,1,17,15,128,6,0,0,0.05,9
150,30,9,21,17,9,0,19,0,30,8,30,30,9,0,1,18,16,130,6,2,2,0.05,9
151,30,9,21,17,9,0,19,0,30,8,30,30,9,0,0,18,16,133,6,3,3,0.05,9
152,30,9,21,17,9,0,19,0,30,8,30,30,9,0,0,18,16,133,6,0,0,0.05,9
153,30,9,21,17,9,0,19,0,30,8,30,30,9,0,0,18,16,133,8,0,0,0.05,9
154,30,9,21,17,9,0,19,0,30,8,30,30,9,0,0,18,16,133,8,0,0,0.05,9
155,30,9,21,17,9,0,19,0,30,8,30,30,9,0,0,18,16,133,8,0,0,0.05,9
156,30,9,21,17,9,0,19,0,30,8,30,30,9,0,0,18,16,133,8,0,0,0.05,9
157,30,9,21,17,9,0,19,0,30,8,30,30,9,0,0,18,16,134,8,1,1,0.05,9
158,30,10,20,16,10,0,19,0,30,8,30,30,10,0,1,19,17,136,8,2,2,0.05,9
159,30,10,20,16,10,0,19,1,30,8,30,30,10,0,0,19,17,136,8,0,0,0.05,9
160,30,10,20,16,10,0,19,0,30,8,30,30,10,0,0,19,17,136,8,0,0,0.05,9
161,30,10,20,16,10,0,19,0,30,8,30,30,10,0,0,19,17,136,8,0,0,0.05,9
162,30,10,20,16,10,0,19,0,30,8,30,30,10,0,0,19,17,136,8,0,0,0.05,9
163,30,10,20,16,10,0,19,0,30,8,30,30,10,0,0,19,17,136,8,0,0,0.05,9
164,30,9,21,17,9,0,19,0,30,8,30,30,9,0,0,19,17,137,8,1,1,0.05,9
165,29,8,21,15,8,0,19,0,30,8,30,29,8,1,0,19,17,140,8,4,3,0.05,9
166,30,9,21,16,9,0,19,0,30,8,30,30,9,0,1,20,18,141,8,0,1,0.05,9
167,30,9,21,16,9,0,19,0,30,8,30,30,9,0,0,20,18,141,8,0,0,0.05,9
168,30,9,21,16,9,0,19,0,30,8,30,30,9,0,0,20,18,141,8,0,0,0.05,9
169,30,9,21,16,9,0,19,0,30,9,30,30,9,0,0,20,18,141,8,0,0,0.05,9
170,30,9,21,16,9,0,19,0,30,9,30,30,9,0,0,20,18,141,8,0,0,0.05,9
171,30,9,21,16,9,0,19,0,30,9,30,30,9,0,0,20,18,142,8,1,1,0.05,9
172,30,9,21,16,9,0,19,0,30,9,30,30,9,0,0,20,18,144,8,2,2,0.05,9
173,30,9,21,16,9,0,19,0,30,9,30,30,9,0,0,20,18,145,8,1,1,0.05,9
174,30,9,21,16,9,0,19,0,30,9,30,30,9,0,0,20,18,145,8,0,0,0.05,9
175,30,10,20,16,10,0,19,0,30,9,30,30,10,0,1,21,19,145,9,0,0,0.05,9
176,30,10,20,16,10,0,19,0,30,10,30,30,10,0,0,21,19,145,9,0,0,0.05,9
177,30,10,20,16,10,0,19,0,30,10,30,30,10,0,0,21,19,145,9,0,0,0.05,9
178,30,10,20,15,10,0,19,0,30,10,30,30,10,0,0,21,19,146,9,1,1,0.05,9
179,30,9,21,16,9,0,19,0,30,10,30,30,9,0,0,21,19,148,9,2,2,0.05,9
180,30,9,21,16,9,0,19,0,30,10,30,30,9,0,0,21,19,149,10,1,1,0.05,9
181,30,9,21,16,9,0,19,0,30,10,30,30,9,0,0,21,19,149,10,0,0,0.05,9
182,30,9,21,16,9,0,19,0,30,11,30,30,9,0,0,21,19,149,10,0,0,0.05,9
183,30,9,21,16,9,0,19,0,30,13,30,30,9,0,0,21,19,149,10,0,0,0.05,9
184,30,9,21,16,9,0,19,0,30,13,30,30,9,0,0,21,19,149,10,0,0,0.05,9
185,30,9,21,16,9,0,19,0,30,13,30,30,9,0,0,21,19,150,10,1,1,0.05,9
186,30,8,22,16,8,0,19,0,30,13,30,30,8,0,0,21,19,153,10,3,3,0.05,9
187,30,8,22,16,8,0,19,0,30,13,30,30,8,0,0,21,19,154,10,1,1,0.05,9
188,30,8,22,16,8,0,19,0,30,13,30,30,8,0,0,21,19,154,10,0,0,0.05,9
189,30,8,22,16,8,0,19,0,30,13,30,30,8,0,0,21,19,154,10,0,0,0.05,9
190,30,9,21,16,9,0,19,0,30,13,30,30,9,0,1,22,20,154,10,0,0,0.05,9
191,30,10,20,16,10,0,19,0,30,13,30,30,10,0,1,23,21,154,10,0,0,0.05,9
192,30,10,20,16,10,0,19,0,30,13,30,30,10,0,0,23,21,155,10,1,1,0.05,9
193,30,10,20,16,10,0,19,0,30,13,30,30,10,0,0,23,21,157,10,2,2,0.05,9
194,30,10,20,16,10,0,19,0,30,13,30,30,10,0,0,23,21,158,10,1,1,0.05,9
195,30,11,19,16,11,0,19,0,30,13,30,30,11,0,1,24,22,158,10,0,0,0.05,9
196,30,11,19,16,11,0,19,0,30,13,30,30,11,0,0,24,22,158,10,0,0,0.05,9
197,30,11,19,16,11,0,19,0,30,13,30,30,11,0,0,24,22,158,10,0,0,0.05,9
198,30,11,19,16,11,0,19,0,30,13,30,30,11,0,0,24,22,158,10,0,0,0.05,9
199,29,11,18,16,11,0,19,0,30,13,30,29,11,0,0,24,22,158,10,1,0,0.05,9
200,30,10,20,16,10,0,19,0,30,13,30,30,10,0,0,24,22,162,10,3,4,0.05,9
201,30,10,20,16,10,0,19,0,30,13,30,30,10,0,0,24,22,163,10,1,1,0.05,9
202,30,10,20,16,10,0,19,0,30,13,30,30,10,0,0,24,22,163,10,0,0,0.05,9
203,30,11,19,16,11,0,19,0,30,13,30,30,11,0,1,25,23,163,10,0,0,0.05,9
204,30,11,19,16,11,0,19,0,30,13,30,30,11,0,0,25,23,163,11,0,0,0.05,9
205,30,12,18,16,12,0,19,0,30,13,30,30,12,0,1,26,24,163,11,0,0,0.05,9
206,30,12,18,16,12,0,19,0,30,13,30,30,12,0,0,26,24,163,11,0,0,0.05,9
207,30,12,18,15,12,0,19,0,30,13,30,30,12,0,0,26,24,165,12,2,2,0.05,9
208,30,12,18,15,12,0,19,0,30,13,30,30,12,0,0,26,24,166,12,1,1,0.05,9
209,30,12,18,15,12,0,19,0,30,13,30,30,12,0,0,26,24,166,12,0,0,0.05,9
210,30,12,18,15,12,0,19,0,30,13,30,30,12,0,0,26,24,166,12,0,0,0.05,9
211,30,12,18,15,12,0,19,0,30,13,30,30,12,0,0,26,24,166,12,0,0,0.05,9
212,30,12,18,15,12,0,19,0,30,13,30,30,12,0,0,26,24,166,12,0,0,0.05,9
213,30,12,18,15,12,0,19,0,30,13,30,30,12,0,0,26,24,166,13,0,0,0.05,9
214,30,10,20,17,10,0,19,0,30,13,30,30,10,0,0,26,24,170,13,4,4,0.05,9
215,30,10,20,17,10,0,19,0,30,13,30,30,10,0,0,26,24,171,13,1,1,0.05,9
216,30,10,20,17,10,0,19,0,30,13,30,30,10,0,0,26,24,171,13,0,0,0.05,9
217,30,10,20,17,10,0,19,0,30,13,30,30,10,0,0,26,24,171,13,0,0,0.05,9
218,30,10,20,17,10,0,19,0,30,13,30,30,10,0,0,26,24,171,13,0,0,0.05,9
219,30,10,20,17,10,0,19,0,30,13,30,30,10,0,0,26,24,171,13,0,0,0.05,9
220,30,10,20,17,10,0,19,0,30,1,30,30,10,0,0,26,24,171,13,0,0,0.05,9
221,29,10,19,16,10,0,19,0,30,1,30,29,10,1,0,26,24,174,13,4,3,0.05,9
222,30,10,20,17,10,0,19,0,30,1,30,30,10,0,0,26,24,176,13,1,2,0.05,9
223,30,10,20,17,10,0,19,0,30,1,30,30,10,0,0,26,24,176,13,0,0,0.05,9
224,30,10,20,17,10,0,19,0,30,1,30,30,10,0,0,26,24,176,13,0,0,0.05,9
225,30,10,20,17,10,0,19,0,30,1,30,30,10,0,0,26,24,176,13,0,0,0.05,9
226,30,10,20,17,10,0,19,0,30,1,30,30,10,0,0,26,24,176,13,0,0,0.05,9
227,30,10,20,17,10,0,19,0,30,1,30,30,10,0,0,26,24,176,13,0,0,0.05,9
228,28,10,18,17,10,0,19,0,30,1,30,28,10,0,0,26,24,177,13,3,1,0.05,9
229,30,10,20,17,10,0,19,0,30,1,30,30,10,0,0,26,24,181,13,2,4,0.05,9
230,30,10,20,17,10,0,19,0,30,1,30,30,10,0,0,26,24,181,13,0,0,0.05,9
231,30,10,20,17,10,0,19,0,30,1,30,30,10,0,0,26,24,181,13,0,0,0.05,9
232,30,10,20,17,10,0,19,0,30,1,30,30,10,0,0,26,24,181,13,0,0,0.05,9
233,30,10,20,17,10,0,19,0,30,1,30,30,10,0,0,26,24,181,13,0,0,0.05,9
234,30,10,20,17,10,0,19,0,30,1,30,30,10,0,0,26,24,181,13,0,0,0.05,9
235,30,10,20,17,10,0,19,0,30,1,30,30,10,0,0,26,24,182,13,1,1,0.05,9
236,30,10,20,17,10,0,19,0,30,1,30,30,10,0,0,26,24,186,13,4,4,0.05,9
237,30,10,20,17,10,0,19,0,30,1,30,30,10,0,0,26,24,186,13,0,0,0.05,9
238,30,10,20,17,10,0,19,0,30,1,30,30,10,0,0,26,24,186,13,0,0,0.05,9
239,30,10,20,17,10,0,19,0,30,2,30,30,10,0,0,26,24,186,13,0,0,0.05,9
240,30,10,20,17,10,0,19,0,30,2,30,30,10,0,0,26,24,186,13,0,0,0.05,9
241,30,10,20,17,10,0,19,0,30,2,30,30,10,0,0,26,24,186,13,0,0,0.05,9
242,30,11,19,17,11,1,19,0,30,2,30,30,11,0,0,27,24,187,13,1,1,0.05,9
243,30,13,17,17,13,2,19,0,30,4,30,30,13,0,1,29,25,191,13,4,4,0.05,9
244,30,13,17,17,13,2,19,0,30,4,30,30,13,0,0,29,25,191,13,0,0,0.05,9
245,30,13,17,17,13,2,19,0,30,4,30,30,13,0,0,29,25,191,13,0,0,0.05,9
246,30,13,17,17,13,2,19,0,30,4,30,30,13,0,0,29,25,191,13,0,0,0.05,9
247,30,13,17,17,13,2,19,0,30,5,30,30,13,0,0,29,25,191,13,0,0,0.05,9
248,30,13,17,17,13,2,19,0,30,5,30,30,13,0,0,29,25,191,13,0,0,0.05,9
249,30,12,18,17,12,1,19,0,30,5,30,30,12,0,0,29,25,192,13,1,1,0.05,9
250,30,11,19,17,11,0,19,0,30,5,30,30,11,0,0,29,25,196,13,4,4,0.05,9
251,30,11,19,17,11,0,19,0,30,5,30,30,11,0,0,29,25,196,13,0,0,0.05,9
252,30,11,19,17,11,0,19,0,30,5,30,30,11,0,0,29,25,196,13,0,0,0.05,9
253,30,11,19,17,11,0,19,0,30,5,30,30,11,0,0,29,25,196,13,0,0,0.05,9
254,30,11,19,17,11,0,19,0,30,5,30,30,11,0,0,29,25,196,13,0,0,0.05,9
255,30,11,19,17,11,0,19,0,30,6,30,30,11,0,0,29,25,196,13,0,0,0.05,9
256,30,12,18,17,12,0,19,0,30,6,30,30,12,0,1,30,26,197,14,1,1,0.05,9
257,29,12,17,16,12,0,19,0,30,6,30,29,12,1,0,30,26,199,14,3,2,0.05,9
258,30,12,18,17,12,0,19,0,30,6,30,30,12,0,0,30,26,200,14,0,1,0.05,9
259,30,12,18,17,12,0,19,0,30,6,30,30,12,0,0,30,26,200,14,0,0,0.05,9
260,30,12,18,17,12,0,19,0,30,6,30,30,12,0,0,30,26,200,14,0,0,0.05,9
261,30,12,18,17,12,0,19,0,30,6,30,30,12,0,0,30,26,200,14,0,0,0.05,9
262,30,12,18,17,12,0,19,0,30,6,30,30,12,0,0,30,26,200,14,0,0,0.05,9
263,29,12,17,16,12,0,19,0,30,6,30,29,12,1,0,30,26,200,14,1,0,0.05,9
264,30,11,19,16,11,0,19,0,30,6,30,30,11,0,0,30,26,204,14,3,4,0.05,9
265,30,12,18,16,12,0,19,0,30,6,30,30,12,0,1,31,27,205,14,1,1,0.05,9
266,30,12,18,16,12,0,19,0,30,6,30,30,12,0,0,31,27,205,14,0,0,0.05,9
267,30,12,18,16,12,0,19,0,30,6,30,30,12,0,0,31,27,205,14,0,0,0.05,9
268,30,12,18,16,12,0,19,0,30,6,30,30,12,0,0,31,27,205,14,0,0,0.05,9
269,30,12,18,16,12,0,19,0,30,6,30,30,12,0,0,31,27,205,14,0,0,0.05,9
270,30,12,18,16,12,0,19,0,30,6,30,30,12,0,0,31,27,205,14,0,0,0.05,9
271,30,12,18,16,12,0,19,0,30,6,30,30,12,0,0,31,27,209,14,4,4,0.05,9
272,30,12,18,16,12,0,19,0,30,7,30,30,12,0,0,31,27,210,14,1,1,0.05,9
273,30,12,18,16,12,0,19,0,30,7,30,30,12,0,0,31,27,210,14,0,0,0.05,9
274,30,12,18,16,12,0,19,0,30,7,30,30,12,0,0,31,27,210,14,0,0,0.05,9
275,30,12,18,16,12,0,19,0,30,7,30,30,12,0,0,31,27,210,14,0,0,0.05,9
276,30,12,18,16,12,0,19,0,30,7,30,30,12,0,0,31,27,210,14,0,0,0.05,9
277,30,12,18,16,12,0,19,0,30,7,30,30,12,0,0,31,27,210,14,0,0,0.05,9
278,30,13,17,16,13,0,19,0,30,7,30,30,13,0,1,32,28,214,14,4,4,0.05,9
279,30,13,17,16,13,0,19,0,30,7,30,30,13,0,0,32,28,215,14,1,1,0.05,9
280,30,13,17,16,13,0,19,0,30,7,30,30,13,0,0,32,28,215,14,0,0,0.05,9
281,30,13,17,16,13,0,19,0,30,7,30,30,13,0,0,32,28,215,14,0,0,0.05,9
282,30,13,17,16,13,0,19,0,30,7,30,30,13,0,0,32,28,215,14,0,0,0.05,9
283,30,13,17,16,13,0,19,0,30,7,30,30,13,0,0,32,28,215,14,0,0,0.05,9
284,30,13,17,16,13,0,19,0,30,7,30,30,13,0,0,32,28,215,14,0,0,0.05,9
285,30,13,17,16,13,0,19,0,30,8,30,30,13,0,0,32,28,219,14,4,4,0.05,9
286,30,13,17,16,13,0,19,0,30,8,30,30,13,0,0,32,28,220,14,1,1,0.05,9
287,30,13,17,16,13,0,19,0,30,8,30,30,13,0,0,32,28,220,14,0,0,0.05,9
288,30,13,17,16,13,0,19,0,30,8,30,30,13,0,0,32,28,220,14,0,0,0.05,9
289,30,13,17,16,13,0,19,0,30,8,30,30,13,0,0,32,28,220,14,0,0,0.05,9
290,30,13,17,16,13,0,19,0,30,8,30,30,13,0,0,32,28,220,14,0,0,0.05,9
291,30,13,17,16,13,0,19,0,30,9,30,30,13,0,0,32,28,220,14,0,0,0.05,9
292,29,13,16,16,13,0,19,0,30,10,30,29,13,0,0,32,28,223,14,4,3,0.05,9
293,30,13,17,16,13,0,19,0,30,10,30,30,13,0,0,32,28,225,14,1,2,0.05,9
294,30,14,16,16,14,0,19,0,30,10,30,30,14,0,1,33,29,225,14,0,0,0.05,9
295,30,15,15,16,15,0,19,0,30,10,30,30,15,0,1,34,30,225,14,0,0,0.05,9
296,30,15,15,16,15,0,19,0,30,10,30,30,15,0,0,34,30,225,14,0,0,0.05,9
297,30,16,14,16,16,0,19,0,30,10,30,30,16,0,1,35,31,225,14,0,0,0.05,9
298,30,17,13,16,17,0,19,0,30,10,30,30,17,0,1,36,32,225,14,0,0,0.05,9
299,30,17,13,15,17,0,19,0,30,10,30,30,17,0,0,36,32,226,15,1,1,0.05,9
300,30,17,13,15,17,0,19,0,30,10,30,30,17,0,0,36,32,227,16,1,1,0.05,9
301,30,17,13,15,17,0,19,0,30,10,30,30,17,0,0,36,32,227,16,0,0,0.05,9
302,30,17,13,15,17,0,19,0,30,10,30,30,17,0,0,36,32,227,16,0,0,0.05,9
303,30,17,13,15,17,0,19,0,30,10,30,30,17,0,0,36,32,227,16,0,0,0.05,9
304,30,17,13,15,17,0,19,0,30,10,30,30,17,0,0,36,32,227,16,0,0,0.05,9
305,30,17,13,15,17,0,19,0,30,10,30,30,17,0,0,36,32,227,16,0,0,0.05,9
306,29,17,12,16,17,2,19,0,30,10,30,29,17,0,0,38,32,229,16,3,2,0.05,9
307,29,16,13,15,16,2,19,0,30,10,30,29,16,1,0,38,32,231,16,2,2,0.05,9
308,30,16,14,16,16,2,19,0,30,10,30,30,16,0,0,38,32,232,16,0,1,0.05,9
309,30,16,14,16,16,2,19,0,30,10,30,30,16,0,0,38,32,232,16,0,0,0.05,9
310,30,17,13,16,17,2,19,0,30,10,30,30,17,0,1,39,33,232,16,0,0,0.05,9
311,30,17,13,16,17,2,19,0,30,11,30,30,17,0,0,39,33,232,16,0,0,0.05,9
312,30,17,13,16,17,2,19,0,30,12,30,30,17,0,0,39,33,232,16,0,0,0.05,9
313,29,15,14,16,15,0,19,0,30,13,30,29,15,0,0,39,33,233,16,2,1,0.05,9
314,30,15,15,16,15,0,19,0,30,13,30,30,15,0,0,39,33,236,16,2,3,0.05,9
315,30,15,15,16,15,0,19,0,30,13,30,30,15,0,0,39,33,237,16,1,1,0.05,9
316,30,17,13,16,17,0,19,0,30,13,30,30,17,0,2,41,35,237,16,0,0,0.05,9
317,30,17,13,16,17,0,19,0,30,13,30,30,17,0,0,41,35,237,16,0,0,0.05,9
318,30,17,13,16,17,0,19,0,30,13,30,30,17,0,0,41,35,237,16,0,0,0.05,9
319,30,17,13,16,17,0,19,0,30,13,30,30,17,0,0,41,35,237,17,0,0,0.05,9
320,30,17,13,15,17,0,19,0,30,13,30,30,17,0,0,41,35,238,17,1,1,0.05,9
321,30,17,13,15,17,0,19,0,30,13,30,30,17,0,0,41,35,240,17,2,2,0.05,9
322,30,17,13,15,17,0,19,0,30,13,30,30,17,0,0,41,35,240,17,0,0,0.05,9
323,30,17,13,15,17,0,19,0,30,13,30,30,17,0,0,41,35,240,17,0,0,0.05,9
324,30,17,13,15,17,0,19,0,30,14,30,30,17,0,0,41,35,240,17,0,0,0.05,9
325,30,17,13,15,17,0,19,0,30,14,30,30,17,0,0,41,35,240,17,0,0,0.05,9
326,30,17,13,15,17,0,19,0,30,14,30,30,17,0,0,41,35,240,17,0,0,0.05,9
327,30,17,13,15,17,0,19,0,30,14,30,30,17,0,0,41,35,241,17,1,1,0.05,9
328,29,16,13,16,16,0,19,0,30,14,30,29,16,0,0,41,35,243,17,3,2,0.05,9
329,30,15,15,16,15,0,19,0,30,14,30,30,15,0,0,41,35,245,17,1,2,0.05,9
330,30,15,15,16,15,0,19,0,30,14,30,30,15,0,0,41,35,245,17,0,0,0.05,9
331,30,15,15,16,15,0,19,0,30,14,30,30,15,0,0,41,35,245,17,0,0,0.05,9
332,30,15,15,16,15,0,19,0,30,14,30,30,15,0,0,41,35,245,17,0,0,0.05,9
333,30,15,15,16,15,0,19,0,30,14,30,30,15,0,0,41,35,245,17,0,0,0.05,9
334,30,15,15,16,15,0,19,0,30,14,30,30,15,0,0,41,35,246,17,1,1,0.05,9
335,30,15,15,16,15,0,19,0,30,14,30,30,15,0,0,41,35,248,17,2,2,0.05,9
336,30,15,15,16,15,0,19,0,30,14,30,30,15,0,0,41,35,250,17,2,2,0.05,9
337,30,15,15,16,15,0,19,1,30,14,30,30,15,0,0,41,35,250,17,0,0,0.05,9
338,30,15,15,16,15,0,19,0,30,14,30,30,15,0,0,41,35,250,17,0,0,0.05,9
339,30,15,15,16,15,0,19,0,30,14,30,30,15,0,0,41,35,250,17,0,0,0.05,9
340,30,16,14,16,16,0,19,0,30,14,30,30,16,0,1,42,36,250,17,0,0,0.05,9
341,30,18,12,16,18,0,19,0,30,15,30,30,18,0,2,44,38,251,17,1,1,0.05,9
342,30,18,12,16,18,0,19,0,30,16,30,30,18,0,0,44,38,252,17,1,1,0.05,9
343,30,18,12,16,18,0,19,0,30,16,30,30,18,0,0,44,38,254,17,2,2,0.05,9
344,30,18,12,16,18,0,19,0,30,16,30,30,18,0,0,44,38,254,18,0,0,0.05,9
345,30,18,12,16,18,0,19,0,30,16,30,30,18,0,0,44,38,254,18,0,0,0.05,9
346,30,18,12,16,18,0,19,0,30,17,30,30,18,0,0,44,38,254,18,0,0,0.05,9
347,30,18,12,16,18,0,19,0,30,17,30,30,18,0,0,44,38,254,18,0,0,0.05,9
348,30,18,12,16,18,0,19,0,30,17,30,30,18,0,0,44,38,254,18,0,0,0.05,9
349,30,17,13,16,17,0,19,0,30,17,30,30,17,0,0,44,38,256,18,2,2,0.05,9
350,30,17,13,16,17,0,19,0,30,17,30,30,17,0,0,44,38,258,19,2,2,0.05,9
351,30,17,13,16,17,0,19,0,30,17,30,30,17,0,0,44,38,258,19,0,0,0.05,9
352,30,17,13,16,17,0,19,1,30,17,30,30,17,0,0,44,38,258,19,0,0,0.05,9
353,30,18,12,16,18,0,19,0,30,17,30,30,18,0,1,45,39,258,19,0,0,0.05,9
354,30,18,12,16,18,0,19,0,30,17,30,30,18,0,0,45,39,258,19,0,0,0.05,9
355,30,17,13,17,17,0,19,0,30,17,30,30,17,0,0,45,39,259,19,1,1,0.05,9
356,29,18,11,17,18,0,19,0,30,17,30,29,18,0,1,46,40,259,19,1,0,0.05,9
357,29,18,11,16,18,0,19,0,30,17,30,29,18,1,0,46,40,261,19,2,2,0.05,9
358,30,18,12,17,18,0,19,0,30,18,30,30,18,0,0,46,40,262,19,0,1,0.05,9
359,30,18,12,17,18,0,19,0,30,18,30,30,18,0,0,46,40,262,19,0,0,0.05,9
360,30,18,12,17,18,0,19,0,30,18,30,30,18,0,0,46,40,262,19,0,0,0.05,9
361,30,18,12,17,18,0,19,0,30,18,30,30,18,0,0,46,40,262,19,0,0,0.05,9
362,29,18,11,16,18,0,19,0,30,18,30,29,18,1,0,46,40,262,19,1,0,0.05,9
363,30,18,12,16,18,0,19,0,30,19,30,30,18,0,1,47,41,264,19,1,2,0.05,9
364,30,18,12,16,18,0,19,0,30,19,30,30,18,0,0,47,41,266,19,2,2,0.05,9
365,30,18,12,16,18,0,19,0,30,20,30,30,18,0,0,47,41,267,19,1,1,0.05,9
366,30,18,12,16,18,0,19,0,30,20,30,30,18,0,0,47,41,267,19,0,0,0.05,9
367,30,19,11,16,19,0,19,0,30,20,30,30,19,0,1,48,42,267,19,0,0,0.05,9
368,30,19,11,16,19,0,19,0,30,20,30,30,19,0,0,48,42,267,19,0,0,0.05,9
369,30,21,9,16,21,0,19,0,30,20,30,30,21,0,2,50,44,267,19,0,0,0.05,9
370,30,21,9,16,21,0,19,0,30,20,30,30,21,0,0,50,44,268,19,1,1,0.05,9
371,30,21,9,16,21,0,19,0,30,20,30,30,21,0,0,50,44,269,19,1,1,0.05,9
372,30,21,9,16,21,0,19,0,30,20,30,30,21,0,0,50,44,270,20,1,1,0.05,9
373,30,22,8,16,22,0,19,0,30,20,30,30,22,0,1,51,45,270,20,0,0,0.05,9
374,30,23,7,16,23,0,19,0,30,20,30,30,23,0,1,52,46,270,21,0,0,0.05,9
375,30,23,7,16,23,0,19,0,30,20,30,30,23,0,0,52,46,270,21,0,0,0.05,9
376,30,23,7,16,23,0,19,0,30,20,30,30,23,0,0,52,46,270,21,0,0,0.05,9
377,30,22,8,17,22,0,19,0,30,20,30,30,22,0,0,52,46,271,21,1,1,0.05,9
378,30,21,9,18,21,0,19,0,30,20,30,30,21,0,0,52,46,273,21,2,2,0.05,9
379,30,22,8,18,22,0,19,0,30,20,30,30,22,0,1,53,47,273,21,0,0,0.05,9
380,30,22,8,18,22,0,19,0,30,20,30,30,22,0,0,53,47,273,21,0,0,0.05,9
381,30,22,8,18,22,0,19,0,30,20,30,30,22,0,0,53,47,273,21,0,0,0.05,9
382,30,22,8,18,22,0,19,0,30,20,30,30,22,0,0,53,47,273,21,0,0,0.05,9
383,30,22,8,18,22,0,19,0,30,20,30,30,22,0,0,53,47,273,21,0,0,0.05,9
384,29,21,8,16,21,0,19,0,30,20,30,29,21,1,0,53,47,274,21,2,1,0.05,9
385,29,22,7,17,22,0,19,0,30,20,30,29,22,0,1,54,48,275,21,1,1,0.05,9
386,30,21,9,17,21,0,19,0,30,20,30,30,21,0,0,54,48,277,21,1,2,0.05,9
387,30,21,9,17,21,0,19,1,30,20,30,30,21,0,0,54,48,277,21,0,0,0.05,9
388,30,22,8,17,22,0,19,0,30,20,30,30,22,0,1,55,49,277,21,0,0,0.05,9
389,30,22,8,17,22,0,19,0,30,20,30,30,22,0,0,55,49,277,21,0,0,0.05,9
390,30,22,8,17,22,0,19,0,30,20,30,30,22,0,0,55,49,277,21,0,0,0.05,9
391,30,22,8,17,22,0,19,0,30,20,30,30,22,0,0,55,49,278,21,1,1,0.05,9
392,30,21,9,17,21,0,19,0,30,20,30,30,21,0,0,55,49,280,21,2,2,0.05,9
393,30,21,9,17,21,0,19,0,30,20,30,30,21,0,0,55,49,281,21,1,1,0.05,9
394,30,21,9,17,21,0,19,0,30,20,30,30,21,0,0,55,49,281,21,0,0,0.05,9
395,30,21,9,17,21,0,19,0,30,20,30,30,21,0,0,55,49,281,22,0,0,0.05,9
396,30,21,9,17,21,0,19,0,30,20,30,30,21,0,0,55,49,281,22,0,0,0.05,9
397,30,21,9,17,21,0,19,0,30,20,30,30,21,0,0,55,49,281,22,0,0,0.05,9
398,30,21,9,17,21,0,19,0,30,21,30,30,21,0,0,55,49,282,22,1,1,0.05,9
399,30,21,9,16,21,0,19,0,30,21,30,30,21,0,0,55,49,284,22,2,2,0.05,9
400,30,21,9,17,21,0,19,1,30,2,30,30,21,0,1,56,50,286,22,2,2,0.05,9
401,30,21,9,17,21,0,19,0,30,2,30,30,21,0,0,56,50,286,22,0,0,0.05,9
402,30,21,9,17,21,0,19,0,30,3,30,30,21,0,0,56,50,286,22,0,0,0.05,9
403,30,21,9,17,21,0,19,0,30,3,30,30,21,0,0,56,50,286,22,0,0,0.05,9
404,30,21,9,17,21,0,19,0,30,3,30,30,21,0,0,56,50,286,22,0,0,0.05,9
405,30,22,8,17,22,0,19,0,30,3,30,30,22,0,1,57,51,287,22,1,1,0.05,9
406,28,22,6,16,22,0,19,0,30,4,30,28,22,1,0,57,51,287,22,2,0,0.05,9
407,30,22,8,17,22,0,19,0,30,4,30,30,22,0,0,57,51,290,22,1,3,0.05,9
408,30,22,8,17,22,0,19,0,30,4,30,30,22,0,0,57,51,290,22,0,0,0.05,9
409,30,22,8,17,22,0,19,0,30,4,30,30,22,0,0,57,51,290,22,0,0,0.05,9
410,30,22,8,17,22,0,19,0,30,4,30,30,22,0,0,57,51,290,22,0,0,0.05,9
411,30,22,8,17,22,0,19,0,30,4,30,30,22,0,0,57,51,290,22,0,0,0.05,9
412,30,22,8,17,22,0,19,0,30,5,30,30,22,0,0,57,51,291,23,1,1,0.05,9
413,30,22,8,17,22,0,19,0,30,5,30,30,22,0,0,57,51,291,23,0,0,0.05,9
414,30,21,9,16,21,0,19,0,30,5,30,30,21,0,0,57,51,295,23,4,4,0.05,9
415,30,21,9,16,21,0,19,0,30,5,30,30,21,0,0,57,51,295,23,0,0,0.05,9
416,30,21,9,16,21,0,19,0,30,5,30,30,21,0,0,57,51,295,23,0,0,0.05,9
417,30,21,9,16,21,0,19,0,30,5,30,30,21,0,0,57,51,295,23,0,0,0.05,9
418,30,21,9,16,21,0,19,0,30,5,30,30,21,0,0,57,51,295,23,0,0,0.05,9
419,30,21,9,16,21,0,19,0,30,5,30,30,21,0,0,57,51,296,23,1,1,0.05,9
420,30,21,9,16,21,0,19,0,30,5,30,30,21,0,0,57,51,296,23,0,0,0.05,9
421,30,21,9,16,21,0,19,0,30,5,30,30,21,0,0,57,51,300,23,4,4,0.05,9
422,30,21,9,16,21,0,19,0,30,5,30,30,21,0,0,57,51,300,23,0,0,0.05,9
423,30,21,9,16,21,0,19,0,30,5,30,30,21,0,0,57,51,300,23,0,0,0.05,9
424,30,21,9,16,21,0,19,0,30,6,30,30,21,0,0,57,51,300,23,0,0,0.05,9
425,30,22,8,16,22,0,19,0,30,7,30,30,22,0,1,58,52,300,23,0,0,0.05,9
426,29,22,7,16,22,0,19,0,30,7,30,29,22,0,0,58,52,300,23,1,0,0.05,9
427,30,22,8,16,22,0,19,0,30,7,30,30,22,0,0,58,52,301,23,0,1,0.05,9
428,29,22,7,15,22,0,19,0,30,7,30,29,22,1,0,58,52,303,23,3,2,0.05,9
429,30,22,8,16,22,0,19,0,30,7,30,30,22,0,0,58,52,304,23,0,1,0.05,9
430,30,22,8,16,22,0,19,0,30,8,30,30,22,0,0,58,52,304,23,0,0,0.05,9
431,30,22,8,16,22,0,19,0,30,8,30,30,22,0,0,58,52,304,23,0,0,0.05,9
432,30,22,8,16,22,0,19,0,30,8,30,30,22,0,0,58,52,304,23,0,0,0.05,9
433,30,22,8,16,22,0,19,0,30,8,30,30,22,0,0,58,52,304,23,0,0,0.05,9
434,30,22,8,16,22,0,19,0,30,8,30,30,22,0,0,58,52,305,23,1,1,0.05,9
435,30,21,9,16,21,0,19,0,30,8,30,30,21,0,0,58,52,308,23,3,3,0.05,9
436,30,21,9,16,21,0,19,0,30,9,30,30,21,0,0,58,52,309,23,1,1,0.05,9
437,30,21,9,16,21,0,19,0,30,9,30,30,21,0,0,58,52,309,23,0,0,0.05,9
438,30,21,9,16,21,0,19,0,30,9,30,30,21,0,0,58,52,309,23,0,0,0.05,9
439,30,21,9,16,21,0,19,0,30,9,30,30,21,0,0,58,52,309,23,0,0,0.05,9
440,30,21,9,16,21,0,19,0,30,10,30,30,21,0,0,58,52,309,23,0,0,0.05,9
441,30,21,9,16,21,0,19,0,30,10,30,30,21,0,0,58,52,310,23,1,1,0.05,9
442,30,21,9,16,21,0,19,0,30,10,30,30,21,0,0,58,52,313,23,3,3,0.05,9
443,30,22,8,16,22,0,19,0,30,11,30,30,22,0,1,59,53,314,23,1,1,0.05,9
444,30,22,8,16,22,0,19,0,30,11,30,30,22,0,0,59,53,314,23,0,0,0.05,9
445,30,22,8,16,22,0,19,0,30,11,30,30,22,0,0,59,53,314,23,0,0,0.05,9
446,30,22,8,16,22,0,19,0,30,13,30,30,22,0,0,59,53,314,23,0,0,0.05,9
447,30,22,8,16,22,0,19,0,30,14,30,30,22,0,0,59,53,314,23,0,0,0.05,9
448,30,22,8,16,22,0,19,0,30,14,30,30,22,0,0,59,53,315,23,1,1,0.05,9
449,28,22,6,16,22,0,19,0,30,15,30,28,22,0,0,59,53,315,23,2,0,0.05,9
450,30,22,8,16,22,0,19,0,30,15,30,30,22,0,0,59,53,318,23,1,3,0.05,9
451,30,22,8,16,22,0,19,0,30,15,30,30,22,0,0,59,53,318,23,0,0,0.05,9
452,30,22,8,16,22,0,19,0,30,15,30,30,22,0,0,59,53,318,23,0,0,0.05,9
453,30,22,8,16,22,0,19,0,30,15,30,30,22,0,0,59,53,318,23,0,0,0.05,9
454,30,22,8,16,22,0,19,0,30,15,30,30,22,0,0,59,53,318,23,0,0,0.05,9
455,30,22,8,16,22,0,19,0,30,15,30,30,22,0,0,59,53,319,23,1,1,0.05,9
456,30,21,9,16,21,0,19,0,30,15,30,30,21,0,0,59,53,320,23,1,1,0.05,9
457,30,22,8,16,22,0,19,0,30,15,30,30,22,0,1,60,54,323,23,3,3,0.05,9
458,30,22,8,16,22,0,19,0,30,15,30,30,22,0,0,60,54,323,23,0,0,0.05,9
459,30,22,8,16,22,0,19,0,30,15,30,30,22,0,0,60,54,323,23,0,0,0.05,9
460,30,22,8,16,22,0,19,0,30,15,30,30,22,0,0,60,54,323,23,0,0,0.05,9
461,30,22,8,16,22,0,19,0,30,15,30,30,22,0,0,60,54,323,23,0,0,0.05,9
462,30,23,7,16,23,0,19,0,30,15,30,30,23,0,1,61,55,324,23,1,1,0.05,9
463,30,23,7,16,23,0,19,0,30,17,30,30,23,0,0,61,55,324,23,0,0,0.05,9
464,30,23,7,16,23,0,19,0,30,18,30,30,23,0,0,61,55,326,23,2,2,0.05,9
465,30,24,6,16,24,0,19,0,30,18,30,30,24,0,1,62,56,326,23,0,0,0.05,9
466,30,24,6,16,24,0,19,0,30,18,30,30,24,0,0,62,56,326,24,0,0,0.05,9
467,30,24,6,16,24,0,19,0,30,18,30,30,24,0,0,62,56,326,24,0,0,0.05,9
468,30,24,6,16,24,0,19,0,30,18,30,30,24,0,0,62,56,326,24,0,0,0.05,9
469,30,24,6,16,24,0,19,1,30,18,30,30,24,0,0,62,56,327,24,1,1,0.05,9
470,29,23,6,15,23,0,19,0,30,18,30,29,23,1,0,62,56,327,24,1,0,0.05,9
471,29,22,7,17,22,0,19,0,30,18,30,29,22,0,0,62,56,329,24,2,2,0.05,9
472,30,22,8,17,22,0,19,0,30,18,30,30,22,0,0,62,56,330,24,0,1,0.05,9
473,30,22,8,17,22,0,19,0,30,18,30,30,22,0,0,62,56,330,24,0,0,0.05,9
474,30,22,8,17,22,0,19,0,30,18,30,30,22,0,0,62,56,330,24,0,0,0.05,9
475,30,22,8,17,22,0,19,0,30,18,30,30,22,0,0,62,56,330,24,0,0,0.05,9
476,30,22,8,17,22,0,19,0,30,18,30,30,22,0,0,62,56,331,24,1,1,0.05,9
477,30,22,8,17,22,0,19,0,30,18,30,30,22,0,0,62,56,331,24,0,0,0.05,9
478,30,21,9,17,21,0,19,0,30,19,30,30,21,0,0,62,56,334,24,3,3,0.05,9
479,30,21,9,17,21,0,19,0,30,20,30,30,21,0,0,62,56,335,24,1,1,0.05,9
480,30,21,9,17,21,0,19,0,30,20,30,30,21,0,0,62,56,335,24,0,0,0.05,9
481,30,21,9,17,21,0,19,1,30,20,30,30,21,0,0,62,56,335,24,0,0,0.05,9
482,30,21,9,17,21,0,19,0,30,20,30,30,21,0,0,62,56,335,24,0,0,0.05,9
483,30,22,8,17,22,1,19,0,30,20,30,30,22,0,0,63,56,336,24,1,1,0.05,9
484,30,22,8,17,22,1,19,0,30,20,30,30,22,0,0,63,56,336,24,0,0,0.05,9
485,30,22,8,17,22,1,19,0,30,20,30,30,22,0,0,63,56,339,24,3,3,0.05,9
486,30,22,8,17,22,1,19,0,30,20,30,30,22,0,0,63,56,340,24,1,1,0.05,9
487,30,23,7,17,23,1,19,0,30,20,30,30,23,0,1,64,57,340,24,0,0,0.05,9
488,30,23,7,17,23,1,19,0,30,20,30,30,23,0,0,64,57,340,24,0,0,0.05,9
489,30,23,7,17,23,1,19,0,30,20,30,30,23,0,0,64,57,340,24,0,0,0.05,9
490,29,22,7,17,22,0,19,0,30,20,30,29,22,0,0,64,57,340,24,1,0,0.05,9
491,30,22,8,17,22,0,19,0,30,21,30,30,22,0,0,64,57,341,25,0,1,0.05,9
492,30,22,8,16,22,0,19,0,30,21,30,30,22,0,0,64,57,344,25,3,3,0.05,9
493,30,22,8,16,22,0,19,0,30,21,30,30,22,0,0,64,57,345,25,1,1,0.05,9
494,30,22,8,16,22,0,19,0,30,21,30,30,22,0,0,64,57,345,25,0,0,0.05,9
495,30,23,7,16,23,0,19,0,30,21,30,30,23,0,1,65,58,345,25,0,0,0.05,9
496,30,23,7,16,23,0,19,0,30,21,30,30,23,0,0,65,58,345,25,0,0,0.05,9
497,30,24,6,16,24,0,19,1,30,21,30,30,24,0,1,66,59,345,25,0,0,0.05,9
498,30,24,6,16,24,0,19,0,30,21,30,30,24,0,0,66,59,346,25,1,1,0.05,9
499,29,24,5,15,24,0,19,0,30,21,30,29,24,1,0,66,59,347,25,2,1,0.05,9
500,30,24,6,16,24,0,19,0,30,22,30,30,24,0,0,66,59,349,25,1,2,0.05,9
501,30,24,6,16,24,0,19,0,30,22,30,30,24,0,0,66,59,349,25,0,0,0.05,9
502,30,24,6,16,24,0,19,0,30,22,30,30,24,0,0,66,59,349,25,0,0,0.05,9
503,30,24,6,16,24,0,19,0,30,22,30,30,24,0,0,66,59,349,25,0,0,0.05,9
504,30,24,6,16,24,0,19,0,30,22,30,30,24,0,0,66,59,349,25,0,0,0.05,9
505,30,24,6,16,24,0,19,0,30,22,30,30,24,0,0,66,59,350,25,1,1,0.05,9
506,30,24,6,16,24,0,19,0,30,22,30,30,24,0,1,67,60,352,25,2,2,0.05,9
507,30,24,6,16,24,0,19,0,30,22,30,30,24,0,0,67,60,354,25,2,2,0.05,9
508,30,24,6,16,24,0,19,0,30,22,30,30,24,0,0,67,60,354,25,0,0,0.05,9
509,30,24,6,16,24,0,19,1,30,22,30,30,24,0,0,67,60,354,25,0,0,0.05,9
510,30,25,5,16,25,0,19,0,30,22,30,30,25,0,1,68,61,354,25,0,0,0.05,9
511,30,25,5,16,25,0,19,0,30,22,30,30,25,0,0,68,61,354,25,0,0,0.05,9
512,30,25,5,16,25,0,19,0,30,22,30,30,25,0,0,68,61,354,25,0,0,0.05,9
513,30,25,5,16,25,0,19,1,30,23,30,30,25,0,0,68,61,355,26,1,1,0.05,9
514,30,25,5,15,25,0,19,0,30,23,30,30,25,0,0,68,61,357,26,2,2,0.05,9
515,30,25,5,15,25,0,19,0,30,23,30,30,25,0,0,68,61,357,26,0,0,0.05,9
516,30,25,5,15,25,0,19,0,30,23,30,30,25,0,0,68,61,357,26,0,0,0.05,9
517,30,25,5,15,25,0,19,0,30,23,30,30,25,0,0,68,61,357,26,0,0,0.05,9
518,30,27,3,15,27,0,19,0,30,24,30,30,27,0,2,70,63,357,26,0,0,0.05,9
519,30,26,4,16,26,0,19,0,30,24,30,30,26,0,0,70,63,358,26,1,1,0.05,9
520,29,25,4,16,25,0,19,0,30,24,30,29,25,0,0,70,63,359,26,2,1,0.05,9
521,30,25,5,16,25,0,19,0,30,24,30,30,25,0,0,70,63,361,26,1,2,0.05,9
522,30,25,5,16,25,0,19,1,30,24,30,30,25,0,0,70,63,361,26,0,0,0.05,9
523,30,25,5,16,25,0,19,0,30,24,30,30,25,0,0,70,63,361,26,0,0,0.05,9
524,30,25,5,16,25,0,19,0,30,24,30,30,25,0,0,70,63,361,26,0,0,0.05,9
525,30,26,4,16,26,0,19,1,30,25,30,30,26,0,1,71,64,361,27,0,0,0.05,9
526,30,26,4,15,26,0,19,0,30,25,30,30,26,0,0,71,64,362,27,1,1,0.05,9
527,30,27,3,15,27,0,19,0,30,25,30,30,27,0,1,72,65,362,27,0,0,0.05,9
528,30,26,4,15,26,0,19,0,30,25,30,30,26,0,0,72,65,365,28,3,3,0.05,9
529,30,26,4,15,26,0,19,0,30,25,30,30,26,0,0,72,65,365,28,0,0,0.05,9
530,30,26,4,15,26,0,19,0,30,25,30,30,26,0,0,72,65,365,28,0,0,0.05,9
531,30,26,4,15,26,0,19,0,30,26,30,30,26,0,0,72,65,365,28,0,0,0.05,9
532,30,27,3,15,27,0,19,0,30,26,30,30,27,0,1,73,66,365,28,0,0,0.05,9
533,30,27,3,15,27,0,19,0,30,27,30,30,27,0,0,73,66,365,28,0,0,0.05,9
534,30,26,4,14,26,0,19,0,30,27,30,30,26,0,0,73,66,366,29,1,1,0.05,9
535,30,26,4,14,26,0,19,0,30,27,30,30,26,0,0,73,66,368,29,2,2,0.05,9
536,30,26,4,14,26,0,19,0,30,27,30,30,26,0,0,73,66,368,29,0,0,0.05,9
537,30,26,4,14,26,0,19,0,30,27,30,30,26,0,0,73,66,368,29,0,0,0.05,9
538,30,27,3,14,27,0,19,0,30,27,30,30,27,0,1,74,67,368,29,0,0,0.05,9
539,30,27,3,14,27,0,19,0,30,27,30,30,27,0,0,74,67,368,29,0,0,0.05,9
540,30,26,4,14,26,0,19,0,30,27,30,30,26,0,0,74,67,369,30,1,1,0.05,9
541,30,26,4,14,26,0,19,0,30,27,30,30,26,0,0,74,67,369,30,0,0,0.05,9
542,29,25,4,15,25,0,19,0,30,27,30,29,25,0,0,74,67,371,30,3,2,0.05,9
543,30,25,5,15,25,0,19,0,30,27,30,30,25,0,0,74,67,372,31,0,1,0.05,9
544,30,26,4,15,26,0,19,0,30,27,30,30,26,0,1,75,68,372,31,0,0,0.05,9
545,30,26,4,15,26,0,19,0,30,27,30,30,26,0,0,75,68,372,31,0,0,0.05,9
546,30,26,4,15,26,0,19,0,30,27,30,30,26,0,0,75,68,372,31,0,0,0.05,9
547,30,26,4,15,26,0,19,0,30,27,30,30,26,0,0,75,68,373,31,1,1,0.05,9
548,30,25,5,16,25,0,19,0,30,27,30,30,25,0,0,75,68,374,31,1,1,0.05,9
549,29,25,4,15,25,0,19,0,30,27,30,29,25,0,0,75,68,374,31,1,0,0.05,9
550,30,25,5,15,25,0,19,0,30,27,30,30,25,0,0,75,68,376,31,1,2,0.05,9
551,30,25,5,15,25,0,19,1,30,27,30,30,25,0,0,75,68,376,31,0,0,0.05,9
552,30,26,4,15,26,0,19,0,30,28,30,30,26,0,1,76,69,376,31,0,0,0.05,9
553,30,26,4,15,26,0,19,0,30,28,30,30,26,0,0,76,69,376,31,0,0,0.05,9
554,29,26,3,15,26,0,19,0,30,28,30,29,26,0,0,76,69,376,31,1,0,0.05,9
555,30,27,3,14,27,0,19,0,30,28,30,30,27,0,1,77,70,378,32,1,2,0.05,9
556,29,26,3,14,26,0,19,0,30,28,30,29,26,0,0,77,70,378,33,1,0,0.05,9
557,30,26,4,14,26,0,19,0,30,28,30,30,26,0,0,77,70,380,33,1,2,0.05,9
558,30,26,4,14,26,0,19,0,30,28,30,30,26,0,0,77,70,380,33,0,0,0.05,9
559,30,26,4,14,26,0,19,0,30,28,30,30,26,0,0,77,70,380,33,0,0,0.05,9
560,30,26,4,14,26,0,19,0,30,29,30,30,26,0,0,77,70,380,33,0,0,0.05,9
561,30,26,4,14,26,0,19,0,30,29,30,30,26,0,0,77,70,380,33,0,0,0.05,9
562,29,26,3,14,26,0,19,0,30,29,30,29,26,0,0,77,70,380,33,1,0,0.05,9
563,30,26,4,14,26,0,19,0,30,29,30,30,26,0,0,77,70,381,33,0,1,0.05,9
564,30,25,5,14,25,0,19,0,30,29,30,30,25,0,0,77,70,384,34,3,3,0.05,9
565,30,25,5,14,25,0,19,0,30,29,30,30,25,0,0,77,70,384,34,0,0,0.05,9
566,30,26,4,14,26,0,19,0,30,29,30,30,26,0,1,78,71,384,34,0,0,0.05,9
567,30,26,4,14,26,0,19,0,30,29,30,30,26,0,0,78,71,384,34,0,0,0.05,9
568,30,26,4,14,26,0,19,0,30,29,30,30,26,0,0,78,71,384,34,0,0,0.05,9
569,30,25,5,15,25,0,19,0,30,29,30,30,25,0,0,78,71,385,34,1,1,0.05,9
570,30,25,5,15,25,0,19,0,30,29,30,30,25,0,0,78,71,386,34,1,1,0.05,9
0,30,0,30,16,0,0,19,0,30,10,30,0,0,0,0,0,0,30,0,0,0,0.05,10
1,30,1,29,16,1,0,19,1,30,10,30,30,1,0,1,1,1,30,0,0,0,0.05,10
2,30,1,29,16,1,0,19,0,30,10,30,30,1,0,0,1,1,30,0,0,0,0.05,10
3,30,1,29,16,1,0,19,0,30,10,30,30,1,0,0,1,1,30,0,0,0,0.05,10
4,30,1,29,16,1,0,19,0,30,10,30,30,1,0,0,1,1,30,0,0,0,0.05,10
5,30,3,27,16,3,0,19,0,30,10,30,30,3,0,2,3,3,30,0,0,0,0.05,10
6,30,3,27,16,3,0,19,0,30,10,30,30,3,0,0,3,3,30,1,0,0,0.05,10
7,30,3,27,16,3,0,19,0,30,10,30,30,3,0,0,3,3,30,1,0,0,0.05,10
8,30,0,30,17,0,0,19,0,30,10,30,30,0,0,0,3,3,33,1,3,3,0.05,10
9,30,1,29,17,1,0,19,0,30,10,30,30,1,0,1,4,4,33,1,0,0,0.05,10
10,30,2,28,17,2,0,19,0,30,10,30,30,2,0,1,5,5,33,1,0,0,0.05,10
11,30,2,28,17,2,0,19,0,30,10,30,30,2,0,0,5,5,33,1,0,0,0.05,10
12,30,2,28,17,2,0,19,0,30,11,30,30,2,0,0,5,5,33,1,0,0,0.05,10
13,30,3,27,17,3,0,19,0,30,11,30,30,3,0,1,6,6,33,1,0,0,0.05,10
14,30,3,27,17,3,0,19,0,30,11,30,30,3,0,0,6,6,33,1,0,0,0.05,10
15,29,5,24,17,5,0,19,0,30,12,30,29,5,0,2,8,8,34,1,2,1,0.05,10
16,30,5,25,17,5,0,19,0,30,12,30,30,5,0,0,8,8,35,1,0,1,0.05,10
17,30,6,24,17,6,0,19,0,30,13,30,30,6,0,1,9,9,35,1,0,0,0.05,10
18,30,6,24,17,6,0,19,0,30,13,30,30,6,0,0,9,9,35,2,0,0,0.05,10
19,30,7,23,17,7,0,19,0,30,13,30,30,7,0,1,10,10,35,2,0,0,0.05,10
20,30,7,23,17,7,0,19,0,30,13,30,30,7,0,0,10,10,35,2,0,0,0.05,10
21,30,7,23,17,7,0,19,0,30,13,30,30,7,0,0,10,10,35,3,0,0,0.05,10
22,30,7,23,16,7,0,19,0,30,13,30,30,7,0,1,11,11,37,3,2,2,0.05,10
23,30,7,23,16,7,0,19,0,30,13,30,30,7,0,0,11,11,38,3,1,1,0.05,10
24,30,7,23,16,7,0,19,0,30,13,30,30,7,0,0,11,11,38,4,0,0,0.05,10
25,30,8,22,16,8,0,19,0,30,13,30,30,8,0,1,12,12,38,4,0,0,0.05,10
26,30,8,22,16,8,0,19,1,30,13,30,30,8,0,0,12,12,38,4,0,0,0.05,10
27,30,9,21,16,9,0,19,0,30,13,30,30,9,0,1,13,13,38,5,0,0,0.05,10
28,30,9,21,16,9,0,19,0,30,13,30,30,9,0,0,13,13,38,6,0,0,0.05,10
29,30,9,21,15,9,0,19,0,30,13,30,30,9,0,0,13,13,40,6,2,2,0.05,10
30,30,9,21,15,9,0,19,0,30,13,30,30,9,0,0,13,13,41,6,1,1,0.05,10
31,30,9,21,15,9,0,19,0,30,13,30,30,9,0,0,13,13,41,6,0,0,0.05,10
32,30,9,21,15,9,0,19,0,30,13,30,30,9,0,0,13,13,41,6,0,0,0.05,10
33,30,10,20,15,10,0,19,0,30,13,30,30,10,0,1,14,14,41,6,0,0,0.05,10
34,30,11,19,15,11,0,19,0,30,13,30,30,11,0,1,15,15,41,6,0,0,0.05,10
35,30,12,18,15,12,0,19,0,30,13,30,30,12,0,1,16,16,41,6,0,0,0.05,10
36,30,12,18,15,12,0,19,0,30,13,30,30,12,0,0,16,16,42,6,1,1,0.05,10
37,30,12,18,15,12,0,19,0,30,13,30,30,12,0,0,16,16,43,6,1,1,0.05,10
38,30,12,18,15,12,0,19,0,30,13,30,30,12,0,0,16,16,43,6,0,0,0.05,10
39,30,13,17,15,13,0,19,0,30,13,30,30,13,0,1,17,17,43,7,0,0,0.05,10
40,30,13,17,15,13,0,19,1,30,3,30,30,13,0,0,17,17,43,7,0,0,0.05,10
41,30,13,17,15,13,0,19,0,30,3,30,30,13,0,0,17,17,43,7,0,0,0.05,10
42,30,13,17,15,13,0,19,0,30,3,30,30,13,0,0,17,17,43,7,0,0,0.05,10
43,30,12,18,16,12,0,19,0,30,3,30,30,12,0,0,17,17,45,7,2,2,0.05,10
44,30,12,18,16,12,0,19,0,30,3,30,30,12,0,0,17,17,46,7,1,1,0.05,10
45,30,12,18,16,12,0,19,0,30,3,30,30,12,0,0,17,17,46,7,0,0,0.05,10
46,30,12,18,16,12,0,19,0,30,3,30,30,12,0,0,17,17,46,7,0,0,0.05,10
47,30,12,18,16,12,0,19,0,30,3,30,30,12,0,0,17,17,46,7,0,0,0.05,10
48,30,12,18,16,12,0,19,0,30,3,30,30,12,0,0,17,17,46,7,0,0,0.05,10
49,30,12,18,16,12,0,19,0,30,3,30,30,12,0,0,17,17,46,7,0,0,0.05,10
50,29,12,17,15,12,0,19,0,30,4,30,29,12,1,0,17,17,47,7,2,1,0.05,10
51,30,12,18,16,12,0,19,0,30,4,30,30,12,0,0,17,17,49,7,1,2,0.05,10
52,30,12,18,16,12,0,19,0,30,5,30,30,12,0,0,17,17,49,7,0,0,0.05,10
53,30,12,18,16,12,0,19,0,30,5,30,30,12,0,0,17,17,49,7,0,0,0.05,10
54,30,12,18,16,12,0,19,0,30,5,30,30,12,0,0,17,17,49,7,0,0,0.05,10
55,30,12,18,16,12,0,19,0,30,5,30,30,12,0,0,17,17,49,7,0,0,0.05,10
56,30,12,18,16,12,0,19,0,30,5,30,30,12,0,0,17,17,49,7,0,0,0.05,10
57,30,12,18,16,12,0,19,0,30,5,30,30,12,0,0,17,17,50,7,1,1,0.05,10
58,30,12,18,16,12,0,19,0,30,5,30,30,12,0,0,17,17,52,7,2,2,0.05,10
59,30,12,18,16,12,0,19,0,30,5,30,30,12,0,0,17,17,52,7,0,0,0.05,10
60,30,12,18,16,12,0,19,0,30,5,30,30,12,0,0,17,17,52,7,0,0,0.05,10
61,30,13,17,16,13,0,19,1,30,6,30,30,13,0,1,18,18,52,7,0,0,0.05,10
62,30,13,17,16,13,0,19,0,30,6,30,30,13,0,0,18,18,52,7,0,0,0.05,10
63,30,14,16,16,14,0,19,0,30,6,30,30,14,0,1,19,19,52,7,0,0,0.05,10
64,29,14,15,16,14,0,19,0,30,6,30,29,14,0,0,19,19,52,7,1,0,0.05,10
65,30,15,15,16,15,1,19,0,30,6,30,30,15,0,0,20,19,54,7,1,2,0.05,10
66,30,15,15,16,15,1,19,0,30,6,30,30,15,0,0,20,19,54,7,0,0,0.05,10
67,30,15,15,16,15,1,19,0,30,6,30,30,15,0,0,20,19,54,7,0,0,0.05,10
68,30,15,15,16,15,1,19,0,30,6,30,30,15,0,0,20,19,54,7,0,0,0.05,10
69,30,15,15,16,15,1,19,0,30,6,30,30,15,0,0,20,19,54,7,0,0,0.05,10
70,30,15,15,16,15,1,19,0,30,6,30,30,15,0,0,20,19,54,7,0,0,0.05,10
71,30,15,15,16,15,1,19,1,30,6,30,30,15,0,0,20,19,54,8,0,0,0.05,10
72,29,13,16,15,13,0,19,0,30,6,30,29,13,1,0,20,19,56,8,3,2,0.05,10
73,30,13,17,16,13,0,19,0,30,6,30,30,13,0,0,20,19,57,8,0,1,0.05,10
74,30,13,17,16,13,0,19,0,30,6,30,30,13,0,0,20,19,57,8,0,0,0.05,10
75,30,13,17,16,13,0,19,0,30,7,30,30,13,0,0,20,19,57,8,0,0,0.05,10
76,30,13,17,16,13,0,19,0,30,7,30,30,13,0,0,20,19,57,8,0,0,0.05,10
77,30,13,17,16,13,0,19,0,30,8,30,30,13,0,0,20,19,57,8,0,0,0.05,10
78,30,13,17,16,13,0,19,0,30,8,30,30,13,0,0,20,19,57,8,0,0,0.05,10
79,30,13,17,16,13,0,19,0,30,8,30,30,13,0,0,20,19,59,8,2,2,0.05,10
80,30,13,17,16,13,0,19,0,30,8,30,30,13,0,0,20,19,60,8,1,1,0.05,10
81,30,13,17,16,13,0,19,0,30,9,30,30,13,0,0,20,19,60,8,0,0,0.05,10
82,30,13,17,16,13,0,19,0,30,9,30,30,13,0,0,20,19,60,8,0,0,0.05,10
83,30,13,17,16,13,0,19,0,30,9,30,30,13,0,0,20,19,60,8,0,0,0.05,10
84,30,14,16,16,14,0,19,0,30,9,30,30,14,0,1,21,20,60,8,0,0,0.05,10
85,30,14,16,16,14,0,19,0,30,9,30,30,14,0,0,21,20,60,8,0,0,0.05,10
86,30,14,16,16,14,0,19,0,30,10,30,30,14,0,0,21,20,62,8,2,2,0.05,10
87,30,14,16,16,14,0,19,0,30,10,30,30,14,0,0,21,20,63,8,1,1,0.05,10
88,30,14,16,16,14,0,19,0,30,10,30,30,14,0,0,21,20,63,8,0,0,0.05,10
89,30,14,16,16,14,0,19,0,30,10,30,30,14,0,0,21,20,63,8,0,0,0.05,10
90,30,15,15,16,15,0,19,0,30,10,30,30,15,0,1,22,21,63,8,0,0,0.05,10
91,30,15,15,16,15,0,19,0,30,10,30,30,15,0,0,22,21,63,8,0,0,0.05,10
92,30,15,15,16,15,0,19,0,30,10,30,30,15,0,0,22,21,63,8,0,0,0.05,10
93,30,15,15,16,15,0,19,0,30,10,30,30,15,0,0,22,21,64,8,1,1,0.05,10
94,30,15,15,16,15,0,19,0,30,10,30,30,15,0,0,22,21,65,8,1,1,0.05,10
95,30,15,15,16,15,0,19,0,30,10,30,30,15,0,0,22,21,65,8,0,0,0.05,10
96,30,15,15,16,15,0,19,0,30,10,30,30,15,0,0,22,21,65,8,0,0,0.05,10
97,30,15,15,16,15,0,19,0,30,10,30,30,15,0,0,22,21,65,8,0,0,0.05,10
98,30,15,15,16,15,0,19,0,30,10,30,30,15,0,0,22,21,65,9,0,0,0.05,10
99,30,15,15,16,15,0,19,0,30,11,30,30,15,0,0,22,21,65,9,0,0,0.05,10
100,30,14,16,17,14,0,19,0,30,11,30,30,14,0,0,22,21,67,9,2,2,0.05,10
101,30,15,15,16,15,0,19,0,30,11,30,30,15,0,1,23,22,68,9,1,1,0.05,10
102,30,15,15,16,15,0,19,0,30,11,30,30,15,0,0,23,22,68,9,0,0,0.05,10
103,30,15,15,16,15,0,19,0,30,11,30,30,15,0,0,23,22,68,9,0,0,0.05,10
104,30,15,15,16,15,0,19,0,30,11,30,30,15,0,0,23,22,68,9,0,0,0.05,10
105,30,15,15,16,15,0,19,1,30,11,30,30,15,0,0,23,22,68,9,0,0,0.05,10
106,30,15,15,16,15,0,19,0,30,11,30,30,15,0,0,23,22,68,9,0,0,0.05,10
107,30,15,15,16,15,0,19,0,30,11,30,30,15,0,0,23,22,69,9,1,1,0.05,10
108,30,15,15,16,15,0,19,0,30,11,30,30,15,0,0,23,22,70,9,1,1,0.05,10
109,30,15,15,16,15,0,19,0,30,11,30,30,15,0,0,23,22,70,9,0,0,0.05,10
110,30,15,15,16,15,0,19,0,30,12,30,30,15,0,0,23,22,70,9,0,0,0.05,10
111,30,15,15,16,15,0,19,0,30,12,30,30,15,0,0,23,22,70,9,0,0,0.05,10
112,30,15,15,16,15,0,19,0,30,12,30,30,15,0,0,23,22,70,9,0,0,0.05,10
113,30,15,15,16,15,0,19,0,30,12,30,30,15,0,0,23,22,70,10,0,0,0.05,10
114,29,14,15,15,14,0,19,0,30,12,30,29,14,1,0,23,22,71,10,2,1,0.05,10
115,29,14,15,16,14,0,19,0,30,12,30,29,14,0,0,23,22,72,10,1,1,0.05,10
116,30,14,16,16,14,0,19,0,30,12,30,30,14,0,0,23,22,73,10,0,1,0.05,10
117,30,14,16,16,14,0,19,0,30,12,30,30,14,0,0,23,22,73,10,0,0,0.05,10
118,30,14,16,16,14,0,19,0,30,12,30,30,14,0,0,23,22,73,10,0,0,0.05,10
119,30,14,16,16,14,0,19,0,30,13,30,30,14,0,0,23,22,73,10,0,0,0.05,10
120,30,14,16,16,14,0,19,0,30,13,30,30,14,0,0,23,22,73,10,0,0,0.05,10
121,30,15,15,16,15,1,19,0,30,13,30,30,15,0,0,24,22,74,10,1,1,0.05,10
122,30,15,15,16,15,1,19,0,30,13,30,30,15,0,0,24,22,75,10,1,1,0.05,10
123,30,15,15,16,15,1,19,0,30,13,30,30,15,0,0,24,22,76,10,1,1,0.05,10
124,30,15,15,16,15,1,19,0,30,13,30,30,15,0,0,24,22,76,10,0,0,0.05,10
125,30,15,15,16,15,1,19,0,30,13,30,30,15,0,0,24,22,76,10,0,0,0.05,10
126,30,16,14,16,16,1,19,0,30,13,30,30,16,0,1,25,23,76,10,0,0,0.05,10
127,30,16,14,16,16,1,19,0,30,14,30,30,16,0,0,25,23,76,10,0,0,0.05,10
128,29,15,14,16,15,0,19,0,30,14,30,29,15,0,0,25,23,76,10,1,0,0.05,10
129,30,15,15,16,15,0,19,0,30,14,30,30,15,0,0,25,23,78,10,1,2,0.05,10
130,30,15,15,16,15,0,19,0,30,14,30,30,15,0,0,25,23,78,10,0,0,0.05,10
131,30,15,15,16,15,0,19,0,30,14,30,30,15,0,0,25,23,78,10,0,0,0.05,10
132,30,15,15,16,15,0,19,0,30,14,30,30,15,0,0,25,23,78,10,0,0,0.05,10
133,30,15,15,16,15,0,19,1,30,14,30,30,15,0,0,25,23,78,11,0,0,0.05,10
134,30,15,15,16,15,0,19,0,30,14,30,30,15,0,0,25,23,78,11,0,0,0.05,10
135,30,15,15,16,15,0,19,0,30,14,30,30,15,0,0,25,23,78,11,0,0,0.05,10
136,30,16,14,15,16,0,19,0,30,14,30,30,16,0,1,26,24,80,11,2,2,0.05,10
137,30,15,15,16,15,0,19,0,30,14,30,30,15,0,0,26,24,81,11,1,1,0.05,10
138,30,15,15,16,15,0,19,0,30,15,30,30,15,0,0,26,24,81,11,0,0,0.05,10
139,30,15,15,16,15,0,19,0,30,15,30,30,15,0,0,26,24,81,11,0,0,0.05,10
140,30,15,15,16,15,0,19,1,30,15,30,30,15,0,0,26,24,81,11,0,0,0.05,10
141,30,15,15,16,15,0,19,0,30,15,30,30,15,0,0,26,24,81,11,0,0,0.05,10
142,30,15,15,16,15,0,19,0,30,16,30,30,15,0,0,26,24,81,11,0,0,0.05,10
143,30,16,14,16,16,0,19,0,30,16,30,30,16,0,1,27,25,82,11,1,1,0.05,10
144,29,16,13,15,16,0,19,0,30,16,30,29,16,1,0,27,25,82,11,1,0,0.05,10
145,30,16,14,16,16,0,19,1,30,16,30,30,16,0,0,27,25,83,11,0,1,0.05,10
146,30,17,13,16,17,0,19,0,30,16,30,30,17,0,1,28,26,83,11,0,0,0.05,10
147,30,17,13,16,17,0,19,0,30,16,30,30,17,0,0,28,26,83,11,0,0,0.05,10
148,30,17,13,16,17,0,19,0,30,17,30,30,17,0,0,28,26,83,12,0,0,0.05,10
149,30,17,13,16,17,0,19,0,30,17,30,30,17,0,0,28,26,83,12,0,0,0.05,10
150,29,16,13,16,16,0,19,0,30,17,30,29,16,1,0,28,26,83,12,1,0,0.05,10
151,30,16,14,17,16,0,19,0,30,17,30,30,16,0,0,28,26,84,12,0,1,0.05,10
152,30,16,14,16,16,0,19,0,30,17,30,30,16,0,0,28,26,85,12,1,1,0.05,10
153,30,16,14,16,16,0,19,0,30,17,30,30,16,0,0,28,26,85,13,0,0,0.05,10
154,30,16,14,16,16,0,19,0,30,17,30,30,16,0,0,28,26,85,13,0,0,0.05,10
155,30,16,14,16,16,0,19,1,30,17,30,30,16,0,0,28,26,85,13,0,0,0.05,10
156,30,16,14,16,16,0,19,0,30,17,30,30,16,0,0,28,26,85,13,0,0,0.05,10
157,30,16,14,17,16,0,19,0,30,17,30,30,16,0,1,29,27,86,13,1,1,0.05,10
158,30,16,14,16,16,0,19,0,30,17,30,30,16,0,0,29,27,87,13,1,1,0.05,10
159,30,16,14,16,16,0,19,0,30,18,30,30,16,0,0,29,27,88,13,1,1,0.05,10
160,30,16,14,16,16,0,19,0,30,18,30,30,16,0,0,29,27,88,13,0,0,0.05,10
161,30,17,13,16,17,0,19,0,30,18,30,30,17,0,1,30,28,88,13,0,0,0.05,10
162,30,17,13,16,17,0,19,0,30,18,30,30,17,0,0,30,28,88,13,0,0,0.05,10
163,30,18,12,16,18,0,19,0,30,18,30,30,18,0,1,31,29,88,13,0,0,0.05,10
164,30,18,12,16,18,0,19,0,30,18,30,30,18,0,0,31,29,89,13,1,1,0.05,10
165,30,19,11,16,19,0,19,1,30,18,30,30,19,0,1,32,30,90,13,1,1,0.05,10
166,30,19,11,16,19,0,19,0,30,18,30,30,19,0,0,32,30,90,13,0,0,0.05,10
167,30,19,11,16,19,0,19,1,30,18,30,30,19,0,0,32,30,90,13,0,0,0.05,10
168,30,19,11,16,19,0,19,0,30,18,30,30,19,0,0,32,30,90,14,0,0,0.05,10
169,30,19,11,16,19,0,19,0,30,18,30,30,19,0,0,32,30,90,14,0,0,0.05,10
170,30,19,11,16,19,0,19,0,30,18,30,30,19,0,0,32,30,90,14,0,0,0.05,10
171,30,19,11,15,19,0,19,0,30,18,30,30,19,0,0,32,30,91,14,1,1,0.05,10
172,30,19,11,15,19,0,19,0,30,18,30,30,19,0,0,32,30,91,14,0,0,0.05,10
173,30,18,12,15,18,0,19,0,30,18,30,30,18,0,0,32,30,92,14,1,1,0.05,10
174,30,18,12,15,18,0,19,0,30,19,30,30,18,0,0,32,30,92,14,0,0,0.05,10
175,30,18,12,15,18,0,19,0,30,19,30,30,18,0,0,32,30,92,14,0,0,0.05,10
176,30,19,11,15,19,0,19,0,30,20,30,30,19,0,1,33,31,92,14,0,0,0.05,10
177,30,20,10,15,20,0,19,0,30,20,30,30,20,0,1,34,32,92,14,0,0,0.05,10
178,29,20,9,15,20,0,19,0,30,20,30,29,20,0,0,34,32,92,14,1,0,0.05,10
179,30,20,10,16,20,0,19,0,30,20,30,30,20,0,1,35,33,94,14,1,2,0.05,10
180,30,20,10,16,20,0,19,0,30,20,30,30,20,0,0,35,33,94,14,0,0,0.05,10
181,30,20,10,16,20,0,19,0,30,20,30,30,20,0,0,35,33,94,14,0,0,0.05,10
182,30,20,10,16,20,0,19,0,30,20,30,30,20,0,0,35,33,94,14,0,0,0.05,10
183,30,21,9,16,21,0,19,1,30,20,30,30,21,0,1,36,34,94,15,0,0,0.05,10
184,30,21,9,16,21,0,19,0,30,20,30,30,21,0,0,36,34,94,16,0,0,0.05,10
185,30,21,9,16,21,0,19,0,30,20,30,30,21,0,0,36,34,94,16,0,0,0.05,10
186,30,21,9,16,21,0,19,0,30,20,30,30,21,0,0,36,34,94,16,0,0,0.05,10
187,30,20,10,17,20,0,19,0,30,20,30,30,20,0,0,36,34,95,16,1,1,0.05,10
188,30,20,10,17,20,0,19,0,30,20,30,30,20,0,0,36,34,95,16,0,0,0.05,10
189,30,20,10,17,20,0,19,0,30,20,30,30,20,0,0,36,34,95,16,0,0,0.05,10
190,30,20,10,17,20,0,19,0,30,20,30,30,20,0,0,36,34,95,16,0,0,0.05,10
191,30,20,10,17,20,0,19,0,30,20,30,30,20,0,0,36,34,95,17,0,0,0.05,10
192,30,20,10,17,20,0,19,0,30,20,30,30,20,0,0,36,34,95,17,0,0,0.05,10
193,29,18,11,17,18,0,19,0,30,20,30,29,18,0,0,36,34,96,17,2,1,0.05,10
194,30,18,12,16,18,0,19,0,30,20,30,30,18,0,0,36,34,98,17,1,2,0.05,10
195,30,18,12,16,18,0,19,0,30,20,30,30,18,0,0,36,34,98,17,0,0,0.05,10
196,30,18,12,16,18,0,19,0,30,20,30,30,18,0,0,36,34,98,17,0,0,0.05,10
197,30,19,11,16,19,0,19,0,30,20,30,30,19,0,1,37,35,98,17,0,0,0.05,10
198,30,19,11,16,19,0,19,0,30,20,30,30,19,0,0,37,35,98,17,0,0,0.05,10
199,30,20,10,16,20,0,19,0,30,20,30,30,20,0,1,38,36,98,18,0,0,0.05,10
200,30,21,9,15,21,0,19,0,30,20,30,30,21,0,1,39,37,99,18,1,1,0.05,10
201,30,21,9,15,21,0,19,0,30,20,30,30,21,0,0,39,37,100,18,1,1,0.05,10
202,30,21,9,15,21,0,19,0,30,20,30,30,21,0,0,39,37,100,19,0,0,0.05,10
203,30,21,9,15,21,0,19,0,30,20,30,30,21,0,0,39,37,100,19,0,0,0.05,10
204,30,21,9,15,21,0,19,0,30,20,30,30,21,0,0,39,37,100,19,0,0,0.05,10
205,30,21,9,15,21,0,19,0,30,20,30,30,21,0,0,39,37,100,19,0,0,0.05,10
206,30,21,9,15,21,0,19,0,30,20,30,30,21,0,0,39,37,100,19,0,0,0.05,10
207,30,22,8,15,22,0,19,0,30,20,30,30,22,0,1,40,38,101,19,1,1,0.05,10
208,30,21,9,16,21,0,19,0,30,20,30,30,21,0,0,40,38,103,19,2,2,0.05,10
209,30,21,9,16,21,0,19,0,30,20,30,30,21,0,0,40,38,103,19,0,0,0.05,10
210,30,21,9,16,21,0,19,0,30,20,30,30,21,0,0,40,38,103,19,0,0,0.05,10
211,30,21,9,16,21,0,19,0,30,20,30,30,21,0,0,40,38,103,19,0,0,0.05,10
212,30,21,9,16,21,0,19,0,30,20,30,30,21,0,0,40,38,103,20,0,0,0.05,10
213,30,21,9,16,21,0,19,0,30,20,30,30,21,0,0,40,38,103,20,0,0,0.05,10
214,30,21,9,16,21,0,19,0,30,20,30,30,21,0,0,40,38,104,20,1,1,0.05,10
215,30,21,9,15,21,0,19,1,30,20,30,30,21,0,0,40,38,106,20,2,2,0.05,10
216,30,21,9,15,21,0,19,0,30,20,30,30,21,0,0,40,38,106,20,0,0,0.05,10
217,30,21,9,15,21,0,19,0,30,20,30,30,21,0,0,40,38,106,20,0,0,0.05,10
218,30,21,9,15,21,0,19,0,30,20,30,30,21,0,0,40,38,106,20,0,0,0.05,10
219,30,21,9,15,21,0,19,0,30,20,30,30,21,0,0,40,38,106,20,0,0,0.05,10
220,30,21,9,15,21,0,19,0,30,3,30,30,21,0,0,40,38,106,20,0,0,0.05,10
221,30,21,9,15,21,0,19,0,30,3,30,30,21,0,0,40,38,107,20,1,1,0.05,10
222,30,21,9,15,21,0,19,0,30,3,30,30,21,0,0,40,38,109,20,2,2,0.05,10
223,30,21,9,15,21,0,19,0,30,3,30,30,21,0,0,40,38,109,20,0,0,0.05,10
224,30,21,9,15,21,0,19,0,30,3,30,30,21,0,0,40,38,109,20,0,0,0.05,10
225,30,21,9,15,21,0,19,0,30,3,30,30,21,0,0,40,38,109,20,0,0,0.05,10
226,30,21,9,15,21,0,19,0,30,3,30,30,21,0,0,40,38,109,20,0,0,0.05,10
227,30,21,9,15,21,0,19,0,30,4,30,30,21,0,0,40,38,109,20,0,0,0.05,10
228,30,21,9,15,21,0,19,0,30,4,30,30,21,0,0,40,38,110,20,1,1,0.05,10
229,29,21,8,15,21,0,19,0,30,4,30,29,21,0,0,40,38,111,20,2,1,0.05,10
230,30,21,9,15,21,0,19,0,30,4,30,30,21,0,0,40,38,112,20,0,1,0.05,10
231,30,21,9,15,21,0,19,0,30,4,30,30,21,0,0,40,38,112,20,0,0,0.05,10
232,30,22,8,15,22,0,19,0,30,4,30,30,22,0,1,41,39,112,20,0,0,0.05,10
233,30,23,7,15,23,0,19,0,30,4,30,30,23,0,1,42,40,112,20,0,0,0.05,10
234,30,23,7,15,23,0,19,0,30,4,30,30,23,0,0,42,40,112,20,0,0,0.05,10
235,30,23,7,15,23,0,19,0,30,4,30,30,23,0,0,42,40,112,20,0,0,0.05,10
236,30,23,7,15,23,0,19,0,30,4,30,30,23,0,0,42,40,113,20,1,1,0.05,10
237,30,23,7,15,23,0,19,0,30,4,30,30,23,0,0,42,40,114,20,1,1,0.05,10
238,30,23,7,15,23,0,19,0,30,4,30,30,23,0,0,42,40,114,20,0,0,0.05,10
239,30,23,7,15,23,0,19,0,30,4,30,30,23,0,0,42,40,114,20,0,0,0.05,10
240,30,23,7,15,23,0,19,0,30,4,30,30,23,0,0,42,40,114,20,0,0,0.05,10
241,30,23,7,15,23,0,19,0,30,4,30,30,23,0,0,42,40,114,20,0,0,0.05,10
242,29,22,7,15,22,0,19,0,30,4,30,29,22,0,0,42,40,114,20,1,0,0.05,10
243,30,24,6,15,24,2,19,0,30,4,30,30,24,0,0,44,40,116,20,1,2,0.05,10
244,30,24,6,15,24,2,19,0,30,4,30,30,24,0,0,44,40,117,20,1,1,0.05,10
245,30,24,6,15,24,2,19,0,30,4,30,30,24,0,0,44,40,117,20,0,0,0.05,10
246,30,24,6,15,24,2,19,0,30,4,30,30,24,0,0,44,40,117,20,0,0,0.05,10
247,30,24,6,15,24,2,19,0,30,4,30,30,24,0,0,44,40,117,20,0,0,0.05,10
248,30,24,6,15,24,2,19,0,30,4,30,30,24,0,0,44,40,117,20,0,0,0.05,10
249,30,24,6,15,24,2,19,0,30,4,30,30,24,0,0,44,40,117,20,0,0,0.05,10
250,30,22,8,15,22,0,19,0,30,4,30,30,22,0,0,44,40,119,20,2,2,0.05,10
251,30,22,8,15,22,0,19,0,30,4,30,30,22,0,0,44,40,120,20,1,1,0.05,10
252,30,22,8,15,22,0,19,0,30,4,30,30,22,0,0,44,40,120,20,0,0,0.05,10
253,30,22,8,15,22,0,19,0,30,4,30,30,22,0,0,44,40,120,20,0,0,0.05,10
254,30,23,7,15,23,0,19,0,30,4,30,30,23,0,1,45,41,120,20,0,0,0.05,10
255,30,23,7,15,23,0,19,0,30,4,30,30,23,0,0,45,41,120,20,0,0,0.05,10
256,30,23,7,15,23,0,19,0,30,4,30,30,23,0,0,45,41,120,20,0,0,0.05,10
257,29,24,5,15,24,0,19,0,30,4,30,29,24,0,1,46,42,121,20,2,1,0.05,10
258,30,24,6,15,24,0,19,0,30,4,30,30,24,0,0,46,42,123,20,1,2,0.05,10
259,30,24,6,15,24,0,19,0,30,4,30,30,24,0,0,46,42,123,20,0,0,0.05,10
260,30,24,6,15,24,0,19,0,30,5,30,30,24,0,0,46,42,123,20,0,0,0.05,10
261,30,24,6,15,24,0,19,0,30,5,30,30,24,0,0,46,42,123,20,0,0,0.05,10
262,30,24,6,15,24,0,19,0,30,5,30,30,24,0,0,46,42,123,20,0,0,0.05,10
263,30,24,6,15,24,0,19,0,30,5,30,30,24,0,0,46,42,123,20,0,0,0.05,10
264,30,24,6,15,24,0,19,0,30,6,30,30,24,0,0,46,42,123,20,0,0,0.05,10
265,29,24,5,15,24,0,19,0,30,6,30,29,24,0,0,46,42,124,20,2,1,0.05,10
266,30,24,6,15,24,0,19,0,30,6,30,30,24,0,0,46,42,125,20,0,1,0.05,10
267,30,24,6,15,24,0,19,0,30,6,30,30,24,0,0,46,42,125,20,0,0,0.05,10
268,30,24,6,15,24,0,19,0,30,6,30,30,24,0,0,46,42,125,20,0,0,0.05,10
269,30,24,6,15,24,0,19,0,30,6,30,30,24,0,0,46,42,125,20,0,0,0.05,10
270,30,24,6,15,24,0,19,0,30,6,30,30,24,0,0,46,42,125,20,0,0,0.05,10
271,30,23,7,15,23,0,19,0,30,6,30,30,23,0,0,46,42,126,20,1,1,0.05,10
272,30,23,7,15,23,0,19,0,30,8,30,30,23,0,0,46,42,127,20,1,1,0.05,10
273,30,23,7,15,23,0,19,0,30,9,30,30,23,0,0,46,42,128,20,1,1,0.05,10
274,30,23,7,15,23,0,19,0,30,9,30,30,23,0,0,46,42,128,20,0,0,0.05,10
275,30,23,7,15,23,0,19,0,30,9,30,30,23,0,0,46,42,128,20,0,0,0.05,10
276,30,23,7,15,23,0,19,0,30,9,30,30,23,0,0,46,42,128,20,0,0,0.05,10
277,30,23,7,15,23,0,19,0,30,9,30,30,23,0,0,46,42,128,20,0,0,0.05,10
278,30,23,7,15,23,0,19,0,30,10,30,30,23,0,0,46,42,129,20,1,1,0.05,10
279,30,23,7,15,23,0,19,0,30,10,30,30,23,0,0,46,42,130,20,1,1,0.05,10
280,30,23,7,15,23,0,19,0,30,10,30,30,23,0,0,46,42,131,20,1,1,0.05,10
281,30,23,7,15,23,0,19,0,30,10,30,30,23,0,0,46,42,131,20,0,0,0.05,10
282,30,23,7,15,23,0,19,0,30,10,30,30,23,0,0,46,42,131,20,0,0,0.05,10
283,30,23,7,15,23,0,19,0,30,10,30,30,23,0,0,46,42,131,20,0,0,0.05,10
284,30,23,7,15,23,0,19,0,30,10,30,30,23,0,0,46,42,131,20,0,0,0.05,10
285,30,23,7,15,23,0,19,0,30,11,30,30,23,0,0,46,42,132,20,1,1,0.05,10
286,30,23,7,15,23,0,19,0,30,11,30,30,23,0,0,46,42,133,20,1,1,0.05,10
287,30,24,6,15,24,0,19,1,30,11,30,30,24,0,1,47,43,133,20,0,0,0.05,10
288,30,24,6,15,24,0,19,0,30,11,30,30,24,0,0,47,43,133,20,0,0,0.05,10
289,30,24,6,15,24,0,19,0,30,11,30,30,24,0,0,47,43,133,20,0,0,0.05,10
290,30,24,6,15,24,0,19,0,30,11,30,30,24,0,0,47,43,133,20,0,0,0.05,10
291,30,24,6,15,24,0,19,0,30,11,30,30,24,0,0,47,43,133,20,0,0,0.05,10
292,30,24,6,15,24,0,19,0,30,11,30,30,24,0,0,47,43,134,20,1,1,0.05,10
293,30,24,6,15,24,0,19,0,30,11,30,30,24,0,0,47,43,135,20,1,1,0.05,10
294,30,23,7,15,23,0,19,0,30,12,30,30,23,0,0,47,43,136,20,1,1,0.05,10
295,30,23,7,15,23,0,19,0,30,12,30,30,23,0,0,47,43,136,20,0,0,0.05,10
296,30,23,7,15,23,0,19,0,30,12,30,30,23,0,0,47,43,136,20,0,0,0.05,10
297,30,23,7,15,23,0,19,0,30,12,30,30,23,0,0,47,43,136,20,0,0,0.05,10
298,30,23,7,15,23,0,19,0,30,12,30,30,23,0,0,47,43,136,20,0,0,0.05,10
299,29,23,6,15,23,0,19,0,30,12,30,29,23,0,0,47,43,136,20,1,0,0.05,10
300,30,23,7,15,23,0,19,0,30,12,30,30,23,0,0,47,43,138,20,1,2,0.05,10
301,30,24,6,15,24,1,19,0,30,12,30,30,24,0,0,48,43,139,20,1,1,0.05,10
302,30,24,6,15,24,1,19,0,30,12,30,30,24,0,0,48,43,139,20,0,0,0.05,10
303,30,24,6,15,24,1,19,0,30,13,30,30,24,0,0,48,43,139,20,0,0,0.05,10
304,30,25,5,15,25,1,19,0,30,13,30,30,25,0,1,49,44,139,20,0,0,0.05,10
305,30,25,5,15,25,1,19,0,30,13,30,30,25,0,0,49,44,139,20,0,0,0.05,10
306,30,25,5,15,25,1,19,0,30,13,30,30,25,0,0,49,44,139,20,0,0,0.05,10
307,29,26,3,15,26,2,19,0,30,13,30,29,26,0,0,50,44,140,20,2,1,0.05,10
308,30,25,5,15,25,1,19,0,30,13,30,30,25,0,0,50,44,142,20,1,2,0.05,10
309,30,25,5,15,25,1,19,0,30,13,30,30,25,0,0,50,44,142,20,0,0,0.05,10
310,30,25,5,15,25,1,19,0,30,13,30,30,25,0,0,50,44,142,20,0,0,0.05,10
311,30,25,5,15,25,1,19,0,30,13,30,30,25,0,0,50,44,142,20,0,0,0.05,10
312,30,26,4,15,26,1,19,0,30,13,30,30,26,0,1,51,45,142,20,0,0,0.05,10
313,30,26,4,15,26,1,19,0,30,13,30,30,26,0,0,51,45,142,20,0,0,0.05,10
314,30,25,5,15,25,0,19,0,30,13,30,30,25,0,0,51,45,143,20,1,1,0.05,10
315,30,25,5,15,25,0,19,0,30,13,30,30,25,0,0,51,45,144,20,1,1,0.05,10
316,30,25,5,15,25,0,19,0,30,13,30,30,25,0,0,51,45,144,20,0,0,0.05,10
317,30,25,5,15,25,0,19,0,30,13,30,30,25,0,0,51,45,144,20,0,0,0.05,10
318,30,25,5,15,25,0,19,0,30,13,30,30,25,0,0,51,45,144,20,0,0,0.05,10
319,30,25,5,15,25,0,19,0,30,13,30,30,25,0,0,51,45,144,20,0,0,0.05,10
320,30,25,5,15,25,0,19,0,30,13,30,30,25,0,0,51,45,144,20,0,0,0.05,10
321,30,25,5,15,25,0,19,0,30,13,30,30,25,0,0,51,45,145,20,1,1,0.05,10
322,29,24,5,15,24,0,19,0,30,13,30,29,24,0,0,51,45,146,20,2,1,0.05,10
323,30,24,6,15,24,0,19,0,30,13,30,30,24,0,0,51,45,147,20,0,1,0.05,10
324,30,24,6,15,24,0,19,0,30,14,30,30,24,0,0,51,45,147,20,0,0,0.05,10
325,30,24,6,15,24,0,19,0,30,14,30,30,24,0,0,51,45,147,20,0,0,0.05,10
326,30,24,6,15,24,0,19,0,30,14,30,30,24,0,0,51,45,147,20,0,0,0.05,10
327,30,24,6,15,24,0,19,0,30,14,30,30,24,0,0,51,45,147,20,0,0,0.05,10
328,30,24,6,15,24,0,19,0,30,14,30,30,24,0,0,51,45,148,20,1,1,0.05,10
329,30,24,6,15,24,0,19,0,30,15,30,30,24,0,0,51,45,149,20,1,1,0.05,10
330,30,24,6,15,24,0,19,0,30,17,30,30,24,0,0,51,45,150,20,1,1,0.05,10
331,30,24,6,15,24,0,19,0,30,17,30,30,24,0,0,51,45,150,20,0,0,0.05,10
332,30,24,6,15,24,0,19,0,30,17,30,30,24,0,0,51,45,150,20,0,0,0.05,10
333,30,24,6,15,24,0,19,0,30,17,30,30,24,0,0,51,45,150,20,0,0,0.05,10
334,30,24,6,15,24,0,19,0,30,17,30,30,24,0,0,51,45,150,20,0,0,0.05,10
335,30,24,6,15,24,0,19,0,30,17,30,30,24,0,0,51,45,151,20,1,1,0.05,10
336,30,25,5,15,25,0,19,0,30,17,30,30,25,0,1,52,46,152,20,1,1,0.05,10
337,30,25,5,15,25,0,19,0,30,17,30,30,25,0,0,52,46,153,20,1,1,0.05,10
338,30,25,5,15,25,0,19,0,30,17,30,30,25,0,0,52,46,153,20,0,0,0.05,10
339,30,25,5,15,25,0,19,0,30,17,30,30,25,0,0,52,46,153,20,0,0,0.05,10
340,30,25,5,15,25,0,19,0,30,18,30,30,25,0,0,52,46,153,20,0,0,0.05,10
341,30,25,5,15,25,0,19,0,30,18,30,30,25,0,0,52,46,153,20,0,0,0.05,10
342,30,25,5,15,25,0,19,0,30,18,30,30,25,0,0,52,46,153,20,0,0,0.05,10
343,30,25,5,15,25,0,19,0,30,18,30,30,25,0,0,52,46,154,20,1,1,0.05,10
344,30,25,5,15,25,0,19,0,30,18,30,30,25,0,0,52,46,155,20,1,1,0.05,10
345,30,25,5,15,25,0,19,0,30,19,30,30,25,0,0,52,46,155,20,0,0,0.05,10
346,30,25,5,15,25,0,19,0,30,19,30,30,25,0,0,52,46,155,20,0,0,0.05,10
347,30,25,5,15,25,0,19,0,30,19,30,30,25,0,0,52,46,155,20,0,0,0.05,10
348,30,25,5,15,25,0,19,1,30,19,30,30,25,0,0,52,46,155,20,0,0,0.05,10
349,29,25,4,15,25,0,19,0,30,19,30,29,25,0,1,53,47,155,20,1,0,0.05,10
350,30,25,5,15,25,0,19,1,30,19,30,30,25,0,0,53,47,156,20,0,1,0.05,10
351,30,25,5,15,25,0,19,0,30,19,30,30,25,0,0,53,47,157,20,1,1,0.05,10
352,30,26,4,15,26,0,19,0,30,20,30,30,26,0,1,54,48,157,20,0,0,0.05,10
353,30,26,4,15,26,0,19,0,30,20,30,30,26,0,0,54,48,157,20,0,0,0.05,10
354,30,26,4,15,26,0,19,1,30,20,30,30,26,0,0,54,48,157,20,0,0,0.05,10
355,30,26,4,15,26,0,19,0,30,20,30,30,26,0,0,54,48,157,20,0,0,0.05,10
356,30,27,3,15,26,0,19,0,30,20,30,30,26,0,1,55,49,157,20,0,0,0.05,10
357,30,26,4,15,26,0,19,0,30,20,30,30,26,0,0,55,49,158,20,1,1,0.05,10
358,30,26,4,15,26,0,19,0,30,20,30,30,26,0,0,55,49,159,20,1,1,0.05,10
359,30,26,4,15,26,0,19,0,30,20,30,30,26,0,0,55,49,159,20,0,0,0.05,10
360,30,26,4,15,26,0,19,0,30,20,30,30,26,0,0,55,49,159,20,0,0,0.05,10
361,30,26,4,15,26,0,19,0,30,21,30,30,26,0,0,55,49,159,20,0,0,0.05,10
362,30,26,4,15,26,0,19,0,30,21,30,30,26,0,0,55,49,159,20,0,0,0.05,10
363,30,26,4,15,26,0,19,1,30,21,30,30,26,0,0,55,49,159,20,0,0,0.05,10
364,30,25,5,15,25,0,19,0,30,21,30,30,25,0,0,55,49,161,20,2,2,0.05,10
365,30,25,5,15,25,0,19,0,30,21,30,30,25,0,0,55,49,162,20,1,1,0.05,10
366,30,25,5,15,25,0,19,0,30,22,30,30,25,0,0,55,49,162,20,0,0,0.05,10
367,30,26,4,15,26,0,19,0,30,23,30,30,26,0,1,56,50,162,20,0,0,0.05,10
368,30,26,4,15,26,0,19,0,30,23,30,30,26,0,0,56,50,162,20,0,0,0.05,10
369,30,26,4,15,26,0,19,0,30,23,30,30,26,0,0,56,50,162,20,0,0,0.05,10
370,30,26,4,15,26,0,19,0,30,23,30,30,26,0,0,56,50,162,20,0,0,0.05,10
371,30,26,4,15,26,0,19,0,30,24,30,30,26,0,0,56,50,163,20,1,1,0.05,10
372,30,26,4,15,26,0,19,0,30,24,30,30,26,0,0,56,50,164,20,1,1,0.05,10
373,30,26,4,15,26,0,19,1,30,24,30,30,26,0,0,56,50,164,20,0,0,0.05,10
374,30,26,4,15,26,0,19,0,30,24,30,30,26,0,0,56,50,164,20,0,0,0.05,10
375,30,26,4,15,26,0,19,0,30,24,30,30,26,0,0,56,50,164,20,0,0,0.05,10
376,30,26,4,15,26,0,19,0,30,25,30,30,26,0,0,56,50,164,20,0,0,0.05,10
377,30,26,4,15,26,0,19,0,30,25,30,30,26,0,0,56,50,164,20,0,0,0.05,10
378,30,25,5,15,25,0,19,0,30,25,30,30,25,0,0,56,50,166,20,2,2,0.05,10
379,30,25,5,15,25,0,19,0,30,25,30,30,25,0,0,56,50,167,20,1,1,0.05,10
380,30,25,5,15,25,0,19,0,30,26,30,30,25,0,0,56,50,167,20,0,0,0.05,10
381,30,25,5,15,25,0,19,0,30,26,30,30,25,0,0,56,50,167,20,0,0,0.05,10
382,30,25,5,15,25,0,19,0,30,26,30,30,25,0,0,56,50,167,20,0,0,0.05,10
383,30,25,5,15,25,0,19,0,30,26,30,30,25,0,0,56,50,167,20,0,0,0.05,10
384,30,25,5,15,25,0,19,0,30,26,30,30,25,0,0,56,50,167,20,0,0,0.05,10
385,30,25,5,15,25,0,19,0,30,26,30,30,25,0,0,56,50,169,20,2,2,0.05,10
386,30,25,5,15,25,0,19,0,30,26,30,30,25,0,0,56,50,170,20,1,1,0.05,10
387,30,25,5,15,25,0,19,0,30,26,30,30,25,0,0,56,50,170,20,0,0,0.05,10
388,30,25,5,15,25,0,19,0,30,26,30,30,25,0,0,56,50,170,20,0,0,0.05,10
389,30,25,5,15,25,0,19,0,30,26,30,30,25,0,0,56,50,170,20,0,0,0.05,10
390,30,25,5,15,25,0,19,0,30,26,30,30,25,0,0,56,50,170,20,0,0,0.05,10
391,30,25,5,15,25,0,19,0,30,26,30,30,25,0,0,56,50,170,20,0,0,0.05,10
392,30,25,5,15,25,0,19,0,30,26,30,30,25,0,0,56,50,172,20,2,2,0.05,10
393,30,25,5,15,25,0,19,0,30,26,30,30,25,0,0,56,50,173,20,1,1,0.05,10
394,30,25,5,15,25,0,19,0,30,26,30,30,25,0,0,56,50,173,20,0,0,0.05,10
395,30,25,5,15,25,0,19,0,30,26,30,30,25,0,0,56,50,173,20,0,0,0.05,10
396,30,25,5,15,25,0,19,0,30,26,30,30,25,0,0,56,50,173,20,0,0,0.05,10
397,30,25,5,15,25,0,19,0,30,26,30,30,25,0,0,56,50,173,20,0,0,0.05,10
398,30,25,5,15,25,0,19,0,30,26,30,30,25,0,0,56,50,173,20,0,0,0.05,10
399,29,25,4,15,25,0,19,0,30,26,30,29,25,0,0,56,50,174,20,2,1,0.05,10
400,30,25,5,15,25,0,19,0,30,3,30,30,25,0,0,56,50,176,20,1,2,0.05,10
401,30,25,5,15,25,0,19,0,30,3,30,30,25,0,0,56,50,176,20,0,0,0.05,10
402,30,25,5,15,25,0,19,0,30,3,30,30,25,0,0,56,50,176,20,0,0,0.05,10
403,30,25,5,15,25,0,19,0,30,3,30,30,25,0,0,56,50,176,20,0,0,0.05,10
404,30,25,5,15,25,0,19,0,30,3,30,30,25,0,0,56,50,176,20,0,0,0.05,10
405,30,25,5,15,25,0,19,0,30,3,30,30,25,0,0,56,50,176,20,0,0,0.05,10
406,30,25,5,15,25,0,19,0,30,3,30,30,25,0,0,56,50,177,20,1,1,0.05,10
407,29,25,4,15,25,0,19,0,30,3,30,29,25,0,0,56,50,178,20,2,1,0.05,10
408,30,25,5,15,25,0,19,0,30,3,30,30,25,0,0,56,50,179,20,0,1,0.05,10
409,30,25,5,15,25,0,19,0,30,3,30,30,25,0,0,56,50,179,20,0,0,0.05,10
410,30,25,5,15,25,0,19,0,30,3,30,30,25,0,0,56,50,179,20,0,0,0.05,10
411,30,25,5,15,25,0,19,0,30,3,30,30,25,0,0,56,50,179,20,0,0,0.05,10
412,30,25,5,15,25,0,19,0,30,3,30,30,25,0,0,56,50,179,20,0,0,0.05,10
413,30,25,5,15,25,0,19,0,30,3,30,30,25,0,0,56,50,180,20,1,1,0.05,10
414,30,25,5,15,25,0,19,0,30,3,30,30,25,0,0,56,50,181,20,1,1,0.05,10
415,30,25,5,15,25,0,19,0,30,3,30,30,25,0,0,56,50,182,20,1,1,0.05,10
416,30,25,5,15,25,0,19,0,30,3,30,30,25,0,0,56,50,182,20,0,0,0.05,10
417,30,25,5,15,25,0,19,0,30,3,30,30,25,0,0,56,50,182,20,0,0,0.05,10
418,30,25,5,15,25,0,19,0,30,3,30,30,25,0,0,56,50,182,20,0,0,0.05,10
419,30,25,5,15,25,0,19,0,30,3,30,30,25,0,0,56,50,182,20,0,0,0.05,10
420,30,25,5,15,25,0,19,0,30,3,30,30,25,0,0,56,50,183,20,1,1,0.05,10
421,30,25,5,15,25,0,19,0,30,3,30,30,25,0,0,56,50,184,20,1,1,0.05,10
422,30,26,4,15,26,0,19,0,30,4,30,30,26,0,1,57,51,184,20,0,0,0.05,10
423,30,26,4,15,26,0,19,0,30,4,30,30,26,0,0,57,51,184,20,0,0,0.05,10
424,30,26,4,15,26,0,19,0,30,4,30,30,26,0,0,57,51,184,20,0,0,0.05,10
425,30,27,3,15,27,0,19,0,30,5,30,30,27,0,1,58,52,184,20,0,0,0.05,10
426,30,27,3,15,27,0,19,0,30,6,30,30,27,0,0,58,52,184,20,0,0,0.05,10
427,30,27,3,15,27,0,19,0,30,6,30,30,27,0,0,58,52,184,20,0,0,0.05,10
428,30,27,3,15,27,0,19,0,30,7,30,30,27,0,0,58,52,185,20,1,1,0.05,10
429,30,26,4,15,26,0,19,0,30,7,30,30,26,0,0,58,52,186,20,1,1,0.05,10
430,30,26,4,15,26,0,19,0,30,8,30,30,26,0,0,58,52,186,20,0,0,0.05,10
431,30,26,4,15,26,0,19,0,30,8,30,30,26,0,0,58,52,186,20,0,0,0.05,10
432,30,26,4,15,26,0,19,0,30,8,30,30,26,0,0,58,52,186,20,0,0,0.05,10
433,30,26,4,15,26,0,19,0,30,8,30,30,26,0,0,58,52,186,20,0,0,0.05,10
434,29,25,4,15,25,0,19,0,30,8,30,29,25,0,0,58,52,186,20,1,0,0.05,10
435,30,25,5,15,25,0,19,0,30,8,30,30,25,0,0,58,52,188,20,1,2,0.05,10
436,30,25,5,15,25,0,19,0,30,8,30,30,25,0,0,58,52,189,20,1,1,0.05,10
437,30,25,5,15,25,0,19,0,30,8,30,30,25,0,0,58,52,189,20,0,0,0.05,10
438,30,25,5,15,25,0,19,0,30,8,30,30,25,0,0,58,52,189,20,0,0,0.05,10
439,30,25,5,15,25,0,19,0,30,8,30,30,25,0,0,58,52,189,20,0,0,0.05,10
440,30,25,5,15,25,0,19,0,30,8,30,30,25,0,0,58,52,189,20,0,0,0.05,10
441,30,25,5,15,25,0,19,0,30,8,30,30,25,0,0,58,52,189,20,0,0,0.05,10
442,29,25,4,15,25,0,19,0,30,8,30,29,25,0,0,58,52,190,20,2,1,0.05,10
443,29,25,4,15,25,0,19,0,30,8,30,29,25,0,0,58,52,191,20,1,1,0.05,10
444,30,25,5,15,25,0,19,0,30,8,30,30,25,0,0,58,52,192,20,0,1,0.05,10
445,30,25,5,15,25,0,19,0,30,9,30,30,25,0,0,58,52,192,20,0,0,0.05,10
446,30,25,5,15,25,0,19,0,30,9,30,30,25,0,0,58,52,192,20,0,0,0.05,10
447,30,25,5,15,25,0,19,0,30,9,30,30,25,0,0,58,52,192,20,0,0,0.05,10
448,30,25,5,15,25,0,19,0,30,9,30,30,25,0,0,58,52,192,20,0,0,0.05,10
449,30,25,5,15,25,0,19,0,30,9,30,30,25,0,0,58,52,193,20,1,1,0.05,10
450,30,25,5,15,25,0,19,0,30,9,30,30,25,0,0,58,52,194,20,1,1,0.05,10
451,30,25,5,15,25,0,19,0,30,9,30,30,25,0,0,58,52,195,20,1,1,0.05,10
452,30,25,5,15,25,0,19,0,30,9,30,30,25,0,0,58,52,195,20,0,0,0.05,10
453,30,25,5,15,25,0,19,0,30,9,30,30,25,0,0,58,52,195,20,0,0,0.05,10
454,30,25,5,15,25,0,19,0,30,9,30,30,25,0,0,58,52,195,20,0,0,0.05,10
455,30,25,5,15,25,0,19,0,30,9,30,30,25,0,0,58,52,195,20,0,0,0.05,10
456,30,25,5,15,25,0,19,0,30,9,30,30,25,0,0,58,52,196,20,1,1,0.05,10
457,30,26,4,15,26,0,19,0,30,9,30,30,26,0,1,59,53,197,20,1,1,0.05,10
458,30,26,4,15,26,0,19,0,30,11,30,30,26,0,0,59,53,198,20,1,1,0.05,10
459,30,26,4,15,26,0,19,0,30,12,30,30,26,0,0,59,53,198,20,0,0,0.05,10
460,30,26,4,15,26,0,19,0,30,12,30,30,26,0,0,59,53,198,20,0,0,0.05,10
461,30,26,4,15,26,0,19,0,30,12,30,30,26,0,0,59,53,198,20,0,0,0.05,10
462,30,26,4,15,26,0,19,0,30,12,30,30,26,0,0,59,53,198,20,0,0,0.05,10
463,30,26,4,15,26,0,19,0,30,12,30,30,26,0,0,59,53,198,20,0,0,0.05,10
464,30,26,4,15,26,0,19,0,30,12,30,30,26,0,0,59,53,199,20,1,1,0.05,10
465,30,26,4,15,26,0,19,0,30,12,30,30,26,0,0,59,53,200,20,1,1,0.05,10
466,30,26,4,15,26,0,19,0,30,14,30,30,26,0,0,59,53,200,20,0,0,0.05,10
467,30,26,4,15,26,0,19,0,30,14,30,30,26,0,0,59,53,200,20,0,0,0.05,10
468,30,26,4,15,26,0,19,0,30,14,30,30,26,0,0,59,53,200,20,0,0,0.05,10
469,30,26,4,15,26,0,19,0,30,14,30,30,26,0,0,59,53,200,20,0,0,0.05,10
470,30,25,5,15,25,0,19,0,30,15,30,30,25,0,0,59,53,201,20,1,1,0.05,10
471,30,25,5,15,25,0,19,0,30,15,30,30,25,0,0,59,53,202,20,1,1,0.05,10
472,30,25,5,15,25,0,19,0,30,15,30,30,25,0,0,59,53,203,20,1,1,0.05,10
473,30,25,5,15,25,0,19,0,30,15,30,30,25,0,0,59,53,203,20,0,0,0.05,10
474,30,25,5,15,25,0,19,0,30,17,30,30,25,0,0,59,53,203,20,0,0,0.05,10
475,30,25,5,15,25,0,19,0,30,17,30,30,25,0,0,59,53,203,20,0,0,0.05,10
476,30,25,5,15,25,0,19,1,30,17,30,30,25,0,0,59,53,203,20,0,0,0.05,10
477,30,25,5,15,25,0,19,1,30,18,30,30,25,0,0,59,53,204,20,1,1,0.05,10
478,30,25,5,15,25,0,19,0,30,18,30,30,25,0,0,59,53,205,20,1,1,0.05,10
479,30,25,5,15,25,0,19,0,30,18,30,30,25,0,0,59,53,206,20,1,1,0.05,10
480,30,25,5,15,25,0,19,0,30,18,30,30,25,0,0,59,53,206,20,0,0,0.05,10
481,30,25,5,15,25,0,19,0,30,18,30,30,25,0,0,59,53,206,20,0,0,0.05,10
482,30,25,5,15,25,0,19,0,30,18,30,30,25,0,0,59,53,206,20,0,0,0.05,10
483,30,25,5,15,25,0,19,0,30,18,30,30,25,0,0,59,53,206,20,0,0,0.05,10
484,30,26,4,15,26,1,19,0,30,18,30,30,26,0,0,60,53,207,20,1,1,0.05,10
485,30,26,4,15,26,1,19,0,30,18,30,30,26,0,0,60,53,208,20,1,1,0.05,10
486,30,26,4,15,26,1,19,0,30,18,30,30,26,0,0,60,53,209,20,1,1,0.05,10
487,30,26,4,15,26,1,19,0,30,18,30,30,26,0,0,60,53,209,20,0,0,0.05,10
488,30,26,4,15,26,1,19,0,30,19,30,30,26,0,0,60,53,209,20,0,0,0.05,10
489,30,26,4,15,26,1,19,0,30,19,30,30,26,0,0,60,53,209,20,0,0,0.05,10
490,30,26,4,15,26,1,19,0,30,19,30,30,26,0,0,60,53,209,20,0,0,0.05,10
491,30,25,5,15,25,0,19,0,30,19,30,30,25,0,0,60,53,210,20,1,1,0.05,10
492,30,25,5,15,25,0,19,0,30,19,30,30,25,0,0,60,53,211,20,1,1,0.05,10
493,30,25,5,15,25,0,19,0,30,19,30,30,25,0,0,60,53,212,20,1,1,0.05,10
494,30,27,3,15,27,0,19,0,30,19,30,30,27,0,2,62,55,212,20,0,0,0.05,10
495,30,27,3,15,27,0,19,0,30,19,30,30,27,0,0,62,55,212,20,0,0,0.05,10
496,30,27,3,15,27,0,19,0,30,19,30,30,27,0,0,62,55,212,20,0,0,0.05,10
497,30,27,3,15,27,0,19,0,30,19,30,30,27,0,0,62,55,212,20,0,0,0.05,10
498,30,27,3,15,27,0,19,0,30,19,30,30,27,0,0,62,55,213,20,1,1,0.05,10
499,30,27,3,15,27,0,19,0,30,19,30,30,27,0,0,62,55,213,20,0,0,0.05,10
500,30,27,3,15,27,0,19,0,30,19,30,30,27,0,0,62,55,214,20,1,1,0.05,10
501,30,27,3,15,27,0,19,0,30,19,30,30,27,0,0,62,55,214,20,0,0,0.05,10
502,30,27,3,15,27,0,19,0,30,19,30,30,27,0,0,62,55,214,20,0,0,0.05,10
503,30,27,3,15,27,0,19,0,30,19,30,30,27,0,0,62,55,214,20,0,0,0.05,10
504,30,27,3,15,27,0,19,0,30,19,30,30,27,0,0,62,55,214,20,0,0,0.05,10
505,30,27,3,15,27,0,19,0,30,19,30,30,27,0,0,62,55,215,20,1,1,0.05,10
506,29,26,3,15,26,0,19,0,30,19,30,29,26,0,0,62,55,215,20,1,0,0.05,10
507,30,26,4,15,26,0,19,0,30,19,30,30,26,0,0,62,55,217,20,1,2,0.05,10
508,30,26,4,15,26,0,19,0,30,19,30,30,26,0,0,62,55,217,20,0,0,0.05,10
509,30,26,4,15,26,0,19,0,30,19,30,30,26,0,0,62,55,217,20,0,0,0.05,10
510,30,27,3,15,27,0,19,0,30,19,30,30,27,0,1,63,56,217,20,0,0,0.05,10
511,30,27,3,15,27,0,19,0,30,21,30,30,27,0,0,63,56,217,20,0,0,0.05,10
512,30,27,3,15,27,0,19,0,30,21,30,30,27,0,0,63,56,217,20,0,0,0.05,10
513,30,27,3,15,27,0,19,0,30,21,30,30,27,0,0,63,56,217,20,0,0,0.05,10
514,29,27,2,15,27,0,19,0,30,21,30,29,27,0,0,63,56,218,20,2,1,0.05,10
515,30,27,3,15,27,0,19,0,30,21,30,30,27,0,0,63,56,219,20,0,1,0.05,10
516,30,27,3,15,27,0,19,0,30,21,30,30,27,0,0,63,56,219,20,0,0,0.05,10
517,30,27,3,15,27,0,19,0,30,21,30,30,27,0,0,63,56,219,20,0,0,0.05,10
518,30,27,3,15,27,0,19,0,30,21,30,30,27,0,0,63,56,219,20,0,0,0.05,10
519,30,26,4,15,26,0,19,0,30,21,30,30,26,0,0,63,56,220,20,1,1,0.05,10
520,30,26,4,15,26,0,19,1,30,21,30,30,26,0,0,63,56,220,20,0,0,0.05,10
521,30,26,4,15,26,0,19,0,30,21,30,30,26,0,0,63,56,221,20,1,1,0.05,10
522,30,26,4,15,26,0,19,0,30,21,30,30,26,0,0,63,56,222,20,1,1,0.05,10
523,30,26,4,15,26,0,19,0,30,21,30,30,26,0,0,63,56,222,20,0,0,0.05,10
524,30,26,4,15,26,0,19,0,30,21,30,30,26,0,0,63,56,222,20,0,0,0.05,10
525,30,26,4,15,26,0,19,0,30,21,30,30,26,0,0,63,56,222,20,0,0,0.05,10
526,29,26,3,15,26,0,19,0,30,21,30,29,26,0,0,63,56,222,20,1,0,0.05,10
527,30,27,3,15,27,0,19,0,30,21,30,30,27,0,1,64,57,223,20,0,1,0.05,10
528,30,27,3,15,27,0,19,0,30,21,30,30,27,0,0,64,57,224,20,1,1,0.05,10
529,30,27,3,15,27,0,19,0,30,21,30,30,27,0,0,64,57,225,20,1,1,0.05,10
530,30,27,3,15,27,0,19,0,30,22,30,30,27,0,0,64,57,225,20,0,0,0.05,10
531,30,27,3,15,27,0,19,0,30,22,30,30,27,0,0,64,57,225,20,0,0,0.05,10
532,30,28,2,15,28,0,19,0,30,22,30,30,28,0,1,65,58,225,20,0,0,0.05,10
533,30,28,2,15,28,0,19,0,30,22,30,30,28,0,0,65,58,225,20,0,0,0.05,10
534,30,28,2,15,28,0,19,0,30,22,30,30,28,0,0,65,58,225,20,0,0,0.05,10
535,30,28,2,15,28,0,19,0,30,22,30,30,28,0,0,65,58,226,20,1,1,0.05,10
536,30,28,2,15,28,0,19,0,30,23,30,30,28,0,0,65,58,227,20,1,1,0.05,10
537,30,28,2,15,28,0,19,0,30,23,30,30,28,0,0,65,58,227,20,0,0,0.05,10
538,30,28,2,15,28,0,19,0,30,23,30,30,28,0,0,65,58,227,20,0,0,0.05,10
539,30,28,2,15,28,0,19,0,30,23,30,30,28,0,0,65,58,227,20,0,0,0.05,10
540,30,28,2,15,28,0,19,0,30,23,30,30,28,0,0,65,58,227,20,0,0,0.05,10
541,30,27,3,15,27,0,19,0,30,23,30,30,27,0,0,65,58,228,20,1,1,0.05,10
542,30,27,3,15,27,0,19,0,30,23,30,30,27,0,0,65,58,229,20,1,1,0.05,10
543,30,27,3,15,27,0,19,0,30,24,30,30,27,0,0,65,58,230,20,1,1,0.05,10
544,30,27,3,15,27,0,19,0,30,24,30,30,27,0,0,65,58,230,20,0,0,0.05,10
545,30,27,3,15,27,0,19,0,30,24,30,30,27,0,0,65,58,230,20,0,0,0.05,10
546,30,27,3,15,27,0,19,0,30,24,30,30,27,0,0,65,58,230,20,0,0,0.05,10
547,30,27,3,15,27,0,19,0,30,24,30,30,27,0,0,65,58,230,20,0,0,0.05,10
548,30,27,3,15,27,0,19,1,30,24,30,30,27,0,0,65,58,231,20,1,1,0.05,10
549,29,27,2,15,27,0,19,0,30,24,30,29,27,0,0,65,58,231,20,1,0,0.05,10
550,30,27,3,15,27,0,19,0,30,24,30,30,27,0,0,65,58,233,20,1,2,0.05,10
551,30,28,2,15,28,0,19,0,30,24,30,30,28,0,1,66,59,233,20,0,0,0.05,10
552,30,28,2,15,28,0,19,0,30,24,30,30,28,0,0,66,59,233,20,0,0,0.05,10
553,30,28,2,15,28,0,19,0,30,25,30,30,28,0,0,66,59,233,20,0,0,0.05,10
554,30,28,2,15,28,0,19,0,30,25,30,30,28,0,0,66,59,233,20,0,0,0.05,10
555,29,28,1,15,28,0,19,0,30,25,30,29,28,0,0,66,59,233,20,1,0,0.05,10
556,30,28,2,15,28,0,19,0,30,26,30,30,28,0,0,66,59,234,20,0,1,0.05,10
557,30,28,2,15,28,0,19,0,30,26,30,30,28,0,0,66,59,235,20,1,1,0.05,10
558,30,29,1,15,29,0,19,0,30,26,30,30,29,0,1,67,60,235,20,0,0,0.05,10
559,30,29,1,15,29,0,19,0,30,26,30,30,29,0,0,67,60,235,20,0,0,0.05,10
560,30,29,1,15,29,0,19,1,30,26,30,30,29,0,0,67,60,235,20,0,0,0.05,10
561,30,29,1,15,29,0,19,0,30,26,30,30,29,0,0,67,60,235,20,0,0,0.05,10
562,30,29,1,15,29,0,19,0,30,26,30,30,29,0,0,67,60,235,20,0,0,0.05,10
563,30,29,1,15,29,0,19,0,30,27,30,30,29,0,0,67,60,235,20,0,0,0.05,10
564,29,28,1,15,28,0,19,1,30,27,30,29,28,0,0,67,60,236,20,2,1,0.05,10
565,30,29,1,15,29,0,19,0,30,27,30,30,29,0,1,68,61,237,20,0,1,0.05,10
566,30,29,1,15,29,0,19,0,30,27,30,30,29,0,0,68,61,237,20,0,0,0.05,10
567,30,29,1,15,29,0,19,0,30,27,30,30,29,0,0,68,61,237,20,0,0,0.05,10
568,30,29,1,15,29,0,19,0,30,27,30,30,29,0,0,68,61,237,20,0,0,0.05,10
569,30,29,1,15,29,0,19,0,30,27,30,30,29,0,0,68,61,237,20,0,0,0.05,10
570,30,28,2,15,28,0,19,0,30,27,30,30,28,0,0,68,61,238,20,1,1,0.05,10
